dataset,prevalencia_real,prev_dyssyn,erro_dyssyn,n_amostras
1460_banana.csv,0.05,0.10503295167216206,0.05503295167216206,100
1460_banana.csv,0.1,0.13673328766234738,0.036733287662347375,100
1460_banana.csv,0.15,0.21123529364292776,0.06123529364292776,100
1460_banana.csv,0.2,0.22561328577008327,0.02561328577008326,100
1460_banana.csv,0.25,0.2517793336844704,0.0017793336844704188,100
1460_banana.csv,0.3,0.3074977925824783,0.007497792582478291,100
1460_banana.csv,0.35,0.3110090835768843,0.038990916423115696,100
1460_banana.csv,0.4,0.4224887329021528,0.022488732902152753,100
1460_banana.csv,0.44,0.43729935223084826,0.0027006477691517428,100
1460_banana.csv,0.49,0.48013886232866676,0.009861137671333231,100
1460_banana.csv,0.54,0.4821352359623357,0.05786476403766433,100
1460_banana.csv,0.6,0.5617553125350024,0.03824468746499754,100
1460_banana.csv,0.65,0.6987515413292343,0.048751541329234316,100
1460_banana.csv,0.7,0.67122180935829,0.028778190641709944,100
1460_banana.csv,0.75,0.6969748568993689,0.05302514310063111,100
1460_banana.csv,0.8,0.7193620111282797,0.08063798887172036,100
1460_banana.csv,0.85,0.7635772691625261,0.08642273083747387,100
1460_banana.csv,0.9,0.7825720894594496,0.11742791054055046,100
1460_banana.csv,0.95,0.8517897606831359,0.09821023931686401,100
1462_banknote-authentication.csv,0.05,0.05158030918972255,0.0015803091897225452,100
1462_banknote-authentication.csv,0.1,0.11353368047664217,0.013533680476642163,100
1462_banknote-authentication.csv,0.15,0.13982531327298586,0.010174686727014132,100
1462_banknote-authentication.csv,0.2,0.2060569269245503,0.006056926924550288,100
1462_banknote-authentication.csv,0.25,0.23672102303824621,0.013278976961753786,100
1462_banknote-authentication.csv,0.3,0.2807577234307234,0.019242276569276573,100
1462_banknote-authentication.csv,0.35,0.3294357503584236,0.020564249641576382,100
1462_banknote-authentication.csv,0.4,0.4171531855129675,0.01715318551296746,100
1462_banknote-authentication.csv,0.44,0.45297270575879195,0.012972705758791947,100
1462_banknote-authentication.csv,0.49,0.500665632372741,0.010665632372740985,100
1462_banknote-authentication.csv,0.54,0.5212151447230206,0.018784855276979484,100
1462_banknote-authentication.csv,0.6,0.5859411936192194,0.014058806380780609,100
1462_banknote-authentication.csv,0.65,0.6563600937944777,0.006360093794477661,100
1462_banknote-authentication.csv,0.7,0.6957888887029349,0.004211111297065084,100
1462_banknote-authentication.csv,0.75,0.7470256266599562,0.002974373340043801,100
1462_banknote-authentication.csv,0.8,0.7807488213890628,0.01925117861093728,100
1462_banknote-authentication.csv,0.85,0.8233606925196503,0.026639307480349705,100
1462_banknote-authentication.csv,0.9,0.8897664054124367,0.010233594587563344,100
1462_banknote-authentication.csv,0.95,0.9323581390883132,0.017641860911686735,100
1466_cardiotocography.csv,0.05,0.06199916961297702,0.01199916961297702,100
1466_cardiotocography.csv,0.1,0.10583646106012323,0.005836461060123227,100
1466_cardiotocography.csv,0.15,0.16295178054472392,0.012951780544723929,100
1466_cardiotocography.csv,0.2,0.23046855041798686,0.03046855041798685,100
1466_cardiotocography.csv,0.25,0.2732009270609373,0.023200927060937293,100
1466_cardiotocography.csv,0.3,0.32151247940779293,0.02151247940779294,100
1466_cardiotocography.csv,0.35,0.3811843608971915,0.03118436089719151,100
1466_cardiotocography.csv,0.4,0.41098268165662866,0.010982681656628634,100
1466_cardiotocography.csv,0.44,0.4664607193973948,0.026460719397394805,100
1466_cardiotocography.csv,0.49,0.5062840756693286,0.016284075669328657,100
1466_cardiotocography.csv,0.54,0.5873513568371406,0.047351356837140535,100
1466_cardiotocography.csv,0.6,0.6265311122475468,0.026531112247546784,100
1466_cardiotocography.csv,0.65,0.6700304910769506,0.02003049107695054,100
1466_cardiotocography.csv,0.7,0.7240062763150699,0.024006276315069908,100
1466_cardiotocography.csv,0.75,0.7533975000497675,0.0033975000497674657,100
1466_cardiotocography.csv,0.8,0.8114064380104833,0.011406438010483244,100
1466_cardiotocography.csv,0.85,0.8639504001502162,0.013950400150216202,100
1466_cardiotocography.csv,0.9,0.9064173655726051,0.006417365572605083,100
1466_cardiotocography.csv,0.95,0.9483257131040832,0.0016742868959167545,100
1475_first-order-theorem-proving.csv,0.05,0.07597813076977375,0.025978130769773747,100
1475_first-order-theorem-proving.csv,0.1,0.15218304895278362,0.05218304895278361,100
1475_first-order-theorem-proving.csv,0.15,0.17822744369863858,0.028227443698638582,100
1475_first-order-theorem-proving.csv,0.2,0.2602602091546645,0.06026020915466451,100
1475_first-order-theorem-proving.csv,0.25,0.23510814221255172,0.014891857787448282,100
1475_first-order-theorem-proving.csv,0.3,0.28028196129311483,0.019718038706885155,100
1475_first-order-theorem-proving.csv,0.35,0.30771115678209715,0.04228884321790283,100
1475_first-order-theorem-proving.csv,0.4,0.3241935469810881,0.07580645301891192,100
1475_first-order-theorem-proving.csv,0.44,0.3504468411739878,0.08955315882601222,100
1475_first-order-theorem-proving.csv,0.49,0.48032020449506385,0.00967979550493614,100
1475_first-order-theorem-proving.csv,0.54,0.47271180978262006,0.06728819021737997,100
1475_first-order-theorem-proving.csv,0.6,0.5153025336668028,0.08469746633319719,100
1475_first-order-theorem-proving.csv,0.65,0.5752778281740737,0.07472217182592633,100
1475_first-order-theorem-proving.csv,0.7,0.5951237584186149,0.10487624158138509,100
1475_first-order-theorem-proving.csv,0.75,0.6046766711118716,0.14532332888812838,100
1475_first-order-theorem-proving.csv,0.8,0.7598102532998932,0.04018974670010689,100
1475_first-order-theorem-proving.csv,0.85,0.7671229037603697,0.08287709623963024,100
1475_first-order-theorem-proving.csv,0.9,0.8276601127542675,0.07233988724573248,100
1475_first-order-theorem-proving.csv,0.95,0.9947233693381775,0.044723369338177554,100
1479_hill-valley.csv,0.05,0.15722819968933155,0.10722819968933155,100
1479_hill-valley.csv,0.1,0.4678873531872608,0.36788735318726085,100
1479_hill-valley.csv,0.15,0.22292664914753213,0.07292664914753214,100
1479_hill-valley.csv,0.2,4.4552394047661854e-05,0.19995544760595235,100
1479_hill-valley.csv,0.25,0.3537495266778559,0.10374952667785592,100
1479_hill-valley.csv,0.3,0.9899667812817778,0.6899667812817778,100
1479_hill-valley.csv,0.35,0.36571232340973137,0.015712323409731388,100
1479_hill-valley.csv,0.4,4.4552394047661854e-05,0.39995544760595236,100
1479_hill-valley.csv,0.44,0.5190364832994785,0.07903648329947849,100
1479_hill-valley.csv,0.49,0.13961786618820143,0.35038213381179856,100
1479_hill-valley.csv,0.54,0.5494920662500905,0.00949206625009047,100
1479_hill-valley.csv,0.6,4.4552394047661854e-05,0.5999554476059523,100
1479_hill-valley.csv,0.65,0.4260206059931498,0.22397939400685024,100
1479_hill-valley.csv,0.7,0.15633001646401906,0.5436699835359808,100
1479_hill-valley.csv,0.75,0.8891854839619244,0.13918548396192443,100
1479_hill-valley.csv,0.8,0.4829530051619659,0.31704699483803417,100
1479_hill-valley.csv,0.85,0.3269759614614974,0.5230240385385025,100
1479_hill-valley.csv,0.9,0.3886921670368041,0.5113078329631959,100
1479_hill-valley.csv,0.95,0.5917707665616044,0.3582292334383955,100
1485_madelon.csv,0.05,0.01729280617336765,0.032707193826632355,100
1485_madelon.csv,0.1,4.4552394047661854e-05,0.09995544760595235,100
1485_madelon.csv,0.15,4.4552394047661854e-05,0.14995544760595234,100
1485_madelon.csv,0.2,0.8561404924632119,0.6561404924632119,100
1485_madelon.csv,0.25,0.5750307016133406,0.3250307016133406,100
1485_madelon.csv,0.3,0.5240206294250545,0.22402062942505446,100
1485_madelon.csv,0.35,0.2771539132744564,0.0728460867255436,100
1485_madelon.csv,0.4,0.9999554476059523,0.5999554476059523,100
1485_madelon.csv,0.44,0.9999554476059523,0.5599554476059523,100
1485_madelon.csv,0.49,0.9999554476059523,0.5099554476059524,100
1485_madelon.csv,0.54,0.9933761597625047,0.45337615976250467,100
1485_madelon.csv,0.6,0.9269063974497271,0.32690639744972716,100
1485_madelon.csv,0.65,0.6755527132121875,0.02555271321218744,100
1485_madelon.csv,0.7,4.4552394047661854e-05,0.6999554476059523,100
1485_madelon.csv,0.75,0.9999554476059523,0.24995544760595234,100
1485_madelon.csv,0.8,0.9999554476059523,0.1999554476059523,100
1485_madelon.csv,0.85,0.9999554476059523,0.14995544760595236,100
1485_madelon.csv,0.9,0.9999554476059523,0.09995544760595232,100
1485_madelon.csv,0.95,0.9999554476059523,0.049955447605952386,100
1489_phoneme.csv,0.05,0.19459194741728886,0.14459194741728887,100
1489_phoneme.csv,0.1,0.1367555638593712,0.036755563859371204,100
1489_phoneme.csv,0.15,0.30828207134722746,0.15828207134722747,100
1489_phoneme.csv,0.2,0.31007572397404487,0.11007572397404486,100
1489_phoneme.csv,0.25,0.3951325889511118,0.1451325889511118,100
1489_phoneme.csv,0.3,0.46770601102086373,0.16770601102086374,100
1489_phoneme.csv,0.35,0.4174920273536347,0.06749202735363474,100
1489_phoneme.csv,0.4,0.4693311575891685,0.06933115758916847,100
1489_phoneme.csv,0.44,0.43830037795755733,0.0016996220424426722,100
1489_phoneme.csv,0.49,0.5384444029253662,0.048444402925366226,100
1489_phoneme.csv,0.54,0.6924799312204979,0.15247993122049786,100
1489_phoneme.csv,0.6,0.6626278792607441,0.06262787926074409,100
1489_phoneme.csv,0.65,0.6896746042356792,0.039674604235679145,100
1489_phoneme.csv,0.7,0.7586832414300797,0.05868324143007975,100
1489_phoneme.csv,0.75,0.730067654814394,0.01993234518560605,100
1489_phoneme.csv,0.8,0.8701109967141559,0.07011099671415588,100
1489_phoneme.csv,0.85,0.8333813441670054,0.0166186558329946,100
1489_phoneme.csv,0.9,0.905274883819385,0.005274883819385012,100
1489_phoneme.csv,0.95,0.898345772564296,0.051654227435703914,100
1494_qsar-biodeg.csv,0.05,0.34773618802652034,0.29773618802652035,100
1494_qsar-biodeg.csv,0.1,0.3276809574136944,0.2276809574136944,100
1494_qsar-biodeg.csv,0.15,0.3423603464381455,0.1923603464381455,100
1494_qsar-biodeg.csv,0.2,0.4075654723802011,0.20756547238020107,100
1494_qsar-biodeg.csv,0.25,0.41800612021307526,0.16800612021307526,100
1494_qsar-biodeg.csv,0.3,0.5079080843963012,0.2079080843963012,100
1494_qsar-biodeg.csv,0.35,0.5639264912284222,0.21392649122842222,100
1494_qsar-biodeg.csv,0.4,0.5547230404973585,0.15472304049735852,100
1494_qsar-biodeg.csv,0.44,0.5882940489483032,0.14829404894830317,100
1494_qsar-biodeg.csv,0.49,0.655513163225599,0.16551316322559906,100
1494_qsar-biodeg.csv,0.54,0.7041424789024455,0.1641424789024455,100
1494_qsar-biodeg.csv,0.6,0.6669187093456546,0.06691870934565458,100
1494_qsar-biodeg.csv,0.65,0.7091362835928939,0.05913628359289391,100
1494_qsar-biodeg.csv,0.7,0.8002080767363506,0.10020807673635068,100
1494_qsar-biodeg.csv,0.75,0.8022515044854127,0.052251504485412714,100
1494_qsar-biodeg.csv,0.8,0.8445727133679125,0.044572713367912464,100
1494_qsar-biodeg.csv,0.85,0.9304622911445339,0.08046229114453396,100
1494_qsar-biodeg.csv,0.9,0.942294449075455,0.04229444907545499,100
1494_qsar-biodeg.csv,0.95,0.9775143626720953,0.027514362672095394,100
1496_ringnorm.csv,0.05,0.057112360162390935,0.007112360162390932,100
1496_ringnorm.csv,0.1,0.10952995826653236,0.009529958266532357,100
1496_ringnorm.csv,0.15,0.09861237357472222,0.05138762642527778,100
1496_ringnorm.csv,0.2,0.1733403147347285,0.026659685265271515,100
1496_ringnorm.csv,0.25,0.24268113212943276,0.007318867870567236,100
1496_ringnorm.csv,0.3,0.26828627236407143,0.03171372763592856,100
1496_ringnorm.csv,0.35,0.35076401593239354,0.000764015932393558,100
1496_ringnorm.csv,0.4,0.39043486612604444,0.009565133873955578,100
1496_ringnorm.csv,0.44,0.45424294661415704,0.014242946614157037,100
1496_ringnorm.csv,0.49,0.47513394375813656,0.014866056241863435,100
1496_ringnorm.csv,0.54,0.5074781363904624,0.03252186360953768,100
1496_ringnorm.csv,0.6,0.5918835398090376,0.008116460190962349,100
1496_ringnorm.csv,0.65,0.638978003021793,0.01102199697820705,100
1496_ringnorm.csv,0.7,0.702362863107786,0.002362863107785995,100
1496_ringnorm.csv,0.75,0.7214341369522703,0.028565863047729678,100
1496_ringnorm.csv,0.8,0.7654826991069477,0.03451730089305238,100
1496_ringnorm.csv,0.85,0.8320967863954621,0.017903213604537838,100
1496_ringnorm.csv,0.9,0.8716069173082416,0.028393082691758442,100
1496_ringnorm.csv,0.95,0.9592447661975526,0.009244766197552656,100
1497_wall-robot-navigation.csv,0.05,0.05165827587930595,0.0016582758793059482,100
1497_wall-robot-navigation.csv,0.1,0.09762214331947122,0.0023778566805287837,100
1497_wall-robot-navigation.csv,0.15,0.16079801600727828,0.010798016007278283,100
1497_wall-robot-navigation.csv,0.2,0.2107862999237155,0.010786299923715492,100
1497_wall-robot-navigation.csv,0.25,0.25091352055795824,0.0009135205579582362,100
1497_wall-robot-navigation.csv,0.3,0.3091536112402108,0.009153611240210802,100
1497_wall-robot-navigation.csv,0.35,0.34415678358959095,0.0058432164104090245,100
1497_wall-robot-navigation.csv,0.4,0.36993159517162866,0.030068404828371365,100
1497_wall-robot-navigation.csv,0.44,0.42188884187761255,0.01811115812238745,100
1497_wall-robot-navigation.csv,0.49,0.4774210038158351,0.012578996184164914,100
1497_wall-robot-navigation.csv,0.54,0.5379352264922219,0.002064773507778117,100
1497_wall-robot-navigation.csv,0.6,0.6024564423645071,0.00245644236450715,100
1497_wall-robot-navigation.csv,0.65,0.6175310813312653,0.03246891866873469,100
1497_wall-robot-navigation.csv,0.7,0.7297003586126847,0.02970035861268472,100
1497_wall-robot-navigation.csv,0.75,0.7400758481613748,0.009924151838625161,100
1497_wall-robot-navigation.csv,0.8,0.8010170681571731,0.0010170681571730622,100
1497_wall-robot-navigation.csv,0.85,0.8512306368394773,0.0012306368394773282,100
1497_wall-robot-navigation.csv,0.9,0.9010392127812019,0.0010392127812018925,100
1497_wall-robot-navigation.csv,0.95,0.9492764433546995,0.0007235566453004383,100
1504_steel-plates-fault.csv,0.05,0.040468601798554826,0.009531398201445176,100
1504_steel-plates-fault.csv,0.1,0.09552060918322153,0.004479390816778478,100
1504_steel-plates-fault.csv,0.15,0.11878116880405265,0.031218831195947344,100
1504_steel-plates-fault.csv,0.2,0.1999610831347991,3.8916865200910866e-05,100
1504_steel-plates-fault.csv,0.25,0.23052911382864544,0.019470886171354562,100
1504_steel-plates-fault.csv,0.3,0.3104844617336941,0.010484461733694106,100
1504_steel-plates-fault.csv,0.35,0.3534628946739634,0.0034628946739634348,100
1504_steel-plates-fault.csv,0.4,0.39046271137232424,0.009537288627675777,100
1504_steel-plates-fault.csv,0.44,0.48990762462731396,0.04990762462731396,100
1504_steel-plates-fault.csv,0.49,0.5227836478672722,0.03278364786727217,100
1504_steel-plates-fault.csv,0.54,0.5562599824808654,0.016259982480865354,100
1504_steel-plates-fault.csv,0.6,0.6185854589849284,0.01858545898492847,100
1504_steel-plates-fault.csv,0.65,0.6894208644289546,0.03942086442895454,100
1504_steel-plates-fault.csv,0.7,0.7056146648401509,0.00561466484015094,100
1504_steel-plates-fault.csv,0.75,0.825560298381489,0.07556029838148903,100
1504_steel-plates-fault.csv,0.8,0.8154797073941807,0.015479707394180697,100
1504_steel-plates-fault.csv,0.85,0.898970724310488,0.04897072431048799,100
1504_steel-plates-fault.csv,0.9,0.9279162730156959,0.02791627301569588,100
1504_steel-plates-fault.csv,0.95,0.9766134384303523,0.026613438430352354,100
1507_twonorm.csv,0.05,0.043324000600139634,0.006675999399860369,100
1507_twonorm.csv,0.1,0.08081749861008442,0.01918250138991559,100
1507_twonorm.csv,0.15,0.12180647323448174,0.028193526765518256,100
1507_twonorm.csv,0.2,0.1523462917090989,0.0476537082909011,100
1507_twonorm.csv,0.25,0.2173429825393972,0.03265701746060279,100
1507_twonorm.csv,0.3,0.2911731467063902,0.008826853293609771,100
1507_twonorm.csv,0.35,0.3587107327664913,0.008710732766491314,100
1507_twonorm.csv,0.4,0.4066784707615979,0.006678470761597888,100
1507_twonorm.csv,0.44,0.4031326315392637,0.036867368460736294,100
1507_twonorm.csv,0.49,0.49471017365564923,0.004710173655649241,100
1507_twonorm.csv,0.54,0.5251921936889156,0.01480780631108447,100
1507_twonorm.csv,0.6,0.5955955613102679,0.00440443868973206,100
1507_twonorm.csv,0.65,0.6830941535676769,0.033094153567676865,100
1507_twonorm.csv,0.7,0.7052130080396143,0.005213008039614331,100
1507_twonorm.csv,0.75,0.7720421662472573,0.0220421662472573,100
1507_twonorm.csv,0.8,0.861333708393369,0.061333708393368935,100
1507_twonorm.csv,0.85,0.868280210860656,0.01828021086065601,100
1507_twonorm.csv,0.9,0.9070193449906164,0.007019344990616405,100
1507_twonorm.csv,0.95,0.9677491530896847,0.01774915308968472,100
1526_wall-robot-navigation.csv,0.05,0.05554064828858746,0.005540648288587455,100
1526_wall-robot-navigation.csv,0.1,0.10368439606163504,0.003684396061635037,100
1526_wall-robot-navigation.csv,0.15,0.15137127300733316,0.001371273007333168,100
1526_wall-robot-navigation.csv,0.2,0.2036633343264706,0.003663334326470591,100
1526_wall-robot-navigation.csv,0.25,0.24822468133291814,0.00177531866708186,100
1526_wall-robot-navigation.csv,0.3,0.3147127668000813,0.014712766800081323,100
1526_wall-robot-navigation.csv,0.35,0.3511973575776227,0.0011973575776227374,100
1526_wall-robot-navigation.csv,0.4,0.4250805053389894,0.025080505338989367,100
1526_wall-robot-navigation.csv,0.44,0.44162429546171383,0.0016242954617138317,100
1526_wall-robot-navigation.csv,0.49,0.4854450867224487,0.004554913277551309,100
1526_wall-robot-navigation.csv,0.54,0.5231059565929607,0.016894043407039372,100
1526_wall-robot-navigation.csv,0.6,0.6068158454472751,0.006815845447275093,100
1526_wall-robot-navigation.csv,0.65,0.6501041466367735,0.00010414663677349445,100
1526_wall-robot-navigation.csv,0.7,0.6989551596926553,0.001044840307344641,100
1526_wall-robot-navigation.csv,0.75,0.737064289602034,0.012935710397966038,100
1526_wall-robot-navigation.csv,0.8,0.7965879445478435,0.003412055452156504,100
1526_wall-robot-navigation.csv,0.85,0.8419126371401893,0.00808736285981071,100
1526_wall-robot-navigation.csv,0.9,0.8954497908118527,0.004550209188147303,100
1526_wall-robot-navigation.csv,0.95,0.940762997240108,0.009237002759891921,100
1535_volcanoes-b5.csv,0.05,0.7004805788445189,0.6504805788445188,100
1535_volcanoes-b5.csv,0.1,0.6389334506277453,0.5389334506277453,100
1535_volcanoes-b5.csv,0.15,0.8729511302568244,0.7229511302568243,100
1535_volcanoes-b5.csv,0.2,0.6335517571868319,0.43355175718683187,100
1535_volcanoes-b5.csv,0.25,0.7242826240688228,0.4742826240688228,100
1535_volcanoes-b5.csv,0.3,0.7848031354323709,0.4848031354323709,100
1535_volcanoes-b5.csv,0.35,0.8269323076296297,0.4769323076296297,100
1535_volcanoes-b5.csv,0.4,0.7430066357918522,0.3430066357918522,100
1535_volcanoes-b5.csv,0.44,0.8024147472417279,0.3624147472417279,100
1535_volcanoes-b5.csv,0.49,0.846369150519358,0.356369150519358,100
1535_volcanoes-b5.csv,0.54,0.8669158373011436,0.3269158373011436,100
1535_volcanoes-b5.csv,0.6,0.8855319374778817,0.28553193747788175,100
1535_volcanoes-b5.csv,0.65,0.9068313895782278,0.2568313895782278,100
1535_volcanoes-b5.csv,0.7,0.9766997586938195,0.2766997586938196,100
1535_volcanoes-b5.csv,0.75,0.9577737214152802,0.20777372141528017,100
1535_volcanoes-b5.csv,0.8,0.9704909744220019,0.1704909744220019,100
1535_volcanoes-b5.csv,0.85,0.9851353428104273,0.13513534281042727,100
1535_volcanoes-b5.csv,0.9,0.9380920235685892,0.038092023568589206,100
1535_volcanoes-b5.csv,0.95,0.9970888665178428,0.04708886651784283,100
1538_volcanoes-d1.csv,0.05,0.9984695556513472,0.9484695556513472,100
1538_volcanoes-d1.csv,0.1,0.9994500563859742,0.8994500563859742,100
1538_volcanoes-d1.csv,0.15,0.9989147315262452,0.8489147315262452,100
1538_volcanoes-d1.csv,0.2,0.9990275047736784,0.7990275047736783,100
1538_volcanoes-d1.csv,0.25,0.9960250475853629,0.7460250475853629,100
1538_volcanoes-d1.csv,0.3,0.9954752780041264,0.6954752780041265,100
1538_volcanoes-d1.csv,0.35,0.9961823732268438,0.6461823732268438,100
1538_volcanoes-d1.csv,0.4,0.9982246915168741,0.5982246915168741,100
1538_volcanoes-d1.csv,0.44,0.9964701799520637,0.5564701799520637,100
1538_volcanoes-d1.csv,0.49,0.9974400646865466,0.5074400646865466,100
1538_volcanoes-d1.csv,0.54,0.994326465808197,0.4543264658081969,100
1538_volcanoes-d1.csv,0.6,0.996681629791001,0.39668162979100097,100
1538_volcanoes-d1.csv,0.65,0.9949778922924536,0.34497789229245357,100
1538_volcanoes-d1.csv,0.7,0.9973426063245674,0.29734260632456744,100
1538_volcanoes-d1.csv,0.75,0.9969983694674334,0.24699836946743337,100
1538_volcanoes-d1.csv,0.8,0.9973426063245674,0.19734260632456735,100
1538_volcanoes-d1.csv,0.85,0.9976319358366932,0.1476319358366932,100
1538_volcanoes-d1.csv,0.9,0.9976096596396694,0.09760965963966939,100
1538_volcanoes-d1.csv,0.95,0.9974428492111747,0.0474428492111747,100
1539_volcanoes-d2.csv,0.05,0.9967568119559563,0.9467568119559563,100
1539_volcanoes-d2.csv,0.1,0.9729559598929773,0.8729559598929774,100
1539_volcanoes-d2.csv,0.15,0.9881888405527145,0.8381888405527145,100
1539_volcanoes-d2.csv,0.2,0.9847053948045884,0.7847053948045883,100
1539_volcanoes-d2.csv,0.25,0.9935557616010093,0.7435557616010093,100
1539_volcanoes-d2.csv,0.3,0.9951129417369106,0.6951129417369106,100
1539_volcanoes-d2.csv,0.35,0.9949778922924536,0.6449778922924536,100
1539_volcanoes-d2.csv,0.4,0.9923286999122143,0.5923286999122143,100
1539_volcanoes-d2.csv,0.44,0.9968062372681029,0.5568062372681029,100
1539_volcanoes-d2.csv,0.49,0.9922660481080847,0.5022660481080847,100
1539_volcanoes-d2.csv,0.54,0.980392288522654,0.440392288522654,100
1539_volcanoes-d2.csv,0.6,0.9884707736712973,0.38847077367129734,100
1539_volcanoes-d2.csv,0.65,0.9928279564763715,0.34282795647637143,100
1539_volcanoes-d2.csv,0.7,0.9970610212715629,0.297061021271563,100
1539_volcanoes-d2.csv,0.75,0.9935891758965452,0.24358917589654516,100
1539_volcanoes-d2.csv,0.8,0.9854559112082233,0.18545591120822325,100
1539_volcanoes-d2.csv,0.85,0.9968062372681029,0.14680623726810293,100
1539_volcanoes-d2.csv,0.9,0.9975692840325636,0.0975692840325636,100
1539_volcanoes-d2.csv,0.95,0.9977506261989608,0.047750626198960866,100
1540_volcanoes-d3.csv,0.05,0.998360959190856,0.948360959190856,100
1540_volcanoes-d3.csv,0.1,0.9999554476059523,0.8999554476059524,100
1540_volcanoes-d3.csv,0.15,0.9959610035189194,0.8459610035189193,100
1540_volcanoes-d3.csv,0.2,0.9977506261989608,0.7977506261989609,100
1540_volcanoes-d3.csv,0.25,0.9976319358366932,0.7476319358366932,100
1540_volcanoes-d3.csv,0.3,0.9998106523252974,0.6998106523252974,100
1540_volcanoes-d3.csv,0.35,0.9944696295314529,0.6444696295314529,100
1540_volcanoes-d3.csv,0.4,0.9954112339376828,0.5954112339376828,100
1540_volcanoes-d3.csv,0.44,0.9972298330771342,0.5572298330771341,100
1540_volcanoes-d3.csv,0.49,0.9962982355562859,0.506298235556286,100
1540_volcanoes-d3.csv,0.54,0.9972924848812638,0.4572924848812637,100
1540_volcanoes-d3.csv,0.6,0.9946105960907443,0.39461059609074434,100
1540_volcanoes-d3.csv,0.65,0.9959498654204075,0.3459498654204075,100
1540_volcanoes-d3.csv,0.7,0.996925971827106,0.296925971827106,100
1540_volcanoes-d3.csv,0.75,0.9973426063245674,0.2473426063245674,100
1540_volcanoes-d3.csv,0.8,0.9969760932704096,0.19697609327040955,100
1540_volcanoes-d3.csv,0.85,0.9979357970867214,0.14793579708672144,100
1540_volcanoes-d3.csv,0.9,0.9972298330771342,0.09722983307713418,100
1540_volcanoes-d3.csv,0.95,0.9974428492111747,0.0474428492111747,100
1541_volcanoes-d4.csv,0.05,0.9989425767725251,0.948942576772525,100
1541_volcanoes-d4.csv,0.1,0.9991221786110297,0.8991221786110297,100
1541_volcanoes-d4.csv,0.15,0.9999554476059523,0.8499554476059523,100
1541_volcanoes-d4.csv,0.2,0.9999554476059523,0.7999554476059523,100
1541_volcanoes-d4.csv,0.25,0.9998552047193451,0.7498552047193451,100
1541_volcanoes-d4.csv,0.3,0.998360959190856,0.698360959190856,100
1541_volcanoes-d4.csv,0.35,0.9976096596396694,0.6476096596396694,100
1541_volcanoes-d4.csv,0.4,0.9967233976604205,0.5967233976604205,100
1541_volcanoes-d4.csv,0.44,0.9970610212715629,0.557061021271563,100
1541_volcanoes-d4.csv,0.49,0.9977729023959846,0.5077729023959846,100
1541_volcanoes-d4.csv,0.54,0.9976820572799968,0.4576820572799968,100
1541_volcanoes-d4.csv,0.6,0.9972298330771342,0.3972298330771342,100
1541_volcanoes-d4.csv,0.65,0.9969983694674334,0.34699836946743334,100
1541_volcanoes-d4.csv,0.7,0.9972924848812638,0.2972924848812638,100
1541_volcanoes-d4.csv,0.75,0.9976096596396694,0.2476096596396694,100
1541_volcanoes-d4.csv,0.8,0.997398296817127,0.19739829681712695,100
1541_volcanoes-d4.csv,0.85,0.9975470078355398,0.14754700783553987,100
1541_volcanoes-d4.csv,0.9,0.9975692840325636,0.0975692840325636,100
1541_volcanoes-d4.csv,0.95,0.9972019878308543,0.047201987830854386,100
1566_hill-valley.csv,0.05,0.7219628485660078,0.6719628485660077,100
1566_hill-valley.csv,0.1,0.490753271704372,0.390753271704372,100
1566_hill-valley.csv,0.15,0.686627068136147,0.536627068136147,100
1566_hill-valley.csv,0.2,0.4399985464068486,0.2399985464068486,100
1566_hill-valley.csv,0.25,0.5462908119504686,0.2962908119504686,100
1566_hill-valley.csv,0.3,0.2951663834409478,0.0048336165590521785,100
1566_hill-valley.csv,0.35,0.6467873209687789,0.2967873209687789,100
1566_hill-valley.csv,0.4,0.547673826053267,0.14767382605326695,100
1566_hill-valley.csv,0.44,0.6504751682278775,0.21047516822787754,100
1566_hill-valley.csv,0.49,0.781832363088748,0.29183236308874805,100
1566_hill-valley.csv,0.54,0.8297885840731322,0.2897885840731321,100
1566_hill-valley.csv,0.6,0.5257753775656879,0.07422462243431205,100
1566_hill-valley.csv,0.65,0.7561286685019449,0.10612866850194491,100
1566_hill-valley.csv,0.7,0.8446729562545198,0.1446729562545198,100
1566_hill-valley.csv,0.75,0.9744206905481148,0.22442069054811475,100
1566_hill-valley.csv,0.8,0.7780664689643156,0.021933531035684406,100
1566_hill-valley.csv,0.85,0.9809933733033581,0.13099337330335814,100
1566_hill-valley.csv,0.9,0.9999554476059523,0.09995544760595232,100
1566_hill-valley.csv,0.95,0.7505422093388602,0.19945779066113978,100
182_satimage.csv,0.05,0.054978190629309726,0.004978190629309723,100
182_satimage.csv,0.1,0.09245336013132119,0.007546639868678817,100
182_satimage.csv,0.15,0.1772425051278857,0.027242505127885702,100
182_satimage.csv,0.2,0.19650034866566984,0.003499651334330167,100
182_satimage.csv,0.25,0.25676781771328155,0.006767817713281554,100
182_satimage.csv,0.3,0.32302676046114437,0.02302676046114438,100
182_satimage.csv,0.35,0.35997301434101064,0.009973014341010666,100
182_satimage.csv,0.4,0.4158951459876861,0.0158951459876861,100
182_satimage.csv,0.44,0.4776618651961553,0.037661865196155275,100
182_satimage.csv,0.49,0.5194946246171755,0.029494624617175558,100
182_satimage.csv,0.54,0.5197706406209239,0.020229359379076106,100
182_satimage.csv,0.6,0.6093688248876831,0.009368824887683092,100
182_satimage.csv,0.65,0.6556541297848905,0.005654129784890438,100
182_satimage.csv,0.7,0.6683616471526479,0.03163835284735206,100
182_satimage.csv,0.75,0.7511542826586479,0.0011542826586479205,100
182_satimage.csv,0.8,0.8017307113635861,0.001730711363586046,100
182_satimage.csv,0.85,0.8585155233766133,0.008515523376613321,100
182_satimage.csv,0.9,0.889366478062743,0.010633521937256973,100
182_satimage.csv,0.95,0.9494121889303133,0.000587811069686639,100
23_cmc.csv,0.05,0.010802617679490652,0.03919738232050935,100
23_cmc.csv,0.1,4.4552394047661854e-05,0.09995544760595235,100
23_cmc.csv,0.15,4.4552394047661854e-05,0.14995544760595234,100
23_cmc.csv,0.2,0.12939048636104117,0.07060951363895884,100
23_cmc.csv,0.25,4.4552394047661854e-05,0.24995544760595234,100
23_cmc.csv,0.3,0.2035916572906611,0.0964083427093389,100
23_cmc.csv,0.35,0.1607646017117425,0.18923539828825747,100
23_cmc.csv,0.4,0.302454228535501,0.097545771464499,100
23_cmc.csv,0.44,0.30072694766368324,0.13927305233631676,100
23_cmc.csv,0.49,0.1439096289800918,0.3460903710199082,100
23_cmc.csv,0.54,0.26885718692920174,0.2711428130707983,100
23_cmc.csv,0.6,0.458394606892362,0.14160539310763798,100
23_cmc.csv,0.65,4.4552394047661854e-05,0.6499554476059524,100
23_cmc.csv,0.7,0.37815013592668223,0.3218498640733177,100
23_cmc.csv,0.75,0.6182871667841562,0.13171283321584382,100
23_cmc.csv,0.8,0.6713220522448973,0.12867794775510277,100
23_cmc.csv,0.85,0.6555354394226228,0.19446456057737715,100
23_cmc.csv,0.9,0.821817108695409,0.078182891304591,100
23_cmc.csv,0.95,0.6244229443008842,0.32557705569911577,100
28_optdigits.csv,0.05,0.03492251671299092,0.015077483287009086,100
28_optdigits.csv,0.1,0.07374361501811666,0.026256384981883346,100
28_optdigits.csv,0.15,0.11759309046004923,0.03240690953995076,100
28_optdigits.csv,0.2,0.1575939799022908,0.04240602009770922,100
28_optdigits.csv,0.25,0.1927597845973254,0.0572402154026746,100
28_optdigits.csv,0.3,0.20361321288316697,0.09638678711683302,100
28_optdigits.csv,0.35,0.21996482181735033,0.13003517818264965,100
28_optdigits.csv,0.4,0.3184263926660876,0.08157360733391245,100
28_optdigits.csv,0.44,0.3199031478992572,0.12009685210074278,100
28_optdigits.csv,0.49,0.3691652753500665,0.1208347246499335,100
28_optdigits.csv,0.54,0.4046848055132117,0.13531519448678836,100
28_optdigits.csv,0.6,0.4696706085445981,0.1303293914554019,100
28_optdigits.csv,0.65,0.6121524140894199,0.03784758591058013,100
28_optdigits.csv,0.7,0.6346319134474027,0.0653680865525973,100
28_optdigits.csv,0.75,0.6693632928711687,0.08063670712883131,100
28_optdigits.csv,0.8,0.7535464558017904,0.046453544198209684,100
28_optdigits.csv,0.85,0.7416628096583362,0.10833719034166378,100
28_optdigits.csv,0.9,0.8446061276634483,0.055393872336551686,100
28_optdigits.csv,0.95,0.8582523857992692,0.09174761420073074,100
294_satellite_image.csv,0.05,0.04604097875179135,0.003959021248208655,100
294_satellite_image.csv,0.1,0.11267730862894673,0.012677308628946726,100
294_satellite_image.csv,0.15,0.15877696778720868,0.008776967787208684,100
294_satellite_image.csv,0.2,0.2019324721861615,0.0019324721861614935,100
294_satellite_image.csv,0.25,0.2716973204718702,0.021697320471870174,100
294_satellite_image.csv,0.3,0.3217422026896012,0.021742202689601198,100
294_satellite_image.csv,0.35,0.3461368634033665,0.003863136596633454,100
294_satellite_image.csv,0.4,0.40700634853654244,0.007006348536542417,100
294_satellite_image.csv,0.44,0.426318898193922,0.013681101806078011,100
294_satellite_image.csv,0.49,0.5187545501808957,0.028754550180895677,100
294_satellite_image.csv,0.54,0.5637573313572726,0.023757331357272538,100
294_satellite_image.csv,0.6,0.5827105468130509,0.017289453186949078,100
294_satellite_image.csv,0.65,0.6893985882319308,0.039398588231930765,100
294_satellite_image.csv,0.7,0.7020746756858394,0.002074675685839411,100
294_satellite_image.csv,0.75,0.7424858426700256,0.0075141573299744024,100
294_satellite_image.csv,0.8,0.8117736036876005,0.011773603687600498,100
294_satellite_image.csv,0.85,0.8389945369079373,0.011005463092062628,100
294_satellite_image.csv,0.9,0.8873338294695651,0.01266617053043495,100
294_satellite_image.csv,0.95,0.9373519491323093,0.012648050867690608,100
30_page-blocks.csv,0.05,0.13378038087224575,0.08378038087224575,100
30_page-blocks.csv,0.1,0.19510064526026272,0.09510064526026271,100
30_page-blocks.csv,0.15,0.28786068817370086,0.13786068817370087,100
30_page-blocks.csv,0.2,0.3175918836875415,0.11759188368754148,100
30_page-blocks.csv,0.25,0.3141541215465931,0.06415412154659311,100
30_page-blocks.csv,0.3,0.39124375421489826,0.09124375421489828,100
30_page-blocks.csv,0.35,0.39903138570487867,0.049031385704878694,100
30_page-blocks.csv,0.4,0.47549416715852033,0.07549416715852031,100
30_page-blocks.csv,0.44,0.5044362322231275,0.0644362322231275,100
30_page-blocks.csv,0.49,0.5666970143746536,0.0766970143746536,100
30_page-blocks.csv,0.54,0.6326529648467571,0.09265296484675711,100
30_page-blocks.csv,0.6,0.6586794342153195,0.058679434215319515,100
30_page-blocks.csv,0.65,0.7139467796653945,0.06394677966539453,100
30_page-blocks.csv,0.7,0.7645434441433725,0.06454344414337254,100
30_page-blocks.csv,0.75,0.765991875540092,0.01599187554009196,100
30_page-blocks.csv,0.8,0.8439593130481068,0.04395931304810674,100
30_page-blocks.csv,0.85,0.909757846103626,0.059757846103626,100
30_page-blocks.csv,0.9,0.8918966857205674,0.008103314279432672,100
30_page-blocks.csv,0.95,0.9269651770242959,0.023034822975704028,100
312_scene.csv,0.05,0.9999554476059523,0.9499554476059523,100
312_scene.csv,0.1,0.9999554476059523,0.8999554476059524,100
312_scene.csv,0.15,0.9999554476059523,0.8499554476059523,100
312_scene.csv,0.2,0.9999554476059523,0.7999554476059523,100
312_scene.csv,0.25,0.9999554476059523,0.7499554476059523,100
312_scene.csv,0.3,0.9999554476059523,0.6999554476059524,100
312_scene.csv,0.35,0.9999554476059523,0.6499554476059524,100
312_scene.csv,0.4,0.9999554476059523,0.5999554476059523,100
312_scene.csv,0.44,0.9999554476059523,0.5599554476059523,100
312_scene.csv,0.49,0.9999554476059523,0.5099554476059524,100
312_scene.csv,0.54,0.922534862378065,0.382534862378065,100
312_scene.csv,0.6,0.9970888665178428,0.3970888665178428,100
312_scene.csv,0.65,0.9819249273160089,0.33192492731600887,100
312_scene.csv,0.7,0.983267405375224,0.283267405375224,100
312_scene.csv,0.75,0.9967122595619087,0.24671225956190868,100
312_scene.csv,0.8,0.9702300992709181,0.17023009927091803,100
312_scene.csv,0.85,0.9989147315262452,0.14891473152624524,100
312_scene.csv,0.9,0.999618520125967,0.09961852012596695,100
312_scene.csv,0.95,0.993461087763658,0.04346108776365809,100
375_JapaneseVowels.csv,0.05,0.03313944201664493,0.016860557983355076,100
375_JapaneseVowels.csv,0.1,0.09143792231425246,0.008562077685747543,100
375_JapaneseVowels.csv,0.15,0.1277515978305877,0.02224840216941229,100
375_JapaneseVowels.csv,0.2,0.2281165516565376,0.02811655165653759,100
375_JapaneseVowels.csv,0.25,0.23707535379715655,0.012924646202843448,100
375_JapaneseVowels.csv,0.3,0.25649580446368586,0.04350419553631413,100
375_JapaneseVowels.csv,0.35,0.3372134028354611,0.012786597164538893,100
375_JapaneseVowels.csv,0.4,0.3691047119394079,0.030895288060592108,100
375_JapaneseVowels.csv,0.44,0.38958793555716575,0.05041206444283425,100
375_JapaneseVowels.csv,0.49,0.4997810019508913,0.009781001950891322,100
375_JapaneseVowels.csv,0.54,0.5164631148301048,0.023536885169895272,100
375_JapaneseVowels.csv,0.6,0.581256829170358,0.018743170829641942,100
375_JapaneseVowels.csv,0.65,0.6514961315860051,0.001496131586005034,100
375_JapaneseVowels.csv,0.7,0.6737606758271951,0.026239324172804834,100
375_JapaneseVowels.csv,0.75,0.7198377732658882,0.03016222673411184,100
375_JapaneseVowels.csv,0.8,0.7569666363821773,0.04303336361782273,100
375_JapaneseVowels.csv,0.85,0.814562772135827,0.035437227864173027,100
375_JapaneseVowels.csv,0.9,0.8755032558488605,0.02449674415113956,100
375_JapaneseVowels.csv,0.95,0.9411714521964748,0.008828547803525155,100
40733_yeast.csv,0.05,4.4552394047661854e-05,0.049955447605952344,100
40733_yeast.csv,0.1,0.02960074085793224,0.07039925914206777,100
40733_yeast.csv,0.15,4.4552394047661854e-05,0.14995544760595234,100
40733_yeast.csv,0.2,4.4552394047661854e-05,0.19995544760595235,100
40733_yeast.csv,0.25,4.4552394047661854e-05,0.24995544760595234,100
40733_yeast.csv,0.3,4.4552394047661854e-05,0.29995544760595233,100
40733_yeast.csv,0.35,4.4552394047661854e-05,0.3499554476059523,100
40733_yeast.csv,0.4,4.4552394047661854e-05,0.39995544760595236,100
40733_yeast.csv,0.44,4.4552394047661854e-05,0.43995544760595234,100
40733_yeast.csv,0.49,0.00037034177552118915,0.4896296582244788,100
40733_yeast.csv,0.54,4.4552394047661854e-05,0.5399554476059524,100
40733_yeast.csv,0.6,4.4552394047661854e-05,0.5999554476059523,100
40733_yeast.csv,0.65,4.4552394047661854e-05,0.6499554476059524,100
40733_yeast.csv,0.7,4.4552394047661854e-05,0.6999554476059523,100
40733_yeast.csv,0.75,4.4552394047661854e-05,0.7499554476059523,100
40733_yeast.csv,0.8,4.4552394047661854e-05,0.7999554476059524,100
40733_yeast.csv,0.85,4.4552394047661854e-05,0.8499554476059523,100
40733_yeast.csv,0.9,0.15843577650388668,0.7415642234961133,100
40733_yeast.csv,0.95,0.27639504329693754,0.6736049567030624,100
44_spambase.csv,0.05,0.09732724475808935,0.047327244758089346,100
44_spambase.csv,0.1,0.1468249627878056,0.046824962787805596,100
44_spambase.csv,0.15,0.17192586324010983,0.02192586324010984,100
44_spambase.csv,0.2,0.25943725160250486,0.05943725160250485,100
44_spambase.csv,0.25,0.3061728592038294,0.05617285920382942,100
44_spambase.csv,0.3,0.33996567701218233,0.039965677012182343,100
44_spambase.csv,0.35,0.38649330183404307,0.03649330183404309,100
44_spambase.csv,0.4,0.41153748731170414,0.01153748731170412,100
44_spambase.csv,0.44,0.4506859692933109,0.010685969293310893,100
44_spambase.csv,0.49,0.5052926108689789,0.015292610868978929,100
44_spambase.csv,0.54,0.5413550469403038,0.0013550469403037502,100
44_spambase.csv,0.6,0.6192044283539901,0.019204428353990166,100
44_spambase.csv,0.65,0.710719704610299,0.060719704610298963,100
44_spambase.csv,0.7,0.733682756367587,0.033682756367587,100
44_spambase.csv,0.75,0.7773493668562164,0.02734936685621636,100
44_spambase.csv,0.8,0.798611195370402,0.001388804629598006,100
44_spambase.csv,0.85,0.855315838091357,0.00531583809135705,100
44_spambase.csv,0.9,0.8657528631869893,0.034247136813010726,100
44_spambase.csv,0.95,0.9194149983193026,0.030585001680697332,100
4538_GesturePhaseSegmentationProcessed.csv,0.05,0.007096861358673233,0.04290313864132677,100
4538_GesturePhaseSegmentationProcessed.csv,0.1,0.024867428327463487,0.07513257167253652,100
4538_GesturePhaseSegmentationProcessed.csv,0.15,4.4552394047661854e-05,0.14995544760595234,100
4538_GesturePhaseSegmentationProcessed.csv,0.2,0.0186705693806028,0.1813294306193972,100
4538_GesturePhaseSegmentationProcessed.csv,0.25,4.4552394047661854e-05,0.24995544760595234,100
4538_GesturePhaseSegmentationProcessed.csv,0.3,4.4552394047661854e-05,0.29995544760595233,100
4538_GesturePhaseSegmentationProcessed.csv,0.35,4.4552394047661854e-05,0.3499554476059523,100
4538_GesturePhaseSegmentationProcessed.csv,0.4,4.4552394047661854e-05,0.39995544760595236,100
4538_GesturePhaseSegmentationProcessed.csv,0.44,4.4552394047661854e-05,0.43995544760595234,100
4538_GesturePhaseSegmentationProcessed.csv,0.49,4.4552394047661854e-05,0.48995544760595233,100
4538_GesturePhaseSegmentationProcessed.csv,0.54,4.4552394047661854e-05,0.5399554476059524,100
4538_GesturePhaseSegmentationProcessed.csv,0.6,4.4552394047661854e-05,0.5999554476059523,100
4538_GesturePhaseSegmentationProcessed.csv,0.65,4.4552394047661854e-05,0.6499554476059524,100
4538_GesturePhaseSegmentationProcessed.csv,0.7,4.4552394047661854e-05,0.6999554476059523,100
4538_GesturePhaseSegmentationProcessed.csv,0.75,0.11953725425694353,0.6304627457430565,100
4538_GesturePhaseSegmentationProcessed.csv,0.8,0.8089681189855666,0.008968118985566598,100
4538_GesturePhaseSegmentationProcessed.csv,0.85,4.4552394047661854e-05,0.8499554476059523,100
4538_GesturePhaseSegmentationProcessed.csv,0.9,4.4552394047661854e-05,0.8999554476059524,100
4538_GesturePhaseSegmentationProcessed.csv,0.95,0.10767210453587167,0.8423278954641282,100
60_waveform-5000.csv,0.05,0.005620867518956527,0.04437913248104348,100
60_waveform-5000.csv,0.1,0.09384646813589587,0.006153531864104139,100
60_waveform-5000.csv,0.15,0.08774822051824321,0.06225177948175678,100
60_waveform-5000.csv,0.2,0.13890937870317005,0.06109062129682996,100
60_waveform-5000.csv,0.25,0.1394487063170517,0.1105512936829483,100
60_waveform-5000.csv,0.3,0.1918588603555823,0.10814113964441768,100
60_waveform-5000.csv,0.35,0.22504237120495296,0.12495762879504702,100
60_waveform-5000.csv,0.4,0.2708169756074557,0.1291830243925443,100
60_waveform-5000.csv,0.44,0.2007868252115868,0.2392131747884132,100
60_waveform-5000.csv,0.49,0.4231759448786985,0.06682405512130152,100
60_waveform-5000.csv,0.54,0.020528170899682216,0.5194718291003179,100
60_waveform-5000.csv,0.6,0.3577511322821481,0.24224886771785187,100
60_waveform-5000.csv,0.65,0.4896316086235656,0.16036839137643444,100
60_waveform-5000.csv,0.7,0.5923565609302155,0.10764343906978446,100
60_waveform-5000.csv,0.75,0.6166090719294,0.13339092807060005,100
60_waveform-5000.csv,0.8,0.7214341369522703,0.07856586304772972,100
60_waveform-5000.csv,0.85,0.8273656492748589,0.022634350725141084,100
60_waveform-5000.csv,0.9,0.9385410118492767,0.03854101184927672,100
60_waveform-5000.csv,0.95,0.9501745830718145,0.00017458307181450472,100
679_rmftsa_sleepdata.csv,0.05,0.20413009026723555,0.15413009026723556,100
679_rmftsa_sleepdata.csv,0.1,0.17896982406937612,0.07896982406937611,100
679_rmftsa_sleepdata.csv,0.15,0.1945108916456963,0.0445108916456963,100
679_rmftsa_sleepdata.csv,0.2,0.19004463650922315,0.009955363490776858,100
679_rmftsa_sleepdata.csv,0.25,0.24207567205563657,0.00792432794436343,100
679_rmftsa_sleepdata.csv,0.3,0.21267972228549448,0.08732027771450551,100
679_rmftsa_sleepdata.csv,0.35,0.24324359522723515,0.10675640477276482,100
679_rmftsa_sleepdata.csv,0.4,0.34339556416941724,0.05660443583058278,100
679_rmftsa_sleepdata.csv,0.44,0.22207971857865344,0.21792028142134656,100
679_rmftsa_sleepdata.csv,0.49,0.4506107871283555,0.039389212871644486,100
679_rmftsa_sleepdata.csv,0.54,0.336897011224607,0.203102988775393,100
679_rmftsa_sleepdata.csv,0.6,0.533981628444678,0.06601837155532198,100
679_rmftsa_sleepdata.csv,0.65,0.5594973676190926,0.09050263238090739,100
679_rmftsa_sleepdata.csv,0.7,0.6332972342325558,0.06670276576744416,100
679_rmftsa_sleepdata.csv,0.75,0.4892643124218562,0.2607356875781438,100
679_rmftsa_sleepdata.csv,0.8,0.537430009305033,0.262569990694967,100
679_rmftsa_sleepdata.csv,0.85,4.4552394047661854e-05,0.8499554476059523,100
679_rmftsa_sleepdata.csv,0.9,0.6260024006338093,0.2739975993661907,100
679_rmftsa_sleepdata.csv,0.95,0.6799705410057898,0.27002945899421016,100
AedesQuinx.csv,0.05,0.0920304604534469,0.0420304604534469,100
AedesQuinx.csv,0.1,0.16775450258612506,0.06775450258612506,100
AedesQuinx.csv,0.15,0.2672966131539102,0.11729661315391018,100
AedesQuinx.csv,0.2,0.16143575916348002,0.03856424083651999,100
AedesQuinx.csv,0.25,0.33141167513935577,0.08141167513935577,100
AedesQuinx.csv,0.3,0.2845238854449841,0.015476114555015907,100
AedesQuinx.csv,0.35,0.4237530267307978,0.07375302673079781,100
AedesQuinx.csv,0.4,0.504643679307912,0.10464367930791196,100
AedesQuinx.csv,0.44,0.48338373631535636,0.04338373631535636,100
AedesQuinx.csv,0.49,0.4305611105875985,0.0594388894124015,100
AedesQuinx.csv,0.54,0.5777387279533953,0.03773872795339528,100
AedesQuinx.csv,0.6,0.6467285413942101,0.04672854139421012,100
AedesQuinx.csv,0.65,0.6035828532773451,0.046417146722654956,100
AedesQuinx.csv,0.7,0.7417892444797252,0.04178924447972521,100
AedesQuinx.csv,0.75,0.6703199076054713,0.07968009239452867,100
AedesQuinx.csv,0.8,0.7839886728557365,0.016011327144263565,100
AedesQuinx.csv,0.85,0.8101690757559743,0.03983092424402568,100
AedesQuinx.csv,0.9,0.868280210860656,0.031719789139344035,100
AedesQuinx.csv,0.95,0.9440093029184154,0.005990697081584506,100
AedesSex.csv,0.05,0.0436557070964476,0.006344292903552401,100
AedesSex.csv,0.1,0.11777438911824903,0.017774389118249023,100
AedesSex.csv,0.15,0.1475242020616458,0.0024757979383542017,100
AedesSex.csv,0.2,0.20185729002120611,0.0018572900212061039,100
AedesSex.csv,0.25,0.26105866071468814,0.01105866071468814,100
AedesSex.csv,0.3,0.29959738784506473,0.0004026121549352557,100
AedesSex.csv,0.35,0.3540694033632964,0.00406940336329642,100
AedesSex.csv,0.4,0.44828879814600237,0.04828879814600234,100
AedesSex.csv,0.44,0.4390147390492259,0.000985260950774114,100
AedesSex.csv,0.49,0.48032020449506385,0.00967979550493614,100
AedesSex.csv,0.54,0.5372504074665284,0.002749592533471623,100
AedesSex.csv,0.6,0.6090200794936028,0.00902007949360284,100
AedesSex.csv,0.65,0.6444833834695091,0.005516616530490959,100
AedesSex.csv,0.7,0.6660017740873008,0.03399822591269919,100
AedesSex.csv,0.75,0.7315023648133862,0.018497635186613848,100
AedesSex.csv,0.8,0.7851837451424578,0.014816254857542233,100
AedesSex.csv,0.85,0.837737824382674,0.01226217561732601,100
AedesSex.csv,0.9,0.8978117094422892,0.002188290557710859,100
AedesSex.csv,0.95,0.9470864691200407,0.0029135308799592696,100
ArabicDigit.csv,0.05,0.05174946906087226,0.0017494690608722552,100
ArabicDigit.csv,0.1,0.09741774180849866,0.0025822581915013465,100
ArabicDigit.csv,0.15,0.15152163733724405,0.0015216373372440584,100
ArabicDigit.csv,0.2,0.19344042683607698,0.006559573163923027,100
ArabicDigit.csv,0.25,0.24158616132767735,0.008413838672322649,100
ArabicDigit.csv,0.3,0.31681258117285993,0.01681258117285994,100
ArabicDigit.csv,0.35,0.352606522826268,0.0026065228262679985,100
ArabicDigit.csv,0.4,0.4244907517244229,0.024490751724422888,100
ArabicDigit.csv,0.44,0.4377010199084342,0.0022989800915658165,100
ArabicDigit.csv,0.49,0.5045768507168406,0.014576850716840561,100
ArabicDigit.csv,0.54,0.54318529471977,0.0031852947197699155,100
ArabicDigit.csv,0.6,0.5943613642771137,0.005638635722886254,100
ArabicDigit.csv,0.65,0.6574934660188855,0.007493466018885453,100
ArabicDigit.csv,0.7,0.7132941567057121,0.013294156705712101,100
ArabicDigit.csv,0.75,0.7599299878588962,0.009929987858896205,100
ArabicDigit.csv,0.8,0.8157997536936092,0.015799753693609198,100
ArabicDigit.csv,0.85,0.8468774132803587,0.0031225867196412738,100
ArabicDigit.csv,0.9,0.8981143524627926,0.0018856475372074355,100
ArabicDigit.csv,0.95,0.9586300932629755,0.008630093262975591,100
BNG.csv,0.05,0.08572423073614599,0.03572423073614599,100
BNG.csv,0.1,0.11621998262992647,0.016219982629926466,100
BNG.csv,0.15,0.15740254383411723,0.007402543834117231,100
BNG.csv,0.2,0.20069284750539246,0.0006928475053924465,100
BNG.csv,0.25,0.25606459472012494,0.006064594720124938,100
BNG.csv,0.3,0.30995042036578585,0.009950420365785861,100
BNG.csv,0.35,0.35554446177677085,0.00554446177677087,100
BNG.csv,0.4,0.4284037566238746,0.028403756623874565,100
BNG.csv,0.44,0.44220276413760234,0.002202764137602342,100
BNG.csv,0.49,0.5198207620642276,0.02982076206422757,100
BNG.csv,0.54,0.5300352760415717,0.00996472395842829,100
BNG.csv,0.6,0.6163420186142979,0.01634201861429796,100
BNG.csv,0.65,0.6657569099528277,0.015756909952827636,100
BNG.csv,0.7,0.6639997552650306,0.03600024473496932,100
BNG.csv,0.75,0.7522978738708997,0.002297873870899747,100
BNG.csv,0.8,0.8238822035267328,0.02388220352673276,100
BNG.csv,0.85,0.8452717160659299,0.004728283934070099,100
BNG.csv,0.9,0.8987597965699188,0.0012402034300812437,100
BNG.csv,0.95,0.9496681911632983,0.0003318088367016969,100
BNG_breast-w.csv,0.05,0.05410341481415125,0.004103414814151246,100
BNG_breast-w.csv,0.1,0.10397885954104383,0.003978859541043822,100
BNG_breast-w.csv,0.15,0.19378569701289705,0.04378569701289706,100
BNG_breast-w.csv,0.2,0.2320812878025934,0.032081287802593395,100
BNG_breast-w.csv,0.25,0.2816740060661177,0.0316740060661177,100
BNG_breast-w.csv,0.3,0.32672326585150824,0.02672326585150825,100
BNG_breast-w.csv,0.35,0.3840523396861397,0.03405233968613974,100
BNG_breast-w.csv,0.4,0.42247272188554186,0.022472721885541835,100
BNG_breast-w.csv,0.44,0.49337647337524193,0.05337647337524193,100
BNG_breast-w.csv,0.49,0.5111356149278374,0.021135614927837443,100
BNG_breast-w.csv,0.54,0.5387915983399173,0.0012084016600827363,100
BNG_breast-w.csv,0.6,0.5906208129553115,0.00937918704468843,100
BNG_breast-w.csv,0.65,0.6675648060757402,0.01756480607574018,100
BNG_breast-w.csv,0.7,0.7258115238764711,0.02581152387647112,100
BNG_breast-w.csv,0.75,0.7591750580924965,0.009175058092496524,100
BNG_breast-w.csv,0.8,0.7889470818431557,0.011052918156844393,100
BNG_breast-w.csv,0.85,0.819551256164638,0.030448743835362002,100
BNG_breast-w.csv,0.9,0.8863082977507201,0.013691702249279958,100
BNG_breast-w.csv,0.95,0.9365255326784632,0.013474467321536787,100
HTRU.csv,0.05,0.22143318676659463,0.17143318676659464,100
HTRU.csv,0.1,0.21807637026711424,0.11807637026711423,100
HTRU.csv,0.15,0.2490771809510528,0.0990771809510528,100
HTRU.csv,0.2,0.3679033744722736,0.1679033744722736,100
HTRU.csv,0.25,0.38093062109046694,0.13093062109046694,100
HTRU.csv,0.3,0.39890608209661965,0.09890608209661966,100
HTRU.csv,0.35,0.46427004903157904,0.11427004903157906,100
HTRU.csv,0.4,0.5086880830421399,0.10868808304213984,100
HTRU.csv,0.44,0.5158627452153943,0.07586274521539432,100
HTRU.csv,0.49,0.53781061901512,0.04781061901511996,100
HTRU.csv,0.54,0.6821744772928924,0.14217447729289234,100
HTRU.csv,0.6,0.6772771007888839,0.07727710078888395,100
HTRU.csv,0.65,0.6901122314383438,0.04011223143834375,100
HTRU.csv,0.7,0.7215615289540004,0.02156152895400043,100
HTRU.csv,0.75,0.7636201682450758,0.013620168245075837,100
HTRU.csv,0.8,0.8414043743791886,0.041404374379188535,100
HTRU.csv,0.85,0.877044018438432,0.02704401843843207,100
HTRU.csv,0.9,0.9178550227817239,0.017855022781723906,100
HTRU.csv,0.95,0.932113361970235,0.01788663802976498,100
MagicTelescope.csv,0.05,0.05467432937928153,0.004674329379281528,100
MagicTelescope.csv,0.1,0.12464989300567844,0.024649893005678436,100
MagicTelescope.csv,0.15,0.1249553205508099,0.025044679449190088,100
MagicTelescope.csv,0.2,0.1467332475078716,0.05326675249212842,100
MagicTelescope.csv,0.25,0.20928618078858918,0.04071381921141082,100
MagicTelescope.csv,0.3,0.23025710057904974,0.06974289942095024,100
MagicTelescope.csv,0.35,0.3111723263331995,0.038827673666800455,100
MagicTelescope.csv,0.4,0.32918943012270463,0.07081056987729539,100
MagicTelescope.csv,0.44,0.30759420674772203,0.13240579325227797,100
MagicTelescope.csv,0.49,0.38760045934984716,0.10239954065015283,100
MagicTelescope.csv,0.54,0.41119639392182605,0.12880360607817398,100
MagicTelescope.csv,0.6,0.5134430612952391,0.08655693870476089,100
MagicTelescope.csv,0.65,0.507528257833766,0.14247174216623404,100
MagicTelescope.csv,0.7,0.4794192047937911,0.22058079520620888,100
MagicTelescope.csv,0.75,0.6923389646612065,0.05766103533879352,100
MagicTelescope.csv,0.8,0.6333195104295796,0.16668048957042048,100
MagicTelescope.csv,0.85,0.653437974492499,0.19656202550750101,100
MagicTelescope.csv,0.9,0.7702186615585589,0.12978133844144113,100
MagicTelescope.csv,0.95,0.7744089904269407,0.1755910095730593,100
abalone.csv,0.05,0.1205457960247383,0.0705457960247383,100
abalone.csv,0.1,0.2133900996578466,0.1133900996578466,100
abalone.csv,0.15,0.10566730118897352,0.04433269881102647,100
abalone.csv,0.2,0.23391414675371386,0.03391414675371385,100
abalone.csv,0.25,0.26584148149480463,0.015841481494804632,100
abalone.csv,0.3,0.31252208113841495,0.012522081138414964,100
abalone.csv,0.35,0.4262520696028505,0.07625206960285053,100
abalone.csv,0.4,0.34837114665809416,0.05162885334190587,100
abalone.csv,0.44,0.3667027657674443,0.07329723423255569,100
abalone.csv,0.49,0.3238318198286347,0.1661681801713653,100
abalone.csv,0.54,0.6397599323438873,0.09975993234388725,100
abalone.csv,0.6,0.550930055679455,0.04906994432054501,100
abalone.csv,0.65,0.5196575193079124,0.13034248069208765,100
abalone.csv,0.7,0.6045725124875064,0.09542748751249353,100
abalone.csv,0.75,0.6109405367614867,0.13905946323851326,100
abalone.csv,0.8,0.6517597259994208,0.14824027400057926,100
abalone.csv,0.85,0.7836414774411854,0.06635852255881458,100
abalone.csv,0.9,0.7854680712118929,0.11453192878810714,100
abalone.csv,0.95,0.9082116191563981,0.04178838084360181,100
ailerons.csv,0.05,0.06283322175545131,0.012833221755451305,100
ailerons.csv,0.1,0.08371942738924784,0.016280572610752164,100
ailerons.csv,0.15,0.14337732794007602,0.0066226720599239786,100
ailerons.csv,0.2,0.19884196528353548,0.0011580347164645288,100
ailerons.csv,0.25,0.2762318005406223,0.026231800540622296,100
ailerons.csv,0.3,0.2679601349170194,0.03203986508298057,100
ailerons.csv,0.35,0.3293007009139666,0.02069929908603335,100
ailerons.csv,0.4,0.39761873980044843,0.0023812601995515936,100
ailerons.csv,0.44,4.4552394047661854e-05,0.43995544760595234,100
ailerons.csv,0.49,0.46641616700334715,0.023583832996652843,100
ailerons.csv,0.54,0.4688777955449738,0.07112220445502626,100
ailerons.csv,0.6,0.6070383463683294,0.007038346368329451,100
ailerons.csv,0.65,0.5900071733404206,0.05999282665957939,100
ailerons.csv,0.7,0.6153467903548805,0.08465320964511946,100
ailerons.csv,0.75,0.6440920707428834,0.10590792925711656,100
ailerons.csv,0.8,0.7091140073958702,0.09088599260412988,100
ailerons.csv,0.85,0.8504553207633745,0.00045532076337451155,100
ailerons.csv,0.9,0.8548083584779079,0.045191641522092096,100
ailerons.csv,0.95,0.9683534819503508,0.018353481950350803,100
anuranCalls.csv,0.05,0.05889798688643552,0.008897986886435519,100
anuranCalls.csv,0.1,0.1028280242139396,0.0028280242139396006,100
anuranCalls.csv,0.15,0.13868856780365496,0.011311432196345034,100
anuranCalls.csv,0.2,0.21284888215664421,0.012848882156644204,100
anuranCalls.csv,0.25,0.24226710812381014,0.007732891876189862,100
anuranCalls.csv,0.3,0.29866304930778587,0.0013369506922141228,100
anuranCalls.csv,0.35,0.35230231351066127,0.0023023135106612913,100
anuranCalls.csv,0.4,0.37832973776518686,0.021670262234813165,100
anuranCalls.csv,0.44,0.45649239655454155,0.016492396554541544,100
anuranCalls.csv,0.49,0.5093341797722255,0.019334179772225513,100
anuranCalls.csv,0.54,0.5258199299597356,0.014180070040264448,100
anuranCalls.csv,0.6,0.5935329790773394,0.006467020922660605,100
anuranCalls.csv,0.65,0.6603092947948306,0.010309294794830559,100
anuranCalls.csv,0.7,0.6700144800603398,0.029985519939660144,100
anuranCalls.csv,0.75,0.7576549251866066,0.007654925186606598,100
anuranCalls.csv,0.8,0.7833348751747266,0.016665124825273492,100
anuranCalls.csv,0.85,0.8371891860145675,0.01281081398543249,100
anuranCalls.csv,0.9,0.8679441535446167,0.032055846455383286,100
anuranCalls.csv,0.95,0.9430286063969004,0.006971393603099507,100
balance.1.csv,0.05,0.0402994419274051,0.0097005580725949,100
balance.1.csv,0.1,0.14159028855925,0.04159028855924998,100
balance.1.csv,0.15,0.15888974103464182,0.008889741034641824,100
balance.1.csv,0.2,0.23481994391355593,0.03481994391355592,100
balance.1.csv,0.25,0.22219666861302856,0.02780333138697144,100
balance.1.csv,0.3,0.3012484586707656,0.0012484586707656176,100
balance.1.csv,0.35,0.3784394654388082,0.02843946543880821,100
balance.1.csv,0.4,0.4076434390697845,0.007643439069784486,100
balance.1.csv,0.44,0.43483511591664525,0.005164884083354748,100
balance.1.csv,0.49,0.4791431887900427,0.010856811209957296,100
balance.1.csv,0.54,0.5007714443086042,0.03922855569139583,100
balance.1.csv,0.6,0.598663332460536,0.0013366675394639316,100
balance.1.csv,0.65,0.6188657605461122,0.031134239453887824,100
balance.1.csv,0.7,0.7003803359579116,0.0003803359579116483,100
balance.1.csv,0.75,0.6781492008499077,0.07185079915009229,100
balance.1.csv,0.8,0.7859795535794948,0.014020446420505261,100
balance.1.csv,0.85,0.8559330453784274,0.005933045378427426,100
balance.1.csv,0.9,0.8511025487065902,0.04889745129340983,100
balance.1.csv,0.95,0.9121390062343236,0.03786099376567631,100
balance.3.csv,0.05,0.09143792231425246,0.04143792231425246,100
balance.3.csv,0.1,0.11514989851703367,0.01514989851703366,100
balance.3.csv,0.15,0.16580339923175946,0.01580339923175947,100
balance.3.csv,0.2,0.2306377102891366,0.030637710289136588,100
balance.3.csv,0.25,0.2490771809510528,0.0009228190489471988,100
balance.3.csv,0.3,0.20646816640554488,0.0935318335944551,100
balance.3.csv,0.35,0.33895786400669253,0.011042135993307445,100
balance.3.csv,0.4,0.4065422030876162,0.006542203087616161,100
balance.3.csv,0.44,0.4254473664587256,0.014552633541274396,100
balance.3.csv,0.49,0.49732874306313674,0.0073287430631367445,100
balance.3.csv,0.54,0.4588986928664208,0.08110130713357921,100
balance.3.csv,0.6,0.5772269410284122,0.022773058971587767,100
balance.3.csv,0.65,0.6495308826289884,0.0004691173710116292,100
balance.3.csv,0.7,0.6906427703963682,0.009357229603631723,100
balance.3.csv,0.75,0.6902531979976352,0.05974680200236482,100
balance.3.csv,0.8,0.7122339856636505,0.08776601433634956,100
balance.3.csv,0.85,0.755975215090025,0.09402478490997501,100
balance.3.csv,0.9,0.8330440686214413,0.06695593137855871,100
balance.3.csv,0.95,0.8884878300180239,0.06151216998197606,100
balloon.csv,0.05,0.053643511414462955,0.003643511414462952,100
balloon.csv,0.1,0.11338579611397812,0.01338579611397811,100
balloon.csv,0.15,0.1568475899792447,0.0068475899792447,100
balloon.csv,0.2,0.21541614588208247,0.015416145882082455,100
balloon.csv,0.25,0.24522065122129744,0.0047793487787025635,100
balloon.csv,0.3,0.2730094909927637,0.026990509007236263,100
balloon.csv,0.35,0.3576759501171927,0.0076759501171927425,100
balloon.csv,0.4,0.40031339824687906,0.0003133982468790375,100
balloon.csv,0.44,0.44627436317192426,0.006274363171924258,100
balloon.csv,0.49,0.46323407534537897,0.02676592465462102,100
balloon.csv,0.54,0.5884402364912722,0.04844023649127216,100
balloon.csv,0.6,0.6133258780979275,0.013325878097927513,100
balloon.csv,0.65,0.6288051443194126,0.021194855680587432,100
balloon.csv,0.7,0.6920774803953604,0.007922519604639522,100
balloon.csv,0.75,0.7665861975153762,0.016586197515376155,100
balloon.csv,0.8,0.7665527832198403,0.033447216780159716,100
balloon.csv,0.85,0.7987685210118829,0.051231478988117085,100
balloon.csv,0.9,0.8950171697711415,0.004982830228858481,100
balloon.csv,0.95,0.9301761812390092,0.019823818760990708,100
bank8FM.csv,0.05,0.06111475129358923,0.011114751293589228,100
bank8FM.csv,0.1,0.1326590005947219,0.032659000594721904,100
bank8FM.csv,0.15,0.20536428730038986,0.055364287300389864,100
bank8FM.csv,0.2,0.21078351539908752,0.010783515399087507,100
bank8FM.csv,0.25,0.26013560167756244,0.010135601677562445,100
bank8FM.csv,0.3,0.2902580986160947,0.009741901383905294,100
bank8FM.csv,0.35,0.3853090522114031,0.035309052211403125,100
bank8FM.csv,0.4,0.42303967720471675,0.023039677204716724,100
bank8FM.csv,0.44,0.4389813247536901,0.0010186752463098858,100
bank8FM.csv,0.49,0.45220156646963106,0.037798433530368936,100
bank8FM.csv,0.54,0.5761342000217691,0.036134200021769036,100
bank8FM.csv,0.6,0.6180240292068121,0.01802402920681212,100
bank8FM.csv,0.65,0.6829138555980154,0.03291385559801541,100
bank8FM.csv,0.7,0.6707271443323132,0.02927285566768678,100
bank8FM.csv,0.75,0.7378735175986793,0.012126482401320748,100
bank8FM.csv,0.8,0.7782773967048848,0.021722603295115217,100
bank8FM.csv,0.85,0.8287007921239332,0.02129920787606676,100
bank8FM.csv,0.9,0.8764731038733018,0.023526896126698227,100
bank8FM.csv,0.95,0.9316298988817021,0.018370101118297844,100
breast-cancer.csv,0.05,0.06361543388082816,0.013615433880828157,100
breast-cancer.csv,0.1,0.08599084896927495,0.014009151030725059,100
breast-cancer.csv,0.15,0.16286093542873614,0.012860935428736148,100
breast-cancer.csv,0.2,0.1788723657073969,0.021127634292603115,100
breast-cancer.csv,0.25,0.22455022279253173,0.02544977720746827,100
breast-cancer.csv,0.3,0.26885718692920174,0.031142813070798248,100
breast-cancer.csv,0.35,0.34525060142411756,0.004749398575882413,100
breast-cancer.csv,0.4,0.35751305542645595,0.04248694457354407,100
breast-cancer.csv,0.44,0.39939789875903636,0.04060210124096364,100
breast-cancer.csv,0.49,0.4823578238997847,0.007642176100215281,100
breast-cancer.csv,0.54,0.49266283016882906,0.04733716983117098,100
breast-cancer.csv,0.6,0.5584943949005539,0.04150560509944612,100
breast-cancer.csv,0.65,0.5914072990812587,0.05859270091874136,100
breast-cancer.csv,0.7,0.6801302663962786,0.01986973360372135,100
breast-cancer.csv,0.75,0.7114556240137357,0.03854437598626426,100
breast-cancer.csv,0.8,0.6984343665708287,0.10156563342917135,100
breast-cancer.csv,0.85,0.8072847677967224,0.04271523220327755,100
breast-cancer.csv,0.9,0.8683219787300755,0.03167802126992447,100
breast-cancer.csv,0.95,0.8830819827294464,0.06691801727055358,100
churn.csv,0.05,0.03349699238215634,0.016503007617843665,100
churn.csv,0.1,0.03283558076661673,0.06716441923338327,100
churn.csv,0.15,0.04417861036584392,0.10582138963415608,100
churn.csv,0.2,0.10397885954104383,0.09602114045895618,100
churn.csv,0.25,0.0659701454463614,0.1840298545536386,100
churn.csv,0.3,0.09313798065086448,0.2068620193491355,100
churn.csv,0.35,0.10329216966286586,0.24670783033713412,100
churn.csv,0.4,0.25860032791900794,0.14139967208099208,100
churn.csv,0.44,0.2597856217383833,0.18021437826161668,100
churn.csv,0.49,0.3037944767996038,0.18620552320039618,100
churn.csv,0.54,0.1298263514817145,0.4101736485182855,100
churn.csv,0.6,0.4422967418437967,0.15770325815620329,100
churn.csv,0.65,0.41230027302698113,0.2376997269730189,100
churn.csv,0.7,0.5450898551800609,0.15491014481993903,100
churn.csv,0.75,0.48830347739241425,0.26169652260758575,100
churn.csv,0.8,0.3875194035782546,0.41248059642174545,100
churn.csv,0.85,0.5901011510466149,0.2598988489533851,100
churn.csv,0.9,0.478609430225417,0.421390569774583,100
churn.csv,0.95,0.8661068458803212,0.08389315411967879,100
clean2.csv,0.05,0.04408219620060015,0.005917803799399851,100
clean2.csv,0.1,0.10741610230288684,0.0074161023028868345,100
clean2.csv,0.15,0.1558777922611564,0.005877792261156395,100
clean2.csv,0.2,0.20164357775600872,0.0016435777560087073,100
clean2.csv,0.25,0.2782003941903074,0.0282003941903074,100
clean2.csv,0.3,0.3206126428709827,0.02061264287098269,100
clean2.csv,0.35,0.35222817554244135,0.0022281755424413685,100
clean2.csv,0.4,0.3965633342656239,0.003436665734376121,100
clean2.csv,0.44,0.44373337567840027,0.0037333756784002636,100
clean2.csv,0.49,0.5040059361517103,0.014005936151710308,100
clean2.csv,0.54,0.5588115696589595,0.01881156965895947,100
clean2.csv,0.6,0.6145962739512456,0.01459627395124563,100
clean2.csv,0.65,0.6571188604400279,0.007118860440027852,100
clean2.csv,0.7,0.7194987573924319,0.019498757392431898,100
clean2.csv,0.75,0.7740132398641892,0.02401323986418924,100
clean2.csv,0.8,0.8098913194243335,0.009891319424333411,100
clean2.csv,0.85,0.8589179742017508,0.008917974201750778,100
clean2.csv,0.9,0.9089705326421144,0.008970532642114337,100
clean2.csv,0.95,0.9539007202638103,0.0039007202638103866,100
click-prediction.csv,0.05,0.9490606535730803,0.8990606535730803,100
click-prediction.csv,0.1,0.9681992018826819,0.868199201882682,100
click-prediction.csv,0.15,0.9563470774281805,0.8063470774281805,100
click-prediction.csv,0.2,0.9599291936494703,0.7599291936494703,100
click-prediction.csv,0.25,0.9981801391228264,0.7481801391228264,100
click-prediction.csv,0.3,0.9991110405125179,0.6991110405125178,100
click-prediction.csv,0.35,0.9671866954304071,0.6171866954304072,100
click-prediction.csv,0.4,0.9977154715755326,0.5977154715755326,100
click-prediction.csv,0.44,0.9820606728916227,0.5420606728916226,100
click-prediction.csv,0.49,0.9930945747095002,0.5030945747095003,100
click-prediction.csv,0.54,0.9942352726266308,0.45423527262663077,100
click-prediction.csv,0.6,0.9992307750715209,0.39923077507152094,100
click-prediction.csv,0.65,0.9988924553292214,0.3488924553292214,100
click-prediction.csv,0.7,0.9993219682530871,0.2993219682530871,100
click-prediction.csv,0.75,0.9999554476059523,0.24995544760595234,100
click-prediction.csv,0.8,0.9952037868528983,0.1952037868528983,100
click-prediction.csv,0.85,0.9959944178144552,0.1459944178144552,100
click-prediction.csv,0.9,0.9999554476059523,0.09995544760595232,100
click-prediction.csv,0.95,0.9999554476059523,0.049955447605952386,100
cmc.1.csv,0.05,4.4552394047661854e-05,0.049955447605952344,100
cmc.1.csv,0.1,0.027320056110771127,0.07267994388922888,100
cmc.1.csv,0.15,0.09267679375935547,0.05732320624064452,100
cmc.1.csv,0.2,4.4552394047661854e-05,0.19995544760595235,100
cmc.1.csv,0.25,0.0794620115998731,0.1705379884001269,100
cmc.1.csv,0.3,0.10140988539959878,0.1985901146004012,100
cmc.1.csv,0.35,0.16376468770330455,0.18623531229669543,100
cmc.1.csv,0.4,0.2878829643707247,0.11211703562927533,100
cmc.1.csv,0.44,0.2702996413873154,0.16970035861268462,100
cmc.1.csv,0.49,0.5111801673218851,0.0211801673218851,100
cmc.1.csv,0.54,0.26133067396428383,0.2786693260357162,100
cmc.1.csv,0.6,0.2552489030369164,0.3447510969630836,100
cmc.1.csv,0.65,0.2378711622341934,0.4121288377658066,100
cmc.1.csv,0.7,0.5442860086035703,0.1557139913964296,100
cmc.1.csv,0.75,0.23524910877184319,0.5147508912281569,100
cmc.1.csv,0.8,0.42040066574264845,0.3795993342573516,100
cmc.1.csv,0.85,0.6466282985076028,0.20337170149239714,100
cmc.1.csv,0.9,0.9603125878841853,0.060312587884185254,100
cmc.1.csv,0.95,0.6185743208864166,0.33142567911358334,100
cmc.2.csv,0.05,0.007386277887193786,0.042613722112806215,100
cmc.2.csv,0.1,0.08870792433455504,0.011292075665444962,100
cmc.2.csv,0.15,0.04318895115568265,0.10681104884431734,100
cmc.2.csv,0.2,0.025242033906321265,0.17475796609367875,100
cmc.2.csv,0.25,0.021935867746668142,0.22806413225333186,100
cmc.2.csv,0.3,0.05236149887246255,0.24763850112753744,100
cmc.2.csv,0.35,0.10099586139397615,0.24900413860602383,100
cmc.2.csv,0.4,0.104646623353391,0.295353376646609,100
cmc.2.csv,0.44,0.03044941175470342,0.40955058824529655,100
cmc.2.csv,0.49,0.05915346702105258,0.4308465329789474,100
cmc.2.csv,0.54,0.06122752454102237,0.47877247545897766,100
cmc.2.csv,0.6,0.0927269152026591,0.5072730847973409,100
cmc.2.csv,0.65,0.04410621272551647,0.6058937872744835,100
cmc.2.csv,0.7,0.0029389787284370694,0.6970610212715629,100
cmc.2.csv,0.75,0.2239853123586305,0.5260146876413695,100
cmc.2.csv,0.8,0.09850377711423106,0.701496222885769,100
cmc.2.csv,0.85,0.009913484159219152,0.8400865158407809,100
cmc.2.csv,0.9,0.07309360255027286,0.8269063974497272,100
cmc.2.csv,0.95,0.08650263589425802,0.863497364105742,100
cmc.3.csv,0.05,4.4552394047661854e-05,0.049955447605952344,100
cmc.3.csv,0.1,0.007250010213212071,0.09274998978678793,100
cmc.3.csv,0.15,4.4552394047661854e-05,0.14995544760595234,100
cmc.3.csv,0.2,0.020086997778936817,0.17991300222106318,100
cmc.3.csv,0.25,0.00282028836616947,0.24717971163383054,100
cmc.3.csv,0.3,0.02029218243746101,0.279707817562539,100
cmc.3.csv,0.35,4.4552394047661854e-05,0.3499554476059523,100
cmc.3.csv,0.4,4.4552394047661854e-05,0.39995544760595236,100
cmc.3.csv,0.44,0.00015593337916681651,0.4398440666208332,100
cmc.3.csv,0.49,4.4552394047661854e-05,0.48995544760595233,100
cmc.3.csv,0.54,4.4552394047661854e-05,0.5399554476059524,100
cmc.3.csv,0.6,4.4552394047661854e-05,0.5999554476059523,100
cmc.3.csv,0.65,0.02812115079378145,0.6218788492062186,100
cmc.3.csv,0.7,0.22518333776424443,0.4748166622357555,100
cmc.3.csv,0.75,4.4552394047661854e-05,0.7499554476059523,100
cmc.3.csv,0.8,4.4552394047661854e-05,0.7999554476059524,100
cmc.3.csv,0.85,4.4552394047661854e-05,0.8499554476059523,100
cmc.3.csv,0.9,4.4552394047661854e-05,0.8999554476059524,100
cmc.3.csv,0.95,0.2413195430945484,0.7086804569054516,100
cmc.csv,0.05,0.058418215196518394,0.008418215196518392,100
cmc.csv,0.1,0.5396346022939886,0.43963460229398865,100
cmc.csv,0.15,0.4514537910824268,0.30145379108242676,100
cmc.csv,0.2,0.447763110351978,0.247763110351978,100
cmc.csv,0.25,0.4712492817299715,0.2212492817299715,100
cmc.csv,0.3,0.37923670964635636,0.07923670964635637,100
cmc.csv,0.35,0.6387737252372565,0.28877372523725653,100
cmc.csv,0.4,0.4951537465254026,0.0951537465254026,100
cmc.csv,0.44,0.8844583536743675,0.44445835367436753,100
cmc.csv,0.49,0.6784206920011358,0.18842069200113576,100
cmc.csv,0.54,0.8013682663258769,0.26136826632587684,100
cmc.csv,0.6,0.820439345488174,0.220439345488174,100
cmc.csv,0.65,0.8658531060735966,0.21585310607359653,100
cmc.csv,0.7,0.7637774938865567,0.06377749388655674,100
cmc.csv,0.75,0.990856567425009,0.24085656742500905,100
cmc.csv,0.8,0.8961875158054778,0.0961875158054778,100
cmc.csv,0.85,0.9162026059211686,0.06620260592116867,100
cmc.csv,0.9,0.9398534148670998,0.03985341486709981,100
cmc.csv,0.95,0.9999554476059523,0.049955447605952386,100
covtype_reduced.csv,0.05,0.040374624092360534,0.009625375907639469,100
covtype_reduced.csv,0.1,4.4552394047661854e-05,0.09995544760595235,100
covtype_reduced.csv,0.15,0.14260279501152479,0.007397204988475209,100
covtype_reduced.csv,0.2,0.1627203169350232,0.03727968306497681,100
covtype_reduced.csv,0.25,0.2782908912407167,0.02829089124071671,100
covtype_reduced.csv,0.3,4.4552394047661854e-05,0.29995544760595233,100
covtype_reduced.csv,0.35,0.36514140884460106,0.015141408844601079,100
covtype_reduced.csv,0.4,0.41892416493046075,0.01892416493046073,100
covtype_reduced.csv,0.44,0.4248001385155098,0.015199861484490207,100
covtype_reduced.csv,0.49,0.3626647427822785,0.1273352572177215,100
covtype_reduced.csv,0.54,0.9999554476059523,0.4599554476059523,100
covtype_reduced.csv,0.6,0.6740495702573478,0.07404957025734782,100
covtype_reduced.csv,0.65,0.5997645684427045,0.050235431557295485,100
covtype_reduced.csv,0.7,0.6879309262119994,0.012069073788000595,100
covtype_reduced.csv,0.75,0.7484845000240304,0.0015154999759695587,100
covtype_reduced.csv,0.8,0.8608713399823767,0.060871339982376704,100
covtype_reduced.csv,0.85,0.8360790743601475,0.013920925639852477,100
covtype_reduced.csv,0.9,0.9999554476059523,0.09995544760595232,100
covtype_reduced.csv,0.95,0.9999554476059523,0.049955447605952386,100
cpu_act.csv,0.05,0.07619114690381412,0.02619114690381412,100
cpu_act.csv,0.1,0.09242934360640487,0.007570656393595138,100
cpu_act.csv,0.15,0.1696773745589597,0.01967737455895971,100
cpu_act.csv,0.2,0.15601284170561336,0.04398715829438665,100
cpu_act.csv,0.25,0.22726017980884217,0.022739820191157833,100
cpu_act.csv,0.3,0.2855547034098027,0.014445296590197276,100
cpu_act.csv,0.35,0.31211919523130427,0.03788080476869571,100
cpu_act.csv,0.4,0.4187765851251779,0.01877658512517788,100
cpu_act.csv,0.44,0.4471921957868477,0.0071921957868477104,100
cpu_act.csv,0.49,0.4108157842117392,0.07918421578826079,100
cpu_act.csv,0.54,0.5286783206297011,0.011321679370298932,100
cpu_act.csv,0.6,0.5429578338642219,0.05704216613577806,100
cpu_act.csv,0.65,0.6269534898270532,0.023046510172946788,100
cpu_act.csv,0.7,0.6909591620072224,0.00904083799277755,100
cpu_act.csv,0.75,0.687858528571672,0.06214147142832804,100
cpu_act.csv,0.8,0.7252830515578187,0.07471694844218135,100
cpu_act.csv,0.85,0.7765393094845596,0.07346069051544035,100
cpu_act.csv,0.9,0.8380696396494752,0.061930360350524793,100
cpu_act.csv,0.95,0.8451881803270904,0.10481181967290953,100
ctg.1.csv,0.05,0.23173130786341434,0.18173130786341435,100
ctg.1.csv,0.1,0.2419667710377642,0.1419667710377642,100
ctg.1.csv,0.15,0.32513691346930923,0.17513691346930924,100
ctg.1.csv,0.2,0.361021996978207,0.16102199697820702,100
ctg.1.csv,0.25,0.42076300200986416,0.17076300200986416,100
ctg.1.csv,0.3,0.41268205745839537,0.11268205745839538,100
ctg.1.csv,0.35,0.48186026415532274,0.13186026415532276,100
ctg.1.csv,0.4,0.4658464271595442,0.0658464271595442,100
ctg.1.csv,0.44,0.570517283590981,0.13051728359098097,100
ctg.1.csv,0.49,0.6040287252834001,0.11402872528340013,100
ctg.1.csv,0.54,0.6391560385651944,0.0991560385651944,100
ctg.1.csv,0.6,0.7280618181478096,0.1280618181478096,100
ctg.1.csv,0.65,0.7077107592620593,0.057710759262059264,100
ctg.1.csv,0.7,0.7566624270665707,0.056662427066570764,100
ctg.1.csv,0.75,0.8208249912720998,0.07082499127209985,100
ctg.1.csv,0.8,0.8460120352358198,0.04601203523581976,100
ctg.1.csv,0.85,0.8900741824002228,0.04007418240022287,100
ctg.1.csv,0.9,0.893231984927226,0.006768015072774025,100
ctg.1.csv,0.95,0.9651014998119254,0.015101499811925434,100
ctg.2.csv,0.05,0.032948354014049885,0.017051645985950117,100
ctg.2.csv,0.1,0.05150512702476712,0.04849487297523289,100
ctg.2.csv,0.15,0.10652367303666896,0.043476326963331036,100
ctg.2.csv,0.2,0.0883191350833735,0.11168086491662652,100
ctg.2.csv,0.25,0.07537937095836367,0.17462062904163633,100
ctg.2.csv,0.3,0.10787189417792914,0.19212810582207085,100
ctg.2.csv,0.35,0.22511094012391697,0.12488905987608301,100
ctg.2.csv,0.4,0.2871522006886695,0.11284779931133054,100
ctg.2.csv,0.44,0.22059838818661015,0.21940161181338985,100
ctg.2.csv,0.49,0.36739158754729057,0.12260841245270943,100
ctg.2.csv,0.54,0.35452519523833864,0.1854748047616614,100
ctg.2.csv,0.6,0.3743774259287261,0.2256225740712739,100
ctg.2.csv,0.65,0.38517400276694613,0.2648259972330539,100
ctg.2.csv,0.7,0.3755269342558123,0.32447306574418766,100
ctg.2.csv,0.75,0.4753309244022051,0.2746690755977949,100
ctg.2.csv,0.8,0.5998557616242707,0.20014423837572937,100
ctg.2.csv,0.85,0.9999554476059523,0.14995544760595236,100
ctg.2.csv,0.9,0.7201766151065555,0.17982338489344452,100
ctg.2.csv,0.95,0.785946139283959,0.164053860716041,100
ctg.3.csv,0.05,0.04817926524804324,0.0018207347519567652,100
ctg.3.csv,0.1,0.10223284295175847,0.0022328429517584625,100
ctg.3.csv,0.15,0.17260650547886142,0.02260650547886142,100
ctg.3.csv,0.2,0.15202015426204685,0.047979845737953164,100
ctg.3.csv,0.25,0.2308228811768972,0.0191771188231028,100
ctg.3.csv,0.3,0.2883035146059441,0.011696485394055878,100
ctg.3.csv,0.35,0.30459685497443484,0.04540314502556514,100
ctg.3.csv,0.4,0.37692822995926856,0.023071770040731465,100
ctg.3.csv,0.44,0.4019624785725529,0.038037521427447096,100
ctg.3.csv,0.49,0.3965633342656239,0.09343666573437609,100
ctg.3.csv,0.54,0.4839680949134561,0.05603190508654393,100
ctg.3.csv,0.6,0.5576280759912481,0.04237192400875189,100
ctg.3.csv,0.65,0.5270689089029267,0.12293109109707334,100
ctg.3.csv,0.7,0.5709647218921393,0.12903527810786064,100
ctg.3.csv,0.75,0.5696686126942099,0.18033138730579013,100
ctg.3.csv,0.8,0.687858528571672,0.11214147142832809,100
ctg.3.csv,0.85,0.7466152818162688,0.10338471818373118,100
ctg.3.csv,0.9,0.7623098318666253,0.13769016813337476,100
ctg.3.csv,0.95,0.8966215100736667,0.053378489926333206,100
default_credit_card_clients.csv,0.05,0.9512850618266493,0.9012850618266492,100
default_credit_card_clients.csv,0.1,0.9999554476059523,0.8999554476059524,100
default_credit_card_clients.csv,0.15,0.9740719288384605,0.8240719288384605,100
default_credit_card_clients.csv,0.2,0.9999554476059523,0.7999554476059523,100
default_credit_card_clients.csv,0.25,0.8747157574775101,0.6247157574775101,100
default_credit_card_clients.csv,0.3,0.8478169510472164,0.5478169510472164,100
default_credit_card_clients.csv,0.35,0.9999554476059523,0.6499554476059524,100
default_credit_card_clients.csv,0.4,0.9999554476059523,0.5999554476059523,100
default_credit_card_clients.csv,0.44,0.9391620478577106,0.4991620478577106,100
default_credit_card_clients.csv,0.49,0.9999554476059523,0.5099554476059524,100
default_credit_card_clients.csv,0.54,0.9203688285289772,0.38036882852897713,100
default_credit_card_clients.csv,0.6,0.8874396414054283,0.2874396414054283,100
default_credit_card_clients.csv,0.65,0.9609234429744481,0.31092344297444807,100
default_credit_card_clients.csv,0.7,0.9991528083819374,0.2991528083819375,100
default_credit_card_clients.csv,0.75,0.9619399440230887,0.2119399440230887,100
default_credit_card_clients.csv,0.8,0.9940821237720919,0.19408212377209189,100
default_credit_card_clients.csv,0.85,0.9893324317649663,0.13933243176496635,100
default_credit_card_clients.csv,0.9,0.9988016102132337,0.09880161021323364,100
default_credit_card_clients.csv,0.95,0.9982581058124099,0.04825810581240997,100
delta_ailerons.csv,0.05,0.07190717071961147,0.02190717071961147,100
delta_ailerons.csv,0.1,0.11267730862894673,0.012677308628946726,100
delta_ailerons.csv,0.15,0.22619187953203918,0.07619187953203918,100
delta_ailerons.csv,0.2,0.2860754965316294,0.08607549653162938,100
delta_ailerons.csv,0.25,0.2856173552139322,0.03561735521393222,100
delta_ailerons.csv,0.3,0.3413205657846806,0.04132056578468063,100
delta_ailerons.csv,0.35,0.3887757027756435,0.03877570277564352,100
delta_ailerons.csv,0.4,0.45291005395466244,0.05291005395466242,100
delta_ailerons.csv,0.44,0.4404747871346276,0.0004747871346276189,100
delta_ailerons.csv,0.49,0.48075015250090275,0.009249847499097241,100
delta_ailerons.csv,0.54,0.5735725053455868,0.033572505345586756,100
delta_ailerons.csv,0.6,0.5842245776942678,0.015775422305732145,100
delta_ailerons.csv,0.65,0.6322278027426226,0.017772197257377442,100
delta_ailerons.csv,0.7,0.7217717605634127,0.02177176056341279,100
delta_ailerons.csv,0.75,0.77209537677257,0.022095376772570008,100
delta_ailerons.csv,0.8,0.7673120774022832,0.0326879225977168,100
delta_ailerons.csv,0.85,0.809540164763827,0.040459835236173025,100
delta_ailerons.csv,0.9,0.9022650834330955,0.002265083433095505,100
delta_ailerons.csv,0.95,0.8884042942791844,0.06159570572081552,100
eeg.csv,0.05,0.021938652271296124,0.02806134772870388,100
eeg.csv,0.1,0.08701011550770715,0.012989884492292852,100
eeg.csv,0.15,0.10913933147382995,0.04086066852617004,100
eeg.csv,0.2,0.15633001646401906,0.04366998353598095,100
eeg.csv,0.25,0.21070833323413207,0.03929166676586793,100
eeg.csv,0.3,0.2649812374175484,0.03501876258245157,100
eeg.csv,0.35,0.30493517471673426,0.04506482528326572,100
eeg.csv,0.4,0.4096329268514132,0.009632926851413204,100
eeg.csv,0.44,0.25938782629035817,0.18061217370964183,100
eeg.csv,0.49,0.465390635284502,0.024609364715498017,100
eeg.csv,0.54,0.4580923670024993,0.08190763299750076,100
eeg.csv,0.6,0.545741042369232,0.054258957630767934,100
eeg.csv,0.65,0.6047769139984789,0.04522308600152114,100
eeg.csv,0.7,0.6474874548799263,0.05251254512007364,100
eeg.csv,0.75,0.7820861028954726,0.032086102895472646,100
eeg.csv,0.8,0.8176514081859686,0.017651408185968553,100
eeg.csv,0.85,0.7916470700437569,0.05835292995624308,100
eeg.csv,0.9,0.8855987660689532,0.014401233931046864,100
eeg.csv,0.95,0.9773553402109193,0.027355340210919343,100
electricity-normalized.csv,0.05,0.05369363285776657,0.0036936328577665684,100
electricity-normalized.csv,0.1,0.10814508214885227,0.008145082148852262,100
electricity-normalized.csv,0.15,0.14302499855824208,0.0069750014417579165,100
electricity-normalized.csv,0.2,0.16990883816866043,0.030091161831339586,100
electricity-normalized.csv,0.25,0.21989242417702287,0.03010757582297713,100
electricity-normalized.csv,0.3,0.2623067803709823,0.03769321962901767,100
electricity-normalized.csv,0.35,0.29897243609887275,0.051027563901127226,100
electricity-normalized.csv,0.4,0.31684180236587967,0.08315819763412036,100
electricity-normalized.csv,0.44,0.37166944309686867,0.06833055690313133,100
electricity-normalized.csv,0.49,0.49502026337604893,0.005020263376048939,100
electricity-normalized.csv,0.54,0.4932355068159505,0.046764493184049516,100
electricity-normalized.csv,0.6,0.5496166737271925,0.050383326272807505,100
electricity-normalized.csv,0.65,0.6190693789095332,0.030930621090466848,100
electricity-normalized.csv,0.7,0.6383597012316338,0.061640298768366186,100
electricity-normalized.csv,0.75,0.7053327317215681,0.044667268278431926,100
electricity-normalized.csv,0.8,0.721749484366389,0.07825051563361107,100
electricity-normalized.csv,0.85,0.7953535544470637,0.054646445552936296,100
electricity-normalized.csv,0.9,0.8050133462166954,0.09498665378330462,100
electricity-normalized.csv,0.95,0.8985149324354457,0.05148506756455429,100
elevators.csv,0.05,0.3822151788620101,0.33221517886201013,100
elevators.csv,0.1,0.34077192741657414,0.24077192741657413,100
elevators.csv,0.15,0.6415430070402334,0.49154300704023335,100
elevators.csv,0.2,0.5357831614937337,0.3357831614937337,100
elevators.csv,0.25,0.43440438476325477,0.18440438476325477,100
elevators.csv,0.3,0.49088832114882897,0.19088832114882898,100
elevators.csv,0.35,0.5472180341782247,0.1972180341782247,100
elevators.csv,0.4,0.6718338391698804,0.27183383916988035,100
elevators.csv,0.44,0.6013435896936564,0.16134358969365642,100
elevators.csv,0.49,0.7094523271381696,0.21945232713816964,100
elevators.csv,0.54,0.7571991333115643,0.21719913331156426,100
elevators.csv,0.6,0.7363965257896866,0.13639652578968664,100
elevators.csv,0.65,0.8050133462166954,0.15501334621669538,100
elevators.csv,0.7,0.8022515044854127,0.10225150448541276,100
elevators.csv,0.75,0.8895979416724439,0.13959794167244388,100
elevators.csv,0.8,0.8863577230628666,0.0863577230628666,100
elevators.csv,0.85,0.9420870019906705,0.09208700199067055,100
elevators.csv,0.9,0.9608830673673423,0.06088306736734228,100
elevators.csv,0.95,0.994586579565828,0.04458657956582801,100
file22f0e4a679.csv,0.05,0.04871421756883268,0.0012857824311673233,100
file22f0e4a679.csv,0.1,0.08515288108904256,0.01484711891095744,100
file22f0e4a679.csv,0.15,0.15103521569129397,0.0010352156912939725,100
file22f0e4a679.csv,0.2,0.19059558081178712,0.009404419188212887,100
file22f0e4a679.csv,0.25,0.24562475535793288,0.004375244642067122,100
file22f0e4a679.csv,0.3,0.2829181882305552,0.017081811769444788,100
file22f0e4a679.csv,0.35,0.331532540911489,0.018467459088510996,100
file22f0e4a679.csv,0.4,0.38331853043027264,0.01668146956972738,100
file22f0e4a679.csv,0.44,0.43831412654790797,0.0016858734520920349,100
file22f0e4a679.csv,0.49,0.49086604495180514,0.000866044951805145,100
file22f0e4a679.csv,0.54,0.5460019175203159,0.006001917520315869,100
file22f0e4a679.csv,0.6,0.5983772225550114,0.0016227774449886212,100
file22f0e4a679.csv,0.65,0.6385739355951991,0.011426064404800873,100
file22f0e4a679.csv,0.7,0.6948373644277177,0.005162635572282248,100
file22f0e4a679.csv,0.75,0.7514714574170536,0.0014714574170535677,100
file22f0e4a679.csv,0.8,0.7846785279552689,0.01532147204473111,100
file22f0e4a679.csv,0.85,0.8403966157589452,0.00960338424105478,100
file22f0e4a679.csv,0.9,0.9115179702258898,0.01151797022588974,100
file22f0e4a679.csv,0.95,0.9509373687870915,0.0009373687870914971,100
file79b563a1a18.csv,0.05,0.25860032791900794,0.20860032791900796,100
file79b563a1a18.csv,0.1,0.053210169769233734,0.04678983023076627,100
file79b563a1a18.csv,0.15,4.4552394047661854e-05,0.14995544760595234,100
file79b563a1a18.csv,0.2,0.20947135167634978,0.00947135167634977,100
file79b563a1a18.csv,0.25,0.452053682106967,0.202053682106967,100
file79b563a1a18.csv,0.3,0.5803554197102425,0.2803554197102425,100
file79b563a1a18.csv,0.35,0.6661403041875427,0.3161403041875427,100
file79b563a1a18.csv,0.4,0.14206539807389884,0.2579346019261012,100
file79b563a1a18.csv,0.44,0.6437213809017838,0.20372138090178377,100
file79b563a1a18.csv,0.49,4.4552394047661854e-05,0.48995544760595233,100
file79b563a1a18.csv,0.54,0.6087840910313818,0.06878409103138172,100
file79b563a1a18.csv,0.6,0.8341214186032853,0.23412141860328528,100
file79b563a1a18.csv,0.65,0.8592525739931801,0.2092525739931801,100
file79b563a1a18.csv,0.7,0.8706095136389588,0.17060951363895882,100
file79b563a1a18.csv,0.75,0.7990128630479879,0.04901286304798791,100
file79b563a1a18.csv,0.8,0.889249528028368,0.08924952802836794,100
file79b563a1a18.csv,0.85,0.877044018438432,0.02704401843843207,100
file79b563a1a18.csv,0.9,0.9715081593651189,0.0715081593651189,100
file79b563a1a18.csv,0.95,0.9494901556198968,0.0005098443801031527,100
file7b5365fa741c.csv,0.05,0.003529820047936335,0.046470179952063664,100
file7b5365fa741c.csv,0.1,0.02914773350751793,0.07085226649248208,100
file7b5365fa741c.csv,0.15,0.10498283022885843,0.04501716977114156,100
file7b5365fa741c.csv,0.2,0.11656717804447761,0.0834328219555224,100
file7b5365fa741c.csv,0.25,0.10631222319773179,0.1436877768022682,100
file7b5365fa741c.csv,0.3,0.22473746575818931,0.07526253424181067,100
file7b5365fa741c.csv,0.35,0.14885289889936215,0.20114710110063783,100
file7b5365fa741c.csv,0.4,0.31945849412272687,0.08054150587727316,100
file7b5365fa741c.csv,0.44,0.221107086029584,0.218892913970416,100
file7b5365fa741c.csv,0.49,0.30156563342917136,0.18843436657082863,100
file7b5365fa741c.csv,0.54,0.3942726929394341,0.1457273070605659,100
file7b5365fa741c.csv,0.6,0.4449692695312497,0.15503073046875027,100
file7b5365fa741c.csv,0.65,0.3530205468318906,0.2969794531681094,100
file7b5365fa741c.csv,0.7,0.5218823429288024,0.17811765707119753,100
file7b5365fa741c.csv,0.75,0.5411253236584955,0.20887467634150447,100
file7b5365fa741c.csv,0.8,0.5724552583468075,0.2275447416531925,100
file7b5365fa741c.csv,0.85,0.4775115008662444,0.3724884991337556,100
file7b5365fa741c.csv,0.9,0.5558711932296838,0.3441288067703162,100
file7b5365fa741c.csv,0.95,0.754142736835631,0.1958572631643689,100
fri_c2_1000_10.csv,0.05,0.016701964853868385,0.03329803514613162,100
fri_c2_1000_10.csv,0.1,0.027439790669774217,0.07256020933022579,100
fri_c2_1000_10.csv,0.15,0.07932574392589137,0.07067425607410863,100
fri_c2_1000_10.csv,0.2,0.12544713721322664,0.07455286278677337,100
fri_c2_1000_10.csv,0.25,0.18108583436860415,0.06891416563139585,100
fri_c2_1000_10.csv,0.3,0.2364895594285455,0.0635104405714545,100
fri_c2_1000_10.csv,0.35,0.2676854024050917,0.08231459759490828,100
fri_c2_1000_10.csv,0.4,0.37475646934370965,0.02524353065629037,100
fri_c2_1000_10.csv,0.44,0.41689770537835047,0.023102294621649533,100
fri_c2_1000_10.csv,0.49,0.3728373662684672,0.1171626337315328,100
fri_c2_1000_10.csv,0.54,0.44052490857793125,0.09947509142206878,100
fri_c2_1000_10.csv,0.6,0.5145883275730871,0.08541167242691283,100
fri_c2_1000_10.csv,0.65,0.5701044778148832,0.07989552218511686,100
fri_c2_1000_10.csv,0.7,0.6711466271933346,0.028853372806665334,100
fri_c2_1000_10.csv,0.75,0.6671442558405208,0.08285574415947916,100
fri_c2_1000_10.csv,0.8,0.7029237707875343,0.09707622921246573,100
fri_c2_1000_10.csv,0.85,0.6954271615504816,0.1545728384495184,100
fri_c2_1000_10.csv,0.9,0.7757386716376211,0.12426132836237891,100
fri_c2_1000_10.csv,0.95,0.8868780375945228,0.06312196240547718,100
fried.csv,0.05,0.05880627160650147,0.008806271606501465,100
fried.csv,0.1,0.11790247725113606,0.017902477251136056,100
fried.csv,0.15,0.15112693097122804,0.0011269309712280406,100
fried.csv,0.2,0.22804136949158216,0.028041369491582147,100
fried.csv,0.25,0.27267830659482356,0.02267830659482356,100
fried.csv,0.3,0.2509538961650639,0.04904610383493607,100
fried.csv,0.35,0.3429312610032758,0.0070687389967241665,100
fried.csv,0.4,0.46246139423447585,0.06246139423447583,100
fried.csv,0.44,0.44197862622062417,0.001978626220624169,100
fried.csv,0.49,0.5345759504199622,0.04457595041996221,100
fried.csv,0.54,0.5290949551271625,0.0109050448728375,100
fried.csv,0.6,0.6199340608229152,0.019934060822915267,100
fried.csv,0.65,0.6055518820090035,0.04444811799099657,100
fried.csv,0.7,0.7033055552189486,0.003305555218948597,100
fried.csv,0.75,0.7781082368337352,0.0281082368337352,100
fried.csv,0.8,0.8104717187764777,0.010471718776477679,100
fried.csv,0.85,0.8297440316790845,0.020255968320915474,100
fried.csv,0.9,0.9003332487716147,0.00033324877161466926,100
fried.csv,0.95,0.9497927986404002,0.00020720135959972907,100
german.csv,0.05,0.9909923130006228,0.9409923130006228,100
german.csv,0.1,0.9999554476059523,0.8999554476059524,100
german.csv,0.15,0.9999554476059523,0.8499554476059523,100
german.csv,0.2,0.9999554476059523,0.7999554476059523,100
german.csv,0.25,0.9999554476059523,0.7499554476059523,100
german.csv,0.3,0.9999554476059523,0.6999554476059524,100
german.csv,0.35,0.9999554476059523,0.6499554476059524,100
german.csv,0.4,0.9999554476059523,0.5999554476059523,100
german.csv,0.44,0.9999554476059523,0.5599554476059523,100
german.csv,0.49,0.9999554476059523,0.5099554476059524,100
german.csv,0.54,0.9999554476059523,0.4599554476059523,100
german.csv,0.6,0.9999554476059523,0.39995544760595236,100
german.csv,0.65,0.9999554476059523,0.3499554476059523,100
german.csv,0.7,0.9977506261989608,0.29775062619896087,100
german.csv,0.75,0.9999554476059523,0.24995544760595234,100
german.csv,0.8,0.9957807055492579,0.19578070554925786,100
german.csv,0.85,0.9999554476059523,0.14995544760595236,100
german.csv,0.9,0.9993999349426705,0.09939993494267052,100
german.csv,0.95,0.9999554476059523,0.049955447605952386,100
gina_agnostic.csv,0.05,0.03132038060259709,0.01867961939740291,100
gina_agnostic.csv,0.1,0.04733890441695868,0.05266109558304133,100
gina_agnostic.csv,0.15,0.12890830676432907,0.021091693235670922,100
gina_agnostic.csv,0.2,0.17539930210285426,0.02460069789714575,100
gina_agnostic.csv,0.25,0.2040020021343485,0.04599799786565151,100
gina_agnostic.csv,0.3,0.27817811799328357,0.02182188200671642,100
gina_agnostic.csv,0.35,0.31109992869287206,0.038900071307127915,100
gina_agnostic.csv,0.4,0.3667932628178536,0.033206737182146395,100
gina_agnostic.csv,0.44,0.45378437021448675,0.013784370214486752,100
gina_agnostic.csv,0.49,0.438075527593848,0.051924472406152,100
gina_agnostic.csv,0.54,0.5587614482156559,0.01876144821565584,100
gina_agnostic.csv,0.6,0.764750891228157,0.164750891228157,100
gina_agnostic.csv,0.65,0.6222734598823491,0.027726540117650966,100
gina_agnostic.csv,0.7,0.666613281800523,0.03338671819947692,100
gina_agnostic.csv,0.75,0.7278508904072404,0.02214910959275962,100
gina_agnostic.csv,0.8,0.7964083427093389,0.003591657290661132,100
gina_agnostic.csv,0.85,0.9999554476059523,0.14995544760595236,100
gina_agnostic.csv,0.9,0.9113547274695746,0.011354727469574555,100
gina_agnostic.csv,0.95,0.9876179259875842,0.03761792598758429,100
haberman.csv,0.05,0.1165560399459657,0.06655603994596569,100
haberman.csv,0.1,0.10614306332658208,0.006143063326582071,100
haberman.csv,0.15,0.12034948703846579,0.029650512961534203,100
haberman.csv,0.2,0.1017854046506001,0.09821459534939991,100
haberman.csv,0.25,4.4552394047661854e-05,0.24995544760595234,100
haberman.csv,0.3,0.05484314118485274,0.24515685881514726,100
haberman.csv,0.35,0.05461167757515201,0.29538832242484797,100
haberman.csv,0.4,0.028554492439010665,0.3714455075609894,100
haberman.csv,0.44,4.4552394047661854e-05,0.43995544760595234,100
haberman.csv,0.49,0.14927806100349666,0.3407219389965033,100
haberman.csv,0.54,4.4552394047661854e-05,0.5399554476059524,100
haberman.csv,0.6,0.062443649356718145,0.5375563506432819,100
haberman.csv,0.65,0.03531026176743697,0.614689738232563,100
haberman.csv,0.7,4.4552394047661854e-05,0.6999554476059523,100
haberman.csv,0.75,0.10612078712955825,0.6438792128704418,100
haberman.csv,0.8,4.4552394047661854e-05,0.7999554476059524,100
haberman.csv,0.85,4.4552394047661854e-05,0.8499554476059523,100
haberman.csv,0.9,0.0013390082804793373,0.8986609917195206,100
haberman.csv,0.95,4.4552394047661854e-05,0.9499554476059523,100
houses.csv,0.05,0.05992069057245537,0.00992069057245537,100
houses.csv,0.1,0.10397885954104383,0.003978859541043822,100
houses.csv,0.15,0.15409515264678353,0.004095152646783534,100
houses.csv,0.2,0.19139839406859127,0.00860160593140874,100
houses.csv,0.25,0.2518325442097832,0.0018325442097831823,100
houses.csv,0.3,0.2986658338324139,0.0013341661675860816,100
houses.csv,0.35,0.33189209265407676,0.018107907345923213,100
houses.csv,0.4,0.40917478553371606,0.009174785533716034,100
houses.csv,0.44,0.4538623369040702,0.013862336904070183,100
houses.csv,0.49,0.4817792083837302,0.008220791616269818,100
houses.csv,0.54,0.5099373774197614,0.030062622580238618,100
houses.csv,0.6,0.5798624718346957,0.02013752816530423,100
houses.csv,0.65,0.6488026424223773,0.0011973575776227374,100
houses.csv,0.7,0.6934160753479652,0.006583924652034723,100
houses.csv,0.75,0.7449557486461907,0.005044251353809259,100
houses.csv,0.8,0.7854092916373241,0.014590708362675953,100
houses.csv,0.85,0.8565725506166204,0.006572550616620432,100
houses.csv,0.9,0.8986346669944487,0.0013653330055513058,100
houses.csv,0.95,0.9289693671775383,0.021030632822461648,100
ionosphere.csv,0.05,0.04421898597294961,0.005781014027050391,100
ionosphere.csv,0.1,0.0694249356080329,0.03057506439196711,100
ionosphere.csv,0.15,0.1310793593519583,0.018920640648041692,100
ionosphere.csv,0.2,0.15023453433615813,0.04976546566384188,100
ionosphere.csv,0.25,0.16897141054937242,0.08102858945062758,100
ionosphere.csv,0.3,0.2498747732241795,0.050125226775820486,100
ionosphere.csv,0.35,0.31295890785823044,0.03704109214176954,100
ionosphere.csv,0.4,0.37624360128193834,0.023756398718061678,100
ionosphere.csv,0.44,0.38251347106278233,0.057486528937217674,100
ionosphere.csv,0.49,0.41703345095396444,0.07296654904603556,100
ionosphere.csv,0.54,0.4642391147032901,0.07576088529670993,100
ionosphere.csv,0.6,0.5113465426684066,0.08865345733159335,100
ionosphere.csv,0.65,0.5672969053991938,0.08270309460080627,100
ionosphere.csv,0.7,0.6007890124566168,0.0992109875433832,100
ionosphere.csv,0.75,0.6427629605772925,0.10723703942270746,100
ionosphere.csv,0.8,0.6827676680550464,0.11723233194495364,100
ionosphere.csv,0.85,0.7088602675891456,0.14113973241085442,100
ionosphere.csv,0.9,0.7907378357363272,0.10926216426367286,100
ionosphere.csv,0.95,0.9363344446758681,0.013665555324131828,100
iris.2.csv,0.05,0.05817736061435405,0.008177360614354048,100
iris.2.csv,0.1,0.12623709379772508,0.02623709379772507,100
iris.2.csv,0.15,0.17932815758243914,0.029328157582439146,100
iris.2.csv,0.2,0.20810916508356803,0.008109165083568015,100
iris.2.csv,0.25,0.2563266445925361,0.006326644592536124,100
iris.2.csv,0.3,0.3029042773284981,0.0029042773284981283,100
iris.2.csv,0.35,0.30331229720289166,0.04668770279710832,100
iris.2.csv,0.4,0.30369423391299655,0.09630576608700347,100
iris.2.csv,0.44,0.42063212935234917,0.01936787064765083,100
iris.2.csv,0.49,0.4316712977015482,0.05832870229845177,100
iris.2.csv,0.54,0.47042462735811663,0.0695753726418834,100
iris.2.csv,0.6,0.4988174902431905,0.10118250975680948,100
iris.2.csv,0.65,0.5941476520119164,0.055852347988083584,100
iris.2.csv,0.7,0.6317854549005499,0.06821454509945002,100
iris.2.csv,0.75,0.6972084959189351,0.05279150408106492,100
iris.2.csv,0.8,0.7756941192435735,0.02430588075642659,100
iris.2.csv,0.85,0.7565872449016153,0.09341275509838465,100
iris.2.csv,0.9,0.7832569084851431,0.11674309151485696,100
iris.2.csv,0.95,0.8423365810147989,0.10766341898520104,100
iris.3.csv,0.05,0.013742994108766372,0.03625700589123363,100
iris.3.csv,0.1,0.0796311714710228,0.0203688285289772,100
iris.3.csv,0.15,0.13146500513588405,0.018534994864115945,100
iris.3.csv,0.2,0.10664340759567204,0.09335659240432798,100
iris.3.csv,0.25,0.1488974512934098,0.10110254870659019,100
iris.3.csv,0.3,0.23377213599768693,0.06622786400231306,100
iris.3.csv,0.35,0.2073851016638989,0.14261489833610108,100
iris.3.csv,0.4,0.28055445313288097,0.11944554686711906,100
iris.3.csv,0.44,0.2579570157135502,0.18204298428644983,100
iris.3.csv,0.49,0.34339556416941724,0.14660443583058275,100
iris.3.csv,0.54,0.33186981645705294,0.2081301835429471,100
iris.3.csv,0.6,0.41105786382158405,0.18894213617841593,100
iris.3.csv,0.65,0.4161165156956104,0.2338834843043896,100
iris.3.csv,0.7,0.4663221892971528,0.23367781070284716,100
iris.3.csv,0.75,0.5152524122234992,0.23474758777650084,100
iris.3.csv,0.8,0.572003469225918,0.227996530774082,100
iris.3.csv,0.85,0.6561971991037409,0.19380280089625912,100
iris.3.csv,0.9,0.6756212821311515,0.22437871786884855,100
iris.3.csv,0.95,0.8041175124340378,0.14588248756596212,100
jm1-processed.csv,0.05,0.9469900549547969,0.8969900549547969,100
jm1-processed.csv,0.1,0.9991528083819374,0.8991528083819375,100
jm1-processed.csv,0.15,0.9731188545837142,0.8231188545837141,100
jm1-processed.csv,0.2,0.977129793716053,0.7771297937160531,100
jm1-processed.csv,0.25,0.9992467860881317,0.7492467860881317,100
jm1-processed.csv,0.3,0.9407003454359785,0.6407003454359785,100
jm1-processed.csv,0.35,0.9922883243051085,0.6422883243051085,100
jm1-processed.csv,0.4,0.9074798112776075,0.5074798112776074,100
jm1-processed.csv,0.44,0.9755367845796652,0.5355367845796652,100
jm1-processed.csv,0.49,0.9697508129693272,0.4797508129693272,100
jm1-processed.csv,0.54,0.9933761597625047,0.45337615976250467,100
jm1-processed.csv,0.6,0.9831199996027302,0.38311999960273024,100
jm1-processed.csv,0.65,0.9767491840059661,0.3267491840059661,100
jm1-processed.csv,0.7,0.996925971827106,0.296925971827106,100
jm1-processed.csv,0.75,0.9990553500199583,0.24905535001995827,100
jm1-processed.csv,0.8,0.9996296582244788,0.19962965822447876,100
jm1-processed.csv,0.85,0.9750862789505963,0.12508627895059632,100
jm1-processed.csv,0.9,0.9977729023959846,0.09777290239598457,100
jm1-processed.csv,0.95,0.997659781082973,0.047659781082973085,100
kdd_JapaneseVowels.csv,0.05,0.03703452425806625,0.012965475741933755,100
kdd_JapaneseVowels.csv,0.1,0.08434833838139524,0.015651661618604762,100
kdd_JapaneseVowels.csv,0.15,0.11026700888309915,0.039732991116900845,100
kdd_JapaneseVowels.csv,0.2,0.20908256242516826,0.00908256242516825,100
kdd_JapaneseVowels.csv,0.25,0.24744838632237576,0.0025516136776242426,100
kdd_JapaneseVowels.csv,0.3,0.30310867883947074,0.0031086788394707465,100
kdd_JapaneseVowels.csv,0.35,0.3617314919499325,0.011731491949932504,100
kdd_JapaneseVowels.csv,0.4,0.3805410486917337,0.019458951308266303,100
kdd_JapaneseVowels.csv,0.44,0.4221833053570213,0.017816694642978692,100
kdd_JapaneseVowels.csv,0.49,0.4574490547970415,0.03255094520295848,100
kdd_JapaneseVowels.csv,0.54,0.523717986404551,0.016282013595449008,100
kdd_JapaneseVowels.csv,0.6,0.6077185752792066,0.007718575279206608,100
kdd_JapaneseVowels.csv,0.65,0.6363918907295003,0.013608109270499713,100
kdd_JapaneseVowels.csv,0.7,0.6906427703963682,0.009357229603631723,100
kdd_JapaneseVowels.csv,0.75,0.6891315349168288,0.06086846508317123,100
kdd_JapaneseVowels.csv,0.8,0.7704212357252443,0.029578764274755698,100
kdd_JapaneseVowels.csv,0.85,0.8314713125509022,0.018528687449097747,100
kdd_JapaneseVowels.csv,0.9,0.8846003644303944,0.015399635569605663,100
kdd_JapaneseVowels.csv,0.95,0.919606434387476,0.030393565612523932,100
kin8nm.csv,0.05,4.4552394047661854e-05,0.049955447605952344,100
kin8nm.csv,0.1,4.4552394047661854e-05,0.09995544760595235,100
kin8nm.csv,0.15,0.04822869056018986,0.10177130943981014,100
kin8nm.csv,0.2,0.08572423073614599,0.11427576926385402,100
kin8nm.csv,0.25,4.4552394047661854e-05,0.24995544760595234,100
kin8nm.csv,0.3,0.09329600242350228,0.2067039975764977,100
kin8nm.csv,0.35,4.4552394047661854e-05,0.3499554476059523,100
kin8nm.csv,0.4,4.4552394047661854e-05,0.39995544760595236,100
kin8nm.csv,0.44,0.37334915319345024,0.06665084680654976,100
kin8nm.csv,0.49,0.3036506169451911,0.18634938305480891,100
kin8nm.csv,0.54,0.9999554476059523,0.4599554476059523,100
kin8nm.csv,0.6,0.7564509772276334,0.15645097722763346,100
kin8nm.csv,0.65,0.9999554476059523,0.3499554476059523,100
kin8nm.csv,0.7,0.6948373644277177,0.005162635572282248,100
kin8nm.csv,0.75,0.9438327466537229,0.19383274665372285,100
kin8nm.csv,0.8,0.9999554476059523,0.1999554476059523,100
kin8nm.csv,0.85,0.9794829671988297,0.12948296719882968,100
kin8nm.csv,0.9,0.979821809039497,0.07982180903949698,100
kin8nm.csv,0.95,0.9999554476059523,0.049955447605952386,100
letter-recognition.csv,0.05,0.10274309621278627,0.052743096212786264,100
letter-recognition.csv,0.1,0.12810592858949804,0.028105928589498036,100
letter-recognition.csv,0.15,0.27110412970971604,0.12110412970971604,100
letter-recognition.csv,0.2,0.3245823362322696,0.12458233623226961,100
letter-recognition.csv,0.25,0.33177514261970165,0.08177514261970165,100
letter-recognition.csv,0.3,0.34434587021510965,0.04434587021510966,100
letter-recognition.csv,0.35,0.4018051529310721,0.05180515293107213,100
letter-recognition.csv,0.4,0.4738734677738057,0.07387346777380566,100
letter-recognition.csv,0.44,0.5523496628954552,0.11234966289545517,100
letter-recognition.csv,0.49,0.5866957753200408,0.09669577532004081,100
letter-recognition.csv,0.54,0.6614243119984976,0.12142431199849757,100
letter-recognition.csv,0.6,0.6521262390535786,0.052126239053578605,100
letter-recognition.csv,0.65,0.73733366788643,0.08733366788642993,100
letter-recognition.csv,0.7,0.7455556396707309,0.04555563967073095,100
letter-recognition.csv,0.75,0.7856595072800663,0.03565950728006628,100
letter-recognition.csv,0.8,0.8454067655103868,0.045406765510386804,100
letter-recognition.csv,0.85,0.860965317688571,0.010965317688571008,100
letter-recognition.csv,0.9,0.9349694467057431,0.03496944670574309,100
letter-recognition.csv,0.95,0.9671866954304071,0.017186695430407184,100
magic.csv,0.05,0.04369747496586729,0.006302525034132714,100
magic.csv,0.1,0.06728230916909914,0.03271769083090087,100
magic.csv,0.15,0.12109537525761163,0.028904624742388363,100
magic.csv,0.2,0.21189853260275449,0.011898532602754475,100
magic.csv,0.25,0.20202418746609557,0.04797581253390443,100
magic.csv,0.3,0.23454793066396024,0.06545206933603975,100
magic.csv,0.35,0.2710355607907521,0.0789644392092479,100
magic.csv,0.4,0.21846689984618828,0.18153310015381174,100
magic.csv,0.44,0.3133952080608769,0.1266047919391231,100
magic.csv,0.49,0.36387516258560176,0.12612483741439823,100
magic.csv,0.54,0.4749205795585177,0.06507942044148235,100
magic.csv,0.6,0.49732874306313674,0.10267125693686324,100
magic.csv,0.65,0.532153022419845,0.11784697758015505,100
magic.csv,0.7,0.5445964722225408,0.15540352777745914,100
magic.csv,0.75,0.612672728621076,0.13732727137892398,100
magic.csv,0.8,0.6725236942694128,0.1274763057305872,100
magic.csv,0.85,0.7040015123431541,0.14599848765684587,100
magic.csv,0.9,0.732364719038212,0.16763528096178804,100
magic.csv,0.95,0.8369131700108191,0.11308682998918085,100
mammographic.csv,0.05,0.16148588060678365,0.11148588060678365,100
mammographic.csv,0.1,0.25401802350380714,0.15401802350380714,100
mammographic.csv,0.15,0.27746623686886185,0.12746623686886185,100
mammographic.csv,0.2,0.2608895008435384,0.06088950084353839,100
mammographic.csv,0.25,0.3275264271738909,0.07752642717389091,100
mammographic.csv,0.3,0.4204452181366961,0.12044521813669612,100
mammographic.csv,0.35,0.31581772273311987,0.03418227726688011,100
mammographic.csv,0.4,0.4079476483853912,0.007947648385391193,100
mammographic.csv,0.44,0.48293072896494205,0.042930728964942044,100
mammographic.csv,0.49,0.4649144924501669,0.025085507549833075,100
mammographic.csv,0.54,0.5798830947202215,0.039883094720221446,100
mammographic.csv,0.6,0.5420485995567922,0.05795140044320779,100
mammographic.csv,0.65,0.5850625455745002,0.06493745442549981,100
mammographic.csv,0.7,0.6375444446303985,0.062455555369601456,100
mammographic.csv,0.75,0.719073116698127,0.030926883301872987,100
mammographic.csv,0.8,0.6958111648999586,0.1041888351000414,100
mammographic.csv,0.85,0.6807211077157779,0.1692788922842221,100
mammographic.csv,0.9,0.7281397848373931,0.17186021516260697,100
mammographic.csv,0.95,0.8373019592620007,0.11269804073799927,100
mozilla.csv,0.05,0.040468601798554826,0.009531398201445176,100
mozilla.csv,0.1,0.07585944040750614,0.024140559592493865,100
mozilla.csv,0.15,0.12474160828561251,0.025258391714387485,100
mozilla.csv,0.2,0.14849687132075667,0.05150312867924334,100
mozilla.csv,0.25,0.2040020021343485,0.04599799786565151,100
mozilla.csv,0.3,0.26944609757244525,0.030553902427554736,100
mozilla.csv,0.35,0.27654123083990645,0.07345876916009353,100
mozilla.csv,0.4,0.3332504505254951,0.0667495494745049,100
mozilla.csv,0.44,0.3245600600352458,0.11543993996475421,100
mozilla.csv,0.49,0.37669676634956784,0.11330323365043216,100
mozilla.csv,0.54,0.46282373050169157,0.07717626949830847,100
mozilla.csv,0.6,0.49982942565037564,0.10017057434962434,100
mozilla.csv,0.65,0.5220354917833413,0.12796450821665872,100
mozilla.csv,0.7,0.6003754235329674,0.0996245764670326,100
mozilla.csv,0.75,0.5977014641114079,0.1522985358885921,100
mozilla.csv,0.8,0.6995278363397769,0.10047216366022316,100
mozilla.csv,0.85,0.7042552521498787,0.14574474785012126,100
mozilla.csv,0.9,0.7949383557201136,0.1050616442798864,100
mozilla.csv,0.95,0.7797904010645715,0.17020959893542842,100
namao.csv,0.05,0.09048023075206629,0.04048023075206629,100
namao.csv,0.1,0.12685256075690304,0.026852560756903038,100
namao.csv,0.15,0.16591199569225062,0.01591199569225063,100
namao.csv,0.2,0.2415304708351178,0.041530470835117794,100
namao.csv,0.25,0.32051866516478833,0.07051866516478833,100
namao.csv,0.3,0.32190833874103775,0.02190833874103776,100
namao.csv,0.35,0.37264593020029363,0.02264593020029365,100
namao.csv,0.4,0.4079253721883674,0.007925372188367363,100
namao.csv,0.44,0.4404121353304981,0.000412135330498109,100
namao.csv,0.49,0.49425159725597895,0.004251597255978956,100
namao.csv,0.54,0.5852605513804678,0.045260551380467806,100
namao.csv,0.6,0.6219685544355854,0.02196855443558543,100
namao.csv,0.65,0.6420170723581466,0.007982927641853377,100
namao.csv,0.7,0.6950648252832657,0.004935174716734214,100
namao.csv,0.75,0.7381183817331524,0.011881618266847638,100
namao.csv,0.8,0.7793514903700863,0.020648509629913714,100
namao.csv,0.85,0.8725665177925848,0.022566517792584784,100
namao.csv,0.9,0.8984209547292514,0.0015790452707485914,100
namao.csv,0.95,0.9546039432569668,0.0046039432569668914,100
occupancy.csv,0.05,0.04472724873395037,0.005272751266049633,100
occupancy.csv,0.1,0.12178419703745791,0.021784197037457903,100
occupancy.csv,0.15,0.15511959666069586,0.005119596660695863,100
occupancy.csv,0.2,0.1982470124393902,0.00175298756060982,100
occupancy.csv,0.25,0.2312332260205846,0.018766773979415396,100
occupancy.csv,0.3,0.29978255873282533,0.00021744126717465617,100
occupancy.csv,0.35,0.35521240721488434,0.0052124072148843625,100
occupancy.csv,0.4,0.37334915319345024,0.026650846806549777,100
occupancy.csv,0.44,0.4296407381816569,0.010359261818343124,100
occupancy.csv,0.49,0.4832920210354223,0.006707978964577699,100
occupancy.csv,0.54,0.5223381348038447,0.017661865196155313,100
occupancy.csv,0.6,0.5907377629896866,0.009262237010313368,100
occupancy.csv,0.65,0.6450742247890083,0.00492577521099169,100
occupancy.csv,0.7,0.7060732412398213,0.0060732412398213365,100
occupancy.csv,0.75,0.7434930574378024,0.006506942562197637,100
occupancy.csv,0.8,0.7770232294091644,0.022976770590835693,100
occupancy.csv,0.85,0.8366187065314105,0.013381293468589517,100
occupancy.csv,0.9,0.8957317239304355,0.004268276069564481,100
occupancy.csv,0.95,0.9452978253744386,0.004702174625561328,100
page-blocks.csv,0.05,0.16624405025413713,0.11624405025413713,100
page-blocks.csv,0.1,0.22586702557680782,0.12586702557680782,100
page-blocks.csv,0.15,0.2651914690269608,0.11519146902696079,100
page-blocks.csv,0.2,0.315930495980553,0.115930495980553,100
page-blocks.csv,0.25,0.33199071418051856,0.08199071418051856,100
page-blocks.csv,0.3,0.43556849009053916,0.13556849009053917,100
page-blocks.csv,0.35,0.4380003454288926,0.08800034542889262,100
page-blocks.csv,0.4,0.4637109251879204,0.06371092518792038,100
page-blocks.csv,0.44,0.5288133700741581,0.08881337007415807,100
page-blocks.csv,0.49,0.5441948154220042,0.05419481542200422,100
page-blocks.csv,0.54,0.6003754235329674,0.06037542353296732,100
page-blocks.csv,0.6,0.6441349698254332,0.04413496982543319,100
page-blocks.csv,0.65,0.6649918726883398,0.014991872688339791,100
page-blocks.csv,0.7,0.710854754054756,0.010854754054756,100
page-blocks.csv,0.75,0.7314689505178503,0.018531049482149675,100
page-blocks.csv,0.8,0.8416310520871848,0.04163105208718476,100
page-blocks.csv,0.85,0.872810163697533,0.02281016369753297,100
page-blocks.csv,0.9,0.9059722332059044,0.005972233205904343,100
page-blocks.csv,0.95,0.9808462530534092,0.030846253053409267,100
pageblocks.5.csv,0.05,0.03483167159700311,0.015168328402996895,100
pageblocks.5.csv,0.1,0.04243999084991722,0.05756000915008279,100
pageblocks.5.csv,0.15,0.07812865938504432,0.07187134061495568,100
pageblocks.5.csv,0.2,0.0948573702233948,0.10514262977660521,100
pageblocks.5.csv,0.25,0.1601116470020555,0.08988835299794451,100
pageblocks.5.csv,0.3,0.166131277006704,0.133868722993296,100
pageblocks.5.csv,0.35,0.2260665759237801,0.12393342407621988,100
pageblocks.5.csv,0.4,0.2517292122411668,0.14827078775883323,100
pageblocks.5.csv,0.44,0.1735216569011256,0.2664783430988744,100
pageblocks.5.csv,0.49,0.2205134601854568,0.2694865398145432,100
pageblocks.5.csv,0.54,0.34175947647916577,0.19824052352083427,100
pageblocks.5.csv,0.6,0.3269265361493507,0.2730734638506493,100
pageblocks.5.csv,0.65,0.45605004871246874,0.19394995128753129,100
pageblocks.5.csv,0.7,0.48878920290720734,0.2112107970927926,100
pageblocks.5.csv,0.75,0.48162605952919135,0.26837394047080865,100
pageblocks.5.csv,0.8,0.5931217395963447,0.2068782604036553,100
pageblocks.5.csv,0.85,0.6420351554526547,0.20796484454734532,100
pageblocks.5.csv,0.9,0.7311024374636925,0.1688975625363075,100
pageblocks.5.csv,0.95,0.6820798034555411,0.26792019654445887,100
pendigits.csv,0.05,0.05658388784373866,0.006583887843738659,100
pendigits.csv,0.1,0.12126453512876134,0.021264535128761336,100
pendigits.csv,0.15,0.17220361957175073,0.022203619571750738,100
pendigits.csv,0.2,0.20790476357259546,0.007904763572595452,100
pendigits.csv,0.25,0.2678404003580164,0.017840400358016373,100
pendigits.csv,0.3,0.3228638657704076,0.02286386577040761,100
pendigits.csv,0.35,0.39945358925159596,0.049453589251595986,100
pendigits.csv,0.4,0.4248913316970761,0.02489133169707608,100
pendigits.csv,0.44,0.49567688908988417,0.05567688908988416,100
pendigits.csv,0.49,0.533583832996653,0.04358383299665303,100
pendigits.csv,0.54,0.5747280585928372,0.03472805859283712,100
pendigits.csv,0.6,0.6255038837090064,0.02550388370900647,100
pendigits.csv,0.65,0.6875362198459835,0.03753621984598343,100
pendigits.csv,0.7,0.7364882410696209,0.0364882410696209,100
pendigits.csv,0.75,0.7667908491984833,0.016790849198483282,100
pendigits.csv,0.8,0.8188229724498297,0.018822972449829667,100
pendigits.csv,0.85,0.8607933732927933,0.010793373292793285,100
pendigits.csv,0.9,0.8927864718637986,0.007213528136201464,100
pendigits.csv,0.95,0.9542813299738973,0.0042813299738972965,100
phoneme.csv,0.05,0.03256896253348775,0.017431037466512256,100
phoneme.csv,0.1,0.08317592298842419,0.016824077011575816,100
phoneme.csv,0.15,0.14584346136464038,0.004156538635359613,100
phoneme.csv,0.2,0.21259914510407235,0.01259914510407234,100
phoneme.csv,0.25,0.25073114507187494,0.000731145071874939,100
phoneme.csv,0.3,0.277078731109501,0.022921268890499003,100
phoneme.csv,0.35,0.26970088157590527,0.0802991184240947,100
phoneme.csv,0.4,0.37985222691188747,0.020147773088112553,100
phoneme.csv,0.44,0.3190878042816272,0.1209121957183728,100
phoneme.csv,0.49,0.31604022365417433,0.17395977634582566,100
phoneme.csv,0.54,0.5330500744320272,0.006949925567972803,100
phoneme.csv,0.6,0.5367213722605734,0.06327862773942661,100
phoneme.csv,0.65,0.5551048684369703,0.09489513156302976,100
phoneme.csv,0.7,0.6356184019976846,0.06438159800231535,100
phoneme.csv,0.75,0.6123215739605695,0.13767842603943048,100
phoneme.csv,0.8,0.6969414426038331,0.10305855739616698,100
phoneme.csv,0.85,0.7141289049793432,0.13587109502065675,100
phoneme.csv,0.9,0.8375968578233826,0.062403142176617465,100
phoneme.csv,0.95,0.8358234048968908,0.11417659510310918,100
php50jXam.csv,0.05,0.05284670228888787,0.0028467022888878646,100
php50jXam.csv,0.1,0.10315590198888414,0.00315590198888413,100
php50jXam.csv,0.15,0.14972705472270897,0.00027294527729102014,100
php50jXam.csv,0.2,0.1936729237654639,0.0063270762345361,100
php50jXam.csv,0.25,0.24543366735533784,0.004566332644662163,100
php50jXam.csv,0.3,0.27531013920433534,0.024689860795664653,100
php50jXam.csv,0.35,0.35545396472636154,0.00545396472636156,100
php50jXam.csv,0.4,0.36496006667820396,0.03503993332179606,100
php50jXam.csv,0.44,0.4045708140362538,0.035429185963746224,100
php50jXam.csv,0.49,0.46793747463056445,0.022062525369435537,100
php50jXam.csv,0.54,0.5268865334168433,0.013113466583156708,100
php50jXam.csv,0.6,0.5765351606911489,0.023464839308851126,100
php50jXam.csv,0.65,0.6336144089909614,0.01638559100903858,100
php50jXam.csv,0.7,0.6585443847708625,0.04145561522913743,100
php50jXam.csv,0.75,0.7464899782080098,0.0035100217919902255,100
php50jXam.csv,0.8,0.8075579557676454,0.007557955767645397,100
php50jXam.csv,0.85,0.848628726992667,0.0013712730073329737,100
php50jXam.csv,0.9,0.8687173703501994,0.031282629649800664,100
php50jXam.csv,0.95,0.9361659809358753,0.013834019064124625,100
phpGUrE90.csv,0.05,0.08682494461994655,0.03682494461994655,100
phpGUrE90.csv,0.1,0.08469553379594635,0.015304466204053652,100
phpGUrE90.csv,0.15,0.15839122410983902,0.00839122410983903,100
phpGUrE90.csv,0.2,0.19983647565769702,0.00016352434230298973,100
phpGUrE90.csv,0.25,0.26006877308649096,0.010068773086490956,100
phpGUrE90.csv,0.3,0.21078351539908752,0.08921648460091247,100
phpGUrE90.csv,0.35,0.238910997272905,0.11108900272709499,100
phpGUrE90.csv,0.4,0.35149993533583024,0.048500064664169784,100
phpGUrE90.csv,0.44,0.40461536643030144,0.035384633569698565,100
phpGUrE90.csv,0.49,0.47250035994368295,0.017499640056317045,100
phpGUrE90.csv,0.54,0.4268081043645,0.11319189563550003,100
phpGUrE90.csv,0.6,0.4875856356449608,0.11241436435503915,100
phpGUrE90.csv,0.65,0.5602311768749597,0.08976882312504031,100
phpGUrE90.csv,0.7,0.5751692317135825,0.12483076828641748,100
phpGUrE90.csv,0.75,0.6208661437320897,0.1291338562679103,100
phpGUrE90.csv,0.8,0.6445056596665328,0.1554943403334672,100
phpGUrE90.csv,0.85,0.7653852407449685,0.08461475925503148,100
phpGUrE90.csv,0.9,0.7186702307910163,0.1813297692089837,100
phpGUrE90.csv,0.95,0.8666314677235113,0.08336853227648866,100
phpMD2hR6.csv,0.05,0.054153536257454865,0.004153536257454862,100
phpMD2hR6.csv,0.1,0.11373625464332762,0.013736254643327617,100
phpMD2hR6.csv,0.15,0.1475242020616458,0.0024757979383542017,100
phpMD2hR6.csv,0.2,0.2178334368088971,0.017833436808897096,100
phpMD2hR6.csv,0.25,0.2703459341092555,0.020345934109255503,100
phpMD2hR6.csv,0.3,0.3233755058552246,0.023375505855224632,100
phpMD2hR6.csv,0.35,0.36952987404354243,0.01952987404354245,100
phpMD2hR6.csv,0.4,0.37985222691188747,0.020147773088112553,100
phpMD2hR6.csv,0.44,0.45044388968346605,0.010443889683466046,100
phpMD2hR6.csv,0.49,0.5051934488891485,0.01519344888914853,100
phpMD2hR6.csv,0.54,0.5277439820924222,0.012256017907577799,100
phpMD2hR6.csv,0.6,0.5960901624973128,0.003909837502687141,100
phpMD2hR6.csv,0.65,0.6485724623044972,0.0014275376955028563,100
phpMD2hR6.csv,0.7,0.6991932365483475,0.0008067634516524258,100
phpMD2hR6.csv,0.75,0.7498304587390306,0.00016954126096935251,100
phpMD2hR6.csv,0.8,0.7940934374053605,0.005906562594639508,100
phpMD2hR6.csv,0.85,0.8214780928219527,0.028521907178047257,100
phpMD2hR6.csv,0.9,0.8964189359069813,0.0035810640930187265,100
phpMD2hR6.csv,0.95,0.9302207336330569,0.01977926636694305,100
phpWfYmlu.csv,0.05,0.06418793003691231,0.014187930036912308,100
phpWfYmlu.csv,0.1,0.10849506208803136,0.008495062088031358,100
phpWfYmlu.csv,0.15,0.1722396443591252,0.022239644359125205,100
phpWfYmlu.csv,0.2,0.2322121604601084,0.032212160460108386,100
phpWfYmlu.csv,0.25,0.2556505707145023,0.005650570714502312,100
phpWfYmlu.csv,0.3,0.39783175593448883,0.09783175593448884,100
phpWfYmlu.csv,0.35,0.3714974987010909,0.02149749870109091,100
phpWfYmlu.csv,0.4,0.45664554540908037,0.056645545409080345,100
phpWfYmlu.csv,0.44,0.48359744858055376,0.043597448580553755,100
phpWfYmlu.csv,0.49,0.520580795206209,0.030580795206209044,100
phpWfYmlu.csv,0.54,0.578841138656891,0.03884113865689098,100
phpWfYmlu.csv,0.6,0.588462512688296,0.011537487311704009,100
phpWfYmlu.csv,0.65,0.6830335901570185,0.033033590157018455,100
phpWfYmlu.csv,0.7,0.7530097549953214,0.053009754995321456,100
phpWfYmlu.csv,0.75,0.7935958776608986,0.04359587766089856,100
phpWfYmlu.csv,0.8,0.8605847079784841,0.06058470797848403,100
phpWfYmlu.csv,0.85,0.8542010910294074,0.004201091029407467,100
phpWfYmlu.csv,0.9,0.9021686692678518,0.0021686692678517527,100
phpWfYmlu.csv,0.95,0.9691798984041969,0.019179898404196982,100
phphQEck0.csv,0.05,0.05461167757515201,0.004611677575152004,100
phphQEck0.csv,0.1,0.10405682623062723,0.004056826230627225,100
phphQEck0.csv,0.15,0.15626736465988955,0.006267364659889557,100
phphQEck0.csv,0.2,0.20120084921720938,0.0012008492172093654,100
phphQEck0.csv,0.25,0.25304605037585326,0.0030460503758532598,100
phphQEck0.csv,0.3,0.30200036733671454,0.002000367336714548,100
phphQEck0.csv,0.35,0.35920924969129414,0.009209249691294163,100
phphQEck0.csv,0.4,0.4034994926589999,0.003499492658999903,100
phphQEck0.csv,0.44,0.4363067127091711,0.003693287290828906,100
phphQEck0.csv,0.49,0.4996682287034581,0.009668228703458126,100
phphQEck0.csv,0.54,0.5238091795861172,0.016190820413882867,100
phphQEck0.csv,0.6,0.5993811742079895,0.0006188257920104467,100
phphQEck0.csv,0.65,0.6487692281268415,0.0012307718731585648,100
phphQEck0.csv,0.7,0.6995779577830805,0.0004220422169194382,100
phphQEck0.csv,0.75,0.7343945069674165,0.015605493032583517,100
phphQEck0.csv,0.8,0.7981872623728417,0.0018127376271583895,100
phphQEck0.csv,0.85,0.8435512931737134,0.006448706826286621,100
phphQEck0.csv,0.9,0.8985594848294933,0.0014405151705066954,100
phphQEck0.csv,0.95,0.9410574607195167,0.008942539280483275,100
phplE7q6h.csv,0.05,0.036591795719266934,0.013408204280733069,100
phplE7q6h.csv,0.1,4.4552394047661854e-05,0.09995544760595235,100
phplE7q6h.csv,0.15,0.16541165142316067,0.015411651423160672,100
phplE7q6h.csv,0.2,0.09844321370357251,0.1015567862964275,100
phplE7q6h.csv,0.25,0.27999532928922233,0.029995329289222328,100
phplE7q6h.csv,0.3,0.32346948356141897,0.02346948356141898,100
phplE7q6h.csv,0.35,0.3392683276256629,0.010731672374337087,100
phplE7q6h.csv,0.4,0.4545655598972268,0.05456555989722678,100
phplE7q6h.csv,0.44,0.3579230766779259,0.08207692332207411,100
phplE7q6h.csv,0.49,0.5578724180273531,0.06787241802735311,100
phplE7q6h.csv,0.54,0.5427545635663794,0.0027545635663793755,100
phplE7q6h.csv,0.6,0.6074090362094291,0.007409036209429121,100
phplE7q6h.csv,0.65,0.7185797337406069,0.06857973374060689,100
phplE7q6h.csv,0.7,0.6952179741378046,0.004782025862195338,100
phplE7q6h.csv,0.75,0.9317468489160772,0.18174684891607717,100
phplE7q6h.csv,0.8,0.8948762032118501,0.09487620321185009,100
phplE7q6h.csv,0.85,0.8717127292441048,0.021712729244104834,100
phplE7q6h.csv,0.9,0.9473607447958966,0.04736074479589658,100
phplE7q6h.csv,0.95,0.9743079173006816,0.024307917300681603,100
phpmPOD5A.csv,0.05,0.7896945526729786,0.7396945526729786,100
phpmPOD5A.csv,0.1,0.8410879827683344,0.7410879827683344,100
phpmPOD5A.csv,0.15,0.7414219482780159,0.5914219482780159,100
phpmPOD5A.csv,0.2,0.8394644091233349,0.6394644091233348,100
phpmPOD5A.csv,0.25,0.9047326085251354,0.6547326085251354,100
phpmPOD5A.csv,0.3,0.8405779579253424,0.5405779579253425,100
phpmPOD5A.csv,0.35,0.8626658423786729,0.512665842378673,100
phpmPOD5A.csv,0.4,0.8794820492215415,0.4794820492215415,100
phpmPOD5A.csv,0.44,0.9094780122555635,0.46947801225556346,100
phpmPOD5A.csv,0.49,0.9432945284988725,0.45329452849887253,100
phpmPOD5A.csv,0.54,0.9707019021625711,0.4307019021625711,100
phpmPOD5A.csv,0.6,0.9700769504163792,0.3700769504163792,100
phpmPOD5A.csv,0.65,0.9698009344126308,0.3198009344126308,100
phpmPOD5A.csv,0.7,0.9485531739596312,0.24855317395963128,100
phpmPOD5A.csv,0.75,0.9241405595924939,0.17414055959249386,100
phpmPOD5A.csv,0.8,0.9712556309897631,0.17125563098976304,100
phpmPOD5A.csv,0.85,0.9760631467507478,0.1260631467507478,100
phpmPOD5A.csv,0.9,0.9775449924430031,0.07754499244300306,100
phpmPOD5A.csv,0.95,0.9718342968121709,0.021834296812170972,100
phpwRjVjk.csv,0.05,0.10092903280290466,0.05092903280290466,100
phpwRjVjk.csv,0.1,0.18062725796893392,0.08062725796893391,100
phpwRjVjk.csv,0.15,0.18741070462919102,0.03741070462919102,100
phpwRjVjk.csv,0.2,0.2677605845700471,0.06776058457004708,100
phpwRjVjk.csv,0.25,0.3153170956607474,0.06531709566074739,100
phpwRjVjk.csv,0.3,0.2713338529915243,0.028666147008475695,100
phpwRjVjk.csv,0.35,0.385953495629991,0.035953495629991006,100
phpwRjVjk.csv,0.4,0.3843716245921151,0.01562837540788492,100
phpwRjVjk.csv,0.44,0.34541741185261243,0.09458258814738757,100
phpwRjVjk.csv,0.49,0.4503993372894184,0.0396006627105816,100
phpwRjVjk.csv,0.54,0.5039780909054304,0.03602190909456959,100
phpwRjVjk.csv,0.6,0.5851349432148276,0.01486505678517236,100
phpwRjVjk.csv,0.65,0.5962189222879958,0.053781077712004244,100
phpwRjVjk.csv,0.7,0.6785839347574509,0.02141606524254902,100
phpwRjVjk.csv,0.75,0.6845641052064919,0.06543589479350809,100
phpwRjVjk.csv,0.8,0.7320844174770282,0.0679155825229718,100
phpwRjVjk.csv,0.85,0.7826570174606029,0.06734298253939708,100
phpwRjVjk.csv,0.9,0.8538622491887401,0.046137750811259925,100
phpwRjVjk.csv,0.95,0.8535138790528617,0.09648612094713827,100
phpxijhaP.csv,0.05,0.021339990353329993,0.02866000964667001,100
phpxijhaP.csv,0.1,0.051958612965351855,0.04804138703464815,100
phpxijhaP.csv,0.15,0.11261048003787524,0.03738951996212475,100
phpxijhaP.csv,0.2,0.18127727043677772,0.018722729563222296,100
phpxijhaP.csv,0.25,0.2167591025314679,0.033240897468532093,100
phpxijhaP.csv,0.3,0.2825920507835032,0.0174079492164968,100
phpxijhaP.csv,0.35,0.36360810927049964,0.013608109270499658,100
phpxijhaP.csv,0.4,0.3870886724248641,0.012911327575135911,100
phpxijhaP.csv,0.44,0.417322867482485,0.02267713251751502,100
phpxijhaP.csv,0.49,0.48626804427460835,0.0037319557253916447,100
phpxijhaP.csv,0.54,0.5635152517474276,0.023515251747427524,100
phpxijhaP.csv,0.6,0.6336366851879852,0.03363668518798524,100
phpxijhaP.csv,0.65,0.6719118058594639,0.02191180585946384,100
phpxijhaP.csv,0.7,0.7329356336033422,0.032935633603342285,100
phpxijhaP.csv,0.75,0.7731021564583737,0.023102156458373657,100
phpxijhaP.csv,0.8,0.813937298291267,0.013937298291266997,100
phpxijhaP.csv,0.85,0.8653932026739082,0.015393202673908202,100
phpxijhaP.csv,0.9,0.9150517705940646,0.015051770594064595,100
phpxijhaP.csv,0.95,0.9565851542838727,0.006585154283872741,100
pol.csv,0.05,0.06878545212393863,0.01878545212393863,100
pol.csv,0.1,0.1370594251093994,0.037059425109399385,100
pol.csv,0.15,0.1731551438469679,0.0231551438469679,100
pol.csv,0.2,0.22227080658124848,0.02227080658124847,100
pol.csv,0.25,0.28578616701950343,0.035786167019503434,100
pol.csv,0.3,0.30574212805043893,0.005742128050438944,100
pol.csv,0.35,0.38019681183459986,0.03019681183459988,100
pol.csv,0.4,0.4220169300104996,0.02201693001049959,100
pol.csv,0.44,0.4353425955300944,0.0046574044699055905,100
pol.csv,0.49,0.5209654076704486,0.03096540767044864,100
pol.csv,0.54,0.5760590178568137,0.03605901785681365,100
pol.csv,0.6,0.6025476355460733,0.0025476355460732902,100
pol.csv,0.65,0.6767288975027507,0.026728897502750648,100
pol.csv,0.7,0.6902531979976352,0.009746802002364774,100
pol.csv,0.75,0.7596076791332077,0.009607679133207703,100
pol.csv,0.8,0.8269768600236773,0.026976860023677274,100
pol.csv,0.85,0.8482970204963589,0.0017029795036410666,100
pol.csv,0.9,0.9026950314389344,0.0026950314389343477,100
pol.csv,0.95,0.9441499214121285,0.0058500785878714545,100
pollen.csv,0.05,4.4552394047661854e-05,0.049955447605952344,100
pollen.csv,0.1,0.5849093967199613,0.48490939671996136,100
pollen.csv,0.15,0.3501931013672632,0.20019310136726323,100
pollen.csv,0.2,4.4552394047661854e-05,0.19995544760595235,100
pollen.csv,0.25,0.6704618081676411,0.4204618081676411,100
pollen.csv,0.3,0.27913860495714704,0.020861395042852948,100
pollen.csv,0.35,0.09024215389637408,0.2597578461036259,100
pollen.csv,0.4,0.10038039443479821,0.29961960556520184,100
pollen.csv,0.44,4.4552394047661854e-05,0.43995544760595234,100
pollen.csv,0.49,4.4552394047661854e-05,0.48995544760595233,100
pollen.csv,0.54,4.4552394047661854e-05,0.5399554476059524,100
pollen.csv,0.6,4.4552394047661854e-05,0.5999554476059523,100
pollen.csv,0.65,0.9999554476059523,0.3499554476059523,100
pollen.csv,0.7,0.7677599942936119,0.0677599942936119,100
pollen.csv,0.75,0.06898907048735958,0.6810109295126404,100
pollen.csv,0.8,4.4552394047661854e-05,0.7999554476059524,100
pollen.csv,0.85,0.9999554476059523,0.14995544760595236,100
pollen.csv,0.9,0.6701141151280833,0.22988588487191675,100
pollen.csv,0.95,0.9603125878841853,0.01031258788418532,100
puma32H.csv,0.05,4.4552394047661854e-05,0.049955447605952344,100
puma32H.csv,0.1,4.4552394047661854e-05,0.09995544760595235,100
puma32H.csv,0.15,0.009710909992533687,0.1402890900074663,100
puma32H.csv,0.2,0.1421099504679465,0.05789004953205351,100
puma32H.csv,0.25,4.4552394047661854e-05,0.24995544760595234,100
puma32H.csv,0.3,0.12464989300567844,0.17535010699432155,100
puma32H.csv,0.35,4.4552394047661854e-05,0.3499554476059523,100
puma32H.csv,0.4,0.28773538456544184,0.11226461543455818,100
puma32H.csv,0.44,0.6914965589448482,0.2514965589448482,100
puma32H.csv,0.49,0.633868148797686,0.14386814879768606,100
puma32H.csv,0.54,0.702362863107786,0.16236286310778592,100
puma32H.csv,0.6,0.9999554476059523,0.39995544760595236,100
puma32H.csv,0.65,0.8650392199805763,0.2150392199805763,100
puma32H.csv,0.7,0.9999554476059523,0.2999554476059524,100
puma32H.csv,0.75,0.9999554476059523,0.24995544760595234,100
puma32H.csv,0.8,0.9999554476059523,0.1999554476059523,100
puma32H.csv,0.85,0.9999554476059523,0.14995544760595236,100
puma32H.csv,0.9,0.9999554476059523,0.09995544760595232,100
puma32H.csv,0.95,0.9999554476059523,0.049955447605952386,100
puma8NH.csv,0.05,0.1553827342380399,0.10538273423803989,100
puma8NH.csv,0.1,0.2239574671123507,0.1239574671123507,100
puma8NH.csv,0.15,0.1881177998519084,0.03811779985190841,100
puma8NH.csv,0.2,0.2965670527793214,0.09656705277932137,100
puma8NH.csv,0.25,0.3477790871090702,0.09777908710907018,100
puma8NH.csv,0.3,4.4552394047661854e-05,0.29995544760595233,100
puma8NH.csv,0.35,0.41929067798461844,0.06929067798461847,100
puma8NH.csv,0.4,0.4410533808965835,0.0410533808965835,100
puma8NH.csv,0.44,0.4389813247536901,0.0010186752463098858,100
puma8NH.csv,0.49,0.6006021012409636,0.11060210124096359,100
puma8NH.csv,0.54,0.5302667396512726,0.009733260348727457,100
puma8NH.csv,0.6,0.6515843009478581,0.05158430094785815,100
puma8NH.csv,0.65,0.7128801327000893,0.0628801327000893,100
puma8NH.csv,0.7,0.7496858374911648,0.04968583749116484,100
puma8NH.csv,0.75,0.7113146574544443,0.03868534254555567,100
puma8NH.csv,0.8,0.7409767724031179,0.059023227596882166,100
puma8NH.csv,0.85,0.7667908491984833,0.0832091508015167,100
puma8NH.csv,0.9,0.855645891276167,0.04435410872383305,100
puma8NH.csv,0.95,0.9013207978342064,0.04867920216579358,100
quake.csv,0.05,0.5727161334978914,0.5227161334978914,100
quake.csv,0.1,0.7080146205120875,0.6080146205120875,100
quake.csv,0.15,0.9279162730156959,0.7779162730156959,100
quake.csv,0.2,0.6144716664741436,0.41447166647414363,100
quake.csv,0.25,0.7210869415377192,0.47108694153771924,100
quake.csv,0.3,0.840169938050949,0.540169938050949,100
quake.csv,0.35,0.9999554476059523,0.6499554476059524,100
quake.csv,0.4,0.9999554476059523,0.5999554476059523,100
quake.csv,0.44,0.6917402048497964,0.25174020484979637,100
quake.csv,0.49,0.7033549805310951,0.21335498053109514,100
quake.csv,0.54,0.9999554476059523,0.4599554476059523,100
quake.csv,0.6,0.9956110235797402,0.3956110235797402,100
quake.csv,0.65,0.9999554476059523,0.3499554476059523,100
quake.csv,0.7,0.9327928729958564,0.2327928729958565,100
quake.csv,0.75,0.8956377462242413,0.1456377462242413,100
quake.csv,0.8,0.9999554476059523,0.1999554476059523,100
quake.csv,0.85,0.9999554476059523,0.14995544760595236,100
quake.csv,0.9,0.8391351554016504,0.06086484459834962,100
quake.csv,0.95,0.9999554476059523,0.049955447605952386,100
sonar.csv,0.05,0.0016084110382362927,0.04839158896176371,100
sonar.csv,0.1,4.4552394047661854e-05,0.09995544760595235,100
sonar.csv,0.15,4.4552394047661854e-05,0.14995544760595234,100
sonar.csv,0.2,4.4552394047661854e-05,0.19995544760595235,100
sonar.csv,0.25,0.03720368412921596,0.21279631587078404,100
sonar.csv,0.3,4.4552394047661854e-05,0.29995544760595233,100
sonar.csv,0.35,4.4552394047661854e-05,0.3499554476059523,100
sonar.csv,0.4,0.08624176074317425,0.3137582392568258,100
sonar.csv,0.44,4.4552394047661854e-05,0.43995544760595234,100
sonar.csv,0.49,0.30771115678209715,0.18228884321790284,100
sonar.csv,0.54,0.30006971283508566,0.23993028716491438,100
sonar.csv,0.6,4.4552394047661854e-05,0.5999554476059523,100
sonar.csv,0.65,0.3667932628178536,0.2832067371821464,100
sonar.csv,0.7,0.34730284638129116,0.3526971536187088,100
sonar.csv,0.75,0.49641069834575124,0.25358930165424876,100
sonar.csv,0.8,0.1930958419133646,0.6069041580866354,100
sonar.csv,0.85,0.7319674674426532,0.1180325325573468,100
sonar.csv,0.9,0.9999554476059523,0.09995544760595232,100
sonar.csv,0.95,0.9999554476059523,0.049955447605952386,100
space_ga.csv,0.05,0.14572372680563733,0.09572372680563733,100
space_ga.csv,0.1,0.1505176856842657,0.050517685684265706,100
space_ga.csv,0.15,0.27996191499368656,0.12996191499368656,100
space_ga.csv,0.2,0.21099722766428491,0.010997227664284903,100
space_ga.csv,0.25,0.26488378993261846,0.014883789932618463,100
space_ga.csv,0.3,0.36842599493838735,0.06842599493838736,100
space_ga.csv,0.35,0.3299855199396602,0.02001448006033979,100
space_ga.csv,0.4,0.3754935199602765,0.0245064800397235,100
space_ga.csv,0.44,0.4754718909614965,0.0354718909614965,100
space_ga.csv,0.49,0.5067422169870257,0.016742216987025715,100
space_ga.csv,0.54,0.6480015477393669,0.10800154773936688,100
space_ga.csv,0.6,0.5715516909820778,0.02844830901792217,100
space_ga.csv,0.65,0.5816321526344715,0.06836784736552848,100
space_ga.csv,0.7,0.7053327317215681,0.005332731721568118,100
space_ga.csv,0.75,0.7277257608317703,0.02227423916822968,100
space_ga.csv,0.8,0.740596162693031,0.059403837306969076,100
space_ga.csv,0.85,0.7549962806505012,0.0950037193494988,100
space_ga.csv,0.9,0.8235880881129024,0.07641191188709762,100
space_ga.csv,0.95,0.8407130073697994,0.10928699263020059,100
spambase(1).csv,0.05,0.057755672367848676,0.007755672367848673,100
spambase(1).csv,0.1,0.10942136180604117,0.009421361806041167,100
spambase(1).csv,0.15,0.11154001522825593,0.03845998477174406,100
spambase(1).csv,0.2,0.2098296851894128,0.009829685189412796,100
spambase(1).csv,0.25,0.1871973404295721,0.06280265957042791,100
spambase(1).csv,0.3,0.2763449218536339,0.023655078146366082,100
spambase(1).csv,0.35,0.3401998816383137,0.00980011836168626,100
spambase(1).csv,0.4,0.38019681183459986,0.019803188165400165,100
spambase(1).csv,0.44,0.43490194450771674,0.00509805549228326,100
spambase(1).csv,0.49,0.463497212922723,0.02650278707727699,100
spambase(1).csv,0.54,0.4874164757738111,0.05258352422618895,100
spambase(1).csv,0.6,0.5848488333093029,0.015151166690697049,100
spambase(1).csv,0.65,0.6020272775062199,0.04797272249378015,100
spambase(1).csv,0.7,0.6817954338779088,0.018204566122091204,100
spambase(1).csv,0.75,0.7342893911627104,0.015710608837289586,100
spambase(1).csv,0.8,0.7698626339799535,0.030137366020046574,100
spambase(1).csv,0.85,0.8194479241960216,0.03055207580397834,100
spambase(1).csv,0.9,0.8579680162216369,0.04203198377836315,100
spambase(1).csv,0.95,0.9289933837024547,0.0210066162975453,100
spambase.csv,0.05,0.06880946864885495,0.01880946864885495,100
spambase.csv,0.1,0.13067093260793833,0.030670932607938323,100
spambase.csv,0.15,0.2028222583293927,0.05282225832939272,100
spambase.csv,0.2,0.2088503156679159,0.008850315667915887,100
spambase.csv,0.25,0.24618692596508074,0.0038130740349192616,100
spambase.csv,0.3,0.34118856191403546,0.04118856191403547,100
spambase.csv,0.35,0.3763145903443777,0.02631459034437772,100
spambase.csv,0.4,0.4077680465468866,0.0077680465468865645,100
spambase.csv,0.44,0.4843180748526352,0.044318074852635225,100
spambase.csv,0.49,0.522438377690452,0.03243837769045199,100
spambase.csv,0.54,0.5836697720391923,0.04366977203919231,100
spambase.csv,0.6,0.6046003577337863,0.004600357733786309,100
spambase.csv,0.65,0.6765305164385812,0.026530516438581175,100
spambase.csv,0.7,0.7069296130875167,0.006929613087516717,100
spambase.csv,0.75,0.7512044041019516,0.0012044041019515506,100
spambase.csv,0.8,0.8026528240974201,0.00265282409742007,100
spambase.csv,0.85,0.8452717160659299,0.004728283934070099,100
spambase.csv,0.9,0.8866643253293255,0.013335674670674535,100
spambase.csv,0.95,0.9411577036061239,0.008842296393876015,100
spectf.csv,0.05,4.4552394047661854e-05,0.049955447605952344,100
spectf.csv,0.1,0.0002951596105657598,0.09970484038943425,100
spectf.csv,0.15,4.4552394047661854e-05,0.14995544760595234,100
spectf.csv,0.2,0.0010574232274749747,0.19894257677252503,100
spectf.csv,0.25,0.0003814798740331046,0.2496185201259669,100
spectf.csv,0.3,4.4552394047661854e-05,0.29995544760595233,100
spectf.csv,0.35,0.002249373801039178,0.3477506261989608,100
spectf.csv,0.4,0.0032431880440437605,0.39675681195595625,100
spectf.csv,0.44,0.001605626513608314,0.4383943734863917,100
spectf.csv,0.49,0.0024808374107399213,0.4875191625892601,100
spectf.csv,0.54,0.001955606452787408,0.5380443935472127,100
spectf.csv,0.6,4.4552394047661854e-05,0.5999554476059523,100
spectf.csv,0.65,0.0011761135897425737,0.6488238864102575,100
spectf.csv,0.7,4.4552394047661854e-05,0.6999554476059523,100
spectf.csv,0.75,4.4552394047661854e-05,0.7499554476059523,100
spectf.csv,0.8,4.4552394047661854e-05,0.7999554476059524,100
spectf.csv,0.85,4.4552394047661854e-05,0.8499554476059523,100
spectf.csv,0.9,4.4552394047661854e-05,0.8999554476059524,100
spectf.csv,0.95,4.4552394047661854e-05,0.9499554476059523,100
sylva_prior.csv,0.05,0.047645506683417535,0.0023544933165824677,100
sylva_prior.csv,0.1,0.09893294197251828,0.001067058027481721,100
sylva_prior.csv,0.15,0.15141582540138082,0.001415825401380827,100
sylva_prior.csv,0.2,0.17835205117574066,0.021647948824259355,100
sylva_prior.csv,0.25,0.2665669806849851,0.016566980684985078,100
sylva_prior.csv,0.3,0.24993355279874824,0.05006644720125175,100
sylva_prior.csv,0.35,0.24980237558385204,0.10019762441614793,100
sylva_prior.csv,0.4,0.3555667379737947,0.044433262026205345,100
sylva_prior.csv,0.44,0.4443242169978995,0.004324216997899477,100
sylva_prior.csv,0.49,0.4818293298270338,0.008170670172966188,100
sylva_prior.csv,0.54,0.5021515950281668,0.03784840497183328,100
sylva_prior.csv,0.6,0.5335998440132638,0.06640015598673621,100
sylva_prior.csv,0.65,0.6247178428622661,0.025282157137733963,100
sylva_prior.csv,0.7,0.6628492489686685,0.037150751031331475,100
sylva_prior.csv,0.75,0.7081807565635241,0.04181924343647592,100
sylva_prior.csv,0.8,0.7923489762341291,0.007651023765870901,100
sylva_prior.csv,0.85,0.8423365810147989,0.007663418985201065,100
sylva_prior.csv,0.9,0.8570306919343175,0.042969308065682554,100
sylva_prior.csv,0.95,0.9011579031434696,0.048842096856530404,100
tictactoe.csv,0.05,0.02068688880347701,0.02931311119652299,100
tictactoe.csv,0.1,0.052439465562045956,0.04756053443795405,100
tictactoe.csv,0.15,0.0596257920110735,0.0903742079889265,100
tictactoe.csv,0.2,0.09833461724308135,0.10166538275691867,100
tictactoe.csv,0.25,0.1643172135968224,0.08568278640317761,100
tictactoe.csv,0.3,0.2099605578469278,0.09003944215307219,100
tictactoe.csv,0.35,0.2517292122411668,0.09827078775883319,100
tictactoe.csv,0.4,0.3160513617526862,0.0839486382473138,100
tictactoe.csv,0.44,0.33292814179980657,0.10707185820019344,100
tictactoe.csv,0.49,0.42506675674863875,0.06493324325136124,100
tictactoe.csv,0.54,0.45000154184139324,0.0899984581586068,100
tictactoe.csv,0.6,0.4766825935681023,0.1233174064318977,100
tictactoe.csv,0.65,0.26085887107263067,0.38914112892736935,100
tictactoe.csv,0.7,0.6262157648334281,0.07378423516657184,100
tictactoe.csv,0.75,0.6934606277420129,0.05653937225798711,100
tictactoe.csv,0.8,0.7770956270494918,0.02290437295050829,100
tictactoe.csv,0.85,0.8179180264190974,0.03208197358090259,100
tictactoe.csv,0.9,0.9999554476059523,0.09995544760595232,100
tictactoe.csv,0.95,0.9303898935042065,0.019610106495793422,100
transfusion.csv,0.05,0.026157081996616826,0.023842918003383177,100
transfusion.csv,0.1,4.4552394047661854e-05,0.09995544760595235,100
transfusion.csv,0.15,4.4552394047661854e-05,0.14995544760595234,100
transfusion.csv,0.2,0.0813554339616521,0.11864456603834792,100
transfusion.csv,0.25,0.1100222317650209,0.1399777682349791,100
transfusion.csv,0.3,0.07746513762193508,0.2225348623780649,100
transfusion.csv,0.35,0.18564049816201567,0.1643595018379843,100
transfusion.csv,0.4,0.018534823804988835,0.3814651761950112,100
transfusion.csv,0.44,0.1403461063948125,0.2996538936051875,100
transfusion.csv,0.49,4.4552394047661854e-05,0.48995544760595233,100
transfusion.csv,0.54,0.13111277364749402,0.408887226352506,100
transfusion.csv,0.6,4.4552394047661854e-05,0.5999554476059523,100
transfusion.csv,0.65,4.4552394047661854e-05,0.6499554476059524,100
transfusion.csv,0.7,0.1771756765368142,0.5228243234631857,100
transfusion.csv,0.75,0.023250815994033853,0.7267491840059661,100
transfusion.csv,0.8,4.4552394047661854e-05,0.7999554476059524,100
transfusion.csv,0.85,0.0716255856666071,0.7783744143333928,100
transfusion.csv,0.9,4.4552394047661854e-05,0.8999554476059524,100
transfusion.csv,0.95,0.08873576958083484,0.8612642304191651,100
visualizing_soil.csv,0.05,0.05955339437074604,0.009553394370746038,100
visualizing_soil.csv,0.1,0.10543984033342549,0.005439840333425483,100
visualizing_soil.csv,0.15,0.15491040924801897,0.004910409248018971,100
visualizing_soil.csv,0.2,0.2031694537439438,0.003169453743943784,100
visualizing_soil.csv,0.25,0.26415441851287724,0.014154418512877243,100
visualizing_soil.csv,0.3,0.3062355110079589,0.006235511007958938,100
visualizing_soil.csv,0.35,0.3494747103288187,0.0005252896711812616,100
visualizing_soil.csv,0.4,0.39689164712254155,0.0031083528774584757,100
visualizing_soil.csv,0.44,0.43838095513897946,0.0016190448610205466,100
visualizing_soil.csv,0.49,0.49396966413739607,0.003969664137396078,100
visualizing_soil.csv,0.54,0.5312391544894014,0.008760845510598636,100
visualizing_soil.csv,0.6,0.5895847957609142,0.010415204239085818,100
visualizing_soil.csv,0.65,0.6374943231870949,0.012505676812905153,100
visualizing_soil.csv,0.7,0.6978611025630436,0.0021388974369563885,100
visualizing_soil.csv,0.75,0.7422543790603248,0.007745620939675235,100
visualizing_soil.csv,0.8,0.7942535366944201,0.00574646330557993,100
visualizing_soil.csv,0.85,0.8407130073697994,0.009286992630200608,100
visualizing_soil.csv,0.9,0.8920835534280231,0.007916446571976876,100
visualizing_soil.csv,0.95,0.9416472143340833,0.008352785665916684,100
wind.csv,0.05,0.06352458876484035,0.013524588764840348,100
wind.csv,0.1,0.16388999131156357,0.06388999131156356,100
wind.csv,0.15,0.16490247499001637,0.014902474990016373,100
wind.csv,0.2,0.21615873291675725,0.016158732916757235,100
wind.csv,0.25,0.32373540566339093,0.07373540566339093,100
wind.csv,0.3,0.33695966302873653,0.036959663028736545,100
wind.csv,0.35,0.3941157520735733,0.04411575207357332,100
wind.csv,0.4,0.45405377297224375,0.05405377297224373,100
wind.csv,0.44,0.47083821628176614,0.03083821628176614,100
wind.csv,0.49,0.46418899325998647,0.02581100674001352,100
wind.csv,0.54,0.5388667805048727,0.0011332194951273467,100
wind.csv,0.6,0.5467735544344834,0.05322644556551659,100
wind.csv,0.65,0.6132113601038007,0.03678863989619929,100
wind.csv,0.7,0.6855855254006911,0.01441447459930889,100
wind.csv,0.75,0.719871187561424,0.030128812438576014,100
wind.csv,0.8,0.82253499395106,0.022534993951059956,100
wind.csv,0.85,0.7994268870536106,0.05057311294638933,100
wind.csv,0.9,0.8892161137328322,0.010783886267167864,100
wind.csv,0.95,0.8871980838939513,0.06280191610604868,100
wine-q-red.csv,0.05,4.4552394047661854e-05,0.049955447605952344,100
wine-q-red.csv,0.1,0.014610917382848195,0.0853890826171518,100
wine-q-red.csv,0.15,4.4552394047661854e-05,0.14995544760595234,100
wine-q-red.csv,0.2,0.2493437991841818,0.0493437991841818,100
wine-q-red.csv,0.25,0.3808582234501395,0.13085822345013948,100
wine-q-red.csv,0.3,0.4626646645323183,0.16266466453231831,100
wine-q-red.csv,0.35,0.4011363557990387,0.051136355799038746,100
wine-q-red.csv,0.4,0.38813421791447283,0.011865782085527188,100
wine-q-red.csv,0.44,0.5319186655150229,0.09191866551502287,100
wine-q-red.csv,0.49,0.6322723551366702,0.14227235513667025,100
wine-q-red.csv,0.54,0.5969033932481109,0.05690339324811089,100
wine-q-red.csv,0.6,0.8345772104783276,0.23457721047832758,100
wine-q-red.csv,0.65,0.8448358509452566,0.19483585094525657,100
wine-q-red.csv,0.7,0.9999554476059523,0.2999554476059524,100
wine-q-red.csv,0.75,0.8417939467779216,0.09179394677792163,100
wine-q-red.csv,0.8,0.8504051993200709,0.050405199320070815,100
wine-q-red.csv,0.85,0.8032459115276055,0.046754088472394484,100
wine-q-red.csv,0.9,0.9193245012688932,0.01932450126889318,100
wine-q-red.csv,0.95,0.9999554476059523,0.049955447605952386,100
wine-q-white.csv,0.05,4.4552394047661854e-05,0.049955447605952344,100
wine-q-white.csv,0.1,0.590825214466284,0.490825214466284,100
wine-q-white.csv,0.15,0.4427941275554694,0.2927941275554694,100
wine-q-white.csv,0.2,0.5086992211406517,0.3086992211406517,100
wine-q-white.csv,0.25,0.9600071603390538,0.7100071603390538,100
wine-q-white.csv,0.3,0.9999554476059523,0.6999554476059524,100
wine-q-white.csv,0.35,0.9999554476059523,0.6499554476059524,100
wine-q-white.csv,0.4,0.6372183071833465,0.23721830718334647,100
wine-q-white.csv,0.44,0.7614217425430893,0.32142174254308925,100
wine-q-white.csv,0.49,0.9999554476059523,0.5099554476059524,100
wine-q-white.csv,0.54,0.8048081615581711,0.2648081615581711,100
wine-q-white.csv,0.6,0.7188122415470432,0.11881224154704317,100
wine-q-white.csv,0.65,0.7908046643273986,0.14080466432739858,100
wine-q-white.csv,0.7,0.7808015451239294,0.08080154512392945,100
wine-q-white.csv,0.75,0.8898204425934982,0.13982044259349824,100
wine-q-white.csv,0.8,0.9999554476059523,0.1999554476059523,100
wine-q-white.csv,0.85,0.9724831780668847,0.12248317806688469,100
wine-q-white.csv,0.9,0.9999554476059523,0.09995544760595232,100
wine-q-white.csv,0.95,0.9851816355323674,0.03518163553236742,100
wine.1.csv,0.05,0.045565216614182766,0.004434783385817237,100
wine.1.csv,0.1,0.07953719376482851,0.020462806235171493,100
wine.1.csv,0.15,0.08674976245499114,0.06325023754500886,100
wine.1.csv,0.2,0.15687821975015243,0.043121780249847586,100
wine.1.csv,0.25,0.23631300316385273,0.01368699683614727,100
wine.1.csv,0.3,0.247742501736206,0.052257498263794,100
wine.1.csv,0.35,0.2781541014683673,0.0718458985316327,100
wine.1.csv,0.4,0.36827023559200983,0.03172976440799019,100
wine.1.csv,0.44,0.4122557206329335,0.027744279367066527,100
wine.1.csv,0.49,0.4034772164619761,0.0865227835380239,100
wine.1.csv,0.54,0.4731134665831567,0.06688653341684331,100
wine.1.csv,0.6,0.5448512562260008,0.05514874377399914,100
wine.1.csv,0.65,0.568899616863582,0.08110038313641799,100
wine.1.csv,0.7,0.6214477613137588,0.07855223868624117,100
wine.1.csv,0.75,0.7079018472646543,0.04209815273534567,100
wine.1.csv,0.8,0.7754943296015161,0.024505670398483947,100
wine.1.csv,0.85,0.8510607808371706,0.0010607808371706495,100
wine.1.csv,0.9,0.8872892770755174,0.01271072292448261,100
wine.1.csv,0.95,0.9511688323967923,0.0011688323967923298,100
wine.2.csv,0.05,0.043051378235781576,0.006948621764218427,100
wine.2.csv,0.1,0.06395488483625769,0.036045115163742314,100
wine.2.csv,0.15,0.10686825795938132,0.043131742040618676,100
wine.2.csv,0.2,0.1772425051278857,0.022757494872114314,100
wine.2.csv,0.25,0.22678507029419326,0.02321492970580674,100
wine.2.csv,0.3,0.2709631631504246,0.029036836849575365,100
wine.2.csv,0.35,0.2927414649408034,0.05725853505919659,100
wine.2.csv,0.4,0.34520047998081393,0.05479952001918609,100
wine.2.csv,0.44,0.3803837230502529,0.05961627694974708,100
wine.2.csv,0.49,0.46154445897612184,0.02845554102387815,100
wine.2.csv,0.54,0.4910571329544002,0.04894286704559986,100
wine.2.csv,0.6,0.5679841173757395,0.03201588262426047,100
wine.2.csv,0.65,0.631258657647494,0.01874134235250602,100
wine.2.csv,0.7,0.6605652970278155,0.03943470297218443,100
wine.2.csv,0.75,0.7002675627104784,0.04973243728952159,100
wine.2.csv,0.8,0.7699120592921,0.030087940707899996,100
wine.2.csv,0.85,0.8296716340387571,0.020328365961242878,100
wine.2.csv,0.9,0.8978477342296638,0.002152265770336226,100
wine.2.csv,0.95,0.9446285115825623,0.00537148841743762,100
wine.3.csv,0.05,0.05167428689591683,0.001674286895916824,100
wine.3.csv,0.1,0.09640998318825553,0.0035900168117444786,100
wine.3.csv,0.15,0.12934036491773754,0.020659635082262456,100
wine.3.csv,0.2,0.226214155729063,0.026214155729062993,100
wine.3.csv,0.25,0.24845614494261886,0.0015438550573811383,100
wine.3.csv,0.3,0.3155138614830917,0.015513861483091695,100
wine.3.csv,0.35,0.36586268773964226,0.01586268773964228,100
wine.3.csv,0.4,0.42606515838719744,0.026065158387197418,100
wine.3.csv,0.44,0.46015394786707425,0.02015394786707425,100
wine.3.csv,0.49,0.49006262258023864,6.262258023864709e-05,100
wine.3.csv,0.54,0.553089737331735,0.013089737331735019,100
wine.3.csv,0.6,0.6120189309400661,0.01201893094006612,100
wine.3.csv,0.65,0.6339739607335493,0.016026039266450742,100
wine.3.csv,0.7,0.725691789317468,0.025691789317468072,100
wine.3.csv,0.75,0.7752179818477631,0.025217981847763138,100
wine.3.csv,0.8,0.8116201502756806,0.01162015027568053,100
wine.3.csv,0.85,0.866727881888755,0.01672788188875507,100
wine.3.csv,0.9,0.9062036533074078,0.006203653307407797,100
wine.3.csv,0.95,0.9501328152023949,0.0001328152023949425,100
winetype.csv,0.05,0.07917259507135252,0.029172595071352517,100
winetype.csv,0.1,0.10969609431796887,0.009696094317968862,100
winetype.csv,0.15,0.1381810881902058,0.011818911809794191,100
winetype.csv,0.2,0.1870400147880913,0.01295998521190872,100
winetype.csv,0.25,0.23688391772898298,0.013116082271017016,100
winetype.csv,0.3,0.29419616151793576,0.0058038384820642275,100
winetype.csv,0.35,0.3335224637750908,0.01647753622490916,100
winetype.csv,0.4,0.39231205449170126,0.007687945508298766,100
winetype.csv,0.44,0.43169357389857205,0.008306426101427955,100
winetype.csv,0.49,0.4753532005992289,0.014646799400771071,100
winetype.csv,0.54,0.5196797955049361,0.020320204495063887,100
winetype.csv,0.6,0.586655399712935,0.013344600287064967,100
winetype.csv,0.65,0.651617715243394,0.0016177152433939357,100
winetype.csv,0.7,0.6976815170401129,0.002318482959887014,100
winetype.csv,0.75,0.7301080304214997,0.019891969578500257,100
winetype.csv,0.8,0.7844293238781141,0.015570676121885896,100
winetype.csv,0.85,0.8467732546559935,0.0032267453440064653,100
winetype.csv,0.9,0.8910420106925672,0.008957989307432856,100
winetype.csv,0.95,0.9461068167952611,0.0038931832047388593,100
yeast.csv,0.05,0.0031519948624774527,0.04684800513752255,100
yeast.csv,0.1,0.021905237975760376,0.07809476202423962,100
yeast.csv,0.15,0.041919676318260976,0.10808032368173902,100
yeast.csv,0.2,0.01389727417643533,0.18610272582356469,100
yeast.csv,0.25,0.05332711980360885,0.19667288019639115,100
yeast.csv,0.3,4.4552394047661854e-05,0.29995544760595233,100
yeast.csv,0.35,4.4552394047661854e-05,0.3499554476059523,100
yeast.csv,0.4,0.00408354887512832,0.3959164511248717,100
yeast.csv,0.44,4.4552394047661854e-05,0.43995544760595234,100
yeast.csv,0.49,4.4552394047661854e-05,0.48995544760595233,100
yeast.csv,0.54,4.4552394047661854e-05,0.5399554476059524,100
yeast.csv,0.6,4.4552394047661854e-05,0.5999554476059523,100
yeast.csv,0.65,4.4552394047661854e-05,0.6499554476059524,100
yeast.csv,0.7,0.010091519702620549,0.6899084802973794,100
yeast.csv,0.75,4.4552394047661854e-05,0.7499554476059523,100
yeast.csv,0.8,4.4552394047661854e-05,0.7999554476059524,100
yeast.csv,0.85,0.08213122862792538,0.7678687713720747,100
yeast.csv,0.9,4.4552394047661854e-05,0.8999554476059524,100
yeast.csv,0.95,0.09410294895905108,0.8558970510409489,100
