,dataset,prevalencia_real,erro_moss,erro_dys,n_amostras,var_scores,entropy,gap_dys
0,1460_banana.csv,0.05,0.0826879999999993,0.0039999999999999,100,0.0803448655555555,1.6689199242081123,0.0786879999999994
1,1460_banana.csv,0.1,0.1107496666666655,0.01,100,0.1112744122222221,1.7875826699233064,0.1007496666666655
2,1460_banana.csv,0.15,0.0957379999999986,0.061,100,0.1361215322222222,2.1251528662060037,0.0347379999999986
3,1460_banana.csv,0.2,0.0649813333333335,0.0219999999999999,100,0.1526768488888889,1.74418457292294,0.0429813333333336
4,1460_banana.csv,0.25,0.035981666666667,0.0129999999999999,100,0.1580976933333333,1.8311327667195716,0.0229816666666671
5,1460_banana.csv,0.3,0.0332556666666647,0.011,100,0.169900111111111,1.8825834293354016,0.0222556666666647
6,1460_banana.csv,0.35,0.0372393333333315,0.006,100,0.1819643822222222,1.9408148196654895,0.031239333333331502
7,1460_banana.csv,0.4,0.0362796666666678,0.0269999999999999,100,0.1809780266666666,2.1566485989654174,0.0092796666666679
8,1460_banana.csv,0.44,0.0571720000000006,0.033,100,0.1761797899999999,2.208055005655359,0.024172000000000596
9,1460_banana.csv,0.49,0.0479510000000007,0.013,100,0.1857675766666666,2.019108336107492,0.034951000000000704
10,1460_banana.csv,0.54,0.0024690000000004,0.004,100,0.18698916,1.8474267412726204,-0.0015309999999996
11,1460_banana.csv,0.6,0.0341840000000025,0.041,100,0.1766343155555555,1.9339645895636064,-0.006815999999997505
12,1460_banana.csv,0.65,0.0059413333333344,0.046,100,0.1554240622222222,2.1687794602781523,-0.0400586666666656
13,1460_banana.csv,0.7,0.0330026666666664,0.0069999999999998,100,0.1610823955555555,2.033906106210342,0.026002666666666605
14,1460_banana.csv,0.75,0.0704919999999978,0.031,100,0.1516137155555555,1.886184764868576,0.03949199999999781
15,1460_banana.csv,0.8,0.0110843333333384,0.018,100,0.1306527288888889,1.76873368164135,-0.006915666666661598
16,1460_banana.csv,0.85,0.0669949999999995,0.0199999999999999,100,0.1148635322222222,2.068067565114487,0.0469949999999996
17,1460_banana.csv,0.9,0.060027999999999,0.022,100,0.0977374488888889,2.012727924626815,0.038027999999999
18,1460_banana.csv,0.95,0.0956860000000007,0.0189999999999999,100,0.0739153377777777,1.7413618215986804,0.07668600000000081
19,1460_banana.csv,0.05,0.0923309999999994,0.009,100,0.0742818622222222,1.6951220205223565,0.0833309999999994
20,1460_banana.csv,0.1,0.0500639999999998,0.024,100,0.0963440833333333,1.779671832216727,0.026063999999999803
21,1460_banana.csv,0.15,0.0610846666666656,0.0179999999999999,100,0.1249488122222222,1.7175737180978377,0.0430846666666657
22,1460_banana.csv,0.2,0.1185663333333321,0.036,100,0.1563569722222222,1.8303498358032708,0.0825663333333321
23,1460_banana.csv,0.25,0.1029313333333334,0.0409999999999999,100,0.1564749544444444,2.142518995626388,0.061931333333333505
24,1460_banana.csv,0.3,0.0197413333333321,0.0139999999999999,100,0.1443466266666666,2.265947676942921,0.005741333333332202
25,1460_banana.csv,0.35,0.0346423333333317,0.012,100,0.1788786788888888,2.0035730612838907,0.0226423333333317
26,1460_banana.csv,0.4,0.0620489999999992,0.0289999999999999,100,0.17236036,2.2490567199429794,0.0330489999999993
27,1460_banana.csv,0.44,0.0218816666666659,0.006,100,0.1853564122222222,2.025002978789238,0.0158816666666659
28,1460_banana.csv,0.49,0.0226000000000008,0.001,100,0.1845665899999999,1.9812999648231997,0.0216000000000008
29,1460_banana.csv,0.54,0.0041406666666661,0.004,100,0.1714056266666666,2.266793514557537,0.00014066666666610016
30,1460_banana.csv,0.6,0.031760999999999,0.0329999999999999,100,0.1652723333333333,2.201892470182204,-0.001239000000000899
31,1460_banana.csv,0.65,0.0357299999999978,0.027,100,0.1723719511111111,2.142922369952966,0.008729999999997799
32,1460_banana.csv,0.7,0.0358576666666667,0.0129999999999999,100,0.1646108844444444,2.065707497597144,0.022857666666666797
33,1460_banana.csv,0.75,0.0307953333333305,0.006,100,0.1617007677777777,1.7241971237651694,0.024795333333330498
34,1460_banana.csv,0.8,0.1117529999999971,0.064,100,0.1563238611111111,1.9238838442941133,0.0477529999999971
35,1460_banana.csv,0.85,0.086199999999997,0.0319999999999999,100,0.1293949722222222,1.828314597799049,0.054199999999997105
36,1460_banana.csv,0.9,0.064648666666664,0.022,100,0.1134389722222222,1.498524114698927,0.042648666666664
37,1460_banana.csv,0.95,0.0856303333333345,0.01,100,0.0730651111111111,1.9788630098111453,0.0756303333333345
38,1462_banknote-authentication.csv,0.05,0.0103,0.006,100,0.0492747777777777,0.892326179622568,0.0043
39,1462_banknote-authentication.csv,0.1,0.0099189999999994,0.0049999999999999,100,0.0839988122222222,0.913866420901474,0.0049189999999995
40,1462_banknote-authentication.csv,0.15,0.0106160000000005,0.008,100,0.10911984,1.143813438082507,0.0026160000000005
41,1462_banknote-authentication.csv,0.2,0.0141836666666679,0.001,100,0.1430491155555555,1.0858543990170233,0.013183666666667902
42,1462_banknote-authentication.csv,0.25,0.0138000000000017,0.028,100,0.1597766433333333,1.1932120150949013,-0.0141999999999983
43,1462_banknote-authentication.csv,0.3,0.0146876666666662,0.023,100,0.1803390177777777,1.2186485980354915,-0.0083123333333338
44,1462_banknote-authentication.csv,0.35,0.0121300000000019,0.02,100,0.2019982344444444,1.3468871802254403,-0.0078699999999981
45,1462_banknote-authentication.csv,0.4,0.0059596666666685,0.0539999999999999,100,0.2163453333333333,1.387740383419667,-0.0480403333333314
46,1462_banknote-authentication.csv,0.44,0.0027163333333321,0.0569999999999999,100,0.2210458344444444,1.32802149445758,-0.0542836666666678
47,1462_banknote-authentication.csv,0.49,0.0136440000000013,0.031,100,0.2200966433333333,1.3745208247941565,-0.0173559999999987
48,1462_banknote-authentication.csv,0.54,0.005397333333334,0.0609999999999999,100,0.2264072655555556,1.300043143433902,-0.0556026666666659
49,1462_banknote-authentication.csv,0.6,0.0100823333333341,0.045,100,0.2108139322222221,1.5014830259579055,-0.034917666666665896
50,1462_banknote-authentication.csv,0.65,0.0131386666666636,0.041,100,0.2068322222222222,1.3353565556727578,-0.027861333333336402
51,1462_banknote-authentication.csv,0.7,0.0109143333333302,0.06,100,0.1896946666666666,1.2030855470525927,-0.049085666666669796
52,1462_banknote-authentication.csv,0.75,0.0120550000000032,0.042,100,0.1689218877777777,1.1359257399524174,-0.0299449999999968
53,1462_banknote-authentication.csv,0.8,0.0140999999999976,0.0509999999999999,100,0.1389705544444444,1.042844123827456,-0.0369000000000023
54,1462_banknote-authentication.csv,0.85,0.0110499999999966,0.009,100,0.1266178888888889,0.9278920085063888,0.0020499999999966014
55,1462_banknote-authentication.csv,0.9,0.0082426666666678,0.026,100,0.0802730877777777,0.953871558564739,-0.0177573333333322
56,1462_banknote-authentication.csv,0.95,0.0103000000000034,0.02,100,0.0494509544444444,0.8310995188714096,-0.0096999999999966
57,1462_banknote-authentication.csv,0.05,0.011053,0.0029999999999999,100,0.0528580566666666,1.085151423507306,0.0080530000000001
58,1462_banknote-authentication.csv,0.1,0.0067383333333327,0.0069999999999999,100,0.0849362488888888,0.7804301545447798,-0.0002616666666672004
59,1462_banknote-authentication.csv,0.15,0.0150666666666671,0.0089999999999999,100,0.1076432655555555,1.1677106915582214,0.006066666666667199
60,1462_banknote-authentication.csv,0.2,0.0094983333333346,0.0289999999999999,100,0.1470942344444444,1.1953175364668225,-0.0195016666666653
61,1462_banknote-authentication.csv,0.25,0.0086963333333349,0.035,100,0.1705421111111111,1.2698607693609032,-0.0263036666666651
62,1462_banknote-authentication.csv,0.3,0.0112493333333324,0.0519999999999999,100,0.1951815766666666,1.1641327445363954,-0.040750666666667504
63,1462_banknote-authentication.csv,0.35,0.004013000000001,0.037,100,0.2024904655555555,1.2386829180038532,-0.032986999999998996
64,1462_banknote-authentication.csv,0.4,0.0109993333333351,0.0429999999999999,100,0.2149546844444444,1.3247231062660358,-0.032000666666664804
65,1462_banknote-authentication.csv,0.44,0.0028836666666654,0.029,100,0.2203904622222222,1.4075453049609112,-0.0261163333333346
66,1462_banknote-authentication.csv,0.49,0.0026000000000014,0.086,100,0.2260887155555555,1.2439370933080638,-0.08339999999999859
67,1462_banknote-authentication.csv,0.54,0.0017979999999993,0.0509999999999999,100,0.2298483155555555,1.193256584922063,-0.0492020000000006
68,1462_banknote-authentication.csv,0.6,0.0126840000000009,0.022,100,0.2139258611111111,1.4608296202507105,-0.0093159999999991
69,1462_banknote-authentication.csv,0.65,0.0021783333333315,0.039,100,0.20401896,1.2853746889410074,-0.0368216666666685
70,1462_banknote-authentication.csv,0.7,0.0227553333333319,0.027,100,0.1885753333333333,1.525428538970645,-0.0042446666666681
71,1462_banknote-authentication.csv,0.75,0.0135490000000028,0.067,100,0.1672892622222222,1.2433475980656117,-0.0534509999999972
72,1462_banknote-authentication.csv,0.8,0.0010479999999961,0.0399999999999999,100,0.1505537988888889,0.936388945838646,-0.038952000000003796
73,1462_banknote-authentication.csv,0.85,0.0085986666666653,0.034,100,0.1164327777777777,0.8407551218251497,-0.025401333333334702
74,1462_banknote-authentication.csv,0.9,0.0087450000000011,0.038,100,0.0861336388888888,0.8997324566214479,-0.0292549999999989
75,1462_banknote-authentication.csv,0.95,0.0103000000000034,0.017,100,0.0492203055555555,0.8425660042609276,-0.006699999999996601
76,1466_cardiotocography.csv,0.05,0.0149,0.009,100,0.0359612044444444,0.4419112184330179,0.005900000000000001
77,1466_cardiotocography.csv,0.1,0.0110099999999994,0.086,100,0.07684816,0.6735054201120023,-0.0749900000000006
78,1466_cardiotocography.csv,0.15,0.0124626666666672,0.112,100,0.1164374622222222,0.8502828982332851,-0.0995373333333328
79,1466_cardiotocography.csv,0.2,0.0146020000000012,0.12,100,0.13600851,0.8883308415237425,-0.1053979999999988
80,1466_cardiotocography.csv,0.25,0.0138000000000017,0.1099999999999999,100,0.1629026666666667,0.8975389654208603,-0.0961999999999982
81,1466_cardiotocography.csv,0.3,0.0090079999999996,0.206,100,0.1860302877777777,1.091757202571746,-0.1969920000000004
82,1466_cardiotocography.csv,0.35,0.0045186666666676,0.217,100,0.20265451,1.093158870863955,-0.2124813333333324
83,1466_cardiotocography.csv,0.4,0.0120900000000018,0.2189999999999999,100,0.20698131,1.2968474834090284,-0.2069099999999981
84,1466_cardiotocography.csv,0.44,0.014848666666667,0.24,100,0.2202116266666667,1.191039849710935,-0.22515133333333298
85,1466_cardiotocography.csv,0.49,0.0279510000000007,0.209,100,0.22205976,1.312062929464907,-0.1810489999999993
86,1466_cardiotocography.csv,0.54,0.0022999999999993,0.1879999999999999,100,0.2150795233333333,1.4870821774056422,-0.1857000000000006
87,1466_cardiotocography.csv,0.6,0.0100826666666673,0.175,100,0.2132181066666666,1.3279399719410765,-0.1649173333333327
88,1466_cardiotocography.csv,0.65,0.0054413333333314,0.176,100,0.20218064,1.45797032530425,-0.17055866666666858
89,1466_cardiotocography.csv,0.7,0.0110816666666635,0.162,100,0.1909318344444444,1.1727751898433765,-0.1509183333333365
90,1466_cardiotocography.csv,0.75,0.0101186666666684,0.135,100,0.1655160833333333,1.3831776285655588,-0.12488133333333161
91,1466_cardiotocography.csv,0.8,0.0118409999999973,0.1099999999999999,100,0.1465461455555555,1.2198385312199354,-0.0981590000000026
92,1466_cardiotocography.csv,0.85,0.0105463333333301,0.079,100,0.1198742044444444,1.2120071938351775,-0.0684536666666699
93,1466_cardiotocography.csv,0.9,0.0120083333333349,0.0639999999999999,100,0.0838448266666666,1.1588018262404236,-0.05199166666666501
94,1466_cardiotocography.csv,0.95,0.0103000000000034,0.035,100,0.0481355955555555,1.287431465061227,-0.024699999999996603
95,1466_cardiotocography.csv,0.05,0.0084320000000001,0.021,100,0.04331996,0.4855173244495299,-0.012567999999999902
96,1466_cardiotocography.csv,0.1,0.0058179999999994,0.0579999999999999,100,0.08086836,0.6510120143289704,-0.0521820000000005
97,1466_cardiotocography.csv,0.15,0.0122950000000005,0.069,100,0.1170245011111111,0.9036835778639069,-0.056704999999999506
98,1466_cardiotocography.csv,0.2,0.0141836666666679,0.0919999999999999,100,0.1435926711111111,0.8948001150076876,-0.077816333333332
99,1466_cardiotocography.csv,0.25,0.0138000000000017,0.165,100,0.1693937377777777,0.9203489612890788,-0.1511999999999983
100,1466_cardiotocography.csv,0.3,0.013857,0.173,100,0.179613701111111,1.1788066029576565,-0.15914299999999998
101,1466_cardiotocography.csv,0.35,0.0129693333333352,0.199,100,0.1912683322222222,1.3479268986279336,-0.18603066666666482
102,1466_cardiotocography.csv,0.4,0.0099076666666685,0.1869999999999999,100,0.2193400833333333,1.0157938489862195,-0.17709233333333138
103,1466_cardiotocography.csv,0.44,0.0074019999999994,0.194,100,0.2194307066666667,1.2641803211751133,-0.1865980000000006
104,1466_cardiotocography.csv,0.49,0.0279510000000007,0.162,100,0.21780576,1.287562042401663,-0.1340489999999993
105,1466_cardiotocography.csv,0.54,0.0022999999999993,0.2219999999999999,100,0.2220318888888889,1.1710846487224156,-0.2197000000000006
106,1466_cardiotocography.csv,0.6,0.0050363333333344,0.16,100,0.2178951822222222,1.2440806963463695,-0.1549636666666656
107,1466_cardiotocography.csv,0.65,0.0094573333333306,0.166,100,0.2002111944444445,1.4219648205059208,-0.1565426666666694
108,1466_cardiotocography.csv,0.7,0.0115003333333302,0.143,100,0.1848718611111111,1.4197376482839876,-0.1314996666666698
109,1466_cardiotocography.csv,0.75,0.0119593333333357,0.131,100,0.1700414622222222,1.2480216965989717,-0.11904066666666431
110,1466_cardiotocography.csv,0.8,0.0118409999999973,0.1049999999999999,100,0.14264864,1.3952659612329503,-0.0931590000000026
111,1466_cardiotocography.csv,0.85,0.0104623333333301,0.086,100,0.1171139233333333,1.3611005335499802,-0.07553766666666989
112,1466_cardiotocography.csv,0.9,0.0144343333333351,0.055,100,0.0812113822222222,1.4212637511695232,-0.040565666666664904
113,1466_cardiotocography.csv,0.95,0.0103000000000034,0.034,100,0.0456150622222222,1.1558481931558402,-0.023699999999996602
114,1475_first-order-theorem-proving.csv,0.05,0.0585756666666659,0.046,100,0.062855627694753,2.399695570240499,0.012575666666665902
115,1475_first-order-theorem-proving.csv,0.1,0.0338626666666662,0.0139999999999999,100,0.0718118279780549,2.430209734535904,0.0198626666666663
116,1475_first-order-theorem-proving.csv,0.15,0.0426769999999988,0.078,100,0.0967312194186192,2.547647683212183,-0.0353230000000012
117,1475_first-order-theorem-proving.csv,0.2,0.0327523333333317,0.0489999999999999,100,0.0968767962148841,2.611651255664257,-0.0162476666666682
118,1475_first-order-theorem-proving.csv,0.25,0.0138846666666683,0.002,100,0.1025073382917611,2.5763273468099577,0.0118846666666683
119,1475_first-order-theorem-proving.csv,0.3,0.0106639999999991,0.079,100,0.1003621565737654,2.81839003110302,-0.0683360000000009
120,1475_first-order-theorem-proving.csv,0.35,0.0551489999999997,0.0049999999999999,100,0.1037716029734252,2.785141622077009,0.0501489999999998
121,1475_first-order-theorem-proving.csv,0.4,0.1155239999999996,0.06,100,0.0953152452144586,2.785283777572374,0.0555239999999996
122,1475_first-order-theorem-proving.csv,0.44,0.0826393333333334,0.011,100,0.1093855095910493,2.7771208635649303,0.0716393333333334
123,1475_first-order-theorem-proving.csv,0.49,0.0799376666666678,0.0149999999999999,100,0.1134155629600916,2.7332178377820435,0.06493766666666789
124,1475_first-order-theorem-proving.csv,0.54,0.0980309999999995,0.072,100,0.1157834645513395,2.824366142134521,0.0260309999999995
125,1475_first-order-theorem-proving.csv,0.6,0.1254846666666679,0.0759999999999999,100,0.1095774797710128,2.791364844699782,0.04948466666666801
126,1475_first-order-theorem-proving.csv,0.65,0.0520133333333326,0.044,100,0.1279897629243827,2.7170072294307013,0.008013333333332602
127,1475_first-order-theorem-proving.csv,0.7,0.1251519999999999,0.1439999999999999,100,0.1131783699744856,2.8116142335726604,-0.018848000000000004
128,1475_first-order-theorem-proving.csv,0.75,0.0404139999999961,0.045,100,0.0970230715066361,2.7514431417274325,-0.0045860000000038995
129,1475_first-order-theorem-proving.csv,0.8,0.0664809999999999,0.064,100,0.0969782967926729,2.7674582499187164,0.0024809999999999
130,1475_first-order-theorem-proving.csv,0.85,0.1787133333333317,0.1659999999999999,100,0.104773075250461,2.762484800872595,0.0127133333333318
131,1475_first-order-theorem-proving.csv,0.9,0.1218390000000015,0.1139999999999999,100,0.093398250811675,2.692951487854783,0.007839000000001609
132,1475_first-order-theorem-proving.csv,0.95,0.1613523333333363,0.1409999999999999,100,0.0844830861055064,2.694565238550765,0.020352333333336387
133,1475_first-order-theorem-proving.csv,0.05,0.0343959999999999,0.02,100,0.0591113019070987,2.266727159613362,0.014395999999999898
134,1475_first-order-theorem-proving.csv,0.1,0.0155206666666667,0.0449999999999999,100,0.0569994254046952,2.61731935833434,-0.0294793333333332
135,1475_first-order-theorem-proving.csv,0.15,0.0169839999999995,0.015,100,0.0798245394916456,2.4866724992865925,0.0019839999999995
136,1475_first-order-theorem-proving.csv,0.2,0.0985346666666666,0.0969999999999999,100,0.1150446024345931,2.620973371014209,0.001534666666666698
137,1475_first-order-theorem-proving.csv,0.25,0.0113836666666667,0.027,100,0.1038367102626543,2.6631778338592955,-0.0156163333333333
138,1475_first-order-theorem-proving.csv,0.3,0.0057359999999993,0.024,100,0.1187946095057382,2.662114275799118,-0.0182640000000007
139,1475_first-order-theorem-proving.csv,0.35,0.1099520000000015,0.1129999999999999,100,0.1036670672281368,2.5812961494670827,-0.003047999999998399
140,1475_first-order-theorem-proving.csv,0.4,0.0320079999999997,0.02,100,0.117835637586731,2.7178499143627675,0.012007999999999703
141,1475_first-order-theorem-proving.csv,0.44,0.1247856666666679,0.0429999999999999,100,0.1008698127271946,2.8298193735779087,0.081785666666668
142,1475_first-order-theorem-proving.csv,0.49,0.0532189999999991,0.061,100,0.1277563484563555,2.6453772499781514,-0.007781000000000898
143,1475_first-order-theorem-proving.csv,0.54,0.045452,0.022,100,0.1201692958922335,2.8163324067315747,0.023452
144,1475_first-order-theorem-proving.csv,0.6,0.1109823333333336,0.0699999999999999,100,0.1038583248280255,2.8835141672467137,0.040982333333333704
145,1475_first-order-theorem-proving.csv,0.65,0.0998336666666658,0.062,100,0.1001483467846456,2.902177396432802,0.037833666666665794
146,1475_first-order-theorem-proving.csv,0.7,0.0558546666666643,0.0509999999999999,100,0.1126381201160414,2.8335062504395347,0.004854666666664398
147,1475_first-order-theorem-proving.csv,0.75,0.1782346666666661,0.144,100,0.1026149837750706,2.8028632209718323,0.03423466666666611
148,1475_first-order-theorem-proving.csv,0.8,0.0678263333333342,0.062,100,0.0975527735235569,2.7318334083998748,0.0058263333333341966
149,1475_first-order-theorem-proving.csv,0.85,0.1141176666666654,0.1099999999999999,100,0.1001589478778832,2.735644166687008,0.004117666666665493
150,1475_first-order-theorem-proving.csv,0.9,0.1049073333333358,0.0739999999999999,100,0.09016539908904,2.484882968306307,0.030907333333335896
151,1475_first-order-theorem-proving.csv,0.95,0.201550333333332,0.1199999999999998,100,0.0878449648995716,2.6563430357644835,0.0815503333333322
152,1479_hill-valley.csv,0.05,0.0335526666666667,0.029,100,0.0516309988888888,2.7697151984327872,0.004552666666666701
153,1479_hill-valley.csv,0.1,0.0843926666666667,0.091,100,0.0468885544444444,2.7588001642366424,-0.006607333333333298
154,1479_hill-valley.csv,0.15,0.1377406666666667,0.263,100,0.0414236388888888,2.6781375401477834,-0.1252593333333333
155,1479_hill-valley.csv,0.2,0.1862323333333334,0.064,100,0.0494504933333333,2.746719488402366,0.12223233333333339
156,1479_hill-valley.csv,0.25,0.2356456666666667,0.094,100,0.0490519677777777,2.7918360528224664,0.1416456666666667
157,1479_hill-valley.csv,0.3,0.2828020000000001,0.3,100,0.0485786877777777,2.7889227574360693,-0.01719799999999988
158,1479_hill-valley.csv,0.35,0.0147549999999992,0.147,100,0.0480974433333333,2.9077645538072834,-0.13224500000000078
159,1479_hill-valley.csv,0.4,0.5882423333333372,0.265,100,0.0423049988888888,2.7087778669981506,0.3232423333333372
160,1479_hill-valley.csv,0.44,0.0786236666666661,0.0529999999999999,100,0.0459702877777777,2.761523875395911,0.025623666666666205
161,1479_hill-valley.csv,0.49,0.4762323333333334,0.1029999999999999,100,0.0551883233333333,2.923481017819996,0.3732323333333335
162,1479_hill-valley.csv,0.54,0.1704993333333327,0.2249999999999999,100,0.0359638488888888,2.80418800588493,-0.0545006666666672
163,1479_hill-valley.csv,0.6,0.0448013333333334,0.1059999999999999,100,0.04174275,2.774686118188117,-0.0611986666666665
164,1479_hill-valley.csv,0.65,0.6363166666666668,0.347,100,0.0537738611111111,2.877109776869768,0.2893166666666668
165,1479_hill-valley.csv,0.7,0.2032666666666663,0.1859999999999999,100,0.0393512122222222,2.706802753654336,0.017266666666666403
166,1479_hill-valley.csv,0.75,0.1944666666666663,0.126,100,0.0479303766666666,2.787515648402564,0.06846666666666629
167,1479_hill-valley.csv,0.8,0.4299126666666663,0.445,100,0.0508400833333333,2.8106889358888028,-0.01508733333333373
168,1479_hill-valley.csv,0.85,0.1375723333333369,0.125,100,0.0444404266666666,2.877220766583785,0.012572333333336905
169,1479_hill-valley.csv,0.9,0.8852263333333334,0.487,100,0.0498178266666666,2.8091389330851526,0.39822633333333346
170,1479_hill-valley.csv,0.95,0.5088803333333326,0.5419999999999999,100,0.0483364655555555,2.8787648283064726,-0.033119666666667325
171,1479_hill-valley.csv,0.05,0.0362333333333334,0.247,100,0.0443808211111111,2.779808754153408,-0.2107666666666666
172,1479_hill-valley.csv,0.1,0.0811256666666667,0.089,100,0.05266651,2.7797300899859807,-0.007874333333333303
173,1479_hill-valley.csv,0.15,0.2196690000000005,0.58,100,0.0439083055555555,2.845172745182104,-0.36033099999999946
174,1479_hill-valley.csv,0.2,0.1873210000000001,0.05,100,0.0444188266666666,2.743339126560225,0.13732100000000008
175,1479_hill-valley.csv,0.25,0.236986,0.0449999999999999,100,0.0449676844444444,2.815713887985507,0.1919860000000001
176,1479_hill-valley.csv,0.3,0.2879920000000001,0.0279999999999999,100,0.0382726433333333,2.7025261656875874,0.25999200000000017
177,1479_hill-valley.csv,0.35,0.6384103333333372,0.504,100,0.0370413733333333,2.6293707374632147,0.13441033333333718
178,1479_hill-valley.csv,0.4,0.3849793333333334,0.131,100,0.0438088711111111,2.7501981807494658,0.2539793333333334
179,1479_hill-valley.csv,0.44,0.4251436666666667,0.1559999999999999,100,0.0364313288888888,2.7090511064907137,0.2691436666666668
180,1479_hill-valley.csv,0.49,0.4753143333333334,0.1509999999999999,100,0.0435995766666666,2.896867395069282,0.3243143333333335
181,1479_hill-valley.csv,0.54,0.4485776666666704,0.0399999999999999,100,0.0421305822222222,2.8833241147534774,0.4085776666666705
182,1479_hill-valley.csv,0.6,0.3879913333333371,0.073,100,0.0430116844444444,2.8161054590803904,0.31499133333333706
183,1479_hill-valley.csv,0.65,0.3384103333333371,0.1889999999999999,100,0.0329741511111111,2.716335076957432,0.1494103333333372
184,1479_hill-valley.csv,0.7,0.0691659999999992,0.1089999999999999,100,0.03846851,2.795054982902585,-0.0398340000000007
185,1479_hill-valley.csv,0.75,0.3047800000000003,0.457,100,0.0410836211111111,2.773611893117269,-0.15221999999999974
186,1479_hill-valley.csv,0.8,0.1371686666666662,0.126,100,0.0411054166666666,2.8120258668822498,0.011168666666666188
187,1479_hill-valley.csv,0.85,0.8363166666666667,0.48,100,0.0439612266666666,2.8040530053693105,0.3563166666666667
188,1479_hill-valley.csv,0.9,0.3447176666666668,0.352,100,0.0364817988888888,2.7522132749565293,-0.007282333333333169
189,1479_hill-valley.csv,0.95,0.0388286666666706,0.3069999999999999,100,0.0414084177777777,2.819595409831674,-0.26817133333332926
190,1485_madelon.csv,0.05,0.0398326666666667,0.109,100,0.0086414488888888,2.554690820061108,-0.0691673333333333
191,1485_madelon.csv,0.1,0.089749,0.745,100,0.0077335322222222,2.464023774207594,-0.655251
192,1485_madelon.csv,0.15,0.1398326666666667,0.1139999999999999,100,0.0086030433333333,2.65755575637861,0.025832666666666795
193,1485_madelon.csv,0.2,0.1898326666666667,0.133,100,0.0086526666666666,2.6813837194934345,0.0568326666666667
194,1485_madelon.csv,0.25,0.2398326666666667,0.238,100,0.0070022344444444,2.7289151219130696,0.0018326666666667046
195,1485_madelon.csv,0.3,0.2898326666666667,0.178,100,0.0098007499999999,2.7179716090312884,0.11183266666666669
196,1485_madelon.csv,0.35,0.3398326666666667,0.2689999999999999,100,0.0092050711111111,2.596392950489638,0.07083266666666682
197,1485_madelon.csv,0.4,0.3899163333333334,0.092,100,0.0087672211111111,2.708919952834233,0.29791633333333345
198,1485_madelon.csv,0.44,0.4298326666666667,0.218,100,0.0094778788888888,2.6306306998962263,0.2118326666666667
199,1485_madelon.csv,0.49,0.4373660000000001,0.118,100,0.0074316388888888,2.675722958710284,0.3193660000000001
200,1485_madelon.csv,0.54,0.0954496666666668,0.016,100,0.0095727288888888,2.7853089949160026,0.0794496666666668
201,1485_madelon.csv,0.6,0.1555333333333334,0.021,100,0.0103971733333333,2.7718957240140707,0.13453333333333342
202,1485_madelon.csv,0.65,0.2055333333333335,0.478,100,0.0088685277777777,2.6875373383249115,-0.27246666666666647
203,1485_madelon.csv,0.7,0.0693333333333325,0.0289999999999999,100,0.0106943055555555,2.8524427887763086,0.0403333333333326
204,1485_madelon.csv,0.75,0.1193333333333326,0.253,100,0.0100253511111111,2.740876648124434,-0.1336666666666674
205,1485_madelon.csv,0.8,0.1693333333333326,0.02,100,0.0101883955555555,2.7431315972195733,0.1493333333333326
206,1485_madelon.csv,0.85,0.4055333333333334,0.15,100,0.0081222222222222,2.722591769368132,0.2555333333333334
207,1485_madelon.csv,0.9,0.2693333333333326,0.0999999999999999,100,0.0096320211111111,2.7028235479399063,0.1693333333333327
208,1485_madelon.csv,0.95,0.3193333333333326,0.0010000000000001,100,0.0090842222222222,2.7999868207444045,0.31833333333333247
209,1485_madelon.csv,0.05,0.0398326666666667,0.051,100,0.0050879822222222,2.539377696009811,-0.0111673333333333
210,1485_madelon.csv,0.1,0.089749,0.036,100,0.0068311066666666,2.681331416912675,0.053749
211,1485_madelon.csv,0.15,0.1398326666666667,0.169,100,0.0086975766666666,2.676511713026398,-0.029167333333333323
212,1485_madelon.csv,0.2,0.189749,0.0269999999999999,100,0.0087346666666666,2.7376086768023407,0.1627490000000001
213,1485_madelon.csv,0.25,0.239749,0.141,100,0.0083250877777777,2.7564809781819664,0.098749
214,1485_madelon.csv,0.3,0.2898326666666667,0.145,100,0.0076668122222222,2.638380437740391,0.1448326666666667
215,1485_madelon.csv,0.35,0.3399163333333334,0.172,100,0.0093856488888888,2.7328753079250827,0.1679163333333334
216,1485_madelon.csv,0.4,0.3899163333333334,0.383,100,0.0111047499999999,2.726216697754167,0.006916333333333413
217,1485_madelon.csv,0.44,0.0045503333333331,0.144,100,0.00890051,2.545701048556385,-0.1394496666666669
218,1485_madelon.csv,0.49,0.4798326666666667,0.065,100,0.0093431322222222,2.7050111817246267,0.4148326666666667
219,1485_madelon.csv,0.54,0.031866666666667,0.38,100,0.0102807322222222,2.717669890851243,-0.348133333333333
220,1485_madelon.csv,0.6,0.1555333333333334,0.013,100,0.0124733288888888,2.756641009135679,0.1425333333333334
221,1485_madelon.csv,0.65,0.0193333333333326,0.138,100,0.00936176,2.6750853277293207,-0.11866666666666742
222,1485_madelon.csv,0.7,0.2555333333333334,0.3,100,0.0114265544444444,2.795495595237305,-0.0444666666666666
223,1485_madelon.csv,0.75,0.1193333333333326,0.25,100,0.0101720122222222,2.6517256477026554,-0.1306666666666674
224,1485_madelon.csv,0.8,0.1693333333333326,0.498,100,0.0093345455555555,2.643245358883767,-0.32866666666666744
225,1485_madelon.csv,0.85,0.2193333333333326,0.014,100,0.0094634788888888,2.798271795885981,0.2053333333333326
226,1485_madelon.csv,0.9,0.0900000000000041,0.0999999999999999,100,0.0120777544444444,2.7967975135898664,-0.00999999999999579
227,1485_madelon.csv,0.95,0.3193333333333326,0.024,100,0.0091635955555555,2.823501563501496,0.29533333333333256
228,1489_phoneme.csv,0.05,0.096034333333333,0.017,100,0.0709700122222222,2.638330321916386,0.079034333333333
229,1489_phoneme.csv,0.1,0.069836333333333,0.0,100,0.0806500122222222,2.535995350509721,0.069836333333333
230,1489_phoneme.csv,0.15,0.1397483333333336,0.033,100,0.1025762788888888,2.7757293488614483,0.10674833333333361
231,1489_phoneme.csv,0.2,0.143966666666665,0.034,100,0.1055510433333333,2.675719042196663,0.10996666666666499
232,1489_phoneme.csv,0.25,0.0610976666666662,0.0449999999999999,100,0.1065183055555555,2.7097304991268154,0.016097666666666302
233,1489_phoneme.csv,0.3,0.0578703333333321,0.0579999999999999,100,0.1093854166666666,2.702675194800145,-0.00012966666666779786
234,1489_phoneme.csv,0.35,0.1042679999999995,0.011,100,0.1316885955555555,2.656282693925624,0.0932679999999995
235,1489_phoneme.csv,0.4,0.0946309999999995,0.003,100,0.1331409066666666,2.52191488651973,0.09163099999999949
236,1489_phoneme.csv,0.44,0.0532089999999996,0.0489999999999999,100,0.1313780488888888,2.673502429384073,0.004208999999999699
237,1489_phoneme.csv,0.49,0.0782573333333341,0.0279999999999999,100,0.1213848566666666,2.632921407261916,0.050257333333334195
238,1489_phoneme.csv,0.54,0.174171666666668,0.018,100,0.11430004,2.5524385098017843,0.156171666666668
239,1489_phoneme.csv,0.6,0.0563596666666678,0.029,100,0.1294957733333333,2.399633326804797,0.0273596666666678
240,1489_phoneme.csv,0.65,0.0169193333333342,0.012,100,0.1334009988888888,2.36374981163655,0.0049193333333341985
241,1489_phoneme.csv,0.7,0.0054803333333304,0.0099999999999998,100,0.1108811944444444,2.410087981410204,-0.0045196666666694005
242,1489_phoneme.csv,0.75,0.0289213333333319,0.02,100,0.0946639733333333,2.352432603117282,0.0089213333333319
243,1489_phoneme.csv,0.8,0.0376296666666671,0.0709999999999999,100,0.0780028399999999,2.083847504929979,-0.033370333333332794
244,1489_phoneme.csv,0.85,0.042093666666666,0.091,100,0.0663428177777777,1.872399586474486,-0.048906333333333996
245,1489_phoneme.csv,0.9,0.0163566666666683,0.038,100,0.0674118711111111,1.9278835272894108,-0.0216433333333317
246,1489_phoneme.csv,0.95,0.0298779999999987,0.0539999999999999,100,0.0545712711111111,1.905456145989683,-0.0241220000000012
247,1489_phoneme.csv,0.05,0.1612836666666654,0.048,100,0.0753794399999999,2.75930833717074,0.11328366666666541
248,1489_phoneme.csv,0.1,0.1079923333333321,0.0209999999999999,100,0.0852399733333333,2.700117383283801,0.0869923333333322
249,1489_phoneme.csv,0.15,0.1132250000000002,0.046,100,0.0978996211111111,2.6759387813990063,0.0672250000000002
250,1489_phoneme.csv,0.2,0.1392676666666663,0.037,100,0.0960398433333333,2.758948118763265,0.10226766666666628
251,1489_phoneme.csv,0.25,0.0794633333333328,0.004,100,0.1132956711111111,2.677763734964468,0.0754633333333328
252,1489_phoneme.csv,0.3,0.1877706666666665,0.0529999999999999,100,0.1141060211111111,2.751956745281133,0.1347706666666666
253,1489_phoneme.csv,0.35,0.1605509999999994,0.006,100,0.1131105822222222,2.678489443809034,0.15455099999999938
254,1489_phoneme.csv,0.4,0.1856676666666675,0.0899999999999999,100,0.1171289544444444,2.738611494414826,0.09566766666666761
255,1489_phoneme.csv,0.44,0.0974490000000006,0.011,100,0.1197994788888889,2.6803618821837425,0.08644900000000061
256,1489_phoneme.csv,0.49,0.0882093333333339,0.036,100,0.1411564444444444,2.43060537490251,0.052209333333333906
257,1489_phoneme.csv,0.54,0.1683020000000004,0.0599999999999999,100,0.1182813955555555,2.493688074658271,0.1083020000000005
258,1489_phoneme.csv,0.6,0.0243916666666691,0.019,100,0.1273253988888889,2.4054458889758754,0.005391666666669102
259,1489_phoneme.csv,0.65,0.0448573333333366,0.009,100,0.1241540655555556,2.3824374376729307,0.0358573333333366
260,1489_phoneme.csv,0.7,0.003300666666663,0.0239999999999999,100,0.1208504488888889,2.420180392889212,-0.0206993333333369
261,1489_phoneme.csv,0.75,0.0820286666666655,0.063,100,0.0758478611111111,2.3975463744636087,0.0190286666666655
262,1489_phoneme.csv,0.8,0.0345333333333331,0.0369999999999999,100,0.0829270044444444,2.135329569386339,-0.0024666666666668044
263,1489_phoneme.csv,0.85,0.0280196666666688,0.009,100,0.0820644488888888,2.110120859443878,0.0190196666666688
264,1489_phoneme.csv,0.9,0.0192160000000005,0.035,100,0.0701693011111111,1.9617426981058264,-0.015783999999999503
265,1489_phoneme.csv,0.95,0.0103000000000034,0.0060000000000001,100,0.0510941377777777,2.0021029307964504,0.0043000000000033
266,1494_qsar-biodeg.csv,0.05,0.0870379999999994,0.0129999999999999,100,0.0696334433333333,2.72556643898218,0.0740379999999995
267,1494_qsar-biodeg.csv,0.1,0.2602083333333339,0.145,100,0.0983694788888889,2.7515841529824003,0.11520833333333388
268,1494_qsar-biodeg.csv,0.15,0.2387716666666653,0.098,100,0.0924192211111111,2.907652419851636,0.1407716666666653
269,1494_qsar-biodeg.csv,0.2,0.164307333333333,0.0519999999999999,100,0.1011145455555555,2.837083281828784,0.11230733333333309
270,1494_qsar-biodeg.csv,0.25,0.1585413333333319,0.06,100,0.1043946666666666,2.7987218672065093,0.0985413333333319
271,1494_qsar-biodeg.csv,0.3,0.0982349999999985,0.002,100,0.1073660044444444,2.8056549234161143,0.0962349999999985
272,1494_qsar-biodeg.csv,0.35,0.2027613333333343,0.109,100,0.1120456388888889,2.745609271373215,0.09376133333333429
273,1494_qsar-biodeg.csv,0.4,0.1441406666666672,0.0329999999999999,100,0.1184932266666666,2.642643860422917,0.1111406666666673
274,1494_qsar-biodeg.csv,0.44,0.1997090000000015,0.079,100,0.0994142488888888,2.680650880037473,0.1207090000000015
275,1494_qsar-biodeg.csv,0.49,0.0882093333333341,0.057,100,0.1189809722222222,2.6851911467846543,0.031209333333334095
276,1494_qsar-biodeg.csv,0.54,0.2183113333333343,0.0799999999999999,100,0.0928225455555555,2.687950444833129,0.1383113333333344
277,1494_qsar-biodeg.csv,0.6,0.1821866666666644,0.051,100,0.0960223055555555,2.6256833923291545,0.1311866666666644
278,1494_qsar-biodeg.csv,0.65,0.1579149999999969,0.126,100,0.0911546433333333,2.404677678742862,0.03191499999999689
279,1494_qsar-biodeg.csv,0.7,0.0756270000000011,0.06,100,0.1005337544444444,2.424942895630241,0.0156270000000011
280,1494_qsar-biodeg.csv,0.75,0.0831933333333333,0.0969999999999999,100,0.0840432211111111,2.2995603304402383,-0.013806666666666606
281,1494_qsar-biodeg.csv,0.8,0.00917233333333,0.0439999999999999,100,0.0900143055555555,2.177233551540628,-0.0348276666666699
282,1494_qsar-biodeg.csv,0.85,0.0653530000000019,0.091,100,0.0596167822222222,1.9997392410475747,-0.025646999999998102
283,1494_qsar-biodeg.csv,0.9,0.0714179999999998,0.042,100,0.0807516388888889,2.45060707793525,0.0294179999999998
284,1494_qsar-biodeg.csv,0.95,0.0103000000000034,0.0060000000000001,100,0.04642476,2.066717972179356,0.0043000000000033
285,1494_qsar-biodeg.csv,0.05,0.1587583333333321,0.06,100,0.0859380933333333,2.557230777518041,0.09875833333333212
286,1494_qsar-biodeg.csv,0.1,0.1996126666666659,0.0559999999999999,100,0.0906513099999999,2.7526629476646023,0.143612666666666
287,1494_qsar-biodeg.csv,0.15,0.1401670000000001,0.05,100,0.0957183233333333,2.69311037456537,0.0901670000000001
288,1494_qsar-biodeg.csv,0.2,0.200170666666665,0.1089999999999999,100,0.1156380711111111,2.7941731143306385,0.0911706666666651
289,1494_qsar-biodeg.csv,0.25,0.0943956666666657,0.02,100,0.1221471822222222,2.650069799043032,0.0743956666666657
290,1494_qsar-biodeg.csv,0.3,0.194453999999999,0.019,100,0.1001991766666666,2.8739193254735462,0.175453999999999
291,1494_qsar-biodeg.csv,0.35,0.1484806666666665,0.072,100,0.1212343955555555,2.676101052576971,0.07648066666666652
292,1494_qsar-biodeg.csv,0.4,0.172596000000001,0.138,100,0.1224374177777777,2.66837882056096,0.03459600000000099
293,1494_qsar-biodeg.csv,0.44,0.127906000000001,0.073,100,0.1315537155555555,2.662254888441124,0.054906000000000996
294,1494_qsar-biodeg.csv,0.49,0.0844410000000007,0.003,100,0.1316178611111111,2.59903774091692,0.0814410000000007
295,1494_qsar-biodeg.csv,0.54,0.1819586666666668,0.0519999999999999,100,0.1002778433333333,2.670258867473981,0.1299586666666669
296,1494_qsar-biodeg.csv,0.6,0.0409610000000021,0.0309999999999999,100,0.1082074044444444,2.742347412515933,0.0099610000000022
297,1494_qsar-biodeg.csv,0.65,0.1315133333333314,0.052,100,0.0945866488888888,2.5653382180562234,0.07951333333333141
298,1494_qsar-biodeg.csv,0.7,0.0943526666666625,0.081,100,0.0995284211111111,2.4321407748619723,0.013352666666662502
299,1494_qsar-biodeg.csv,0.75,0.080842666666667,0.068,100,0.0827160566666666,2.420308961013365,0.012842666666667002
300,1494_qsar-biodeg.csv,0.8,0.0166186666666643,0.0869999999999999,100,0.0787947955555555,2.256139493905312,-0.0703813333333356
301,1494_qsar-biodeg.csv,0.85,0.0011313333333324,0.028,100,0.0761130266666666,2.2143240214942743,-0.0268686666666676
302,1494_qsar-biodeg.csv,0.9,0.0030536666666673,0.036,100,0.0655313333333333,2.0923323788859305,-0.032946333333332696
303,1494_qsar-biodeg.csv,0.95,0.0117223333333363,0.0059999999999998,100,0.0524137377777777,2.2368287565310543,0.0057223333333364995
304,1496_ringnorm.csv,0.05,0.0160696666666667,0.019,100,0.0398774166666666,2.131395138232095,-0.0029303333333332987
305,1496_ringnorm.csv,0.1,0.0250709999999999,0.034,100,0.0562130933333333,2.1034222182662723,-0.008929000000000104
306,1496_ringnorm.csv,0.15,0.0112133333333332,0.0089999999999999,100,0.0841785011111111,2.2769696345875823,0.0022133333333333
307,1496_ringnorm.csv,0.2,0.0028886666666678,0.007,100,0.1073659955555555,2.224287219244268,-0.0041113333333322
308,1496_ringnorm.csv,0.25,0.0138030000000016,0.008,100,0.1076680833333333,2.438384342893757,0.0058030000000016
309,1496_ringnorm.csv,0.3,0.0058196666666668,0.01,100,0.1345006344444444,2.303906869220714,-0.0041803333333332
310,1496_ringnorm.csv,0.35,0.0107946666666684,0.0019999999999999,100,0.1340916933333333,2.3860967585021333,0.008794666666668501
311,1496_ringnorm.csv,0.4,0.037017,0.008,100,0.12855739,2.519379009027276,0.029017
312,1496_ringnorm.csv,0.44,0.0522466666666679,0.0439999999999999,100,0.1412889544444444,2.414669923146523,0.008246666666667998
313,1496_ringnorm.csv,0.49,0.0359830000000004,0.0369999999999999,100,0.1393667822222222,2.5479673465088704,-0.0010169999999995044
314,1496_ringnorm.csv,0.54,0.0417706666666668,0.007,100,0.1377238622222222,2.523087194073338,0.034770666666666804
315,1496_ringnorm.csv,0.6,0.0283236666666658,0.005,100,0.1399142788888888,2.4231727739361224,0.0233236666666658
316,1496_ringnorm.csv,0.65,0.0510260000000003,0.04,100,0.1270368844444444,2.562012626120789,0.0110260000000003
317,1496_ringnorm.csv,0.7,0.0454676666666651,0.0019999999999998,100,0.1178692222222222,2.55673663317946,0.0434676666666653
318,1496_ringnorm.csv,0.75,0.0409179999999952,0.023,100,0.1182468711111111,2.4143545828836075,0.0179179999999952
319,1496_ringnorm.csv,0.8,0.0110296666666686,0.025,100,0.0935512566666666,2.4484302424224733,-0.013970333333331402
320,1496_ringnorm.csv,0.85,0.031461333333335,0.026,100,0.0951721099999999,1.984110629335236,0.005461333333335001
321,1496_ringnorm.csv,0.9,0.0573380000000001,0.007,100,0.0743779733333333,2.305878568308028,0.0503380000000001
322,1496_ringnorm.csv,0.95,0.0107183333333367,0.03,100,0.0523345988888888,2.083398070159819,-0.019281666666663297
323,1496_ringnorm.csv,0.05,0.0135513333333334,0.0139999999999999,100,0.04234491,2.0478701738791107,-0.0004486666666665001
324,1496_ringnorm.csv,0.1,0.0122650000000001,0.0139999999999999,100,0.0615032655555555,2.176423344205682,-0.0017349999999997992
325,1496_ringnorm.csv,0.15,0.0522253333333338,0.0779999999999999,100,0.0625410433333333,2.165376488445597,-0.025774666666666106
326,1496_ringnorm.csv,0.2,0.0151040000000011,0.0249999999999999,100,0.1065333011111111,2.13680455322471,-0.009895999999998802
327,1496_ringnorm.csv,0.25,0.040420000000001,0.0119999999999999,100,0.0988002877777777,2.4940365857176654,0.028420000000001097
328,1496_ringnorm.csv,0.3,0.0308329999999998,0.0309999999999999,100,0.1263103322222222,2.2189382307672982,-0.00016700000000009763
329,1496_ringnorm.csv,0.35,0.0274156666666679,0.0719999999999999,100,0.1333534444444444,2.2995802063347384,-0.044584333333332
330,1496_ringnorm.csv,0.4,0.0134233333333348,0.006,100,0.1385693155555555,2.400095627465217,0.0074233333333348
331,1496_ringnorm.csv,0.44,0.0221333333333347,0.0409999999999999,100,0.1418535677777778,2.424454129737632,-0.018866666666665196
332,1496_ringnorm.csv,0.49,0.0358993333333337,0.0279999999999999,100,0.1468556122222222,2.4648003120764157,0.0078993333333338
333,1496_ringnorm.csv,0.54,0.0002919999999994,0.01,100,0.1514211766666666,2.2519417923218588,-0.0097080000000006
334,1496_ringnorm.csv,0.6,0.0291626666666658,0.017,100,0.1418050933333333,2.4055165913690333,0.012162666666665798
335,1496_ringnorm.csv,0.65,0.0312963333333307,0.001,100,0.1344404122222222,2.3197804901793053,0.030296333333330698
336,1496_ringnorm.csv,0.7,0.0331663333333325,0.032,100,0.1264745066666666,2.289709007251571,0.001166333333332499
337,1496_ringnorm.csv,0.75,0.0346369999999974,0.034,100,0.1122262788888888,2.2630584066368957,0.0006369999999973966
338,1496_ringnorm.csv,0.8,0.0278873333333333,0.002,100,0.0986922344444444,2.467479856555948,0.025887333333333297
339,1496_ringnorm.csv,0.85,0.0509703333333354,0.016,100,0.0895476655555555,2.249628174098633,0.0349703333333354
340,1496_ringnorm.csv,0.9,0.0222263333333345,0.01,100,0.0718121544444444,2.235475190118862,0.0122263333333345
341,1496_ringnorm.csv,0.95,0.0321369999999981,0.012,100,0.0560312933333333,2.1123085576028133,0.020136999999998097
342,1497_wall-robot-navigation.csv,0.05,0.0103836666666666,0.01,100,0.0510588122222222,1.092799630622996,0.0003836666666665999
343,1497_wall-robot-navigation.csv,0.1,0.0100863333333327,0.002,100,0.08477644,0.9701502278540116,0.0080863333333327
344,1497_wall-robot-navigation.csv,0.15,0.0037456666666664,0.005,100,0.1095743055555555,1.305634806830685,-0.0012543333333336001
345,1497_wall-robot-navigation.csv,0.2,0.0143510000000012,0.0289999999999999,100,0.1261354444444444,1.551274653290196,-0.014648999999998701
346,1497_wall-robot-navigation.csv,0.25,0.0138000000000017,0.0129999999999999,100,0.1579979377777778,1.5226816838939987,0.0008000000000017993
347,1497_wall-robot-navigation.csv,0.3,0.0090726666666658,0.014,100,0.1778364444444444,1.4827460934762722,-0.0049273333333341995
348,1497_wall-robot-navigation.csv,0.35,0.0125493333333353,0.008,100,0.1846695155555555,1.6347861335352627,0.0045493333333352995
349,1497_wall-robot-navigation.csv,0.4,0.0327613333333326,0.001,100,0.1858766844444444,1.6852579900894995,0.0317613333333326
350,1497_wall-robot-navigation.csv,0.44,0.0036366666666654,0.021,100,0.2077285011111111,1.6660347658429466,-0.0173633333333346
351,1497_wall-robot-navigation.csv,0.49,0.0026836666666681,0.026,100,0.207648901111111,1.676083368357722,-0.0233163333333319
352,1497_wall-robot-navigation.csv,0.54,0.0019653333333327,0.03,100,0.2199317988888889,1.3749732497899971,-0.028034666666667298
353,1497_wall-robot-navigation.csv,0.6,0.0126003333333343,0.01,100,0.2053626666666666,1.5640534872963707,0.002600333333334299
354,1497_wall-robot-navigation.csv,0.65,0.0114653333333304,0.005,100,0.2010934844444444,1.4369165026019108,0.006465333333330399
355,1497_wall-robot-navigation.csv,0.7,0.0111653333333302,0.021,100,0.1770131233333333,1.6231457933279292,-0.009834666666669802
356,1497_wall-robot-navigation.csv,0.75,0.0200850000000009,0.001,100,0.1616897066666666,1.6883767194699435,0.0190850000000009
357,1497_wall-robot-navigation.csv,0.8,0.0095776666666717,0.022,100,0.1396568622222222,1.522030558240035,-0.012422333333328298
358,1497_wall-robot-navigation.csv,0.85,0.0113013333333299,0.01,100,0.11262016,1.5232235059610282,0.0013013333333299001
359,1497_wall-robot-navigation.csv,0.9,0.0281573333333363,0.011,100,0.0907636122222222,1.2981908678549394,0.0171573333333363
360,1497_wall-robot-navigation.csv,0.95,0.0303799999999985,0.012,100,0.0553620122222222,1.4789397164004774,0.018379999999998498
361,1497_wall-robot-navigation.csv,0.05,0.01448,0.012,100,0.0402270877777777,1.14574946951167,0.0024799999999999996
362,1497_wall-robot-navigation.csv,0.1,0.0079126666666663,0.023,100,0.0716319322222222,1.330646174040288,-0.015087333333333699
363,1497_wall-robot-navigation.csv,0.15,0.0021330000000005,0.0,100,0.1112088211111111,1.3736538045761664,0.0021330000000005
364,1497_wall-robot-navigation.csv,0.2,0.0130123333333345,0.014,100,0.1462183066666667,1.126057210093628,-0.0009876666666655005
365,1497_wall-robot-navigation.csv,0.25,0.0138000000000017,0.006,100,0.1555537099999999,1.4554514864799133,0.0078000000000017
366,1497_wall-robot-navigation.csv,0.3,0.0113436666666668,0.008,100,0.1800818711111111,1.378491467309544,0.0033436666666668002
367,1497_wall-robot-navigation.csv,0.35,0.0014253333333331,0.023,100,0.1991652622222222,1.4573509814987164,-0.021574666666666898
368,1497_wall-robot-navigation.csv,0.4,0.0109150000000018,0.0199999999999999,100,0.2152599999999999,1.308850856772989,-0.0090849999999981
369,1497_wall-robot-navigation.csv,0.44,0.0143459999999999,0.009,100,0.1950333988888888,1.8191991425273408,0.005345999999999901
370,1497_wall-robot-navigation.csv,0.49,0.0262776666666674,0.023,100,0.2165160177777777,1.4685166762977415,0.0032776666666674004
371,1497_wall-robot-navigation.csv,0.54,0.0207083333333345,0.032,100,0.2034113011111111,1.7108149650520643,-0.0112916666666655
372,1497_wall-robot-navigation.csv,0.6,0.000836666666667,0.014,100,0.2108450877777777,1.470075398217375,-0.013163333333333
373,1497_wall-robot-navigation.csv,0.65,0.0083696666666641,0.03,100,0.1914632222222222,1.669755598956574,-0.0216303333333359
374,1497_wall-robot-navigation.csv,0.7,0.0370326666666671,1.1102230246251563e-16,100,0.1803545899999999,1.7140232137582725,0.03703266666666699
375,1497_wall-robot-navigation.csv,0.75,0.0138100000000029,0.006,100,0.1663637988888889,1.4682673947881622,0.0078100000000029
376,1497_wall-robot-navigation.csv,0.8,0.0110000000000052,0.018,100,0.1435646622222222,1.3991385985278255,-0.006999999999994799
377,1497_wall-robot-navigation.csv,0.85,0.0106299999999968,0.018,100,0.1144281544444444,1.4336006269268398,-0.007370000000003199
378,1497_wall-robot-navigation.csv,0.9,0.0115896666666681,0.016,100,0.08049004,1.2489724175968524,-0.004410333333331901
379,1497_wall-robot-navigation.csv,0.95,0.031467666666665,0.0080000000000001,100,0.0596692488888888,1.4342818471298049,0.0234676666666649
380,1504_steel-plates-fault.csv,0.05,0.0173263333333334,0.012,100,0.0294043766666666,2.0321069822576847,0.005326333333333398
381,1504_steel-plates-fault.csv,0.1,0.0274136666666666,0.0279999999999999,100,0.0544489155555555,2.1777432215727446,-0.0005863333333332998
382,1504_steel-plates-fault.csv,0.15,0.0073253333333336,0.0339999999999999,100,0.0701405544444444,2.2384070623892187,-0.026674666666666298
383,1504_steel-plates-fault.csv,0.2,0.017196000000001,0.0249999999999999,100,0.0903898888888888,2.3789220236289634,-0.007803999999998902
384,1504_steel-plates-fault.csv,0.25,0.013550333333335,0.001,100,0.1065742344444444,2.30000551238882,0.012550333333334999
385,1504_steel-plates-fault.csv,0.3,0.0017980000000001,0.006,100,0.1258140844444444,2.3547982129766454,-0.0042019999999999
386,1504_steel-plates-fault.csv,0.35,0.0056923333333336,0.047,100,0.1398471944444444,2.3400517646949592,-0.0413076666666664
387,1504_steel-plates-fault.csv,0.4,0.0011699999999985,0.0459999999999999,100,0.1417390933333333,2.392567869053896,-0.0448300000000014
388,1504_steel-plates-fault.csv,0.44,0.0028056666666672,0.012,100,0.1379501111111111,2.4099849078360105,-0.009194333333332801
389,1504_steel-plates-fault.csv,0.49,0.0081456666666666,0.049,100,0.1478106666666667,2.462323199440277,-0.0408543333333334
390,1504_steel-plates-fault.csv,0.54,0.0189536666666668,0.0679999999999999,100,0.1480478399999999,2.307992801111313,-0.049046333333333095
391,1504_steel-plates-fault.csv,0.6,0.0052153333333337,0.026,100,0.1381974488888889,2.5124934593424086,-0.0207846666666663
392,1504_steel-plates-fault.csv,0.65,0.0083696666666645,0.05,100,0.1387618844444444,2.2598415936577543,-0.041630333333335504
393,1504_steel-plates-fault.csv,0.7,0.0245976666666646,0.016,100,0.1180577777777777,2.3412123328391314,0.008597666666664599
394,1504_steel-plates-fault.csv,0.75,0.0388073333333311,0.006,100,0.1015697288888888,2.4118337490755626,0.0328073333333311
395,1504_steel-plates-fault.csv,0.8,0.0145326666666636,0.0349999999999999,100,0.08977075,2.307111678166593,-0.0204673333333363
396,1504_steel-plates-fault.csv,0.85,0.0036649999999978,0.042,100,0.08160516,2.089446088992141,-0.0383350000000022
397,1504_steel-plates-fault.csv,0.9,0.014767333333335,0.037,100,0.0577871944444444,2.14824603590598,-0.022232666666665
398,1504_steel-plates-fault.csv,0.95,0.013808,0.037,100,0.0411385988888888,1.845662394114365,-0.023191999999999997
399,1504_steel-plates-fault.csv,0.05,0.0164896666666667,0.027,100,0.0349063055555555,1.9531336122958176,-0.010510333333333299
400,1504_steel-plates-fault.csv,0.1,0.0252393333333333,0.0129999999999999,100,0.0568077511111111,2.0999729560714844,0.0122393333333334
401,1504_steel-plates-fault.csv,0.15,0.0251096666666665,0.0179999999999999,100,0.0765761099999999,2.2727892070474427,0.0071096666666665975
402,1504_steel-plates-fault.csv,0.2,0.0179493333333342,0.014,100,0.0858692211111111,2.4991603176670742,0.003949333333334198
403,1504_steel-plates-fault.csv,0.25,0.014220333333335,0.0179999999999999,100,0.10528116,2.397627342642089,-0.0037796666666649013
404,1504_steel-plates-fault.csv,0.3,0.0019693333333338,0.003,100,0.1213243822222222,2.417837475484804,-0.0010306666666662
405,1504_steel-plates-fault.csv,0.35,0.0089496666666683,0.004,100,0.1359086433333333,2.3185302061463964,0.0049496666666683006
406,1504_steel-plates-fault.csv,0.4,0.0116663333333318,0.0469999999999999,100,0.1326468844444444,2.5019126409535346,-0.0353336666666681
407,1504_steel-plates-fault.csv,0.44,0.0008813333333337,0.001,100,0.1407336488888889,2.481176082507921,-0.00011866666666629998
408,1504_steel-plates-fault.csv,0.49,0.0033763333333329,0.0339999999999999,100,0.1387890344444444,2.5123895468125923,-0.030623666666667
409,1504_steel-plates-fault.csv,0.54,0.0330163333333338,0.022,100,0.1380039822222222,2.432574713218799,0.011016333333333801
410,1504_steel-plates-fault.csv,0.6,0.0055510000000006,0.007,100,0.1355108888888888,2.4170105678336427,-0.0014489999999994004
411,1504_steel-plates-fault.csv,0.65,0.0008336666666679,0.042,100,0.1342938611111111,2.341254165635113,-0.041166333333332104
412,1504_steel-plates-fault.csv,0.7,0.0190603333333311,0.0020000000000001,100,0.1202964711111111,2.4271043643592627,0.017060333333331002
413,1504_steel-plates-fault.csv,0.75,0.0370406666666653,0.021,100,0.1030434622222222,2.3134650703745443,0.016040666666665298
414,1504_steel-plates-fault.csv,0.8,0.0009636666666631,0.018,100,0.0989707377777777,2.2055884611748278,-0.017036333333336897
415,1504_steel-plates-fault.csv,0.85,0.0323866666666647,0.054,100,0.0694567599999999,2.108972276915462,-0.021613333333335302
416,1504_steel-plates-fault.csv,0.9,0.0385286666666636,0.0679999999999999,100,0.0526021011111111,2.1713456835132297,-0.02947133333333629
417,1504_steel-plates-fault.csv,0.95,0.0149836666666666,0.034,100,0.0375869722222222,1.8468988292132664,-0.019016333333333402
418,1507_twonorm.csv,0.05,0.0136346666666667,0.01,100,0.0421687777777777,2.401455976385964,0.003634666666666699
419,1507_twonorm.csv,0.1,0.014851,0.055,100,0.0585826044444444,2.3477553364414065,-0.040149000000000004
420,1507_twonorm.csv,0.15,0.0189180000000005,0.0419999999999999,100,0.0685605011111111,2.4446585365160343,-0.023081999999999398
421,1507_twonorm.csv,0.2,0.0084106666666678,0.018,100,0.0867957822222222,2.602777396334185,-0.009589333333332199
422,1507_twonorm.csv,0.25,0.0132990000000017,0.0249999999999999,100,0.1021133333333333,2.498496581663007,-0.0117009999999982
423,1507_twonorm.csv,0.3,0.0330943333333331,0.0249999999999999,100,0.0903855766666666,2.716406984755875,0.0080943333333332
424,1507_twonorm.csv,0.35,0.0023406666666672,0.0399999999999999,100,0.1221471155555555,2.659411894219818,-0.0376593333333327
425,1507_twonorm.csv,0.4,0.0113293333333319,0.005,100,0.1116666344444444,2.767265604353687,0.006329333333331901
426,1507_twonorm.csv,0.44,0.0169413333333339,0.0279999999999999,100,0.1260684211111111,2.597885250293069,-0.011058666666665998
427,1507_twonorm.csv,0.49,0.0151500000000013,0.0189999999999999,100,0.1318871677777778,2.622795525997511,-0.0038499999999985993
428,1507_twonorm.csv,0.54,0.0273999999999992,0.016,100,0.1257984622222222,2.7428890552407466,0.011399999999999199
429,1507_twonorm.csv,0.6,0.0116663333333351,0.001,100,0.1277762433333333,2.6736039601129127,0.0106663333333351
430,1507_twonorm.csv,0.65,0.0095359999999999,0.007,100,0.1023845955555555,2.743480883442712,0.0025359999999999003
431,1507_twonorm.csv,0.7,0.0384489999999966,0.031,100,0.1004434433333333,2.6551711268251705,0.007448999999996597
432,1507_twonorm.csv,0.75,0.0109570000000021,0.005,100,0.0955935766666666,2.6086409991630424,0.0059570000000021
433,1507_twonorm.csv,0.8,0.0083230000000048,0.029,100,0.0955151955555555,2.496305380462037,-0.0206769999999952
434,1507_twonorm.csv,0.85,0.0108649999999972,0.024,100,0.0692689011111111,2.4574021842330307,-0.0131350000000028
435,1507_twonorm.csv,0.9,0.0144326666666686,0.033,100,0.0578234166666666,2.4469348151933183,-0.018567333333331403
436,1507_twonorm.csv,0.95,0.0154856666666668,0.031,100,0.0343212211111111,2.219774664156284,-0.0155143333333332
437,1507_twonorm.csv,0.05,0.0148993333333334,0.028,100,0.0387247155555555,2.3026314301367394,-0.0131006666666666
438,1507_twonorm.csv,0.1,0.0147673333333334,0.05,100,0.0587752211111111,2.335371935885354,-0.03523266666666661
439,1507_twonorm.csv,0.15,0.0091783333333327,0.0319999999999999,100,0.07403016,2.4100980869108017,-0.022821666666667198
440,1507_twonorm.csv,0.2,0.0172010000000009,0.044,100,0.0831145555555555,2.503375930017111,-0.026798999999999098
441,1507_twonorm.csv,0.25,0.0113923333333344,0.003,100,0.1010338844444444,2.5796394320506533,0.0083923333333344
442,1507_twonorm.csv,0.3,0.0006266666666664,0.0179999999999999,100,0.1013176044444444,2.744424056585929,-0.0173733333333335
443,1507_twonorm.csv,0.35,0.002338333333334,0.0069999999999999,100,0.1116887766666666,2.675089920219922,-0.0046616666666659005
444,1507_twonorm.csv,0.4,0.0085713333333315,0.026,100,0.1312525599999999,2.646076541855387,-0.0174286666666685
445,1507_twonorm.csv,0.44,0.0016286666666656,0.0279999999999999,100,0.1377261377777777,2.6500402457721224,-0.0263713333333343
446,1507_twonorm.csv,0.49,0.0280170000000002,0.0229999999999999,100,0.1331597733333333,2.61442360945672,0.0050170000000003025
447,1507_twonorm.csv,0.54,0.0020489999999993,0.009,100,0.1141365955555555,2.801921777589301,-0.0069510000000007
448,1507_twonorm.csv,0.6,0.0098293333333341,0.014,100,0.1258885288888888,2.684258576869752,-0.0041706666666658995
449,1507_twonorm.csv,0.65,0.0182423333333305,0.001,100,0.1112615677777777,2.743050230433301,0.0172423333333305
450,1507_twonorm.csv,0.7,0.0384489999999965,0.026,100,0.1101012211111111,2.639875001659985,0.012448999999996501
451,1507_twonorm.csv,0.75,0.011792666666669,0.039,100,0.1020128211111111,2.596612812819396,-0.027207333333331002
452,1507_twonorm.csv,0.8,0.0079136666666703,0.014,100,0.0800598611111111,2.5673939126679346,-0.0060863333333297
453,1507_twonorm.csv,0.85,0.0193329999999986,0.058,100,0.0788268266666666,2.4755819818581197,-0.0386670000000014
454,1507_twonorm.csv,0.9,0.0139306666666684,0.027,100,0.059993,2.435289526908373,-0.013069333333331599
455,1507_twonorm.csv,0.95,0.014815,0.021,100,0.0405925011111111,2.306613445217772,-0.006185000000000001
456,1526_wall-robot-navigation.csv,0.05,0.0103,0.0139999999999999,100,0.0473665988888889,0.2540011950595945,-0.0036999999999998995
457,1526_wall-robot-navigation.csv,0.1,0.0063199999999994,0.022,100,0.0879719322222222,0.5628183556612064,-0.0156800000000006
458,1526_wall-robot-navigation.csv,0.15,0.0160670000000005,0.0379999999999999,100,0.1266153011111111,0.4227090878341354,-0.0219329999999994
459,1526_wall-robot-navigation.csv,0.2,0.0139326666666679,0.045,100,0.1586114166666666,0.5541599278549975,-0.0310673333333321
460,1526_wall-robot-navigation.csv,0.25,0.0138000000000017,0.0579999999999999,100,0.1857335822222222,0.5623351446467941,-0.0441999999999982
461,1526_wall-robot-navigation.csv,0.3,0.0094076666666658,0.0689999999999999,100,0.20436259,0.7071209071450404,-0.059592333333334094
462,1526_wall-robot-navigation.csv,0.35,0.0035133333333343,0.0749999999999999,100,0.2236429722222222,0.692855882212928,-0.0714866666666656
463,1526_wall-robot-navigation.csv,0.4,0.0083950000000018,0.069,100,0.2363727499999999,0.7706340521182196,-0.0606049999999982
464,1526_wall-robot-navigation.csv,0.44,0.0029673333333322,0.075,100,0.2428046844444444,0.7360934952126452,-0.0720326666666678
465,1526_wall-robot-navigation.csv,0.49,0.0061983333333347,0.0759999999999999,100,0.2465090433333333,0.8058057022799829,-0.06980166666666521
466,1526_wall-robot-navigation.csv,0.54,0.0177800000000009,0.069,100,0.2442107499999999,0.7879173514338684,-0.051219999999999107
467,1526_wall-robot-navigation.csv,0.6,0.0083116666666682,0.0799999999999999,100,0.2359979999999999,0.7706340521182193,-0.0716883333333317
468,1526_wall-robot-navigation.csv,0.65,0.0008393333333316,0.0779999999999999,100,0.2249620833333333,0.6474466390625229,-0.0771606666666683
469,1526_wall-robot-navigation.csv,0.7,0.0108306666666635,0.0659999999999999,100,0.2063505988888889,0.701682788384949,-0.05516933333333641
470,1526_wall-robot-navigation.csv,0.75,0.0134653333333361,0.0599999999999999,100,0.1851215677777778,0.6882932554458933,-0.0465346666666638
471,1526_wall-robot-navigation.csv,0.8,0.0132633333333308,0.05,100,0.1575587677777777,0.6474938951524445,-0.03673666666666921
472,1526_wall-robot-navigation.csv,0.85,0.0133003333333304,0.0439999999999999,100,0.1262281011111111,0.5715899294801335,-0.030699666666669498
473,1526_wall-robot-navigation.csv,0.9,0.003808,0.032,100,0.0895538877777777,0.3250829734197074,-0.028192000000000002
474,1526_wall-robot-navigation.csv,0.95,0.0103000000000034,0.0169999999999999,100,0.0487075288888888,0.2540011950595943,-0.0066999999999965
475,1526_wall-robot-navigation.csv,0.05,0.0103,0.0139999999999999,100,0.0473228211111111,0.2540011950595945,-0.0036999999999998995
476,1526_wall-robot-navigation.csv,0.1,0.0053159999999994,0.027,100,0.0896195766666667,0.3250829734197077,-0.0216840000000006
477,1526_wall-robot-navigation.csv,0.15,0.0125453333333338,0.0359999999999999,100,0.1266013733333333,0.5715899294801341,-0.0234546666666661
478,1526_wall-robot-navigation.csv,0.2,0.0142673333333346,0.048,100,0.1589956844444444,0.5004024235662434,-0.0337326666666654
479,1526_wall-robot-navigation.csv,0.25,0.0138000000000017,0.0499999999999999,100,0.1842549155555556,0.7104018746900467,-0.0361999999999982
480,1526_wall-robot-navigation.csv,0.3,0.0087379999999991,0.0709999999999999,100,0.2060185277777778,0.6547077258840008,-0.062262000000000796
481,1526_wall-robot-navigation.csv,0.35,0.0023406666666675,0.061,100,0.2234529011111111,0.7445224342935003,-0.0586593333333325
482,1526_wall-robot-navigation.csv,0.4,0.0073876666666685,0.066,100,0.2357600488888889,0.8615585139432238,-0.058612333333331504
483,1526_wall-robot-navigation.csv,0.44,0.0028836666666655,0.08,100,0.2446757777777778,0.6859298002802212,-0.07711633333333451
484,1526_wall-robot-navigation.csv,0.49,0.003353666666668,0.0819999999999999,100,0.2487070933333333,0.6929471672523186,-0.0786463333333319
485,1526_wall-robot-navigation.csv,0.54,0.0144333333333342,0.08,100,0.2433939155555556,0.9047082239203876,-0.0655666666666658
486,1526_wall-robot-navigation.csv,0.6,0.0072196666666679,0.0839999999999999,100,0.2362211511111111,0.7238713124646035,-0.076780333333332
487,1526_wall-robot-navigation.csv,0.65,8.133333333470993e-05,0.062,100,0.2228951377777777,0.782169786405754,-0.06191866666666529
488,1526_wall-robot-navigation.csv,0.7,0.0108306666666635,0.0729999999999999,100,0.2088133333333333,0.6108643020828245,-0.0621693333333364
489,1526_wall-robot-navigation.csv,0.75,0.0017519999999996,0.0709999999999999,100,0.18521779,0.6684158377578937,-0.0692480000000003
490,1526_wall-robot-navigation.csv,0.8,0.0135979999999975,0.042,100,0.1562493955555555,0.5938629765227831,-0.0284020000000025
491,1526_wall-robot-navigation.csv,0.85,0.0131323333333304,0.0429999999999999,100,0.1263837011111111,0.5715899294801334,-0.0298676666666695
492,1526_wall-robot-navigation.csv,0.9,0.0079920000000007,0.03,100,0.0902144566666666,0.5303100583234394,-0.0220079999999993
493,1526_wall-robot-navigation.csv,0.95,0.0103000000000034,0.0149999999999999,100,0.0470871322222221,0.2540011950595943,-0.0046999999999965
494,1535_volcanoes-b5.csv,0.05,0.677324000000001,0.347,100,0.1105264566666666,2.515054730577257,0.33032400000000106
495,1535_volcanoes-b5.csv,0.1,0.6281596666666676,0.357,100,0.1189114166666666,2.4033049271771096,0.2711596666666676
496,1535_volcanoes-b5.csv,0.15,0.4832530000000015,0.38,100,0.12579684,2.203785730272977,0.10325300000000148
497,1535_volcanoes-b5.csv,0.2,0.5707190000000013,0.466,100,0.1164872266666667,1.9314300435405605,0.10471900000000128
498,1535_volcanoes-b5.csv,0.25,0.4990146666666673,0.249,100,0.1139153455555555,2.251780751034894,0.2500146666666673
499,1535_volcanoes-b5.csv,0.3,0.4639230000000007,0.2799999999999999,100,0.1149212177777777,2.140719459675598,0.18392300000000078
500,1535_volcanoes-b5.csv,0.35,0.409483333333334,0.209,100,0.1165196566666666,2.139390945149988,0.20048333333333399
501,1535_volcanoes-b5.csv,0.4,0.3999536666666642,0.28,100,0.0914145544444444,1.8785354996268728,0.11995366666666418
502,1535_volcanoes-b5.csv,0.44,0.3552630000000008,0.208,100,0.1044073988888889,1.9354196004502908,0.14726300000000078
503,1535_volcanoes-b5.csv,0.49,0.3210986666666634,0.207,100,0.0924753955555555,1.831156394082472,0.11409866666666343
504,1535_volcanoes-b5.csv,0.54,0.2737793333333301,0.2079999999999999,100,0.0945322933333333,1.6652591615109085,0.06577933333333019
505,1535_volcanoes-b5.csv,0.6,0.250520666666669,0.2339999999999999,100,0.0781168933333333,1.407463545887713,0.016520666666669098
506,1535_volcanoes-b5.csv,0.65,0.187549333333333,0.1839999999999999,100,0.0875225277777777,1.3933861473330442,0.003549333333333099
507,1535_volcanoes-b5.csv,0.7,0.23961633333333,0.208,100,0.0492330433333333,1.154239373023921,0.03161633333333
508,1535_volcanoes-b5.csv,0.75,0.213808,0.156,100,0.0411777288888889,1.2707738188317077,0.057808
509,1535_volcanoes-b5.csv,0.8,0.1396999999999965,0.131,100,0.0483054433333333,1.1149062369157532,0.008699999999996488
510,1535_volcanoes-b5.csv,0.85,0.0896999999999965,0.061,100,0.0495990711111111,1.1104541337062592,0.028699999999996506
511,1535_volcanoes-b5.csv,0.9,0.0878246666666704,0.0609999999999999,100,0.0250044655555555,1.0813033714438465,0.026824666666670494
512,1535_volcanoes-b5.csv,0.95,0.0397490000000041,0.049,100,0.0162022399999999,0.5925369148840959,-0.009250999999995901
513,1535_volcanoes-b5.csv,0.05,0.4716849999999996,0.389,100,0.1198749733333333,2.2928986190387755,0.08268499999999956
514,1535_volcanoes-b5.csv,0.1,0.6043690000000012,0.3369999999999999,100,0.1173702711111111,2.385649085210896,0.26736900000000124
515,1535_volcanoes-b5.csv,0.15,0.6122463333333341,0.47,100,0.1167960655555555,2.03582081393376,0.14224633333333414
516,1535_volcanoes-b5.csv,0.2,0.5644230000000003,0.339,100,0.1012829733333333,2.212270852754756,0.22542300000000032
517,1535_volcanoes-b5.csv,0.25,0.5073946666666677,0.3359999999999999,100,0.1073450844444444,2.1584863702000536,0.17139466666666775
518,1535_volcanoes-b5.csv,0.3,0.4614926666666674,0.195,100,0.1077056044444444,2.255244112967929,0.2664926666666674
519,1535_volcanoes-b5.csv,0.35,0.4144240000000004,0.116,100,0.1043704622222222,2.266196883755168,0.2984240000000004
520,1535_volcanoes-b5.csv,0.4,0.4622739999999989,0.267,100,0.0736535233333333,1.7930365132681243,0.1952739999999989
521,1535_volcanoes-b5.csv,0.44,0.3528319999999975,0.315,100,0.1037554266666666,1.6460527467469208,0.03783199999999748
522,1535_volcanoes-b5.csv,0.49,0.2893983333333342,0.2299999999999999,100,0.1105692566666666,1.7933647343294454,0.0593983333333343
523,1535_volcanoes-b5.csv,0.54,0.2697553333333304,0.2119999999999999,100,0.095661861111111,1.650135208954847,0.057755333333330494
524,1535_volcanoes-b5.csv,0.6,0.2166266666666637,0.156,100,0.0899869011111111,1.6470350018048925,0.06062666666666369
525,1535_volcanoes-b5.csv,0.65,0.2020290000000023,0.2289999999999999,100,0.0795467499999999,1.29484386849302,-0.026970999999997608
526,1535_volcanoes-b5.csv,0.7,0.2396999999999965,0.2390000000000001,100,0.0482243288888888,1.0057891084880772,0.000699999999996398
527,1535_volcanoes-b5.csv,0.75,0.172130000000001,0.183,100,0.05933344,0.964317422884462,-0.010869999999998992
528,1535_volcanoes-b5.csv,0.8,0.1396999999999965,0.132,100,0.0493135322222222,1.182794970765246,0.007699999999996487
529,1535_volcanoes-b5.csv,0.85,0.115151,0.1149999999999999,100,0.0308878888888888,1.0062450155638265,0.00015100000000010938
530,1535_volcanoes-b5.csv,0.9,0.0857330000000033,0.0629999999999999,100,0.0269017544444444,0.7820953057115747,0.022733000000003403
531,1535_volcanoes-b5.csv,0.95,0.0378246666666705,0.012,100,0.0253458788888888,0.7457389563184179,0.025824666666670503
532,1538_volcanoes-d1.csv,0.05,0.9365693333333368,0.351,100,0.0390090877777777,2.535628801015747,0.5855693333333368
533,1538_volcanoes-d1.csv,0.1,0.8891633333333372,0.418,100,0.0266783055555555,2.312754319716384,0.4711633333333372
534,1538_volcanoes-d1.csv,0.15,0.819836333333334,0.551,100,0.0343329722222222,1.9853114805581893,0.268836333333334
535,1538_volcanoes-d1.csv,0.2,0.769083333333334,0.5309999999999999,100,0.03955924,1.9760316900794628,0.2380833333333341
536,1538_volcanoes-d1.csv,0.25,0.7317170000000025,0.373,100,0.0283369988888888,2.17762332308282,0.3587170000000025
537,1538_volcanoes-d1.csv,0.3,0.6679956666666669,0.365,100,0.0312876388888888,2.0618741368010234,0.3029956666666669
538,1538_volcanoes-d1.csv,0.35,0.6312986666666691,0.273,100,0.03938444,2.152687041482131,0.3582986666666691
539,1538_volcanoes-d1.csv,0.4,0.5815496666666693,0.3119999999999999,100,0.0283603677777777,2.068503830249566,0.2695496666666694
540,1538_volcanoes-d1.csv,0.44,0.5300036666666674,0.174,100,0.0368305955555555,2.1867038565782377,0.35600366666666744
541,1538_volcanoes-d1.csv,0.49,0.4930556666666696,0.2229999999999999,100,0.0276216266666666,2.029257471853748,0.2700556666666697
542,1538_volcanoes-d1.csv,0.54,0.4491633333333373,0.2189999999999999,100,0.0240127233333333,1.949578980675148,0.2301633333333374
543,1538_volcanoes-d1.csv,0.6,0.3893306666666708,0.3360000000000001,100,0.0225563377777777,1.5530560587885496,0.053330666666670745
544,1538_volcanoes-d1.csv,0.65,0.3359003333333368,0.142,100,0.0265518399999999,1.859149948093431,0.1939003333333368
545,1538_volcanoes-d1.csv,0.7,0.2897490000000041,0.058,100,0.0167048566666666,1.8875369043686785,0.2317490000000041
546,1538_volcanoes-d1.csv,0.75,0.2397490000000041,0.1039999999999999,100,0.0212568888888888,1.7096727094331623,0.1357490000000042
547,1538_volcanoes-d1.csv,0.8,0.189749000000004,0.152,100,0.0140249155555555,1.5361041945083018,0.037749000000004
548,1538_volcanoes-d1.csv,0.85,0.1394143333333375,0.011,100,0.02267371,1.6941824080169554,0.1284143333333375
549,1538_volcanoes-d1.csv,0.9,0.089749000000004,0.018,100,0.0191935233333333,1.5876051658886443,0.071749000000004
550,1538_volcanoes-d1.csv,0.95,0.0397490000000041,0.0599999999999999,100,0.0118584177777777,1.704999312810286,-0.0202509999999958
551,1538_volcanoes-d1.csv,0.05,0.9313823333333356,0.415,100,0.0360172211111111,2.4320176815524084,0.5163823333333357
552,1538_volcanoes-d1.csv,0.1,0.8838900000000032,0.4630000000000001,100,0.0418481377777777,2.355927522091505,0.4208900000000031
553,1538_volcanoes-d1.csv,0.15,0.834729000000003,0.384,100,0.0322933544444444,2.290686361562481,0.45072900000000304
554,1538_volcanoes-d1.csv,0.2,0.7867370000000036,0.273,100,0.0339317066666666,2.41293291880712,0.5137370000000036
555,1538_volcanoes-d1.csv,0.25,0.7296253333333355,0.37,100,0.0353061544444444,2.151552885911837,0.35962533333333546
556,1538_volcanoes-d1.csv,0.3,0.6692506666666673,0.333,100,0.0331747511111111,2.189984681350246,0.3362506666666673
557,1538_volcanoes-d1.csv,0.35,0.6399163333333375,0.277,100,0.0214668266666666,2.156559164169661,0.3629163333333375
558,1538_volcanoes-d1.csv,0.4,0.5678283333333335,0.251,100,0.0352672566666666,2.146651355641137,0.3168283333333335
559,1538_volcanoes-d1.csv,0.44,0.5273263333333336,0.302,100,0.0325885066666666,2.0041996142048184,0.22532633333333357
560,1538_volcanoes-d1.csv,0.49,0.4779956666666669,0.302,100,0.0307094444444444,1.86347387777449,0.17599566666666688
561,1538_volcanoes-d1.csv,0.54,0.4290833333333339,0.256,100,0.0370431066666666,1.7600781446075036,0.17308333333333392
562,1538_volcanoes-d1.csv,0.6,0.3891633333333374,0.188,100,0.0233771511111111,1.8602205333573276,0.2011633333333374
563,1538_volcanoes-d1.csv,0.65,0.3397490000000041,0.2179999999999999,100,0.0176132655555555,1.7688189766352906,0.12174900000000419
564,1538_volcanoes-d1.csv,0.7,0.2880756666666706,0.147,100,0.0255654166666666,1.6849454218884756,0.14107566666667062
565,1538_volcanoes-d1.csv,0.75,0.2397490000000041,0.038,100,0.0115962788888888,1.8427197339782304,0.2017490000000041
566,1538_volcanoes-d1.csv,0.8,0.1880756666666705,0.0759999999999999,100,0.0242985288888888,1.6875585417558003,0.1120756666666706
567,1538_volcanoes-d1.csv,0.85,0.1397490000000041,0.036,100,0.0159364933333333,1.579810209205526,0.10374900000000409
568,1538_volcanoes-d1.csv,0.9,0.089749000000004,0.004,100,0.0110119955555555,1.5764213418174438,0.085749000000004
569,1538_volcanoes-d1.csv,0.95,0.0397490000000041,0.05,100,0.0102544655555555,1.1981204847068394,-0.010250999999995902
570,1539_volcanoes-d2.csv,0.05,0.8964149999999974,0.391,100,0.0494487066666666,2.406311039930205,0.5054149999999974
571,1539_volcanoes-d2.csv,0.1,0.8228066666666686,0.399,100,0.05554771,2.4124211960602056,0.42380666666666855
572,1539_volcanoes-d2.csv,0.15,0.8364860000000035,0.506,100,0.0267915733333333,2.0690547883965023,0.3304860000000035
573,1539_volcanoes-d2.csv,0.2,0.7419663333333302,0.37,100,0.04480944,2.217437952993457,0.3719663333333302
574,1539_volcanoes-d2.csv,0.25,0.7299600000000023,0.207,100,0.0313486788888888,2.3807925016903977,0.5229600000000023
575,1539_volcanoes-d2.csv,0.3,0.6528026666666651,0.433,100,0.0437697011111111,1.9978106170768104,0.2198026666666651
576,1539_volcanoes-d2.csv,0.35,0.6155693333333335,0.3430000000000001,100,0.0308430622222222,1.978689297278168,0.27256933333333344
577,1539_volcanoes-d2.csv,0.4,0.5192016666666681,0.282,100,0.0547781111111111,1.957406159596144,0.23720166666666814
578,1539_volcanoes-d2.csv,0.44,0.5303383333333342,0.252,100,0.0286295322222222,1.933078253109163,0.27833833333333424
579,1539_volcanoes-d2.csv,0.49,0.4748999999999999,0.288,100,0.0324984444444444,1.7626895096702575,0.1868999999999999
580,1539_volcanoes-d2.csv,0.54,0.3998679999999965,0.1009999999999999,100,0.0455085277777777,2.0613635948699063,0.2988679999999966
581,1539_volcanoes-d2.csv,0.6,0.3650673333333333,0.144,100,0.0362288488888888,1.8978835925140056,0.2210673333333333
582,1539_volcanoes-d2.csv,0.65,0.338159333333337,0.043,100,0.0241535555555555,1.925771841962999,0.295159333333337
583,1539_volcanoes-d2.csv,0.7,0.2896653333333374,0.17,100,0.0194349733333333,1.6005958512856049,0.11966533333333737
584,1539_volcanoes-d2.csv,0.75,0.2379083333333371,0.185,100,0.0244166177777777,1.387118979042603,0.05290833333333711
585,1539_volcanoes-d2.csv,0.8,0.1889123333333372,0.0389999999999999,100,0.0232638888888888,1.5818027459565225,0.1499123333333373
586,1539_volcanoes-d2.csv,0.85,0.1397490000000041,0.079,100,0.0179460844444444,1.4573150073429668,0.06074900000000409
587,1539_volcanoes-d2.csv,0.9,0.089749000000004,0.034,100,0.0169265988888888,1.4635521946834231,0.055749000000004004
588,1539_volcanoes-d2.csv,0.95,0.0397490000000041,0.0469999999999999,100,0.0109953333333333,1.5736851615968628,-0.0072509999999958025
589,1539_volcanoes-d2.csv,0.05,0.8724733333333347,0.357,100,0.0589968566666666,2.506433727388722,0.5154733333333347
590,1539_volcanoes-d2.csv,0.1,0.8808803333333358,0.295,100,0.0349557988888888,2.460079182526182,0.5858803333333358
591,1539_volcanoes-d2.csv,0.15,0.79137933333333,0.319,100,0.0461258488888888,2.310119630658103,0.47237933333333
592,1539_volcanoes-d2.csv,0.2,0.7404559999999967,0.277,100,0.0441894444444444,2.379830410574564,0.46345599999999665
593,1539_volcanoes-d2.csv,0.25,0.7152346666666667,0.378,100,0.0365503055555555,2.0471889690893987,0.3372346666666667
594,1539_volcanoes-d2.csv,0.3,0.665402,0.289,100,0.0377912211111111,2.144693433108606,0.37640200000000007
595,1539_volcanoes-d2.csv,0.35,0.6184140000000005,0.307,100,0.0303707322222222,2.067754457106659,0.31141400000000047
596,1539_volcanoes-d2.csv,0.4,0.5679120000000002,0.2129999999999999,100,0.0349385988888888,2.051009621709733,0.3549120000000003
597,1539_volcanoes-d2.csv,0.44,0.4996999999999965,0.316,100,0.0504611955555555,1.8643926570301388,0.18369999999999648
598,1539_volcanoes-d2.csv,0.49,0.4749836666666666,0.282,100,0.0351838622222222,1.7871964668056042,0.1929836666666666
599,1539_volcanoes-d2.csv,0.54,0.425402,0.125,100,0.0304999066666666,1.9829489826453663,0.300402
600,1539_volcanoes-d2.csv,0.6,0.3639753333333334,0.1149999999999999,100,0.0416814044444444,1.9394150023715688,0.2489753333333335
601,1539_volcanoes-d2.csv,0.65,0.3148999999999998,0.2019999999999999,100,0.0345534877777777,1.605716666843532,0.11289999999999989
602,1539_volcanoes-d2.csv,0.7,0.2648999999999999,0.275,100,0.0367290788888888,1.305417880946802,-0.010100000000000109
603,1539_volcanoes-d2.csv,0.75,0.2202546666666675,0.191,100,0.0287347955555555,1.4483238413896715,0.029254666666667484
604,1539_volcanoes-d2.csv,0.8,0.189749000000004,0.1909999999999999,100,0.0157131511111111,1.3935740375111918,-0.0012509999999958943
605,1539_volcanoes-d2.csv,0.85,0.1392470000000041,0.135,100,0.0226188488888888,1.1855007368086812,0.004247000000004081
606,1539_volcanoes-d2.csv,0.9,0.089749000000004,0.024,100,0.0165593155555555,1.439693379214706,0.065749000000004
607,1539_volcanoes-d2.csv,0.95,0.0397490000000041,0.0109999999999998,100,0.0132953099999999,1.407791672578811,0.0287490000000043
608,1540_volcanoes-d3.csv,0.05,0.9256830000000014,0.574,100,0.0437018433333333,2.2075166263655865,0.3516830000000014
609,1540_volcanoes-d3.csv,0.1,0.8811313333333357,0.515,100,0.0383153333333333,2.2757695759129417,0.3661313333333357
610,1540_volcanoes-d3.csv,0.15,0.8362350000000034,0.346,100,0.0349076122222222,2.390047840365188,0.4902350000000034
611,1540_volcanoes-d3.csv,0.2,0.7523686666666647,0.354,100,0.0488928711111111,2.2372909739290217,0.3983686666666647
612,1540_volcanoes-d3.csv,0.25,0.7179956666666669,0.495,100,0.0309723233333333,2.013671017257191,0.22299566666666693
613,1540_volcanoes-d3.csv,0.3,0.6710913333333344,0.316,100,0.0325299155555555,2.2087679379035268,0.35509133333333437
614,1540_volcanoes-d3.csv,0.35,0.6032909999999981,0.266,100,0.0486820566666666,2.2351949115461656,0.3372909999999981
615,1540_volcanoes-d3.csv,0.4,0.5886613333333371,0.2149999999999999,100,0.0266733377777777,2.2543074664235885,0.37366133333333723
616,1540_volcanoes-d3.csv,0.44,0.5254856666666667,0.317,100,0.0320095288888888,1.8656247235635428,0.20848566666666674
617,1540_volcanoes-d3.csv,0.49,0.4786650000000004,0.253,100,0.0291672844444444,2.029620765463264,0.2256650000000004
618,1540_volcanoes-d3.csv,0.54,0.4251509999999999,0.253,100,0.0385059511111111,1.8772996057601168,0.1721509999999999
619,1540_volcanoes-d3.csv,0.6,0.3893306666666706,0.195,100,0.0234805822222222,1.7673097440004102,0.1943306666666706
620,1540_volcanoes-d3.csv,0.65,0.3397490000000041,0.1899999999999999,100,0.0208383677777777,1.6860017978961626,0.14974900000000418
621,1540_volcanoes-d3.csv,0.7,0.2897490000000041,0.194,100,0.0212634166666666,1.5376871997347905,0.09574900000000408
622,1540_volcanoes-d3.csv,0.75,0.2301273333333356,0.1169999999999999,100,0.0285221111111111,1.568821087810684,0.1131273333333357
623,1540_volcanoes-d3.csv,0.8,0.189749000000004,0.134,100,0.0165453455555555,1.6644160763855045,0.05574900000000399
624,1540_volcanoes-d3.csv,0.85,0.1388286666666706,0.0249999999999999,100,0.0236125455555555,1.819603233418196,0.1138286666666707
625,1540_volcanoes-d3.csv,0.9,0.089749000000004,0.037,100,0.0116713011111111,1.3936679930923948,0.05274900000000401
626,1540_volcanoes-d3.csv,0.95,0.0396653333333374,0.042,100,0.0123638344444444,1.1406031979421796,-0.0023346666666625993
627,1540_volcanoes-d3.csv,0.05,0.9361513333333368,0.47,100,0.0373637011111111,2.382540245892389,0.4661513333333368
628,1540_volcanoes-d3.csv,0.1,0.871175000000001,0.5700000000000001,100,0.0362445155555555,2.226218658180468,0.30117500000000097
629,1540_volcanoes-d3.csv,0.15,0.831541000000002,0.235,100,0.0459453955555555,2.615818971015921,0.596541000000002
630,1540_volcanoes-d3.csv,0.2,0.7844780000000031,0.3929999999999999,100,0.0347641011111111,2.22152814841772,0.3914780000000032
631,1540_volcanoes-d3.csv,0.25,0.7360676666666702,0.433,100,0.0404552622222222,2.056364397627448,0.30306766666667023
632,1540_volcanoes-d3.csv,0.3,0.6725136666666678,0.411,100,0.0364631955555555,2.007296249808997,0.2615136666666678
633,1540_volcanoes-d3.csv,0.35,0.6341400000000031,0.237,100,0.0421502622222222,2.1977344113440367,0.39714000000000316
634,1540_volcanoes-d3.csv,0.4,0.5628699999999998,0.274,100,0.0429411288888888,2.115335203573249,0.28886999999999974
635,1540_volcanoes-d3.csv,0.44,0.5324300000000011,0.221,100,0.0341157544444444,2.193029582787522,0.3114300000000011
636,1540_volcanoes-d3.csv,0.49,0.4992470000000041,0.418,100,0.0218045455555555,1.717970709458315,0.08124700000000412
637,1540_volcanoes-d3.csv,0.54,0.4255693333333334,0.266,100,0.0307720566666666,1.7911120235809703,0.1595693333333334
638,1540_volcanoes-d3.csv,0.6,0.373852333333335,0.146,100,0.02871851,1.973994272036777,0.22785233333333502
639,1540_volcanoes-d3.csv,0.65,0.338159333333337,0.12,100,0.0243161455555555,1.9498774283221416,0.21815933333333698
640,1540_volcanoes-d3.csv,0.7,0.2881593333333373,0.1250000000000001,100,0.02497475,1.7747372011063989,0.1631593333333372
641,1540_volcanoes-d3.csv,0.75,0.2379920000000038,0.144,100,0.0245675733333333,1.526239981801262,0.09399200000000382
642,1540_volcanoes-d3.csv,0.8,0.1893306666666707,0.141,100,0.0217022711111111,1.4758706779587731,0.04833066666667071
643,1540_volcanoes-d3.csv,0.85,0.1396653333333374,0.122,100,0.0152068622222222,1.2571030897133797,0.01766533333333739
644,1540_volcanoes-d3.csv,0.9,0.089749000000004,0.04,100,0.0158922344444444,1.4539394774495933,0.049749000000004005
645,1540_volcanoes-d3.csv,0.95,0.0397490000000041,0.0119999999999999,100,0.0111241099999999,1.442450560163999,0.0277490000000042
646,1541_volcanoes-d4.csv,0.05,0.937155333333337,0.311,100,0.0287266344444444,2.5183515367095937,0.626155333333337
647,1541_volcanoes-d4.csv,0.1,0.8880756666666704,0.364,100,0.0284728211111111,2.401705306637944,0.5240756666666704
648,1541_volcanoes-d4.csv,0.15,0.8399163333333375,0.3349999999999999,100,0.0196490433333333,2.4327554696241624,0.5049163333333375
649,1541_volcanoes-d4.csv,0.2,0.7896653333333374,0.238,100,0.0253217288888888,2.303102777135704,0.5516653333333374
650,1541_volcanoes-d4.csv,0.25,0.7362350000000034,0.266,100,0.0340576388888888,2.350865379874598,0.4702350000000034
651,1541_volcanoes-d4.csv,0.3,0.6825536666666694,0.2700000000000001,100,0.0306295555555555,2.284748750063652,0.4125536666666693
652,1541_volcanoes-d4.csv,0.35,0.6399163333333375,0.132,100,0.0227634488888888,2.458835622350533,0.5079163333333375
653,1541_volcanoes-d4.csv,0.4,0.5885776666666704,0.2129999999999999,100,0.02693876,2.1644209239248022,0.37557766666667053
654,1541_volcanoes-d4.csv,0.44,0.5499163333333374,0.134,100,0.0224338933333333,2.176009398402212,0.41591633333333744
655,1541_volcanoes-d4.csv,0.49,0.4992470000000039,0.1159999999999999,100,0.0237319322222222,2.205747160878623,0.383247000000004
656,1541_volcanoes-d4.csv,0.54,0.4490796666666706,0.1789999999999999,100,0.0227570788888888,1.9442453094880627,0.2700796666666707
657,1541_volcanoes-d4.csv,0.6,0.3898326666666708,0.1099999999999999,100,0.0197331677777777,2.0381069885421987,0.27983266666667095
658,1541_volcanoes-d4.csv,0.65,0.3397490000000041,0.1929999999999999,100,0.0210132399999999,1.671287972153893,0.14674900000000418
659,1541_volcanoes-d4.csv,0.7,0.2879083333333372,0.1230000000000001,100,0.0246196388888888,1.6504480353883932,0.1649083333333371
660,1541_volcanoes-d4.csv,0.75,0.2397490000000041,0.166,100,0.0148916566666666,1.423838727253751,0.07374900000000409
661,1541_volcanoes-d4.csv,0.8,0.189749000000004,0.127,100,0.0121603766666666,1.6429559706657673,0.062749000000004
662,1541_volcanoes-d4.csv,0.85,0.1397490000000041,0.121,100,0.0145543511111111,1.36463936171009,0.018749000000004096
663,1541_volcanoes-d4.csv,0.9,0.0896653333333373,0.0609999999999999,100,0.0156233544444444,1.2879969256452366,0.0286653333333374
664,1541_volcanoes-d4.csv,0.95,0.0397490000000041,0.033,100,0.0115635322222222,1.4443588211369238,0.006749000000004099
665,1541_volcanoes-d4.csv,0.05,0.9368206666666702,0.343,100,0.0313652488888888,2.445945218245135,0.5938206666666701
666,1541_volcanoes-d4.csv,0.1,0.8864860000000035,0.291,100,0.0313209511111111,2.4295255377039497,0.5954860000000035
667,1541_volcanoes-d4.csv,0.15,0.8370716666666701,0.419,100,0.0272627377777777,2.2737735895340707,0.4180716666666701
668,1541_volcanoes-d4.csv,0.2,0.7867370000000036,0.326,100,0.0286545899999999,2.29498324738125,0.46073700000000356
669,1541_volcanoes-d4.csv,0.25,0.7373226666666702,0.298,100,0.0269192655555555,2.281372755407925,0.43932266666667025
670,1541_volcanoes-d4.csv,0.3,0.6859840000000033,0.152,100,0.0315380211111111,2.3676665685360945,0.5339840000000032
671,1541_volcanoes-d4.csv,0.35,0.6377410000000038,0.236,100,0.0280312711111111,2.2895311601796218,0.4017410000000038
672,1541_volcanoes-d4.csv,0.4,0.5899163333333375,0.2219999999999999,100,0.0219323233333333,2.113105706407621,0.3679163333333376
673,1541_volcanoes-d4.csv,0.44,0.549749000000004,0.202,100,0.0174308622222222,2.2066840939898733,0.347749000000004
674,1541_volcanoes-d4.csv,0.49,0.4997490000000041,0.295,100,0.0208911944444444,1.8356326740133784,0.20474900000000412
675,1541_volcanoes-d4.csv,0.54,0.4499163333333374,0.123,100,0.0197045455555555,1.9544878731077384,0.3269163333333374
676,1541_volcanoes-d4.csv,0.6,0.3897490000000041,0.152,100,0.0213388655555555,1.8317930106968292,0.23774900000000412
677,1541_volcanoes-d4.csv,0.65,0.3397490000000041,0.18,100,0.0191760266666666,1.727889059173305,0.15974900000000408
678,1541_volcanoes-d4.csv,0.7,0.2897490000000041,0.095,100,0.0189172933333333,1.7046263701656037,0.19474900000000409
679,1541_volcanoes-d4.csv,0.75,0.2397490000000041,0.024,100,0.0183852044444444,1.7057686561754035,0.2157490000000041
680,1541_volcanoes-d4.csv,0.8,0.189749000000004,0.0419999999999999,100,0.0129389066666666,1.7773741837809864,0.1477490000000041
681,1541_volcanoes-d4.csv,0.85,0.1397490000000041,0.087,100,0.0082914166666666,1.3991612104049138,0.0527490000000041
682,1541_volcanoes-d4.csv,0.9,0.089749000000004,0.1029999999999999,100,0.0162566177777777,1.823454667751505,-0.013250999999995891
683,1541_volcanoes-d4.csv,0.95,0.0397490000000041,0.0279999999999999,100,0.0075142433333333,1.5766617290413705,0.0117490000000042
684,1566_hill-valley.csv,0.05,0.5804080000000005,0.595,100,0.0664522044444444,2.922720742190289,-0.014591999999999494
685,1566_hill-valley.csv,0.1,0.8126080000000017,0.556,100,0.0654492177777777,2.856048298852017,0.2566080000000016
686,1566_hill-valley.csv,0.15,0.791253000000003,0.503,100,0.0566992566666666,2.923010782557657,0.288253000000003
687,1566_hill-valley.csv,0.2,0.725758333333336,0.461,100,0.0568569722222222,2.838497334137592,0.2647583333333359
688,1566_hill-valley.csv,0.25,0.6711500000000008,0.537,100,0.0712029066666666,2.82217850834922,0.13415000000000077
689,1566_hill-valley.csv,0.3,0.1413719999999997,0.25,100,0.0753225733333333,2.8892492094932374,-0.10862800000000031
690,1566_hill-valley.csv,0.35,0.5002060000000002,0.423,100,0.0695794044444444,2.8834841457070346,0.07720600000000016
691,1566_hill-valley.csv,0.4,0.5760976666666691,0.43,100,0.0605624933333333,2.7900840631459327,0.14609766666666907
692,1566_hill-valley.csv,0.44,0.2769716666666668,0.076,100,0.0690109455555555,2.859156637832277,0.20097166666666677
693,1566_hill-valley.csv,0.49,0.0720640000000006,0.1079999999999999,100,0.0774691233333333,2.8954829656884704,-0.0359359999999993
694,1566_hill-valley.csv,0.54,0.4376890000000029,0.1859999999999999,100,0.0637644122222222,2.903692233839131,0.251689000000003
695,1566_hill-valley.csv,0.6,0.3677186666666684,0.315,100,0.0624802222222222,2.870622875465148,0.05271866666666841
696,1566_hill-valley.csv,0.65,0.0061983333333336,0.043,100,0.0766058711111111,2.8923381301619657,-0.0368016666666664
697,1566_hill-valley.csv,0.7,0.2283570000000012,0.0029999999999998,100,0.0698723333333333,2.927310050177,0.2253570000000014
698,1566_hill-valley.csv,0.75,0.2239196666666689,0.033,100,0.0650980833333333,2.8821632076540613,0.1909196666666689
699,1566_hill-valley.csv,0.8,0.1105959999999992,0.1859999999999999,100,0.0676198844444444,2.8099911787278797,-0.07540400000000069
700,1566_hill-valley.csv,0.85,0.0902416666666672,0.096,100,0.06793059,2.879956155557293,-0.005758333333332796
701,1566_hill-valley.csv,0.9,0.081792333333336,0.374,100,0.0548717988888888,2.8238015631939914,-0.292207666666664
702,1566_hill-valley.csv,0.95,0.0249236666666695,0.1509999999999999,100,0.05763296,2.823763125183872,-0.1260763333333304
703,1566_hill-valley.csv,0.05,0.8888256666666691,0.62,100,0.0655834877777777,2.914608412276949,0.26882566666666907
704,1566_hill-valley.csv,0.1,0.0712393333333335,0.44,100,0.0581822788888888,2.8549075556952674,-0.3687606666666665
705,1566_hill-valley.csv,0.15,0.1344863333333338,0.266,100,0.0610963155555555,2.8912923837762863,-0.13151366666666622
706,1566_hill-valley.csv,0.2,0.7827970000000031,0.5920000000000001,100,0.0573137155555555,2.788297459443159,0.190797000000003
707,1566_hill-valley.csv,0.25,0.7193993333333365,0.398,100,0.0620646933333333,2.9111613903015487,0.3213993333333365
708,1566_hill-valley.csv,0.3,0.6534836666666684,0.5090000000000001,100,0.0690676388888888,2.8759067718061817,0.14448366666666823
709,1566_hill-valley.csv,0.35,0.5391563333333345,0.18,100,0.0646055377777777,2.880328706953507,0.35915633333333447
710,1566_hill-valley.csv,0.4,0.5819603333333363,0.267,100,0.0576613988888888,2.796927921616813,0.3149603333333363
711,1566_hill-valley.csv,0.44,0.0899006666666664,0.105,100,0.0662851233333333,2.885963362713017,-0.01509933333333359
712,1566_hill-valley.csv,0.49,0.4541853333333341,0.418,100,0.0697261988888889,2.849271755691745,0.036185333333334124
713,1566_hill-valley.csv,0.54,0.4403680000000027,0.1979999999999999,100,0.0582405455555555,2.841333508208617,0.2423680000000028
714,1566_hill-valley.csv,0.6,0.3843893333333366,0.142,100,0.0594354933333333,2.881199972296064,0.2423893333333366
715,1566_hill-valley.csv,0.65,0.0834333333333341,0.024,100,0.0761673899999999,2.939468502500273,0.059433333333334094
716,1566_hill-valley.csv,0.7,0.2518900000000027,0.2289999999999999,100,0.0583239233333333,2.849805083671523,0.022890000000002825
717,1566_hill-valley.csv,0.75,0.1435933333333343,0.0909999999999999,100,0.0702824211111111,2.8755162752958854,0.052593333333334394
718,1566_hill-valley.csv,0.8,0.1763510000000028,0.143,100,0.0620501822222222,2.861634311984936,0.03335100000000282
719,1566_hill-valley.csv,0.85,0.0700549999999993,0.15,100,0.0664577777777777,2.837675110034501,-0.0799450000000007
720,1566_hill-valley.csv,0.9,0.0668813333333343,0.033,100,0.06330544,2.8475003477061778,0.033881333333334304
721,1566_hill-valley.csv,0.95,0.0198986666666693,0.0339999999999999,100,0.0615998888888888,2.829016169173447,-0.0141013333333306
722,182_satimage.csv,0.05,0.010132,0.019,100,0.0450618611111111,0.796376330029663,-0.008868
723,182_satimage.csv,0.1,0.0095843333333327,0.046,100,0.0882214711111111,0.7349359658033254,-0.0364156666666673
724,182_satimage.csv,0.15,0.0143093333333338,0.0579999999999999,100,0.1152077544444444,0.8408957344671831,-0.0436906666666661
725,182_satimage.csv,0.2,0.0144346666666679,0.062,100,0.1319329988888889,1.1820034573248877,-0.0475653333333321
726,182_satimage.csv,0.25,0.0138000000000017,0.065,100,0.1579693544444444,1.2177435514286703,-0.0511999999999983
727,182_satimage.csv,0.3,0.013856,0.0699999999999999,100,0.1755776566666667,1.362430393562057,-0.056143999999999895
728,182_satimage.csv,0.35,0.0120463333333352,0.0829999999999999,100,0.1965008655555555,1.4472447555778771,-0.0709536666666647
729,182_satimage.csv,0.4,0.0277410000000001,0.101,100,0.19906971,1.52131290472576,-0.07325899999999991
730,182_satimage.csv,0.44,0.0266456666666684,0.084,100,0.2048501099999999,1.6783949779400298,-0.057354333333331606
731,182_satimage.csv,0.49,0.0309630000000004,0.0769999999999999,100,0.1949975066666666,1.83218165676655,-0.0460369999999995
732,182_satimage.csv,0.54,0.0167760000000011,0.081,100,0.2162679288888889,1.5420124006781046,-0.06422399999999891
733,182_satimage.csv,0.6,0.0025163333333337,0.0779999999999999,100,0.2065572655555555,1.5798368883510818,-0.0754836666666662
734,182_satimage.csv,0.65,0.033888333333331,0.064,100,0.1900742711111111,1.802439929703236,-0.030111666666669
735,182_satimage.csv,0.7,0.011667999999997,0.0679999999999999,100,0.1845081544444444,1.5520071851549728,-0.056332000000002894
736,182_satimage.csv,0.75,0.0060190000000008,0.0639999999999999,100,0.1656302222222222,1.5618128342575734,-0.0579809999999991
737,182_satimage.csv,0.8,0.0112520000000051,0.065,100,0.1465340833333333,1.5806770891190205,-0.053747999999994904
738,182_satimage.csv,0.85,0.0348960000000022,0.0379999999999999,100,0.1223861899999999,1.6191111956008526,-0.003103999999997699
739,182_satimage.csv,0.9,0.0284920000000031,0.022,100,0.0870420566666666,1.572899586995092,0.006492000000003103
740,182_satimage.csv,0.95,0.0466113333333325,0.0129999999999999,100,0.0629867377777777,1.4838089254464255,0.0336113333333326
741,182_satimage.csv,0.05,0.012044,0.021,100,0.0424220833333333,0.980701170638246,-0.008956000000000002
742,182_satimage.csv,0.1,0.0099196666666661,0.027,100,0.0786076933333333,1.1253711997921032,-0.0170803333333339
743,182_satimage.csv,0.15,0.0128813333333338,0.0519999999999999,100,0.1151753988888888,0.8033736316490658,-0.0391186666666661
744,182_satimage.csv,0.2,0.0143510000000013,0.0569999999999999,100,0.1363024566666666,1.2170107816313702,-0.0426489999999986
745,182_satimage.csv,0.25,0.0066146666666663,0.059,100,0.1567865555555555,1.3737766419021216,-0.0523853333333337
746,182_satimage.csv,0.3,0.0081640000000001,0.0779999999999999,100,0.1891420933333333,1.1286114591663898,-0.0698359999999998
747,182_satimage.csv,0.35,0.0123820000000019,0.0699999999999999,100,0.1868143066666667,1.5914007396729706,-0.057617999999998
748,182_satimage.csv,0.4,0.0155253333333349,0.108,100,0.2134180844444444,1.169215987095858,-0.0924746666666651
749,182_satimage.csv,0.44,0.0259763333333349,0.085,100,0.2047225277777777,1.61901334326267,-0.05902366666666511
750,182_satimage.csv,0.49,0.0174933333333345,0.0849999999999999,100,0.2165439377777777,1.469729225408642,-0.0675066666666654
751,182_satimage.csv,0.54,0.063362333333333,0.102,100,0.2129473988888889,1.544770104972966,-0.03863766666666699
752,182_satimage.csv,0.6,0.0142746666666676,0.0809999999999999,100,0.2053192622222222,1.5943691988493185,-0.0667253333333323
753,182_satimage.csv,0.65,0.016401666666664,0.0889999999999999,100,0.1996954444444444,1.5549979809525607,-0.0725983333333359
754,182_satimage.csv,0.7,0.001299999999997,0.0259999999999999,100,0.1703693544444444,1.7852812817149013,-0.0247000000000029
755,182_satimage.csv,0.75,0.026443666666665,0.0789999999999999,100,0.1681086344444444,1.5521204916649842,-0.052556333333334905
756,182_satimage.csv,0.8,0.0001233333333371,0.046,100,0.1390007777777777,1.5947720247818171,-0.0458766666666629
757,182_satimage.csv,0.85,0.0117199999999966,0.0269999999999999,100,0.1157512211111111,1.396344454650177,-0.0152800000000033
758,182_satimage.csv,0.9,0.0160246666666684,0.026,100,0.0865640211111111,1.3674938444700495,-0.009975333333331598
759,182_satimage.csv,0.95,0.0114713333333364,0.0079999999999998,100,0.0529841288888889,1.344140914783608,0.0034713333333365997
760,23_cmc.csv,0.05,0.0379053333333331,0.144,100,0.0624457821329365,2.709890530081645,-0.10609466666666689
761,23_cmc.csv,0.1,0.0783643333333323,0.217,100,0.0728517679636857,2.8252969822901544,-0.1386356666666677
762,23_cmc.csv,0.15,0.1214096666666667,0.096,100,0.0531189947884479,2.7948022363060963,0.02540966666666669
763,23_cmc.csv,0.2,0.1753420000000001,0.0979999999999999,100,0.0580204911268518,2.7218481397759207,0.0773420000000002
764,23_cmc.csv,0.25,0.0692110000000008,0.0529999999999999,100,0.0739151539761573,2.7289876736156677,0.0162110000000009
765,23_cmc.csv,0.3,0.2289399999999999,0.126,100,0.0708405937037037,2.857482168085254,0.10293999999999989
766,23_cmc.csv,0.35,0.2471119999999998,0.079,100,0.0749638807118858,2.8759328768286165,0.16811199999999982
767,23_cmc.csv,0.4,0.211165000000001,0.191,100,0.0752451168654195,2.692061202811271,0.020165000000000988
768,23_cmc.csv,0.44,0.1965516666666665,0.023,100,0.0854971635416666,2.861702372924229,0.17355166666666652
769,23_cmc.csv,0.49,0.1527333333333345,0.0489999999999999,100,0.0824822308610481,2.885270003780961,0.10373333333333459
770,23_cmc.csv,0.54,0.0296036666666673,0.0639999999999999,100,0.0799313475024943,2.911612605864108,-0.034396333333332606
771,23_cmc.csv,0.6,0.308644666666667,0.119,100,0.0813410966536848,2.931036110679879,0.18964466666666702
772,23_cmc.csv,0.65,0.1861946666666676,0.135,100,0.0936487050922839,2.874853683533506,0.05119466666666758
773,23_cmc.csv,0.7,0.2145000000000003,0.1529999999999999,100,0.0884999375905454,2.9197929967167315,0.06150000000000039
774,23_cmc.csv,0.75,0.3126509999999999,0.1909999999999999,100,0.0888700396737465,2.85714308647722,0.12165100000000001
775,23_cmc.csv,0.8,0.2802423333333341,0.263,100,0.0796789429703703,2.9456642192958995,0.01724233333333408
776,23_cmc.csv,0.85,0.163617666666665,0.2309999999999999,100,0.0819527081515432,2.8321514439867466,-0.0673823333333349
777,23_cmc.csv,0.9,0.1034090000000003,0.2009999999999999,100,0.073627194349937,2.822668736169263,-0.0975909999999996
778,23_cmc.csv,0.95,0.1432676666666662,0.2549999999999999,100,0.0742073808937956,2.877120380097968,-0.11173233333333368
779,23_cmc.csv,0.05,0.0335526666666667,0.26,100,0.0480800947419753,2.773592873416213,-0.2264473333333333
780,23_cmc.csv,0.1,0.0755210000000001,0.1129999999999999,100,0.0485118343767621,2.779095976908688,-0.037478999999999804
781,23_cmc.csv,0.15,0.0448499999999999,0.201,100,0.0738840303763257,2.764613870648138,-0.15615000000000012
782,23_cmc.csv,0.2,0.1275193333333333,0.178,100,0.06752369956775,2.831401873311909,-0.0504806666666667
783,23_cmc.csv,0.25,0.2162996666666667,0.156,100,0.0651755242996913,2.8474182352901884,0.060299666666666696
784,23_cmc.csv,0.3,0.2525593333333334,0.139,100,0.0714019280603977,2.823172441221057,0.1135593333333334
785,23_cmc.csv,0.35,0.3353950000000001,0.107,100,0.0575007949691358,2.916349798722797,0.22839500000000013
786,23_cmc.csv,0.4,0.2336150000000006,0.013,100,0.0727286045434917,2.8868346280567785,0.2206150000000006
787,23_cmc.csv,0.44,0.4237203333333335,0.0979999999999999,100,0.0569443236100088,2.8042081698264445,0.32572033333333356
788,23_cmc.csv,0.49,0.082267666666668,0.0279999999999999,100,0.0861187656623456,2.8478488883009345,0.0542676666666681
789,23_cmc.csv,0.54,0.2220143333333347,0.162,100,0.0906548906991685,2.8444710715051884,0.060014333333334696
790,23_cmc.csv,0.6,0.1698363333333329,0.1339999999999999,100,0.092269574386111,2.83456716966484,0.035836333333333
791,23_cmc.csv,0.65,0.1370210000000002,0.071,100,0.0920414267087112,2.84494016252588,0.0660210000000002
792,23_cmc.csv,0.7,0.1114123333333336,0.0959999999999999,100,0.076117691257716,2.937634001798551,0.015412333333333694
793,23_cmc.csv,0.75,0.2702853333333338,0.2159999999999999,100,0.0902301861716049,2.874723674119659,0.054285333333333935
794,23_cmc.csv,0.8,0.3591189999999995,0.287,100,0.0931479079493827,2.879525502547883,0.07211899999999954
795,23_cmc.csv,0.85,0.1294623333333323,0.2279999999999999,100,0.0809550018506172,2.899331017745256,-0.0985376666666676
796,23_cmc.csv,0.9,0.1896789999999983,0.1969999999999999,100,0.0798747773508188,2.856290442221572,-0.007321000000001604
797,23_cmc.csv,0.95,0.3123789999999983,0.2839999999999999,100,0.0875238458549445,2.854035146109981,0.028378999999998378
798,28_optdigits.csv,0.05,0.0378246666666667,0.038,100,0.0246955766666666,0.881851074462493,-0.0001753333333332982
799,28_optdigits.csv,0.1,0.0396999999999999,0.0059999999999999,100,0.0479339288888888,0.9961763912559184,0.0337
800,28_optdigits.csv,0.15,0.034222666666667,0.039,100,0.07755376,1.1795760406820506,-0.004777333333333002
801,28_optdigits.csv,0.2,0.0525320000000001,0.0979999999999999,100,0.0957863733333333,1.4013597991071234,-0.04546799999999981
802,28_optdigits.csv,0.25,0.0390833333333343,0.067,100,0.1300538433333333,1.5187534019335698,-0.0279166666666657
803,28_optdigits.csv,0.3,0.116121000000001,0.069,100,0.1087203511111111,1.672169935098477,0.047121000000000995
804,28_optdigits.csv,0.35,0.0579899999999998,0.113,100,0.13363436,1.8677492646366096,-0.055010000000000205
805,28_optdigits.csv,0.4,0.080349333333334,0.1049999999999999,100,0.1391360177777778,1.93782383068856,-0.024650666666665905
806,28_optdigits.csv,0.44,0.1022296666666676,0.135,100,0.13453979,2.027413092340854,-0.0327703333333324
807,28_optdigits.csv,0.49,0.0909946666666681,0.15,100,0.1473298611111111,2.087778305956264,-0.0590053333333319
808,28_optdigits.csv,0.54,0.1112589999999995,0.151,100,0.1549807233333333,2.1795546274648707,-0.0397410000000005
809,28_optdigits.csv,0.6,0.1224429999999995,0.158,100,0.1530173288888888,2.2579187132351954,-0.035557000000000505
810,28_optdigits.csv,0.65,0.1583859999999999,0.1109999999999999,100,0.1505647822222222,2.41305266452922,0.047385999999999984
811,28_optdigits.csv,0.7,0.1214619999999998,0.1250000000000001,100,0.1389865988888889,2.4937885226667698,-0.003538000000000305
812,28_optdigits.csv,0.75,0.1132339999999982,0.08,100,0.1360778611111111,2.536309337895037,0.033233999999998196
813,28_optdigits.csv,0.8,0.1161336666666642,0.0739999999999999,100,0.1170777011111111,2.628796199196793,0.04213366666666431
814,28_optdigits.csv,0.85,0.0750290000000007,0.071,100,0.1039772266666666,2.518724879028978,0.004029000000000713
815,28_optdigits.csv,0.9,0.1356959999999972,0.031,100,0.0945644444444444,2.6402578672169685,0.10469599999999721
816,28_optdigits.csv,0.95,0.1261126666666662,0.02,100,0.0764301455555555,2.646581366781488,0.1061126666666662
817,28_optdigits.csv,0.05,0.0149,0.001,100,0.0324827288888888,0.9154429339553336,0.0139
818,28_optdigits.csv,0.1,0.0195363333333333,0.023,100,0.05896699,0.9956394400499538,-0.003463666666666698
819,28_optdigits.csv,0.15,0.0413403333333338,0.0189999999999999,100,0.0690012933333333,1.2729243052066992,0.0223403333333339
820,28_optdigits.csv,0.2,0.0719203333333338,0.0539999999999999,100,0.0771984444444444,1.4174240134502225,0.017920333333333892
821,28_optdigits.csv,0.25,0.0394183333333343,0.1029999999999999,100,0.1221945899999999,1.402458486224567,-0.06358166666666559
822,28_optdigits.csv,0.3,0.0637170000000016,0.093,100,0.1260169999999999,1.4705866810799022,-0.029282999999998394
823,28_optdigits.csv,0.35,0.1174070000000016,0.09,100,0.1133257544444444,1.9087559358666877,0.027407000000001597
824,28_optdigits.csv,0.4,0.1628796666666684,0.0479999999999999,100,0.1152247288888888,2.0574867231539367,0.11487966666666849
825,28_optdigits.csv,0.44,0.0934300000000006,0.1519999999999999,100,0.14566304,2.009986877768066,-0.05856999999999932
826,28_optdigits.csv,0.49,0.1542576666666667,0.132,100,0.1347874433333333,2.207860292613214,0.022257666666666703
827,28_optdigits.csv,0.54,0.0864823333333332,0.161,100,0.1640370266666666,2.0610957216634045,-0.0745176666666668
828,28_optdigits.csv,0.6,0.1211043333333329,0.156,100,0.16049844,2.192850478351002,-0.0348956666666671
829,28_optdigits.csv,0.65,0.1712716666666662,0.133,100,0.145604101111111,2.414617890219623,0.038271666666666204
830,28_optdigits.csv,0.7,0.2184263333333329,0.093,100,0.1350440622222222,2.597314331655898,0.1254263333333329
831,28_optdigits.csv,0.75,0.0879446666666664,0.1079999999999999,100,0.1403479288888889,2.4547128204482567,-0.020055333333333508
832,28_optdigits.csv,0.8,0.0936033333333291,0.0869999999999999,100,0.1146307233333333,2.6327077425814736,0.0066033333333292005
833,28_optdigits.csv,0.85,0.0590803333333376,0.085,100,0.0939394266666666,2.5552852871037843,-0.025919666666662407
834,28_optdigits.csv,0.9,0.0960286666666695,0.0599999999999999,100,0.0816322222222222,2.688982885370741,0.036028666666669595
835,28_optdigits.csv,0.95,0.1106099999999996,0.03,100,0.0725062222222222,2.597112876840606,0.0806099999999996
836,294_satellite_image.csv,0.05,0.0086000000000001,0.019,100,0.0430349155555555,0.7738829242462107,-0.010399999999999899
837,294_satellite_image.csv,0.1,0.0048976666666661,0.025,100,0.0791004211111111,0.678839963944686,-0.020102333333333902
838,294_satellite_image.csv,0.15,0.0173273333333338,0.0469999999999999,100,0.1062974844444444,0.830316207839445,-0.029672666666666105
839,294_satellite_image.csv,0.2,0.0239730000000006,0.0559999999999999,100,0.1333365511111111,1.0262611132146295,-0.03202699999999929
840,294_satellite_image.csv,0.25,0.0384956666666677,0.0569999999999999,100,0.1494204444444444,1.2884772624707268,-0.0185043333333322
841,294_satellite_image.csv,0.3,0.0151896666666662,0.0629999999999999,100,0.1795883066666666,1.268497728656346,-0.047810333333333704
842,294_satellite_image.csv,0.35,0.0143096666666687,0.0649999999999999,100,0.1957780044444444,1.3131670247838052,-0.05069033333333121
843,294_satellite_image.csv,0.4,0.0323426666666661,0.069,100,0.2059696488888889,1.2878340195556677,-0.0366573333333339
844,294_satellite_image.csv,0.44,0.025892333333335,0.0479999999999999,100,0.2100520711111111,1.5819421824581723,-0.0221076666666649
845,294_satellite_image.csv,0.49,0.032803666666667,0.069,100,0.20680756,1.65502139000034,-0.036196333333333004
846,294_satellite_image.csv,0.54,0.002383666666666,0.053,100,0.2179747766666667,1.4006146102598054,-0.050616333333334
847,294_satellite_image.csv,0.6,0.0428893333333322,0.0569999999999999,100,0.1895611288888888,1.9558879756705227,-0.014110666666667701
848,294_satellite_image.csv,0.65,0.0337236666666643,0.048,100,0.1932183766666666,1.7554277541212178,-0.014276333333335701
849,294_satellite_image.csv,0.7,0.0371160000000003,0.0409999999999999,100,0.1816697288888888,1.712737775979522,-0.003883999999999596
850,294_satellite_image.csv,0.75,0.0061026666666675,0.039,100,0.1598681599999999,1.776962907802099,-0.0328973333333325
851,294_satellite_image.csv,0.8,0.0361999999999971,0.026,100,0.1457084933333333,1.7929419166219749,0.010199999999997104
852,294_satellite_image.csv,0.85,0.0181626666666648,0.0249999999999999,100,0.1196966433333333,1.7511259416107725,-0.0068373333333351
853,294_satellite_image.csv,0.9,0.0310870000000031,0.017,100,0.0899525066666666,1.7109633021321755,0.014087000000003097
854,294_satellite_image.csv,0.95,0.0324716666666647,0.0090000000000001,100,0.0569965377777777,1.8376372746616876,0.0234716666666646
855,294_satellite_image.csv,0.05,0.01448,0.023,100,0.0398516211111111,0.6825279850492539,-0.00852
856,294_satellite_image.csv,0.1,0.0168696666666661,0.026,100,0.0763578344444444,0.9946941236606576,-0.0091303333333339
857,294_satellite_image.csv,0.15,0.0124680000000005,0.06,100,0.0989365955555555,1.187424510219174,-0.0475319999999995
858,294_satellite_image.csv,0.2,0.0143510000000013,0.039,100,0.1431954444444444,1.0548725667355836,-0.0246489999999987
859,294_satellite_image.csv,0.25,0.0137163333333351,0.0519999999999999,100,0.15559259,1.4124806560355403,-0.0382836666666648
860,294_satellite_image.csv,0.3,0.0157753333333329,0.0659999999999999,100,0.169401301111111,1.383549390085682,-0.05022466666666701
861,294_satellite_image.csv,0.35,0.0381630000000008,0.0629999999999999,100,0.17781475,1.6070981839832643,-0.024836999999999103
862,294_satellite_image.csv,0.4,0.0128463333333352,0.025,100,0.2001246666666666,1.568984209908191,-0.012153666666664802
863,294_satellite_image.csv,0.44,0.0311766666666684,0.0539999999999999,100,0.1926863822222222,1.7669452499034335,-0.022823333333331502
864,294_satellite_image.csv,0.49,0.0531346666666655,0.0869999999999999,100,0.2037040833333333,1.5775009248519107,-0.0338653333333344
865,294_satellite_image.csv,0.54,0.0103319999999993,0.057,100,0.2192328211111111,1.4675500760450464,-0.0466680000000007
866,294_satellite_image.csv,0.6,0.0364469999999989,0.0569999999999999,100,0.2006420833333333,1.732692061382286,-0.020553000000001
867,294_satellite_image.csv,0.65,0.0416039999999986,0.066,100,0.19369504,1.7212799279247184,-0.024396000000001403
868,294_satellite_image.csv,0.7,0.0325829999999998,0.0429999999999999,100,0.1825311288888889,1.762221476777839,-0.0104170000000001
869,294_satellite_image.csv,0.75,0.0335579999999967,0.028,100,0.1697040122222222,1.5866468809538434,0.005557999999996701
870,294_satellite_image.csv,0.8,0.0110000000000052,0.006,100,0.1401905277777778,1.5767886899720738,0.0050000000000052
871,294_satellite_image.csv,0.85,0.0351470000000022,0.0299999999999999,100,0.1179738788888888,1.8037192609421708,0.005147000000002299
872,294_satellite_image.csv,0.9,0.0314246666666694,0.004,100,0.0890438622222222,1.6277332676963607,0.027424666666669397
873,294_satellite_image.csv,0.95,0.0317186666666647,0.0039999999999998,100,0.0584372122222222,1.6905465404174111,0.027718666666664903
874,30_page-blocks.csv,0.05,0.1612529999999989,0.0269999999999999,100,0.1124394877777777,2.038909351514784,0.134252999999999
875,30_page-blocks.csv,0.1,0.1361999999999982,0.035,100,0.1272123155555555,2.132814856326854,0.10119999999999821
876,30_page-blocks.csv,0.15,0.1309616666666671,0.023,100,0.1360322433333333,2.3268216962522086,0.1079616666666671
877,30_page-blocks.csv,0.2,0.1367816666666646,0.0239999999999999,100,0.1668658433333333,2.0263505539170303,0.11278166666666471
878,30_page-blocks.csv,0.25,0.0902959999999984,0.0109999999999999,100,0.1624183055555556,2.101124598983824,0.0792959999999985
879,30_page-blocks.csv,0.3,0.1156966666666653,0.013,100,0.176637,2.014252342353762,0.1026966666666653
880,30_page-blocks.csv,0.35,0.124515333333332,0.018,100,0.1767651944444444,2.119809791183453,0.106515333333332
881,30_page-blocks.csv,0.4,0.0748499999999985,0.0189999999999999,100,0.1961018344444444,1.934305714366182,0.0558499999999986
882,30_page-blocks.csv,0.44,0.100879333333334,0.029,100,0.1933583322222222,1.742589145061913,0.071879333333334
883,30_page-blocks.csv,0.49,0.0779046666666672,0.026,100,0.1993474444444444,1.6925687637197329,0.05190466666666721
884,30_page-blocks.csv,0.54,0.0756930000000023,0.009,100,0.1916891766666666,1.7091313956672165,0.0666930000000023
885,30_page-blocks.csv,0.6,0.057360666666667,0.009,100,0.1840515233333333,1.4631594018443452,0.048360666666666996
886,30_page-blocks.csv,0.65,0.0385833333333364,0.021,100,0.1712034433333333,1.4194153418597226,0.017583333333336396
887,30_page-blocks.csv,0.7,0.0427996666666653,0.015,100,0.1567876211111111,1.1894021791840443,0.0277996666666653
888,30_page-blocks.csv,0.75,0.0389159999999948,0.005,100,0.1446448888888888,1.237095844210757,0.033915999999994804
889,30_page-blocks.csv,0.8,0.0387823333333365,0.031,100,0.1212383066666666,1.0570159106190489,0.0077823333333365
890,30_page-blocks.csv,0.85,0.0249389999999973,0.013,100,0.0913754166666666,0.864367195352615,0.0119389999999973
891,30_page-blocks.csv,0.9,0.0096633333333343,0.028,100,0.06700016,0.6582954809023899,-0.0183366666666657
892,30_page-blocks.csv,0.95,0.013808,0.019,100,0.0416475822222222,0.6582954809025808,-0.005191999999999999
893,30_page-blocks.csv,0.05,0.1861996666666648,0.0239999999999999,100,0.1115865544444444,2.2404635425151405,0.16219966666666488
894,30_page-blocks.csv,0.1,0.065299666666666,0.015,100,0.1006427766666666,2.071554612169423,0.05029966666666601
895,30_page-blocks.csv,0.15,0.1549809999999997,0.014,100,0.1423778433333332,2.304055160834918,0.1409809999999997
896,30_page-blocks.csv,0.2,0.1336753333333313,0.002,100,0.1495812622222222,2.307276488951442,0.13167533333333128
897,30_page-blocks.csv,0.25,0.1367376666666649,0.025,100,0.1771616177777777,2.004734928510291,0.1117376666666649
898,30_page-blocks.csv,0.3,0.138706000000001,0.008,100,0.1667566044444444,2.3127408041891084,0.130706000000001
899,30_page-blocks.csv,0.35,0.1117979999999992,0.0049999999999999,100,0.1760648211111111,2.1956079270859328,0.10679799999999931
900,30_page-blocks.csv,0.4,0.1679063333333342,0.066,100,0.178100271111111,2.054423182020809,0.10190633333333421
901,30_page-blocks.csv,0.44,0.1012140000000007,0.022,100,0.1938063599999999,1.9192815697351069,0.0792140000000007
902,30_page-blocks.csv,0.49,0.1282033333333359,0.039,100,0.1802533988888889,1.9279461426368256,0.08920333333333588
903,30_page-blocks.csv,0.54,0.0783706666666691,0.017,100,0.1822544566666666,1.7702266409545653,0.0613706666666691
904,30_page-blocks.csv,0.6,0.0872240000000028,0.049,100,0.1680801733333333,1.5933599718886031,0.0382240000000028
905,30_page-blocks.csv,0.65,0.0343836666666691,0.004,100,0.1803936388888889,1.3889993238255394,0.030383666666669102
906,30_page-blocks.csv,0.7,0.0879916666666619,0.058,100,0.1439122711111111,1.2168986882653396,0.0299916666666619
907,30_page-blocks.csv,0.75,0.0638489999999977,0.038,100,0.1343574711111111,1.167740625736577,0.0258489999999977
908,30_page-blocks.csv,0.8,0.0389500000000032,0.026,100,0.1188960833333333,1.1762695571826434,0.012950000000003199
909,30_page-blocks.csv,0.85,0.0067516666666654,0.014,100,0.1119511233333333,0.9294074082953784,-0.0072483333333346
910,30_page-blocks.csv,0.9,0.0276780000000004,0.006,100,0.07330336,0.8999699524673347,0.0216780000000004
911,30_page-blocks.csv,0.95,0.0150673333333333,0.03,100,0.0300479322222222,0.5825579297213282,-0.014932666666666698
912,312_scene.csv,0.05,0.9389123333333372,0.0289999999999999,100,0.0399201377777777,2.787314805772579,0.9099123333333373
913,312_scene.csv,0.1,0.5325093333333341,0.0289999999999999,100,0.0407289999999999,2.810500824860456,0.5035093333333341
914,312_scene.csv,0.15,0.5923176666666682,0.04,100,0.0502049066666666,2.7393025648634666,0.5523176666666682
915,312_scene.csv,0.2,0.7854813333333368,0.0559999999999999,100,0.0435207955555555,2.767627622177432,0.7294813333333369
916,312_scene.csv,0.25,0.7378246666666705,0.087,100,0.0486664655555555,2.8686093241100474,0.6508246666666705
917,312_scene.csv,0.3,0.6732513333333363,0.012,100,0.0583987777777777,2.8644522119860345,0.6612513333333363
918,312_scene.csv,0.35,0.6174693333333355,0.021,100,0.0616930177777777,2.8165376549430707,0.5964693333333355
919,312_scene.csv,0.4,0.5870710000000035,0.003,100,0.0532183055555555,2.8070549471268165,0.5840710000000034
920,312_scene.csv,0.44,0.5427153333333359,0.071,100,0.0498857155555555,2.7652904910084946,0.4717153333333359
921,312_scene.csv,0.49,0.4790610000000018,0.007,100,0.0598279766666666,2.815777379313388,0.4720610000000018
922,312_scene.csv,0.54,0.4164926666666683,0.028,100,0.0590331155555555,2.6819782503162584,0.38849266666666826
923,312_scene.csv,0.6,0.3357920000000007,0.073,100,0.0550230344444444,2.6343041308871293,0.2627920000000007
924,312_scene.csv,0.65,0.309172333333332,0.1969999999999999,100,0.0491632122222222,2.373058437024788,0.1121723333333321
925,312_scene.csv,0.7,0.2675773333333336,0.2370000000000001,100,0.0346032711111111,2.3815539215628947,0.030577333333333512
926,312_scene.csv,0.75,0.2192466666666674,0.19,100,0.0409654166666666,2.549740085644114,0.029246666666667392
927,312_scene.csv,0.8,0.1818006666666691,0.12,100,0.0396204655555555,2.517574131253016,0.06180066666666911
928,312_scene.csv,0.85,0.1365696666666701,0.136,100,0.0263166666666666,2.4275303300771887,0.0005696666666700767
929,312_scene.csv,0.9,0.0899163333333374,0.01,100,0.0214226344444444,2.473399010217253,0.0799163333333374
930,312_scene.csv,0.95,0.0399163333333375,0.05,100,0.01528764,2.2052326058688525,-0.010083666666662501
931,312_scene.csv,0.05,0.5871166666666673,0.094,100,0.0431324211111111,2.8050402515289026,0.4931166666666673
932,312_scene.csv,0.1,0.6401393333333351,0.0829999999999999,100,0.0456332566666666,2.791226349157216,0.5571393333333352
933,312_scene.csv,0.15,0.5909763333333349,0.033,100,0.0534917777777777,2.8749361945611542,0.5579763333333349
934,312_scene.csv,0.2,0.540474666666668,0.009,100,0.0595274622222222,2.7752863628643265,0.531474666666668
935,312_scene.csv,0.25,0.7361500000000033,0.093,100,0.0541020833333333,2.8326434712244533,0.6431500000000033
936,312_scene.csv,0.3,0.4346133333333344,0.002,100,0.0567118488888888,2.839388017792784,0.4326133333333344
937,312_scene.csv,0.35,0.6202343333333358,0.153,100,0.0609309988888888,2.7439706008012807,0.46723433333333575
938,312_scene.csv,0.4,0.5464453333333343,0.059,100,0.0664332044444444,2.767860424241722,0.48744533333333434
939,312_scene.csv,0.44,0.5404550000000028,0.091,100,0.0511213377777777,2.795907228546483,0.4494550000000028
940,312_scene.csv,0.49,0.4853426666666695,0.0439999999999999,100,0.0558396399999999,2.80825419050964,0.44134266666666955
941,312_scene.csv,0.54,0.4000656666666675,0.1699999999999999,100,0.0561585511111111,2.589636571271555,0.23006566666666758
942,312_scene.csv,0.6,0.3776910000000015,0.258,100,0.0443686344444444,2.574089417997394,0.11969100000000149
943,312_scene.csv,0.65,0.313284666666666,0.1039999999999999,100,0.0496054433333333,2.5084367026869265,0.2092846666666661
944,312_scene.csv,0.7,0.2696686666666672,0.271,100,0.0402442788888888,2.2654252331261397,-0.001331333333332796
945,312_scene.csv,0.75,0.2156530000000002,0.25,100,0.0394403322222222,2.247972526521699,-0.034346999999999794
946,312_scene.csv,0.8,0.1591026666666658,0.1999999999999999,100,0.0432675377777777,2.283886764503434,-0.04089733333333409
947,312_scene.csv,0.85,0.1307130000000022,0.012,100,0.0323519677777777,2.6054726288079184,0.11871300000000219
948,312_scene.csv,0.9,0.0899163333333374,0.0959999999999999,100,0.0204023377777777,2.4000461423922257,-0.0060836666666625044
949,312_scene.csv,0.95,0.0397490000000041,0.05,100,0.0218449155555555,2.38143914877427,-0.010250999999995902
950,375_JapaneseVowels.csv,0.05,0.0107183333333333,0.003,100,0.0522359677777777,0.8774765466827454,0.0077183333333333
951,375_JapaneseVowels.csv,0.1,0.0192853333333333,0.037,100,0.0590554166666666,0.8636136030728224,-0.017714666666666698
952,375_JapaneseVowels.csv,0.15,0.0143933333333339,0.0339999999999999,100,0.1107381822222221,0.8679982731374333,-0.019606666666666
953,375_JapaneseVowels.csv,0.2,0.0320890000000002,0.0249999999999999,100,0.1176708655555555,1.3806572951317015,0.0070890000000003
954,375_JapaneseVowels.csv,0.25,0.0625103333333346,0.031,100,0.1226255766666666,1.7144473095884978,0.0315103333333346
955,375_JapaneseVowels.csv,0.3,0.0147713333333329,0.014,100,0.1645757011111111,1.5671505272265234,0.0007713333333329003
956,375_JapaneseVowels.csv,0.35,0.0285033333333347,0.0049999999999999,100,0.1765262222222222,1.6215943060538476,0.0235033333333348
957,375_JapaneseVowels.csv,0.4,0.0131820000000019,0.0179999999999999,100,0.1880299733333333,1.81110613342151,-0.004817999999998001
958,375_JapaneseVowels.csv,0.44,0.0336950000000017,0.0259999999999999,100,0.1896359511111111,1.7004428318833007,0.007695000000001801
959,375_JapaneseVowels.csv,0.49,0.0571516666666659,0.0219999999999999,100,0.1822016666666666,1.9488950880871616,0.035151666666666
960,375_JapaneseVowels.csv,0.54,0.0857323333333336,0.003,100,0.1767050711111111,2.057769250115326,0.0827323333333336
961,375_JapaneseVowels.csv,0.6,0.072841999999999,0.011,100,0.17750356,2.12924026607603,0.06184199999999901
962,375_JapaneseVowels.csv,0.65,0.0706330000000005,0.012,100,0.1703110044444444,2.204074981866025,0.058633000000000504
963,375_JapaneseVowels.csv,0.7,0.0391246666666666,0.037,100,0.164125,2.032119502511788,0.002124666666666601
964,375_JapaneseVowels.csv,0.75,0.0831703333333332,0.0,100,0.1519923677777777,2.2059673298653304,0.0831703333333332
965,375_JapaneseVowels.csv,0.8,0.0361999999999971,0.012,100,0.1400633544444444,1.966408118089396,0.024199999999997102
966,375_JapaneseVowels.csv,0.85,0.0365693333333357,0.025,100,0.1084058611111111,2.21097474157449,0.0115693333333357
967,375_JapaneseVowels.csv,0.9,0.0693259999999992,0.006,100,0.09944379,2.036866798257684,0.06332599999999919
968,375_JapaneseVowels.csv,0.95,0.0183320000000014,0.018,100,0.0536104177777777,1.8432240206367645,0.0003320000000014006
969,375_JapaneseVowels.csv,0.05,0.0149,0.03,100,0.0335063233333333,0.7861127073028252,-0.015099999999999999
970,375_JapaneseVowels.csv,0.1,0.0097569999999996,0.035,100,0.0721295555555555,0.8897994642303582,-0.025243000000000404
971,375_JapaneseVowels.csv,0.15,0.0236813333333337,0.0199999999999999,100,0.0963244266666666,0.9122636291806048,0.0036813333333338
972,375_JapaneseVowels.csv,0.2,0.0151880000000012,0.009,100,0.11791331,1.474676876501231,0.006188000000001201
973,375_JapaneseVowels.csv,0.25,0.0138840000000017,0.01,100,0.1347622788888889,1.486976340082079,0.0038840000000017003
974,375_JapaneseVowels.csv,0.3,0.0157753333333329,0.0139999999999999,100,0.1677447377777777,1.4395003638507713,0.0017753333333329988
975,375_JapaneseVowels.csv,0.35,0.0294273333333346,0.008,100,0.1652395155555555,1.8523786062964125,0.0214273333333346
976,375_JapaneseVowels.csv,0.4,0.0369449999999989,0.009,100,0.1787383322222222,1.8577088295144255,0.0279449999999989
977,375_JapaneseVowels.csv,0.44,0.0512506666666684,0.021,100,0.1853729722222222,1.7574196557020372,0.0302506666666684
978,375_JapaneseVowels.csv,0.49,0.0323853333333336,0.03,100,0.17970116,2.104950473560664,0.0023853333333336
979,375_JapaneseVowels.csv,0.54,0.0763613333333341,0.012,100,0.1866605822222221,2.0076701891230693,0.0643613333333341
980,375_JapaneseVowels.csv,0.6,0.0390406666666657,0.03,100,0.1750402488888889,2.150132962312684,0.009040666666665705
981,375_JapaneseVowels.csv,0.65,0.0408469999999983,0.006,100,0.1834884444444444,2.0222934995195736,0.0348469999999983
982,375_JapaneseVowels.csv,0.7,0.0873219999999977,0.0129999999999999,100,0.1736402488888888,2.110117327062952,0.07432199999999779
983,375_JapaneseVowels.csv,0.75,0.0114673333333369,0.041,100,0.1448314788888889,2.058349970637969,-0.029532666666663102
984,375_JapaneseVowels.csv,0.8,0.0437299999999991,0.014,100,0.1358837733333333,2.1102307424520697,0.029729999999999104
985,375_JapaneseVowels.csv,0.85,0.0183299999999982,0.017,100,0.1085252266666666,1.86141368083186,0.0013299999999981972
986,375_JapaneseVowels.csv,0.9,0.0410666666666683,0.025,100,0.08312604,2.154591567316799,0.016066666666668297
987,375_JapaneseVowels.csv,0.95,0.0344796666666648,0.019,100,0.0550619677777777,2.1467130475554006,0.0154796666666648
988,40733_yeast.csv,0.05,0.038494,0.008,100,0.0385605277777777,2.752406377087488,0.030494
989,40733_yeast.csv,0.1,0.0884940000000001,0.025,100,0.0382215322222222,2.697912846899056,0.0634940000000001
990,40733_yeast.csv,0.15,0.1387450000000001,0.207,100,0.03756499,2.826848784510191,-0.0682549999999999
991,40733_yeast.csv,0.2,0.1881590000000001,0.0459999999999999,100,0.0409479733333333,2.8128675092979494,0.1421590000000002
992,40733_yeast.csv,0.25,0.2388286666666667,0.24,100,0.0429271322222222,2.879815542915198,-0.001171333333333302
993,40733_yeast.csv,0.3,0.2884936666666667,0.005,100,0.04235211,2.8122947704512558,0.2834936666666667
994,40733_yeast.csv,0.35,0.3389123333333333,0.129,100,0.0398893066666666,2.8686583653495155,0.2099123333333333
995,40733_yeast.csv,0.4,0.3874053333333334,0.0529999999999999,100,0.0494688122222222,2.802562577376249,0.3344053333333335
996,40733_yeast.csv,0.44,0.428661,0.014,100,0.0421156388888889,2.816453999673749,0.414661
997,40733_yeast.csv,0.49,0.4769033333333334,0.074,100,0.0441713511111111,2.799726403305228,0.4029033333333334
998,40733_yeast.csv,0.54,0.5201173333333335,0.132,100,0.0380080266666666,2.857622780726038,0.38811733333333354
999,40733_yeast.csv,0.6,0.5886613333333334,0.005,100,0.03653211,2.769292750620352,0.5836613333333334
1000,40733_yeast.csv,0.65,0.3786619999999997,0.071,100,0.0415011233333333,2.8506082880746773,0.3076619999999997
1001,40733_yeast.csv,0.7,0.4190293333333326,0.1969999999999999,100,0.0376087677777777,2.713419664472473,0.2220293333333327
1002,40733_yeast.csv,0.75,0.4301666666666659,0.126,100,0.0412456388888889,2.744944562509935,0.3041666666666659
1003,40733_yeast.csv,0.8,0.5207043333333328,0.124,100,0.0408604622222222,2.8370844260713843,0.39670433333333277
1004,40733_yeast.csv,0.85,0.4921413333333326,0.118,100,0.0380472211111111,2.7597968465015605,0.3741413333333326
1005,40733_yeast.csv,0.9,0.5481713333333325,0.236,100,0.0356997822222222,2.7561719181144744,0.31217133333333247
1006,40733_yeast.csv,0.95,0.5981713333333325,0.3039999999999999,100,0.0334727955555555,2.7575563474963056,0.2941713333333326
1007,40733_yeast.csv,0.05,0.0385776666666667,0.05,100,0.0373252222222222,2.607155039056663,-0.011422333333333305
1008,40733_yeast.csv,0.1,0.0877406666666667,0.011,100,0.0343550344444444,2.7313427819689937,0.07674066666666671
1009,40733_yeast.csv,0.15,0.1356480000000001,0.0199999999999999,100,0.0476591377777777,2.7443415455581768,0.1156480000000002
1010,40733_yeast.csv,0.2,0.1887446666666667,0.052,100,0.0422241455555555,2.74277806552505,0.1367446666666667
1011,40733_yeast.csv,0.25,0.2374056666666667,0.0579999999999999,100,0.0427296666666666,2.7937125094385493,0.1794056666666668
1012,40733_yeast.csv,0.3,0.2884940000000001,0.0349999999999999,100,0.0431498877777777,2.8415577761199105,0.25349400000000016
1013,40733_yeast.csv,0.35,0.0786616666666665,0.161,100,0.0479912266666666,2.89800968108059,-0.0823383333333335
1014,40733_yeast.csv,0.4,0.3888286666666667,0.0229999999999999,100,0.0428634488888888,2.8466302266040366,0.3658286666666668
1015,40733_yeast.csv,0.44,0.4215430000000001,0.0329999999999999,100,0.0524719511111111,2.891683954871111,0.3885430000000002
1016,40733_yeast.csv,0.49,0.4788286666666667,0.1109999999999999,100,0.03904891,2.827481167825623,0.3678286666666668
1017,40733_yeast.csv,0.54,0.5288286666666668,0.209,100,0.0391971766666666,2.7837187546857174,0.31982866666666687
1018,40733_yeast.csv,0.6,0.5887450000000001,0.0349999999999999,100,0.0402571677777777,2.886814464115285,0.5537450000000002
1019,40733_yeast.csv,0.65,0.3818453333333332,0.1029999999999999,100,0.0455408566666666,2.7179525893326733,0.2788453333333333
1020,40733_yeast.csv,0.7,0.4276569999999998,0.1919999999999999,100,0.0451662344444444,2.840041794471956,0.2356569999999999
1021,40733_yeast.csv,0.75,0.4320089999999992,0.162,100,0.0379098877777777,2.828593432298327,0.27000899999999917
1022,40733_yeast.csv,0.8,0.4304993333333328,0.0789999999999999,100,0.0334107955555555,2.79593685147446,0.3514993333333329
1023,40733_yeast.csv,0.85,0.4906336666666659,0.1069999999999999,100,0.0316687322222222,2.8229302978501782,0.383633666666666
1024,40733_yeast.csv,0.9,0.5305829999999994,0.14,100,0.0378091944444444,2.8003856106027536,0.39058299999999935
1025,40733_yeast.csv,0.95,0.9354783333333334,0.1349999999999999,100,0.0336495377777777,2.772774097559302,0.8004783333333335
1026,44_spambase.csv,0.05,0.0328899999999999,0.004,100,0.056686299724937,1.97521860547842,0.0288899999999999
1027,44_spambase.csv,0.1,0.0848013333333323,0.0249999999999999,100,0.0991601279012345,2.1570540438204184,0.0598013333333324
1028,44_spambase.csv,0.15,0.0491196666666654,0.015,100,0.1098383920987654,2.1447788155412777,0.0341196666666654
1029,44_spambase.csv,0.2,0.0110856666666656,0.017,100,0.1136290174305555,2.2205167907614864,-0.005914333333334401
1030,44_spambase.csv,0.25,0.0070230000000015,0.0219999999999999,100,0.1358214313194444,2.0579786486638127,-0.014976999999998401
1031,44_spambase.csv,0.3,0.0199836666666654,0.0209999999999999,100,0.1541284097222222,2.1881496204333115,-0.0010163333333345
1032,44_spambase.csv,0.35,0.0185076666666685,0.0709999999999999,100,0.1473291535416666,2.1628860346240595,-0.05249233333333139
1033,44_spambase.csv,0.4,0.011844666666665,0.019,100,0.1617975516280864,2.4332053988989264,-0.007155333333335
1034,44_spambase.csv,0.44,0.0220489999999992,0.002,100,0.1693659664848576,2.1969592428069173,0.0200489999999992
1035,44_spambase.csv,0.49,0.0373253333333342,0.001,100,0.1616421497222222,2.442235217901473,0.0363253333333342
1036,44_spambase.csv,0.54,0.015521000000001,0.029,100,0.1703455453317901,2.3128529877132338,-0.013478999999999002
1037,44_spambase.csv,0.6,0.0130970000000023,0.006,100,0.165449971728395,2.220323913934058,0.007097000000002299
1038,44_spambase.csv,0.65,0.0129713333333306,0.016,100,0.1678119317161187,2.156100911356376,-0.0030286666666693995
1039,44_spambase.csv,0.7,0.0031373333333372,0.004,100,0.1437995331712963,2.2620739199614195,-0.0008626666666628003
1040,44_spambase.csv,0.75,0.0138000000000029,0.011,100,0.1276204300988914,2.1166333937491277,0.002800000000002901
1041,44_spambase.csv,0.8,0.0001276666666628,0.011,100,0.1172272271352985,2.1129817525950387,-0.0108723333333372
1042,44_spambase.csv,0.85,0.0352306666666687,0.0179999999999999,100,0.1037063882407407,1.8639012125747112,0.0172306666666688
1043,44_spambase.csv,0.9,0.002300666666667,0.01,100,0.0656265455555555,2.0371288516705355,-0.007699333333333
1044,44_spambase.csv,0.95,0.0341449999999979,0.0119999999999999,100,0.0586140360725308,2.052677726149109,0.022144999999998
1045,44_spambase.csv,0.05,0.0103,0.008,100,0.0479391149999999,1.592589638915796,0.0023
1046,44_spambase.csv,0.1,0.0506513333333331,0.0139999999999999,100,0.079865314512037,2.074109363422684,0.036651333333333196
1047,44_spambase.csv,0.15,0.0678046666666654,0.017,100,0.1118969205555555,2.239836709020254,0.0508046666666654
1048,44_spambase.csv,0.2,0.0436463333333318,0.007,100,0.1224182846527777,2.385348205976126,0.0366463333333318
1049,44_spambase.csv,0.25,0.0156513333333335,0.0449999999999999,100,0.1420403719444444,2.1618296736381217,-0.0293486666666664
1050,44_spambase.csv,0.3,0.0392079999999983,0.005,100,0.1448753469444444,2.386189286643664,0.0342079999999983
1051,44_spambase.csv,0.35,0.0350609999999982,0.003,100,0.1449843984432098,2.440771493598698,0.032060999999998195
1052,44_spambase.csv,0.4,0.0238116666666664,0.013,100,0.1577091150898147,2.432895227091992,0.010811666666666402
1053,44_spambase.csv,0.44,0.0017180000000008,0.011,100,0.1838002997666666,2.125980259616726,-0.009281999999999199
1054,44_spambase.csv,0.49,0.0233533333333342,0.0219999999999999,100,0.1595934076987654,2.4532727002138683,0.0013533333333342994
1055,44_spambase.csv,0.54,0.0464803333333324,0.013,100,0.1742269751234568,2.2166294514114706,0.033480333333332404
1056,44_spambase.csv,0.6,0.0526743333333342,0.038,100,0.162926735154321,2.200883067585784,0.014674333333334198
1057,44_spambase.csv,0.65,0.0111263333333332,0.0,100,0.1526883031712962,2.2246372330313813,0.0111263333333332
1058,44_spambase.csv,0.7,0.009755666666664,0.0079999999999998,100,0.1448541502749999,2.235604358102543,0.001755666666664199
1059,44_spambase.csv,0.75,0.0137163333333362,0.01,100,0.138185239220679,1.9679226162239976,0.0037163333333361994
1060,44_spambase.csv,0.8,0.0110846666666718,0.028,100,0.1185430646527777,2.215697686423392,-0.016915333333328203
1061,44_spambase.csv,0.85,0.0378243333333359,0.0359999999999999,100,0.1165074655169752,1.9897077461536248,0.001824333333336002
1062,44_spambase.csv,0.9,0.0353626666666694,0.018,100,0.0783105084876543,2.0723512384078804,0.017362666666669403
1063,44_spambase.csv,0.95,0.0103000000000034,0.0090000000000001,100,0.0447445651351662,1.905693900007316,0.0013000000000033003
1064,4538_GesturePhaseSegmentationProcessed.csv,0.05,0.0380753333333334,0.224,100,0.0319883511111111,2.7360050402702085,-0.1859246666666666
1065,4538_GesturePhaseSegmentationProcessed.csv,0.1,0.0885773333333334,0.271,100,0.0338061988888888,2.788148031716647,-0.18242266666666662
1066,4538_GesturePhaseSegmentationProcessed.csv,0.15,0.1385776666666667,0.047,100,0.0319284711111111,2.6718519704382504,0.09157766666666671
1067,4538_GesturePhaseSegmentationProcessed.csv,0.2,0.1873226666666667,0.055,100,0.04027619,2.6681606879941557,0.1323226666666667
1068,4538_GesturePhaseSegmentationProcessed.csv,0.25,0.2385776666666667,0.067,100,0.0377257011111111,2.701391221561944,0.17157766666666668
1069,4538_GesturePhaseSegmentationProcessed.csv,0.3,0.2884940000000001,0.021,100,0.0425428122222222,2.78222333559083,0.26749400000000007
1070,4538_GesturePhaseSegmentationProcessed.csv,0.35,0.3387450000000001,0.077,100,0.03838139,2.8046392214485536,0.26174500000000006
1071,4538_GesturePhaseSegmentationProcessed.csv,0.4,0.3888286666666667,0.068,100,0.0404227766666666,2.8676270690522188,0.3208286666666667
1072,4538_GesturePhaseSegmentationProcessed.csv,0.44,0.4270710000000001,0.1099999999999999,100,0.0447594622222222,2.7790869165359946,0.3170710000000002
1073,4538_GesturePhaseSegmentationProcessed.csv,0.49,0.4770710000000001,0.1069999999999999,100,0.0492344566666666,2.75958931716306,0.37007100000000015
1074,4538_GesturePhaseSegmentationProcessed.csv,0.54,0.5267363333333335,0.058,100,0.0534115555555555,2.8516874813698467,0.4687363333333335
1075,4538_GesturePhaseSegmentationProcessed.csv,0.6,0.5873220000000001,0.0989999999999999,100,0.0462774433333333,2.803666425378621,0.48832200000000026
1076,4538_GesturePhaseSegmentationProcessed.csv,0.65,0.6384936666666667,0.026,100,0.0419986266666666,2.7864245207302374,0.6124936666666667
1077,4538_GesturePhaseSegmentationProcessed.csv,0.7,0.6889123333333333,0.1809999999999999,100,0.0399547777777777,2.7442450059350025,0.5079123333333334
1078,4538_GesturePhaseSegmentationProcessed.csv,0.75,0.7384100000000001,0.127,100,0.0425002488888889,2.828884616906279,0.6114100000000001
1079,4538_GesturePhaseSegmentationProcessed.csv,0.8,0.7884100000000002,0.062,100,0.0414666711111111,2.7631279105398234,0.7264100000000002
1080,4538_GesturePhaseSegmentationProcessed.csv,0.85,0.8386613333333334,0.0369999999999999,100,0.03848339,2.785330131715554,0.8016613333333334
1081,4538_GesturePhaseSegmentationProcessed.csv,0.9,0.8884940000000001,0.013,100,0.0326688711111111,2.7093890438546557,0.8754940000000001
1082,4538_GesturePhaseSegmentationProcessed.csv,0.95,0.9393306666666668,0.038,100,0.0273438788888888,2.656653638685865,0.9013306666666667
1083,4538_GesturePhaseSegmentationProcessed.csv,0.05,0.039498,0.137,100,0.0284823066666666,2.652746984676177,-0.097502
1084,4538_GesturePhaseSegmentationProcessed.csv,0.1,0.089498,0.224,100,0.0284528488888888,2.7497675277392424,-0.134502
1085,4538_GesturePhaseSegmentationProcessed.csv,0.15,0.137239,0.1119999999999999,100,0.0380572933333333,2.6028642575673864,0.025239000000000095
1086,4538_GesturePhaseSegmentationProcessed.csv,0.2,0.1889123333333334,0.1149999999999999,100,0.0390619233333333,2.7120563718898825,0.07391233333333351
1087,4538_GesturePhaseSegmentationProcessed.csv,0.25,0.2379083333333334,0.0789999999999999,100,0.0398753955555555,2.6512634999587834,0.15890833333333348
1088,4538_GesturePhaseSegmentationProcessed.csv,0.3,0.2885776666666667,0.136,100,0.0364183377777777,2.841396600924754,0.15257766666666667
1089,4538_GesturePhaseSegmentationProcessed.csv,0.35,0.3383263333333334,0.036,100,0.0407154844444444,2.7685729124200904,0.3023263333333334
1090,4538_GesturePhaseSegmentationProcessed.csv,0.4,0.3887450000000001,0.148,100,0.0382132266666666,2.773132198866988,0.24074500000000013
1091,4538_GesturePhaseSegmentationProcessed.csv,0.44,0.4176046666666668,0.122,100,0.05451656,2.844281417623559,0.2956046666666668
1092,4538_GesturePhaseSegmentationProcessed.csv,0.49,0.4751466666666668,0.1129999999999999,100,0.0438428488888888,2.820094123780301,0.36214666666666684
1093,4538_GesturePhaseSegmentationProcessed.csv,0.54,0.5274056666666668,0.019,100,0.0493640833333333,2.840473990334704,0.5084056666666668
1094,4538_GesturePhaseSegmentationProcessed.csv,0.6,0.5870703333333334,0.118,100,0.0450568655555555,2.813288703322045,0.46907033333333337
1095,4538_GesturePhaseSegmentationProcessed.csv,0.65,0.6383260000000002,0.0799999999999999,100,0.0428497822222222,2.777721506854991,0.5583260000000003
1096,4538_GesturePhaseSegmentationProcessed.csv,0.7,0.688745,0.01,100,0.0401555322222222,2.839112028902145,0.678745
1097,4538_GesturePhaseSegmentationProcessed.csv,0.75,0.7384103333333334,0.012,100,0.0429040933333333,2.847509806692719,0.7264103333333334
1098,4538_GesturePhaseSegmentationProcessed.csv,0.8,0.7883263333333335,0.051,100,0.0422644211111111,2.773422239234649,0.7373263333333334
1099,4538_GesturePhaseSegmentationProcessed.csv,0.85,0.8385776666666668,0.127,100,0.0335661455555555,2.773805393856622,0.7115776666666668
1100,4538_GesturePhaseSegmentationProcessed.csv,0.9,0.8885776666666668,0.1059999999999999,100,0.0395929988888888,2.7521927124034606,0.782577666666667
1101,4538_GesturePhaseSegmentationProcessed.csv,0.95,0.938745,0.1099999999999999,100,0.0399083055555555,2.736514686403197,0.8287450000000002
1102,60_waveform-5000.csv,0.05,0.0261893333333334,0.009,100,0.0427662344444444,2.3433988648670403,0.017189333333333404
1103,60_waveform-5000.csv,0.1,0.0465833333333335,0.1,100,0.0503597988888888,2.318928675056242,-0.05341666666666651
1104,60_waveform-5000.csv,0.15,0.0209260000000005,0.0099999999999999,100,0.06765164,2.5673705244821123,0.0109260000000006
1105,60_waveform-5000.csv,0.2,0.0669936666666672,0.013,100,0.0672054344444444,2.640836983230829,0.0539936666666672
1106,60_waveform-5000.csv,0.25,0.0423366666666677,0.003,100,0.0803747777777777,2.5520760725694034,0.0393366666666677
1107,60_waveform-5000.csv,0.3,0.0949320000000011,0.124,100,0.0812365277777777,2.502155022325435,-0.0290679999999989
1108,60_waveform-5000.csv,0.35,0.1039540000000006,0.0359999999999999,100,0.0837976711111111,2.7117948102090685,0.06795400000000071
1109,60_waveform-5000.csv,0.4,0.1731310000000013,0.067,100,0.0879904622222222,2.686193464054613,0.10613100000000131
1110,60_waveform-5000.csv,0.44,0.207279,0.022,100,0.1051098344444444,2.6173153714505863,0.185279
1111,60_waveform-5000.csv,0.49,0.1920253333333335,0.037,100,0.0975259322222221,2.8093573946064168,0.1550253333333335
1112,60_waveform-5000.csv,0.54,0.1976283333333344,0.021,100,0.1027329999999999,2.791595117475734,0.17662833333333441
1113,60_waveform-5000.csv,0.6,0.3851186666666669,0.061,100,0.0803159322222222,2.88368498833578,0.3241186666666669
1114,60_waveform-5000.csv,0.65,0.2473306666666669,0.0689999999999999,100,0.0826472566666666,2.9077634095656606,0.178330666666667
1115,60_waveform-5000.csv,0.7,0.0749559999999991,0.029,100,0.0957300655555555,2.7912142727328195,0.04595599999999911
1116,60_waveform-5000.csv,0.75,0.1285596666666667,0.065,100,0.0793123155555555,2.8755162752959293,0.06355966666666671
1117,60_waveform-5000.csv,0.8,0.0064253333333341,0.0399999999999999,100,0.0731020622222222,2.813749377871244,-0.033574666666665795
1118,60_waveform-5000.csv,0.85,0.0361553333333307,0.07,100,0.0672754788888888,2.7616733031228224,-0.033844666666669306
1119,60_waveform-5000.csv,0.9,0.0201309999999994,0.029,100,0.0643462222222222,2.827731727666784,-0.008869000000000602
1120,60_waveform-5000.csv,0.95,0.0383266666666705,0.05,100,0.0388782877777777,2.62908623956538,-0.011673333333329504
1121,60_waveform-5000.csv,0.05,0.0355656666666667,0.05,100,0.0333044844444444,2.3783430093409943,-0.014434333333333306
1122,60_waveform-5000.csv,0.1,0.0863186666666667,0.1,100,0.0390179233333333,2.4301274800742583,-0.01368133333333331
1123,60_waveform-5000.csv,0.15,0.064851,0.059,100,0.0582737511111111,2.4652294094989644,0.005851000000000009
1124,60_waveform-5000.csv,0.2,0.0155296666666677,0.0289999999999999,100,0.0832508888888889,2.401517227490556,-0.013470333333332201
1125,60_waveform-5000.csv,0.25,0.0461043333333344,0.0229999999999999,100,0.0814391733333333,2.6141388662643115,0.0231043333333345
1126,60_waveform-5000.csv,0.3,0.0984496666666677,0.0669999999999999,100,0.07935884,2.553456430429581,0.03144966666666779
1127,60_waveform-5000.csv,0.35,0.1269026666666678,0.001,100,0.0878973733333333,2.734231258619807,0.1259026666666678
1128,60_waveform-5000.csv,0.4,0.0501720000000006,0.0799999999999999,100,0.0972125822222222,2.8085029087392748,-0.029827999999999306
1129,60_waveform-5000.csv,0.44,0.2032596666666667,0.012,100,0.1010654788888889,2.602546711370606,0.1912596666666667
1130,60_waveform-5000.csv,0.49,0.1603603333333334,0.05,100,0.0968231377777777,2.8180999907356155,0.11036033333333341
1131,60_waveform-5000.csv,0.54,0.2628863333333336,0.022,100,0.0989397455555555,2.750028690808167,0.24088633333333362
1132,60_waveform-5000.csv,0.6,0.2015106666666662,0.056,100,0.0919509722222222,2.744733116654369,0.1455106666666662
1133,60_waveform-5000.csv,0.65,0.180149666666666,0.041,100,0.0927394788888889,2.81769781641387,0.13914966666666598
1134,60_waveform-5000.csv,0.7,0.1248729999999995,0.045,100,0.0920283377777777,2.924574262591835,0.0798729999999995
1135,60_waveform-5000.csv,0.75,0.3470746666666663,0.028,100,0.0832708211111111,2.895595099644135,0.3190746666666663
1136,60_waveform-5000.csv,0.8,0.0690046666666694,0.0429999999999999,100,0.0814510344444444,2.8718578771206444,0.026004666666669507
1137,60_waveform-5000.csv,0.85,0.0226673333333311,0.046,100,0.0692372122222222,2.849111724739509,-0.0233326666666689
1138,60_waveform-5000.csv,0.9,0.0776016666666685,0.0749999999999999,100,0.0538244444444444,2.791487512227864,0.002601666666668598
1139,60_waveform-5000.csv,0.95,0.0168953333333338,0.03,100,0.0500236844444444,2.7138908725919264,-0.013104666666666199
1140,679_rmftsa_sleepdata.csv,0.05,0.1194913333333327,0.0379999999999999,100,0.082151916936769,2.35328484876387,0.0814913333333328
1141,679_rmftsa_sleepdata.csv,0.1,0.1362833333333316,0.145,100,0.1056962580566544,2.5173666019139382,-0.008716666666668399
1142,679_rmftsa_sleepdata.csv,0.15,0.0594283333333321,0.069,100,0.0939662114918042,2.6014045270835053,-0.009571666666667908
1143,679_rmftsa_sleepdata.csv,0.2,0.1094189999999991,0.0899999999999999,100,0.1210950718208014,2.378821957959365,0.0194189999999992
1144,679_rmftsa_sleepdata.csv,0.25,0.0014069999999995,0.0489999999999999,100,0.1040879402600593,2.5639457708142377,-0.0475930000000004
1145,679_rmftsa_sleepdata.csv,0.3,0.0668593333333334,0.009,100,0.1134985969356763,2.5105706404421664,0.057859333333333395
1146,679_rmftsa_sleepdata.csv,0.35,0.0670180000000005,0.057,100,0.1057174284897575,2.670306654929131,0.010018000000000492
1147,679_rmftsa_sleepdata.csv,0.4,0.0642460000000011,0.038,100,0.1079724844920473,2.678836441549202,0.026246000000001095
1148,679_rmftsa_sleepdata.csv,0.44,0.0254786666666657,0.017,100,0.129171185631047,2.569190597974313,0.008478666666665698
1149,679_rmftsa_sleepdata.csv,0.49,0.1444480000000009,0.0979999999999999,100,0.108751229170581,2.511768630040509,0.046448000000001
1150,679_rmftsa_sleepdata.csv,0.54,0.32721,0.204,100,0.1118839779938198,2.5836493566725576,0.12321000000000001
1151,679_rmftsa_sleepdata.csv,0.6,0.2109716666666663,0.015,100,0.1037027369651998,2.6572766481971337,0.19597166666666632
1152,679_rmftsa_sleepdata.csv,0.65,0.173362333333333,0.071,100,0.117105187096158,2.6813828318186173,0.10236233333333301
1153,679_rmftsa_sleepdata.csv,0.7,0.2634936666666666,0.121,100,0.1076746044535557,2.758848061232023,0.14249366666666663
1154,679_rmftsa_sleepdata.csv,0.75,0.4095576666666675,0.284,100,0.1061662205797755,2.6326587013432885,0.1255576666666675
1155,679_rmftsa_sleepdata.csv,0.8,0.1111969999999965,0.076,100,0.0983358670702318,2.718009546704651,0.035196999999996495
1156,679_rmftsa_sleepdata.csv,0.85,0.2248593333333315,0.13,100,0.1107316236134557,2.639534658130289,0.09485933333333149
1157,679_rmftsa_sleepdata.csv,0.9,0.1629733333333367,0.0919999999999999,100,0.0988166077601031,2.694535492497744,0.07097333333333679
1158,679_rmftsa_sleepdata.csv,0.95,0.3605403333333328,0.3069999999999999,100,0.0935905114601062,2.636885018648245,0.05354033333333291
1159,679_rmftsa_sleepdata.csv,0.05,0.1581723333333321,0.148,100,0.0932805665416258,2.5443250781328457,0.010172333333332118
1160,679_rmftsa_sleepdata.csv,0.1,0.1189063333333321,0.143,100,0.0949728308937415,2.584744400862069,-0.024093666666667887
1161,679_rmftsa_sleepdata.csv,0.15,0.1072839999999993,0.159,100,0.1079949674481312,2.413778384315943,-0.051716000000000706
1162,679_rmftsa_sleepdata.csv,0.2,0.0520749999999992,0.037,100,0.105731970351589,2.5162612110606326,0.0150749999999992
1163,679_rmftsa_sleepdata.csv,0.25,0.002074333333333,0.0789999999999999,100,0.1080397537888265,2.3826735360588303,-0.0769256666666669
1164,679_rmftsa_sleepdata.csv,0.3,0.0665743333333327,0.112,100,0.1236648818706534,2.5832381219745773,-0.04542566666666731
1165,679_rmftsa_sleepdata.csv,0.35,0.119959,0.0949999999999999,100,0.1073383467661178,2.4534396345408056,0.024959000000000092
1166,679_rmftsa_sleepdata.csv,0.4,0.1330106666666665,0.083,100,0.1042057437069843,2.543169202039879,0.050010666666666495
1167,679_rmftsa_sleepdata.csv,0.44,0.0484440000000003,0.0419999999999999,100,0.1363616959912647,2.524140001415679,0.006444000000000401
1168,679_rmftsa_sleepdata.csv,0.49,0.1556706666666678,0.0869999999999999,100,0.1203641653676958,2.614852351194965,0.06867066666666789
1169,679_rmftsa_sleepdata.csv,0.54,0.1959553333333343,0.092,100,0.1103575123400509,2.636844581218635,0.10395533333333429
1170,679_rmftsa_sleepdata.csv,0.6,0.1835696666666673,0.1889999999999999,100,0.1264709439387681,2.620797609876109,-0.005430333333332593
1171,679_rmftsa_sleepdata.csv,0.65,0.2082826666666664,0.147,100,0.1107073062748538,2.7213159560392777,0.0612826666666664
1172,679_rmftsa_sleepdata.csv,0.7,0.3684323333333348,0.3569999999999999,100,0.1051731469135645,2.6039373169987976,0.011432333333334932
1173,679_rmftsa_sleepdata.csv,0.75,0.2863600000000002,0.268,100,0.1178642634261322,2.6377026731397617,0.01836000000000021
1174,679_rmftsa_sleepdata.csv,0.8,0.2680729999999991,0.17,100,0.1125224338604604,2.7300097674921164,0.0980729999999991
1175,679_rmftsa_sleepdata.csv,0.85,0.1659699999999969,0.0639999999999999,100,0.0992001162766983,2.7604629561709637,0.101969999999997
1176,679_rmftsa_sleepdata.csv,0.9,0.1913650000000014,0.2049999999999999,100,0.0877887429652431,2.631283832675744,-0.01363499999999851
1177,679_rmftsa_sleepdata.csv,0.95,0.2669819999999987,0.2639999999999999,100,0.0907385024531138,2.6489435468796985,0.002981999999998819
1178,AedesQuinx.csv,0.05,0.0779026666666663,0.0059999999999999,100,0.0668244177777777,2.6094251838675566,0.0719026666666664
1179,AedesQuinx.csv,0.1,0.0689036666666661,0.0129999999999999,100,0.07424371,2.569819027674162,0.0559036666666662
1180,AedesQuinx.csv,0.15,0.0740183333333321,0.045,100,0.0925238611111111,2.7100333615472,0.029018333333332105
1181,AedesQuinx.csv,0.2,0.1294666666666661,0.125,100,0.10110284,2.74641973248275,0.0044666666666660915
1182,AedesQuinx.csv,0.25,0.1152303333333341,0.077,100,0.1176586622222222,2.6777660633373213,0.0382303333333341
1183,AedesQuinx.csv,0.3,0.057783666666667,0.0,100,0.1160535233333333,2.66115875276576,0.057783666666667
1184,AedesQuinx.csv,0.35,0.0545346666666656,0.006,100,0.1052813333333333,2.779037875294302,0.0485346666666656
1185,AedesQuinx.csv,0.4,0.0443053333333328,0.008,100,0.1130178044444444,2.7922276239148256,0.0363053333333328
1186,AedesQuinx.csv,0.44,0.0155229999999995,0.02,100,0.1055671377777777,2.856521306390012,-0.0044770000000005
1187,AedesQuinx.csv,0.49,0.0115273333333334,0.0429999999999999,100,0.1138594444444444,2.7990151689150675,-0.031472666666666496
1188,AedesQuinx.csv,0.54,0.05692,0.031,100,0.1172463333333333,2.786613030368956,0.02592
1189,AedesQuinx.csv,0.6,0.0077056666666653,0.0319999999999999,100,0.1053123511111111,2.765092420656739,-0.024294333333334597
1190,AedesQuinx.csv,0.65,0.0140569999999977,0.008,100,0.1083890877777777,2.826517932467667,0.0060569999999977
1191,AedesQuinx.csv,0.7,0.0207483333333314,0.0239999999999999,100,0.0985484444444444,2.8205157164137797,-0.0032516666666684985
1192,AedesQuinx.csv,0.75,0.0360666666666623,0.0519999999999999,100,0.0965926344444444,2.802633011979499,-0.0159333333333376
1193,AedesQuinx.csv,0.8,0.0198236666666684,0.0,100,0.0856434344444444,2.635072309919205,0.0198236666666684
1194,AedesQuinx.csv,0.85,0.0287813333333342,0.031,100,0.0739541288888888,2.579270265120461,-0.0022186666666658
1195,AedesQuinx.csv,0.9,0.0204630000000008,0.029,100,0.0549909955555555,2.576106596800262,-0.008536999999999201
1196,AedesQuinx.csv,0.95,0.0883790000000031,0.0819999999999999,100,0.0686727288888888,2.586198153106302,0.006379000000003188
1197,AedesQuinx.csv,0.05,0.0810153333333329,0.037,100,0.0700663333333333,2.354364042056352,0.0440153333333329
1198,AedesQuinx.csv,0.1,0.0805413333333325,0.017,100,0.07640819,2.600700752261576,0.06354133333333249
1199,AedesQuinx.csv,0.15,0.0888623333333319,0.042,100,0.0852211111111111,2.7355514510440813,0.0468623333333319
1200,AedesQuinx.csv,0.2,0.108334999999999,0.0479999999999999,100,0.1053106666666666,2.6572671892066064,0.060334999999999105
1201,AedesQuinx.csv,0.25,0.1152326666666658,0.1029999999999999,100,0.1037718433333333,2.835181864429364,0.012232666666665906
1202,AedesQuinx.csv,0.3,0.1133296666666657,0.077,100,0.1084500566666666,2.783288101675418,0.036329666666665705
1203,AedesQuinx.csv,0.35,0.0309653333333325,0.0149999999999999,100,0.1097082177777777,2.713598715123749,0.015965333333332603
1204,AedesQuinx.csv,0.4,0.0835793333333333,0.14,100,0.1107751944444444,2.7793575385909497,-0.056420666666666716
1205,AedesQuinx.csv,0.44,0.0314456666666676,0.085,100,0.1032444444444444,2.7790663539806637,-0.053554333333332406
1206,AedesQuinx.csv,0.49,0.021567666666666,0.063,100,0.1099927955555555,2.7286753308103275,-0.041432333333334
1207,AedesQuinx.csv,0.54,0.0171110000000009,0.0389999999999999,100,0.1037428266666666,2.851058359395645,-0.021888999999999003
1208,AedesQuinx.csv,0.6,0.1169199999999999,0.118,100,0.12022336,2.657898575300672,-0.0010800000000000948
1209,AedesQuinx.csv,0.65,0.002010999999998,0.008,100,0.1126505455555555,2.7428591033555128,-0.005989000000002
1210,AedesQuinx.csv,0.7,0.0168616666666693,0.004,100,0.1002809544444444,2.7190017610860395,0.0128616666666693
1211,AedesQuinx.csv,0.75,0.0363999999999948,0.002,100,0.1114415322222222,2.6445561376123434,0.034399999999994796
1212,AedesQuinx.csv,0.8,0.0314959999999985,0.007,100,0.0875896666666666,2.68988647625971,0.024495999999998498
1213,AedesQuinx.csv,0.85,0.0848443333333325,0.0579999999999999,100,0.0912490622222222,2.6802811009154297,0.026844333333332596
1214,AedesQuinx.csv,0.9,0.0100813333333351,0.014,100,0.0659732122222222,2.6083595626068505,-0.0039186666666649
1215,AedesQuinx.csv,0.95,0.032050333333332,0.0049999999999998,100,0.05830224,2.517643429752272,0.0270503333333322
1216,AedesSex.csv,0.05,0.0108856666666667,0.001,100,0.0529151677777777,0.9423418296040068,0.009885666666666699
1217,AedesSex.csv,0.1,0.0101699999999994,0.008,100,0.0838722433333333,0.9521230377719724,0.0021699999999994
1218,AedesSex.csv,0.15,0.0104623333333333,0.0149999999999999,100,0.1141191233333333,1.3599731725594673,-0.004537666666666601
1219,AedesSex.csv,0.2,0.0144346666666679,0.016,100,0.1376677066666666,1.0569874795717271,-0.0015653333333321001
1220,AedesSex.csv,0.25,0.0080369999999998,0.01,100,0.1606977988888888,1.3868497645751925,-0.0019630000000002007
1221,AedesSex.csv,0.3,0.0112493333333324,0.001,100,0.1864165955555555,1.276438598263471,0.0102493333333324
1222,AedesSex.csv,0.35,0.0179916666666671,0.031,100,0.2071476566666666,1.3612885597602271,-0.0130083333333329
1223,AedesSex.csv,0.4,0.0123426666666685,0.011,100,0.2185263055555555,1.1578213832588025,0.001342666666668501
1224,AedesSex.csv,0.44,0.0037203333333321,0.002,100,0.2171328211111111,1.3407908525957248,0.0017203333333320999
1225,AedesSex.csv,0.49,0.0026000000000014,0.004,100,0.2289868122222222,1.138395573571045,-0.0013999999999986003
1226,AedesSex.csv,0.54,0.0014633333333325,0.002,100,0.2172878711111111,1.3195796786823777,-0.0005366666666675
1227,AedesSex.csv,0.6,0.0244780000000024,0.027,100,0.2122391322222222,1.3228313961621827,-0.002521999999997599
1228,AedesSex.csv,0.65,0.0107123333333303,0.003,100,0.2099601111111111,1.130458827141665,0.0077123333333303
1229,AedesSex.csv,0.7,0.0143559999999974,0.0039999999999998,100,0.1988966788888888,1.1395284800850147,0.0103559999999976
1230,AedesSex.csv,0.75,0.0243839999999994,0.028,100,0.1616586344444444,1.2217243133830369,-0.0036160000000006014
1231,AedesSex.csv,0.8,0.0110000000000052,0.015,100,0.1476114166666666,1.1583749085467496,-0.003999999999994799
1232,AedesSex.csv,0.85,0.0160716666666627,0.024,100,0.1051859733333333,1.1734714417345666,-0.007928333333337301
1233,AedesSex.csv,0.9,0.0105860000000013,0.005,100,0.0876507377777777,1.1033873684547382,0.005586000000001299
1234,AedesSex.csv,0.95,0.0103000000000034,0.0070000000000001,100,0.04750979,0.7069839318708288,0.0033000000000033003
1235,AedesSex.csv,0.05,0.0103,0.009,100,0.0487369899999999,0.9043546225319912,0.0013000000000000008
1236,AedesSex.csv,0.1,0.0130983333333327,0.002,100,0.0881414166666666,1.06985615351616,0.0110983333333327
1237,AedesSex.csv,0.15,0.0138906666666672,0.0089999999999999,100,0.1132392044444444,0.9643366836342766,0.0048906666666673
1238,AedesSex.csv,0.2,0.0133470000000013,0.001,100,0.1444897377777778,1.1664529134965784,0.012347000000001301
1239,AedesSex.csv,0.25,0.013895,0.004,100,0.1703718933333333,1.2882779043137262,0.009895
1240,AedesSex.csv,0.3,0.0106636666666658,0.004,100,0.1890272122222222,1.193260565941548,0.006663666666665799
1241,AedesSex.csv,0.35,0.0036790000000009,0.002,100,0.2005699233333333,1.212913193307706,0.0016790000000008998
1242,AedesSex.csv,0.4,0.0088156666666686,0.015,100,0.2192730344444444,1.2062710147034816,-0.006184333333331399
1243,AedesSex.csv,0.44,0.0030509999999988,0.012,100,0.2133619677777778,1.304824150140198,-0.0089490000000012
1244,AedesSex.csv,0.49,0.009466666666668,0.008,100,0.2274564566666667,1.1234999302521704,0.0014666666666680005
1245,AedesSex.csv,0.54,0.0076563333333341,0.011,100,0.22686624,1.2081917854249025,-0.003343666666665899
1246,AedesSex.csv,0.6,0.0115873333333353,0.029,100,0.2159141111111111,1.2129314378632885,-0.017412666666664703
1247,AedesSex.csv,0.65,0.0081186666666641,0.008,100,0.2007665822222221,1.416566700074776,0.00011866666666410057
1248,AedesSex.csv,0.7,0.0135163333333381,0.036,100,0.17859264,1.3512039303222525,-0.0224836666666619
1249,AedesSex.csv,0.75,0.013977333333336,0.008,100,0.1667405822222222,1.3003204469559697,0.005977333333335999
1250,AedesSex.csv,0.8,0.0009643333333295,0.014,100,0.1461130488888888,0.9570513663477191,-0.0130356666666705
1251,AedesSex.csv,0.85,0.0105463333333301,0.006,100,0.1221671955555555,1.0869487555706343,0.004546333333330099
1252,AedesSex.csv,0.9,0.0112553333333346,0.016,100,0.0879124488888888,1.0888322101531636,-0.0047446666666654
1253,AedesSex.csv,0.95,0.0267823333333326,0.0070000000000001,100,0.0596831233333333,0.8500158932655604,0.0197823333333325
1254,ArabicDigit.csv,0.05,0.010132,0.024,100,0.0451382933333333,1.6152394929251968,-0.013868
1255,ArabicDigit.csv,0.1,0.0188733333333329,0.025,100,0.0777405099999999,1.5773187288759838,-0.006126666666667103
1256,ArabicDigit.csv,0.15,0.0075136666666673,0.0479999999999999,100,0.0913328711111111,1.811399877738629,-0.0404863333333326
1257,ArabicDigit.csv,0.2,0.0094146666666679,0.053,100,0.1285620711111111,1.803384818606532,-0.0435853333333321
1258,ArabicDigit.csv,0.25,0.0098676666666683,0.0559999999999999,100,0.13665256,2.14951118222551,-0.046132333333331596
1259,ArabicDigit.csv,0.3,0.0052350000000002,0.0399999999999999,100,0.1490690877777778,2.17448823257767,-0.0347649999999997
1260,ArabicDigit.csv,0.35,0.0096186666666681,0.0549999999999999,100,0.1661497455555555,2.0902580070719634,-0.0453813333333318
1261,ArabicDigit.csv,0.4,0.0071360000000019,0.074,100,0.1759718933333333,2.104270038511745,-0.06686399999999809
1262,ArabicDigit.csv,0.44,0.0028836666666654,0.06,100,0.1953783233333333,1.8722088276175148,-0.0571163333333346
1263,ArabicDigit.csv,0.49,0.0286203333333339,0.0579999999999999,100,0.1790189511111111,2.144859875713152,-0.029379666666666
1264,ArabicDigit.csv,0.54,0.0201226666666679,0.032,100,0.1804886933333332,2.194403650119419,-0.011877333333332102
1265,ArabicDigit.csv,0.6,0.0097476666666677,0.0639999999999999,100,0.18323776,2.030764526839348,-0.0542523333333322
1266,ArabicDigit.csv,0.65,0.0014253333333318,0.051,100,0.1710132655555555,1.978021317890739,-0.049574666666668196
1267,ArabicDigit.csv,0.7,0.0003766666666703,0.0479999999999999,100,0.1582757822222222,1.8889976880454409,-0.0476233333333296
1268,ArabicDigit.csv,0.75,0.0132143333333359,0.024,100,0.1383794044444444,1.9969054391272465,-0.0107856666666641
1269,ArabicDigit.csv,0.8,0.0108326666666719,0.033,100,0.1248311944444444,2.031465971124271,-0.022167333333328102
1270,ArabicDigit.csv,0.85,0.0107986666666631,0.006,100,0.0957082344444444,1.929203746802748,0.0047986666666631
1271,ArabicDigit.csv,0.9,0.0101660000000012,0.016,100,0.06931496,1.6854740899332308,-0.0058339999999988
1272,ArabicDigit.csv,0.95,0.0148999999999999,0.011,100,0.0387126177777777,1.639995728267049,0.0038999999999999
1273,ArabicDigit.csv,0.05,0.0103,0.022,100,0.0458414444444444,1.5477079962942442,-0.011699999999999999
1274,ArabicDigit.csv,0.1,0.0137629999999996,0.036,100,0.0666708655555555,1.8148465590127287,-0.022237000000000395
1275,ArabicDigit.csv,0.15,0.0125553333333332,0.0359999999999999,100,0.1007862044444444,2.0072933248978564,-0.0234446666666667
1276,ArabicDigit.csv,0.2,0.0018846666666679,0.052,100,0.1312770433333333,1.716333072250378,-0.050115333333332096
1277,ArabicDigit.csv,0.25,0.0109653333333334,0.0499999999999999,100,0.1425449733333333,1.999517692302456,-0.039034666666666495
1278,ArabicDigit.csv,0.3,0.0112493333333325,0.0449999999999999,100,0.1662056666666666,1.8828243943367533,-0.0337506666666674
1279,ArabicDigit.csv,0.35,8.666666666629075e-05,0.0539999999999999,100,0.17096675,2.0417407058731243,-0.05391333333333361
1280,ArabicDigit.csv,0.4,0.0060519999999981,0.064,100,0.1773991733333333,2.1067556559713267,-0.0579480000000019
1281,ArabicDigit.csv,0.44,0.0012160000000008,0.075,100,0.1846959288888889,2.030321078947988,-0.0737839999999992
1282,ArabicDigit.csv,0.49,0.009717666666668,0.0479999999999999,100,0.1920354166666666,1.9440437271076905,-0.0382823333333319
1283,ArabicDigit.csv,0.54,0.0230510000000011,0.055,100,0.1737597377777777,2.252939377005783,-0.0319489999999989
1284,ArabicDigit.csv,0.6,0.0078160000000007,0.0599999999999999,100,0.1816591233333333,2.090231405569682,-0.0521839999999992
1285,ArabicDigit.csv,0.65,0.0116273333333331,0.025,100,0.1607122344444444,2.1694951944611702,-0.0133726666666669
1286,ArabicDigit.csv,0.7,0.0115843333333304,0.0529999999999999,100,0.1539033733333333,2.057573724946556,-0.0414156666666695
1287,ArabicDigit.csv,0.75,0.0030906666666667,0.028,100,0.1377826488888889,2.1194376384014704,-0.0249093333333333
1288,ArabicDigit.csv,0.8,0.0120083333333307,0.011,100,0.12050659,1.8562754377446664,0.0010083333333307
1289,ArabicDigit.csv,0.85,0.0116359999999965,0.001,100,0.1009434399999999,1.9488095429476184,0.010635999999996499
1290,ArabicDigit.csv,0.9,0.032184333333336,0.001,100,0.0764583288888889,1.8944616458420624,0.031184333333336
1291,ArabicDigit.csv,0.95,0.0103000000000034,0.0060000000000001,100,0.0495596655555555,1.684666401803395,0.0043000000000033
1292,BNG.csv,0.05,0.0149,0.032,100,0.0329902222222222,0.5414785390969689,-0.0171
1293,BNG.csv,0.1,0.0107556666666661,0.011,100,0.0904930933333333,0.7735928838776004,-0.00024433333333389977
1294,BNG.csv,0.15,0.0103786666666666,0.0,100,0.1276276388888888,0.9110547128625928,0.0103786666666666
1295,BNG.csv,0.2,0.0109163333333322,0.006,100,0.1498630622222222,0.919257739855023,0.0049163333333322005
1296,BNG.csv,0.25,0.0138003333333351,0.0269999999999999,100,0.1667855599999999,1.0525366428034784,-0.013199666666664799
1297,BNG.csv,0.3,0.0083310000000002,0.0279999999999999,100,0.1852083155555555,1.2554139786466545,-0.0196689999999997
1298,BNG.csv,0.35,0.0098756666666676,0.003,100,0.2137281455555556,1.1143412905602266,0.0068756666666675995
1299,BNG.csv,0.4,0.0121746666666685,0.009,100,0.2209931155555555,1.2244303352652346,0.0031746666666685013
1300,BNG.csv,0.44,0.0201196666666677,0.016,100,0.2344451233333333,0.9858958247749084,0.004119666666667701
1301,BNG.csv,0.49,0.0297916666666671,0.0209999999999999,100,0.2222123155555556,1.3066868378043188,0.0087916666666672
1302,BNG.csv,0.54,0.002383666666666,0.037,100,0.2265898344444444,1.2293819350064892,-0.034616333333334
1303,BNG.csv,0.6,0.0125113333333355,0.008,100,0.2143139066666666,1.3691762240318734,0.004511333333335499
1304,BNG.csv,0.65,0.0077839999999974,0.011,100,0.2111854433333334,1.2337186144610333,-0.0032160000000025996
1305,BNG.csv,0.7,0.0069880000000047,0.019,100,0.1825924655555555,1.4909581274791612,-0.0120119999999953
1306,BNG.csv,0.75,0.0066046666666675,0.009,100,0.1768837733333333,1.2205896177214497,-0.002395333333332499
1307,BNG.csv,0.8,0.0120919999999973,0.007,100,0.1540655822222222,0.793747751204013,0.005091999999997299
1308,BNG.csv,0.85,0.0089509999999972,0.012,100,0.1246881111111111,0.8097433878212643,-0.0030490000000027995
1309,BNG.csv,0.9,0.017113333333335,0.0,100,0.0932333066666666,0.9690471746746504,0.017113333333335
1310,BNG.csv,0.95,0.0103000000000034,0.0009999999999998,100,0.0475705011111111,0.6919086304694477,0.0093000000000036
1311,BNG.csv,0.05,0.0133956666666667,0.002,100,0.0537066666666666,0.58193612759995,0.0113956666666667
1312,BNG.csv,0.1,0.0099189999999994,0.015,100,0.08417664,0.7069839318711683,-0.005081000000000599
1313,BNG.csv,0.15,0.0102949999999999,0.001,100,0.1230386399999999,1.0474260195640248,0.0092949999999999
1314,BNG.csv,0.2,0.0093310000000012,0.011,100,0.1453502488888889,1.1346522476627563,-0.0016689999999988
1315,BNG.csv,0.25,0.0348103333333337,0.016,100,0.1867714788888889,1.1013400728540554,0.0188103333333337
1316,BNG.csv,0.3,0.0159426666666662,0.0279999999999999,100,0.1879614166666666,1.0147412768200168,-0.0120573333333337
1317,BNG.csv,0.35,0.0015916666666664,0.0029999999999999,100,0.2069029288888889,1.152209400592862,-0.0014083333333334998
1318,BNG.csv,0.4,0.0266533333333336,0.033,100,0.20669211,1.3145979968942836,-0.0063466666666664
1319,BNG.csv,0.44,0.0038876666666656,0.012,100,0.2261404399999999,1.2266946338036668,-0.008112333333334401
1320,BNG.csv,0.49,0.0044043333333331,0.011,100,0.2294846488888889,1.2746092839967715,-0.0065956666666669
1321,BNG.csv,0.54,0.0176963333333346,0.006,100,0.2331842177777777,1.0846168654667574,0.011696333333334601
1322,BNG.csv,0.6,0.0080596666666681,0.001,100,0.2171525277777777,1.360999871328516,0.007059666666668099
1323,BNG.csv,0.65,0.0118836666666636,0.01,100,0.2110792933333333,1.2631507308664185,0.0018836666666636002
1324,BNG.csv,0.7,0.0113329999999969,0.0079999999999998,100,0.2002907955555555,1.0656336153239157,0.0033329999999970987
1325,BNG.csv,0.75,0.0138000000000029,0.016,100,0.16794576,1.3095581981226083,-0.0021999999999971
1326,BNG.csv,0.8,0.0110000000000052,0.013,100,0.1578669288888889,0.8601253956473272,-0.0019999999999947993
1327,BNG.csv,0.85,0.0128076666666636,0.015,100,0.1294172222222222,1.2136287768096794,-0.0021923333333363996
1328,BNG.csv,0.9,0.0093310000000012,0.004,100,0.0897024266666666,0.9796594067102516,0.005331000000001199
1329,BNG.csv,0.95,0.0261129999999997,0.0019999999999998,100,0.0550323677777777,1.1628963413141824,0.0241129999999999
1330,BNG_breast-w.csv,0.05,0.0209256666666667,0.001,100,0.0576891322222222,0.6721584245124503,0.0199256666666667
1331,BNG_breast-w.csv,0.1,0.0171156666666661,0.007,100,0.0947217822222222,0.7786014407067678,0.0101156666666661
1332,BNG_breast-w.csv,0.15,0.0063313333333338,0.0109999999999999,100,0.1236261111111111,0.7192841495301083,-0.0046686666666661
1333,BNG_breast-w.csv,0.2,0.0045620000000012,0.02,100,0.1486058888888888,0.9975029995524064,-0.0154379999999988
1334,BNG_breast-w.csv,0.25,0.0116346666666669,0.01,100,0.1807937377777778,0.9611093242475756,0.0016346666666669004
1335,BNG_breast-w.csv,0.3,0.0094146666666665,0.0179999999999999,100,0.1864929955555555,1.123378977728764,-0.008585333333333401
1336,BNG_breast-w.csv,0.35,0.0015040000000006,0.0179999999999999,100,0.2078693544444443,1.1564144081354066,-0.016495999999999303
1337,BNG_breast-w.csv,0.4,0.0259003333333336,0.035,100,0.2122198611111111,1.2422038815892311,-0.009099666666666402
1338,BNG_breast-w.csv,0.44,0.0033856666666655,0.005,100,0.2282973733333333,1.1760675417855193,-0.0016143333333345
1339,BNG_breast-w.csv,0.49,0.0151500000000011,0.01,100,0.2291450788888888,1.2780866171298566,0.0051500000000011
1340,BNG_breast-w.csv,0.54,0.0213776666666678,0.018,100,0.2398494844444443,0.8358720329050795,0.003377666666667802
1341,BNG_breast-w.csv,0.6,0.0115100000000009,0.017,100,0.2206075322222222,1.3073855224984112,-0.0054899999999991015
1342,BNG_breast-w.csv,0.65,0.0091226666666639,0.014,100,0.2131238611111111,1.2502873241176726,-0.004877333333336101
1343,BNG_breast-w.csv,0.7,0.0091699999999967,0.0030000000000001,100,0.1943001288888889,1.0717407735953983,0.0061699999999966
1344,BNG_breast-w.csv,0.75,0.0143983333333368,0.012,100,0.1760416655555555,1.247710874770882,0.0023983333333368
1345,BNG_breast-w.csv,0.8,0.0100839999999972,0.006,100,0.1543479733333333,0.8410299705998326,0.004083999999997199
1346,BNG_breast-w.csv,0.85,0.0113849999999966,0.008,100,0.1259126666666666,1.186963307145626,0.003384999999996599
1347,BNG_breast-w.csv,0.9,0.0321696666666706,0.008,100,0.09555371,1.0276524923205974,0.0241696666666706
1348,BNG_breast-w.csv,0.95,0.0108020000000033,0.0009999999999998,100,0.0527400211111111,0.9036624078402846,0.0098020000000035
1349,BNG_breast-w.csv,0.05,0.028121,0.006,100,0.0584357288888888,0.6261874982359088,0.022121000000000002
1350,BNG_breast-w.csv,0.1,0.0089986666666661,0.01,100,0.0860268933333333,0.4602071629054709,-0.0010013333333339005
1351,BNG_breast-w.csv,0.15,0.0070030000000005,0.0109999999999999,100,0.1237725377777778,0.7023549649028498,-0.0039969999999994
1352,BNG_breast-w.csv,0.2,0.0134306666666679,0.014,100,0.1488013333333333,0.9853157794790814,-0.0005693333333320998
1353,BNG_breast-w.csv,0.25,0.0138840000000017,0.0289999999999999,100,0.17137876,0.8938657569451959,-0.0151159999999982
1354,BNG_breast-w.csv,0.3,0.0062376666666668,0.0269999999999999,100,0.1882543155555555,1.067511164538379,-0.020762333333333098
1355,BNG_breast-w.csv,0.35,0.0015040000000006,0.0069999999999999,100,0.2096187766666666,1.0880629695028496,-0.0054959999999993
1356,BNG_breast-w.csv,0.4,0.0105786666666685,0.019,100,0.2304195555555555,0.8954933326505254,-0.0084213333333315
1357,BNG_breast-w.csv,0.44,0.0244703333333348,0.0269999999999999,100,0.2307894622222222,1.0682578609130582,-0.002529666666665098
1358,BNG_breast-w.csv,0.49,0.001592666666668,0.0189999999999999,100,0.2344552655555556,1.084175710954484,-0.017407333333331897
1359,BNG_breast-w.csv,0.54,0.002383666666666,0.005,100,0.2252777455555556,1.25349597927486,-0.002616333333334
1360,BNG_breast-w.csv,0.6,0.0120906666666688,0.006,100,0.2215084211111111,1.1064669962596552,0.0060906666666688
1361,BNG_breast-w.csv,0.65,0.0015033333333343,0.002,100,0.2111489455555555,1.1387558942260432,-0.0004966666666657001
1362,BNG_breast-w.csv,0.7,0.0111653333333302,0.0119999999999999,100,0.1975947066666666,1.147294886437099,-0.0008346666666696999
1363,BNG_breast-w.csv,0.75,0.0107143333333353,0.007,100,0.1778240833333332,1.0455206379989108,0.0037143333333352997
1364,BNG_breast-w.csv,0.8,0.0120919999999973,0.003,100,0.1538032177777777,1.0094652838852216,0.0090919999999973
1365,BNG_breast-w.csv,0.85,0.0102109999999967,0.006,100,0.1240203677777777,1.0333077147593346,0.0042109999999967
1366,BNG_breast-w.csv,0.9,0.015859333333335,0.005,100,0.0931753511111111,1.0789366870092805,0.010859333333335
1367,BNG_breast-w.csv,0.95,0.0149016666666689,0.0019999999999998,100,0.0534115822222222,0.877920831141219,0.0129016666666691
1368,HTRU.csv,0.05,0.1607489999999989,0.0569999999999999,100,0.1269298711111111,1.6623453246438054,0.103748999999999
1369,HTRU.csv,0.1,0.1250283333333319,0.0789999999999999,100,0.1476496211111111,1.6014248443207686,0.046028333333332005
1370,HTRU.csv,0.15,0.1466006666666661,0.085,100,0.1786644177777778,1.5308788654671757,0.061600666666666096
1371,HTRU.csv,0.2,0.1324156666666647,0.0479999999999999,100,0.1717798888888889,1.8641891357869516,0.08441566666666481
1372,HTRU.csv,0.25,0.1610066666666648,0.082,100,0.1971623766666667,1.7158425878606478,0.0790066666666648
1373,HTRU.csv,0.3,0.1110906666666647,0.0569999999999999,100,0.201071671111111,1.612071271671104,0.0540906666666648
1374,HTRU.csv,0.35,0.1122999999999992,0.031,100,0.2114347733333333,1.648809784071593,0.0812999999999992
1375,HTRU.csv,0.4,0.0622999999999991,0.027,100,0.199721,1.7272884557574102,0.035299999999999096
1376,HTRU.csv,0.44,0.0640326666666671,0.0479999999999999,100,0.2198182877777778,1.3486576366312444,0.0160326666666672
1377,HTRU.csv,0.49,0.0991626666666657,0.05,100,0.2063264622222222,1.4035632446379829,0.0491626666666657
1378,HTRU.csv,0.54,0.1205393333333331,0.0839999999999999,100,0.1957697822222222,1.404937435250763,0.0365393333333332
1379,HTRU.csv,0.6,0.0883316666666697,0.041,100,0.1870365988888889,1.3430475502699026,0.04733166666666969
1380,HTRU.csv,0.65,0.06945666666667,0.0579999999999999,100,0.1746257511111111,1.1460608951497946,0.011456666666670098
1381,HTRU.csv,0.7,0.0638000000000029,0.047,100,0.1654163055555555,1.1434225199245696,0.016800000000002896
1382,HTRU.csv,0.75,0.0639326666666643,0.062,100,0.1390064444444444,0.92303887521547,0.0019326666666643066
1383,HTRU.csv,0.8,0.067494999999996,0.0729999999999999,100,0.1062650622222222,0.7068239009163371,-0.005505000000003896
1384,HTRU.csv,0.85,0.0348949999999983,0.025,100,0.0939764122222222,0.8238592729411318,0.009894999999998301
1385,HTRU.csv,0.9,0.0025526666666667,0.012,100,0.0797940844444444,0.5396118558356361,-0.0094473333333333
1386,HTRU.csv,0.95,0.014732,0.015,100,0.0404355377777777,0.6385078411645265,-0.00026799999999999914
1387,HTRU.csv,0.05,0.1348959999999987,0.06,100,0.1183179999999999,1.346087075317114,0.07489599999999871
1388,HTRU.csv,0.1,0.1108329999999989,0.0229999999999999,100,0.1321459322222222,1.608665101053302,0.08783299999999901
1389,HTRU.csv,0.15,0.1814076666666648,0.091,100,0.168454421111111,1.7883450702163846,0.0904076666666648
1390,HTRU.csv,0.2,0.111919999999999,0.067,100,0.1834515288888889,1.5438526713914769,0.044919999999999
1391,HTRU.csv,0.25,0.1164856666666675,0.089,100,0.2012263955555555,1.3989367234102763,0.027485666666667505
1392,HTRU.csv,0.3,0.0895886666666647,0.018,100,0.1971989155555555,1.6880513194414843,0.0715886666666647
1393,HTRU.csv,0.35,0.0881203333333345,0.05,100,0.2106029377777777,1.484202883790911,0.03812033333333449
1394,HTRU.csv,0.4,0.0806229999999985,0.0419999999999999,100,0.2063851733333333,1.6548972518789968,0.0386229999999986
1395,HTRU.csv,0.44,0.0473999999999985,0.022,100,0.2092430844444444,1.4717638290160604,0.0253999999999985
1396,HTRU.csv,0.49,0.0757283333333342,0.026,100,0.2106558611111111,1.4816371828749364,0.04972833333333421
1397,HTRU.csv,0.54,0.0703273333333349,0.0449999999999999,100,0.2129986933333333,1.272184361779256,0.025327333333334992
1398,HTRU.csv,0.6,0.0382836666666697,0.012,100,0.2042726933333333,1.3933350455056652,0.0262836666666697
1399,HTRU.csv,0.65,0.0630980000000048,0.035,100,0.1771224711111111,1.2731380577202631,0.0280980000000048
1400,HTRU.csv,0.7,0.0636326666666695,0.022,100,0.1683146433333333,1.1956314005817734,0.0416326666666695
1401,HTRU.csv,0.75,0.0389159999999948,0.021,100,0.1569706177777777,1.041015630125093,0.0179159999999948
1402,HTRU.csv,0.8,0.0676626666666627,0.0589999999999999,100,0.0995318888888888,0.8602098354719518,0.008662666666662794
1403,HTRU.csv,0.85,0.0061646666666655,0.004,100,0.1206127499999999,0.8465246990885951,0.0021646666666654997
1404,HTRU.csv,0.9,0.0005380000000011,0.017,100,0.07062,0.6339675744161645,-0.0164619999999989
1405,HTRU.csv,0.95,0.0103000000000034,0.0039999999999998,100,0.0482566266666666,0.7320040530467119,0.0063000000000036005
1406,MagicTelescope.csv,0.05,0.0103,0.004,100,0.0467760833333333,2.1391316021338773,0.0063
1407,MagicTelescope.csv,0.1,0.0488699999999994,0.0069999999999999,100,0.0745540211111111,2.1807337069075765,0.0418699999999995
1408,MagicTelescope.csv,0.15,0.0274520000000003,0.0479999999999999,100,0.0669887766666666,2.28880777970974,-0.020547999999999598
1409,MagicTelescope.csv,0.2,0.0353696666666672,0.055,100,0.0835661111111111,2.239271696236308,-0.0196303333333328
1410,MagicTelescope.csv,0.25,0.072729000000001,0.0759999999999999,100,0.0987267322222222,2.34500094352376,-0.0032709999999989
1411,MagicTelescope.csv,0.3,0.1063193333333345,0.0719999999999999,100,0.0882560833333333,2.628248733073594,0.0343193333333346
1412,MagicTelescope.csv,0.35,0.0635999999999996,0.0179999999999999,100,0.1212160933333333,2.541489260190174,0.045599999999999696
1413,MagicTelescope.csv,0.4,0.1052326666666668,0.108,100,0.1299241822222222,2.3919731056690416,-0.002767333333333205
1414,MagicTelescope.csv,0.44,0.0069853333333324,0.06,100,0.1410792655555555,2.606847310136482,-0.0530146666666676
1415,MagicTelescope.csv,0.49,0.0592486666666659,0.007,100,0.1431189377777778,2.5476003488546715,0.0522486666666659
1416,MagicTelescope.csv,0.54,0.1118436666666662,0.042,100,0.1148973011111111,2.758255904074157,0.0698436666666662
1417,MagicTelescope.csv,0.6,0.1190210000000004,0.004,100,0.1273021988888889,2.774163495163338,0.1150210000000004
1418,MagicTelescope.csv,0.65,0.1150609999999995,0.016,100,0.1321958622222222,2.7405760045291,0.0990609999999995
1419,MagicTelescope.csv,0.7,0.1582839999999992,0.0429999999999999,100,0.1268497288888888,2.761094085697963,0.1152839999999993
1420,MagicTelescope.csv,0.75,0.1609190000000008,0.0849999999999999,100,0.1323879288888889,2.653476383591442,0.07591900000000092
1421,MagicTelescope.csv,0.8,0.1575286666666646,0.015,100,0.1093479322222222,2.748364078656957,0.14252866666666458
1422,MagicTelescope.csv,0.85,0.1725013333333315,0.016,100,0.1153963055555555,2.54036703639233,0.1565013333333315
1423,MagicTelescope.csv,0.9,0.1096766666666698,0.041,100,0.0840523766666666,2.62685569988151,0.0686766666666698
1424,MagicTelescope.csv,0.95,0.2218373333333313,0.0949999999999999,100,0.09962784,2.639421545872912,0.12683733333333141
1425,MagicTelescope.csv,0.05,0.0147313333333334,0.011,100,0.0394832488888888,2.1553034709106105,0.0037313333333334007
1426,MagicTelescope.csv,0.1,0.0398679999999999,0.066,100,0.0454696666666666,2.2093583381336765,-0.026132000000000107
1427,MagicTelescope.csv,0.15,0.0146326666666662,0.009,100,0.0818163377777777,2.346736642786622,0.005632666666666201
1428,MagicTelescope.csv,0.2,0.0244790000000007,0.0089999999999999,100,0.0878414933333333,2.523983512731158,0.015479000000000801
1429,MagicTelescope.csv,0.25,0.0389143333333343,0.0259999999999999,100,0.0974257777777777,2.455307632201793,0.012914333333334398
1430,MagicTelescope.csv,0.3,0.0638003333333351,0.0309999999999999,100,0.1190506266666666,2.411344775042612,0.032800333333335194
1431,MagicTelescope.csv,0.35,0.0397450000000004,0.028,100,0.1102250044444444,2.6847017822745283,0.011745000000000397
1432,MagicTelescope.csv,0.4,0.0655683333333354,0.059,100,0.1262882222222222,2.54801409926776,0.006568333333335397
1433,MagicTelescope.csv,0.44,0.095614666666667,0.0459999999999999,100,0.1301439066666666,2.534261145339013,0.0496146666666671
1434,MagicTelescope.csv,0.49,0.1799923333333337,0.126,100,0.1276267777777777,2.534364421724085,0.0539923333333337
1435,MagicTelescope.csv,0.54,0.104724999999999,0.003,100,0.1227086788888888,2.80269992867714,0.101724999999999
1436,MagicTelescope.csv,0.6,0.113353666666668,0.0409999999999999,100,0.1483432933333333,2.5885004829060305,0.0723536666666681
1437,MagicTelescope.csv,0.65,0.1389376666666663,0.04,100,0.1272640122222222,2.754829444650572,0.09893766666666629
1438,MagicTelescope.csv,0.7,0.2028279999999993,0.1039999999999999,100,0.1259690433333333,2.7650734009569704,0.09882799999999939
1439,MagicTelescope.csv,0.75,0.1479056666666661,0.044,100,0.1211471322222222,2.7892201396892147,0.1039056666666661
1440,MagicTelescope.csv,0.8,0.2551046666666661,0.125,100,0.1175974344444444,2.831110688702891,0.1301046666666661
1441,MagicTelescope.csv,0.85,0.2287026666666641,0.131,100,0.1326299233333333,2.640878674444909,0.0977026666666641
1442,MagicTelescope.csv,0.9,0.204991999999998,0.0929999999999999,100,0.1070103511111111,2.719431558920089,0.11199199999999811
1443,MagicTelescope.csv,0.95,0.1582563333333362,0.0329999999999999,100,0.0906787499999999,2.547588038744504,0.1252563333333363
1444,abalone.csv,0.05,0.0527216666666662,0.065,100,0.0630833455555555,2.5942866834902185,-0.0122783333333338
1445,abalone.csv,0.1,0.0863246666666661,0.0289999999999999,100,0.0746934344444444,2.6422379487851595,0.057324666666666205
1446,abalone.csv,0.15,0.0469473333333338,0.0509999999999999,100,0.0632063599999999,2.652745942160505,-0.004052666666666101
1447,abalone.csv,0.2,0.0288063333333317,0.004,100,0.0893931511111111,2.685902169900249,0.0248063333333317
1448,abalone.csv,0.25,0.0010089999999989,0.009,100,0.1052228711111111,2.6874099463499856,-0.0079910000000011
1449,abalone.csv,0.3,0.0323409999999996,0.0219999999999999,100,0.0924052566666666,2.723746131804465,0.010340999999999698
1450,abalone.csv,0.35,0.0930496666666669,0.0719999999999999,100,0.0867351511111111,2.7656250030053533,0.021049666666667008
1451,abalone.csv,0.4,0.0124173333333347,0.024,100,0.1090042399999999,2.790131561532094,-0.011582666666665301
1452,abalone.csv,0.44,0.0572556666666673,0.072,100,0.1092585988888889,2.862180922931504,-0.014744333333332693
1453,abalone.csv,0.49,0.0094249999999999,0.001,100,0.1224997599999999,2.7384803407580023,0.008424999999999901
1454,abalone.csv,0.54,0.0038896666666662,0.027,100,0.1141235511111111,2.7444206721223563,-0.0231103333333338
1455,abalone.csv,0.6,0.0768579999999994,0.0809999999999999,100,0.1094743155555555,2.821997084031928,-0.004142000000000506
1456,abalone.csv,0.65,0.1187823333333334,0.158,100,0.0872884844444444,2.78929873420096,-0.039217666666666595
1457,abalone.csv,0.7,0.0197833333333343,0.0439999999999999,100,0.0961232122222222,2.754706584344272,-0.0242166666666656
1458,abalone.csv,0.75,0.0033723333333343,0.025,100,0.1041995955555555,2.6718044720499003,-0.021627666666665702
1459,abalone.csv,0.8,0.0309533333333322,0.0669999999999999,100,0.0871265377777777,2.648986411869387,-0.036046666666667705
1460,abalone.csv,0.85,0.0850750000000001,0.0529999999999999,100,0.0958261955555555,2.644662489543842,0.032075000000000194
1461,abalone.csv,0.9,0.1561769999999988,0.118,100,0.0936059288888889,2.6536901578173024,0.038176999999998795
1462,abalone.csv,0.95,0.1637910000000021,0.0809999999999999,100,0.0793300711111111,2.6166606134320665,0.0827910000000022
1463,abalone.csv,0.05,0.0128610000000001,0.032,100,0.0456540211111111,2.5873521169316622,-0.0191389999999999
1464,abalone.csv,0.1,0.0207073333333329,0.004,100,0.0663398933333333,2.7158067400784005,0.0167073333333329
1465,abalone.csv,0.15,0.0370683333333324,0.0129999999999999,100,0.0740584622222222,2.6992176392549845,0.024068333333332498
1466,abalone.csv,0.2,0.0448149999999985,0.0479999999999999,100,0.0890900833333333,2.786361428012851,-0.003185000000001395
1467,abalone.csv,0.25,0.0153230000000015,0.003,100,0.0854087511111111,2.819484420116506,0.0123230000000015
1468,abalone.csv,0.3,0.0360713333333322,0.007,100,0.09210331,2.8303515573161557,0.0290713333333322
1469,abalone.csv,0.35,0.0656046666666657,0.047,100,0.1087450433333333,2.798349315812797,0.0186046666666657
1470,abalone.csv,0.4,0.0294953333333338,0.031,100,0.1067331111111111,2.804609199907868,-0.0015046666666661997
1471,abalone.csv,0.44,0.0564243333333336,0.08,100,0.1112201155555555,2.6305235570459,-0.023575666666666405
1472,abalone.csv,0.49,0.1111783333333333,0.03,100,0.0876947677777777,2.8726626243784006,0.0811783333333333
1473,abalone.csv,0.54,0.0880746666666673,0.094,100,0.1146188566666666,2.763771482603792,-0.0059253333333327
1474,abalone.csv,0.6,0.0442249999999992,0.02,100,0.1140635233333333,2.775330834492543,0.024224999999999202
1475,abalone.csv,0.65,0.0051843333333315,0.038,100,0.1107046344444444,2.7150660668760804,-0.0328156666666685
1476,abalone.csv,0.7,0.075034666666666,0.1059999999999999,100,0.1013293955555555,2.80025898565384,-0.0309653333333339
1477,abalone.csv,0.75,0.0911149999999987,0.033,100,0.10715924,2.714104537273729,0.058114999999998695
1478,abalone.csv,0.8,0.0530756666666656,0.1019999999999999,100,0.08715419,2.599758934634704,-0.0489243333333343
1479,abalone.csv,0.85,0.1201683333333295,0.0599999999999999,100,0.0999760399999999,2.701433588821649,0.060168333333329604
1480,abalone.csv,0.9,0.0058976666666678,0.045,100,0.0654416266666666,2.734810195112876,-0.0391023333333322
1481,abalone.csv,0.95,0.1926929999999987,0.1129999999999999,100,0.0833520711111111,2.6739480328188883,0.07969299999999879
1482,ailerons.csv,0.05,0.0098803333333333,0.033,100,0.0454928844444444,2.276848261051956,-0.0231196666666667
1483,ailerons.csv,0.1,0.0610273333333329,0.059,100,0.0762123322222222,2.45985605885348,0.002027333333332902
1484,ailerons.csv,0.15,0.0559899999999988,0.072,100,0.0806627322222222,2.745527904585924,-0.016010000000001197
1485,ailerons.csv,0.2,0.0111743333333343,0.036,100,0.0898074044444444,2.540153872046202,-0.024825666666665698
1486,ailerons.csv,0.25,0.036651666666666,0.03,100,0.1075629288888889,2.669968265593909,0.006651666666666001
1487,ailerons.csv,0.3,0.0662346666666673,0.092,100,0.1252046344444444,2.676359975421852,-0.025765333333332696
1488,ailerons.csv,0.35,0.0401596666666674,0.0549999999999999,100,0.1210814266666666,2.6117745554884526,-0.014840333333332505
1489,ailerons.csv,0.4,0.0161063333333347,0.005,100,0.1014574488888889,2.8071469171412,0.0111063333333347
1490,ailerons.csv,0.44,0.0352150000000006,0.022,100,0.1159139677777777,2.7277215544388884,0.013215000000000601
1491,ailerons.csv,0.49,0.0145630000000007,0.037,100,0.13572011,2.70476626607981,-0.022436999999999298
1492,ailerons.csv,0.54,0.1253273333333343,0.072,100,0.1106016666666666,2.816487469461999,0.053327333333334295
1493,ailerons.csv,0.6,0.0590369999999992,0.012,100,0.1385341544444444,2.6393961625851,0.047036999999999204
1494,ailerons.csv,0.65,0.0809049999999993,0.059,100,0.1062109722222222,2.8045975220951034,0.0219049999999993
1495,ailerons.csv,0.7,0.0511739999999979,0.015,100,0.1312318266666666,2.58533925784975,0.0361739999999979
1496,ailerons.csv,0.75,0.0999973333333317,0.0479999999999999,100,0.1096160833333333,2.726985225827122,0.051997333333331806
1497,ailerons.csv,0.8,0.0703323333333322,0.012,100,0.0842443322222222,2.818325465190596,0.05833233333333221
1498,ailerons.csv,0.85,0.1442593333333304,0.0279999999999999,100,0.09493376,2.683459219326719,0.11625933333333051
1499,ailerons.csv,0.9,0.0680709999999993,0.035,100,0.07263875,2.7095214965895624,0.033070999999999295
1500,ailerons.csv,0.95,0.0324696666666651,0.0239999999999999,100,0.0595540266666666,2.584161665532993,0.0084696666666652
1501,ailerons.csv,0.05,0.0169076666666667,0.036,100,0.0537149999999999,2.399778081266439,-0.019092333333333298
1502,ailerons.csv,0.1,0.0520523333333327,0.018,100,0.0742274166666666,2.3481192840213208,0.0340523333333327
1503,ailerons.csv,0.15,0.0389069999999989,0.0139999999999999,100,0.0848732122222222,2.4645848352432798,0.024906999999999
1504,ailerons.csv,0.2,0.0086643333333344,0.0249999999999999,100,0.0895480566666666,2.553542194899609,-0.0163356666666655
1505,ailerons.csv,0.25,0.0645216666666678,0.105,100,0.0801229155555555,2.575735119990986,-0.0404783333333322
1506,ailerons.csv,0.3,0.0179506666666662,0.006,100,0.1105050788888888,2.6664395831698933,0.011950666666666198
1507,ailerons.csv,0.35,0.0377190000000011,5.551115123125783e-17,100,0.1007006044444444,2.826551402255845,0.03771900000000104
1508,ailerons.csv,0.4,0.0635620000000014,0.01,100,0.1146293599999999,2.630765700411525,0.05356200000000139
1509,ailerons.csv,0.44,0.0162856666666663,0.006,100,0.1145442433333333,2.627014586593428,0.0102856666666663
1510,ailerons.csv,0.49,0.0567436666666667,0.006,100,0.1048134399999999,2.836194141028156,0.0507436666666667
1511,ailerons.csv,0.54,0.0671586666666678,0.002,100,0.1077193288888889,2.822218664848356,0.0651586666666678
1512,ailerons.csv,0.6,0.1165853333333332,0.0489999999999999,100,0.116768,2.7913062427470754,0.0675853333333333
1513,ailerons.csv,0.65,0.0273646666666644,0.031,100,0.1234343055555555,2.667409761803253,-0.0036353333333355997
1514,ailerons.csv,0.7,0.0429633333333325,0.031,100,0.1167582788888888,2.669174683078431,0.0119633333333325
1515,ailerons.csv,0.75,0.1202503333333308,0.0679999999999999,100,0.1176571944444444,2.7905341344668484,0.0522503333333309
1516,ailerons.csv,0.8,0.0496700000000006,0.023,100,0.1089442488888888,2.619889585228934,0.026670000000000603
1517,ailerons.csv,0.85,0.0387446666666692,0.036,100,0.0776576177777777,2.640650582552099,0.0027446666666692057
1518,ailerons.csv,0.9,0.0534953333333316,0.022,100,0.0716830433333333,2.697292540007283,0.0314953333333316
1519,ailerons.csv,0.95,0.0605836666666682,0.0059999999999998,100,0.0651229722222222,2.68881117660447,0.054583666666668404
1520,anuranCalls.csv,0.05,0.0323043333333333,0.0029999999999999,100,0.0585485555555555,1.3824099273816757,0.029304333333333404
1521,anuranCalls.csv,0.1,0.037280666666666,0.0079999999999999,100,0.0926574166666666,1.3588308865494465,0.029280666666666098
1522,anuranCalls.csv,0.15,0.0354816666666653,0.019,100,0.1289723377777777,1.4484877815113455,0.016481666666665302
1523,anuranCalls.csv,0.2,0.0112523333333322,0.0269999999999999,100,0.1476034444444444,1.5514989761485434,-0.0157476666666677
1524,anuranCalls.csv,0.25,0.0341410000000004,0.036,100,0.1672405277777777,1.6660155724746712,-0.001858999999999597
1525,anuranCalls.csv,0.3,0.0116679999999991,0.047,100,0.1852973066666666,1.5023975958106828,-0.035332000000000904
1526,anuranCalls.csv,0.35,0.0038516666666667,0.04,100,0.2089436566666667,1.3199605875861578,-0.0361483333333333
1527,anuranCalls.csv,0.4,0.0377020000000011,0.064,100,0.2114593455555555,1.568307293154,-0.0262979999999989
1528,anuranCalls.csv,0.44,0.0222999999999992,0.065,100,0.2136548655555555,1.579087267005951,-0.04270000000000081
1529,anuranCalls.csv,0.49,0.0413553333333338,0.047,100,0.2270749455555555,1.26617027525781,-0.005644666666666201
1530,anuranCalls.csv,0.54,0.0255610000000008,0.02,100,0.2087767777777777,1.4572116640166668,0.005561000000000798
1531,anuranCalls.csv,0.6,0.0576946666666667,0.072,100,0.1877477544444444,1.567706011641973,-0.014305333333333295
1532,anuranCalls.csv,0.65,0.0127159999999996,0.034,100,0.1946715288888889,1.2955025718467883,-0.021284000000000403
1533,anuranCalls.csv,0.7,0.0033103333333299,0.062,100,0.1895173822222222,1.2703348514820971,-0.0586896666666701
1534,anuranCalls.csv,0.75,0.0138000000000029,0.048,100,0.1590369822222222,1.3553487404764706,-0.0341999999999971
1535,anuranCalls.csv,0.8,0.0328413333333352,0.0509999999999999,100,0.1263986433333333,1.022318480152895,-0.0181586666666647
1536,anuranCalls.csv,0.85,0.0054233333333314,0.021,100,0.1171473455555555,1.1608240463191084,-0.015576666666668602
1537,anuranCalls.csv,0.9,0.0101676666666677,0.023,100,0.0849313899999999,1.0416754668852966,-0.012832333333332299
1538,anuranCalls.csv,0.95,0.0103000000000034,0.017,100,0.04897299,0.8564289478707964,-0.006699999999996601
1539,anuranCalls.csv,0.05,0.010132,0.016,100,0.0451920122222222,1.2605010704526152,-0.005868
1540,anuranCalls.csv,0.1,0.0252446666666662,0.0129999999999999,100,0.0757167677777777,1.56975477786217,0.0122446666666663
1541,anuranCalls.csv,0.15,0.0181619999999997,0.009,100,0.1163855322222222,1.6133165088866557,0.0091619999999997
1542,anuranCalls.csv,0.2,0.0122603333333323,0.0259999999999999,100,0.1465905455555556,1.5931461826000752,-0.013739666666667602
1543,anuranCalls.csv,0.25,0.0053496666666681,0.017,100,0.1698540833333333,1.4199753165843614,-0.0116503333333319
1544,anuranCalls.csv,0.3,0.0151119999999989,0.04,100,0.1852553333333333,1.5640680323669496,-0.0248880000000011
1545,anuranCalls.csv,0.35,0.0453006666666647,0.07,100,0.1962033288888889,1.7883702448683294,-0.024699333333335308
1546,anuranCalls.csv,0.4,0.016785333333332,0.0469999999999999,100,0.2134300833333333,1.4714493107411577,-0.030214666666667903
1547,anuranCalls.csv,0.44,0.0030509999999988,0.028,100,0.2209460622222222,1.2784016281052306,-0.0249490000000012
1548,anuranCalls.csv,0.49,0.0412713333333337,0.054,100,0.2228318788888889,1.3896541823466957,-0.012728666666666298
1549,anuranCalls.csv,0.54,0.0225490000000012,0.0449999999999999,100,0.22545304,1.1596853854188192,-0.0224509999999987
1550,anuranCalls.csv,0.6,0.0337656666666692,0.063,100,0.2028888844444444,1.357423908291826,-0.0292343333333308
1551,anuranCalls.csv,0.65,0.0131356666666663,0.0549999999999999,100,0.1896929455555555,1.5116157808432575,-0.0418643333333336
1552,anuranCalls.csv,0.7,0.0049019999999967,0.052,100,0.186863701111111,1.299652070204358,-0.0470980000000033
1553,anuranCalls.csv,0.75,0.0255599999999989,0.056,100,0.15746675,1.339234519721145,-0.0304400000000011
1554,anuranCalls.csv,0.8,0.0132633333333308,0.031,100,0.1418651677777778,1.050448332090466,-0.0177366666666692
1555,anuranCalls.csv,0.85,0.0157356666666629,0.029,100,0.1079383766666666,1.072263283611048,-0.0132643333333371
1556,anuranCalls.csv,0.9,0.0242433333333343,0.025,100,0.0759918399999999,1.1348539076082744,-0.0007566666666657014
1557,anuranCalls.csv,0.95,0.0103000000000034,0.018,100,0.0493203055555555,0.870994079550295,-0.0076999999999965985
1558,balance.1.csv,0.05,0.0493723333333328,0.008,100,0.0617788655555555,1.7707513296745327,0.0413723333333328
1559,balance.1.csv,0.1,0.0251536666666662,0.042,100,0.0715458266666666,2.07318470964094,-0.016846333333333803
1560,balance.1.csv,0.15,0.0608336666666656,0.004,100,0.10787499,2.062345849931026,0.0568336666666656
1561,balance.1.csv,0.2,0.0120929999999989,0.005,100,0.1190469899999999,2.133793090177396,0.0070929999999989
1562,balance.1.csv,0.25,0.0108816666666659,0.002,100,0.1395052711111111,2.2007317581272674,0.0088816666666659
1563,balance.1.csv,0.3,0.0487456666666664,0.032,100,0.1481131511111111,2.2162233605711466,0.016745666666666402
1564,balance.1.csv,0.35,0.0296216666666656,5.551115123125783e-17,100,0.1593210399999999,2.169255751138708,0.029621666666665544
1565,balance.1.csv,0.4,0.0347736666666675,0.013,100,0.1555203511111111,2.4101058568684897,0.021773666666667503
1566,balance.1.csv,0.44,0.0033856666666654,0.015,100,0.1686912566666667,2.206271059406224,-0.0116143333333346
1567,balance.1.csv,0.49,0.0244073333333338,0.049,100,0.1626086177777777,2.2569114048582466,-0.0245926666666662
1568,balance.1.csv,0.54,0.0238040000000011,0.015,100,0.1775597777777777,2.118955807643061,0.0088040000000011
1569,balance.1.csv,0.6,0.0078993333333339,0.003,100,0.1636682044444444,2.2812681886427537,0.0048993333333339
1570,balance.1.csv,0.65,0.0254376666666643,0.001,100,0.1625498344444444,2.1255462859261147,0.0244376666666643
1571,balance.1.csv,0.7,0.0321576666666657,0.029,100,0.1386313955555555,2.275473512245567,0.0031576666666657018
1572,balance.1.csv,0.75,0.0007576666666667,0.064,100,0.1306389288888889,2.210067821865789,-0.0632423333333333
1573,balance.1.csv,0.8,0.0256160000000006,0.019,100,0.1255262266666666,1.97934431400321,0.006616000000000601
1574,balance.1.csv,0.85,0.0168896666666669,0.015,100,0.0969587677777777,2.143759339101312,0.0018896666666669004
1575,balance.1.csv,0.9,0.0526623333333308,0.016,100,0.0805144655555555,2.066862918275929,0.0366623333333308
1576,balance.1.csv,0.95,0.0353163333333316,0.05,100,0.0605093822222222,1.890908538002155,-0.014683666666668406
1577,balance.1.csv,0.05,0.0333083333333333,0.023,100,0.0569489377777777,1.960663447179492,0.010308333333333301
1578,balance.1.csv,0.1,0.0193686666666663,0.063,100,0.06823851,1.9153676405308704,-0.0436313333333337
1579,balance.1.csv,0.15,0.0610009999999989,0.0089999999999999,100,0.10875291,2.068438558135365,0.052000999999999006
1580,balance.1.csv,0.2,0.0121766666666656,0.022,100,0.1232568655555555,2.0666097547380278,-0.009823333333334398
1581,balance.1.csv,0.25,0.004094666666668,0.002,100,0.1250474788888889,2.3149339677114646,0.0020946666666679997
1582,balance.1.csv,0.3,0.0033926666666667,0.0419999999999999,100,0.15061844,2.125078966843841,-0.0386073333333332
1583,balance.1.csv,0.35,0.0160746666666684,0.0419999999999999,100,0.15328211,2.161577672672951,-0.0259253333333315
1584,balance.1.csv,0.4,0.0246456666666672,0.025,100,0.16242576,2.1612959175137494,-0.0003543333333328007
1585,balance.1.csv,0.44,0.0531780000000017,0.0549999999999999,100,0.1588799377777777,2.30166649692089,-0.0018219999999982
1586,balance.1.csv,0.49,0.0071720000000006,0.001,100,0.1529551677777778,2.40453920441414,0.0061720000000006
1587,balance.1.csv,0.54,0.0445313333333333,0.049,100,0.1704433011111112,2.2431856485180246,-0.004468666666666704
1588,balance.1.csv,0.6,0.0352753333333322,0.0289999999999999,100,0.1659919677777777,2.278821989346663,0.0062753333333323
1589,balance.1.csv,0.65,0.0075319999999976,0.009,100,0.1553234344444444,2.217328107518556,-0.0014680000000023997
1590,balance.1.csv,0.7,0.0378589999999992,0.005,100,0.1416069988888889,2.345128366984913,0.0328589999999992
1591,balance.1.csv,0.75,0.0104533333333353,0.053,100,0.1263960622222222,2.199116782659667,-0.0425466666666647
1592,balance.1.csv,0.8,0.0375386666666641,0.003,100,0.1310580833333333,2.008036361496347,0.034538666666664095
1593,balance.1.csv,0.85,0.0610846666666717,0.007,100,0.1146980833333333,2.0920091140208554,0.0540846666666717
1594,balance.1.csv,0.9,0.0346986666666694,0.054,100,0.07627099,1.7671976100463964,-0.019301333333330596
1595,balance.1.csv,0.95,0.0336429999999979,0.05,100,0.0577990711111111,2.1128612745578,-0.016357000000002106
1596,balance.3.csv,0.05,0.0940099999999995,0.001,100,0.07344624,2.233488530388573,0.0930099999999995
1597,balance.3.csv,0.1,0.015855,0.071,100,0.0590841011111111,2.048828324468113,-0.05514499999999999
1598,balance.3.csv,0.15,0.0258599999999993,0.0119999999999999,100,0.1060646488888888,1.9615036117313935,0.0138599999999994
1599,balance.3.csv,0.2,0.0133516666666655,0.021,100,0.1078591066666666,2.210825562273744,-0.007648333333334501
1600,balance.3.csv,0.25,0.0015010000000011,0.04,100,0.11774,2.453899712988815,-0.0384989999999989
1601,balance.3.csv,0.3,0.0074969999999991,0.0229999999999999,100,0.1340132655555555,2.3450458559572795,-0.015503000000000799
1602,balance.3.csv,0.35,0.0063613333333335,0.021,100,0.1448684711111111,2.325604502996824,-0.014638666666666501
1603,balance.3.csv,0.4,0.0646646666666678,0.06,100,0.1338323322222222,2.4658194382844365,0.004664666666667802
1604,balance.3.csv,0.44,0.0075716666666659,0.002,100,0.1405575766666666,2.4907162480339453,0.0055716666666659
1605,balance.3.csv,0.49,0.001592666666668,0.046,100,0.1367683055555555,2.6529978335828543,-0.044407333333332
1606,balance.3.csv,0.54,0.0717596666666677,0.045,100,0.1670985277777777,2.311348356948351,0.02675966666666771
1607,balance.3.csv,0.6,0.0344383333333322,0.039,100,0.1487950877777777,2.5447000303629133,-0.004561666666667803
1608,balance.3.csv,0.65,0.029792999999998,0.026,100,0.1487554044444444,2.347306807968549,0.003792999999998003
1609,balance.3.csv,0.7,0.0623826666666648,0.0059999999999998,100,0.1321561288888889,2.4815387763008334,0.056382666666665006
1610,balance.3.csv,0.75,0.1136386666666647,0.02,100,0.1304917988888889,2.485727209045193,0.09363866666666469
1611,balance.3.csv,0.8,0.0613000000000036,0.021,100,0.1121183733333333,2.380910748112156,0.0403000000000036
1612,balance.3.csv,0.85,0.0861159999999972,0.01,100,0.1060222933333333,2.457946389015175,0.0761159999999972
1613,balance.3.csv,0.9,0.1100150000000028,0.019,100,0.0962198622222222,2.4296319349293576,0.0910150000000028
1614,balance.3.csv,0.95,0.0724666666666687,0.026,100,0.0693387233333333,2.2451943124271976,0.04646666666666871
1615,balance.3.csv,0.05,0.0550616666666659,0.023,100,0.0624315766666666,1.914752562679636,0.0320616666666659
1616,balance.3.csv,0.1,0.0681483333333325,0.0209999999999999,100,0.0907632622222222,2.081569503723782,0.047148333333332605
1617,balance.3.csv,0.15,0.0141269999999993,0.0309999999999999,100,0.0923090933333333,2.0973680871610223,-0.0168730000000006
1618,balance.3.csv,0.2,0.0007130000000012,0.07,100,0.1078650788888889,2.078230023213933,-0.06928699999999881
1619,balance.3.csv,0.25,0.004345666666668,0.03,100,0.1247822044444444,2.3195795994833373,-0.025654333333332
1620,balance.3.csv,0.3,0.0542620000000013,0.0459999999999999,100,0.1258516622222222,2.417545034275981,0.0082620000000014
1621,balance.3.csv,0.35,0.0092070000000012,0.0839999999999999,100,0.1345063333333333,2.356409598140605,-0.0747929999999987
1622,balance.3.csv,0.4,0.0074806666666648,0.006,100,0.15722539,2.2781637743169507,0.0014806666666648
1623,balance.3.csv,0.44,0.0674903333333334,0.071,100,0.1376351766666666,2.4649106338808027,-0.0035096666666665916
1624,balance.3.csv,0.49,0.054891999999999,0.001,100,0.1414873333333333,2.490684356709982,0.053891999999998996
1625,balance.3.csv,0.54,0.0478230000000012,0.001,100,0.1422751377777778,2.4944502963507618,0.0468230000000012
1626,balance.3.csv,0.6,0.0326806666666655,0.013,100,0.1407076177777777,2.580502123116057,0.0196806666666655
1627,balance.3.csv,0.65,0.0558689999999992,0.001,100,0.12895275,2.506154247768001,0.054868999999999196
1628,balance.3.csv,0.7,0.0482443333333313,0.06,100,0.1308547155555555,2.4318425049317485,-0.011755666666668697
1629,balance.3.csv,0.75,0.091458333333332,0.02,100,0.1332116566666666,2.442275072600739,0.071458333333332
1630,balance.3.csv,0.8,0.0997029999999965,0.029,100,0.1386968566666666,2.0848453469669206,0.0707029999999965
1631,balance.3.csv,0.85,0.0915503333333322,0.006,100,0.1083985988888889,2.473907215055267,0.0855503333333322
1632,balance.3.csv,0.9,0.0891533333333366,0.019,100,0.0924350344444444,2.253325211367402,0.07015333333333659
1633,balance.3.csv,0.95,0.0555636666666677,0.05,100,0.0626438611111111,2.28189227000344,0.005563666666667695
1634,balloon.csv,0.05,0.010048,0.001,100,0.0446361955555555,0.4993802680595536,0.009048
1635,balloon.csv,0.1,0.0046433333333329,0.017,100,0.06894699,0.5378205813769111,-0.012356666666667102
1636,balloon.csv,0.15,0.0146443333333338,0.011,100,0.1174486844444444,0.63934368356354,0.003644333333333801
1637,balloon.csv,0.2,0.0144346666666679,0.003,100,0.1390018611111111,1.006243007918629,0.011434666666667901
1638,balloon.csv,0.25,0.0138000000000017,0.007,100,0.1684670488888889,0.8807330192676197,0.0068000000000017
1639,balloon.csv,0.3,0.0154406666666662,0.009,100,0.1801754877777778,1.1472089770137983,0.006440666666666201
1640,balloon.csv,0.35,0.0152336666666686,0.0039999999999999,100,0.2032511733333333,1.133430128216798,0.0112336666666687
1641,balloon.csv,0.4,0.0387856666666654,0.009,100,0.2099849099999999,1.174315684904232,0.0297856666666654
1642,balloon.csv,0.44,0.0259763333333349,0.033,100,0.2200556122222222,1.2717811930399432,-0.007023666666665103
1643,balloon.csv,0.49,0.0279510000000007,0.016,100,0.2288337377777778,1.191750543849844,0.0119510000000007
1644,balloon.csv,0.54,0.0632216666666674,0.018,100,0.2199501822222221,1.331713428984828,0.045221666666667396
1645,balloon.csv,0.6,0.0082276666666681,0.032,100,0.2117236122222222,1.3512071149301013,-0.0237723333333319
1646,balloon.csv,0.65,0.0077839999999974,0.029,100,0.2109878711111111,1.2104047224711367,-0.0212160000000026
1647,balloon.csv,0.7,0.0335896666666664,0.019,100,0.1949128211111111,1.3826819324985191,0.0145896666666664
1648,balloon.csv,0.75,0.0367346666666615,0.0,100,0.1835695155555555,1.259623703550985,0.0367346666666615
1649,balloon.csv,0.8,0.0110840000000052,0.012,100,0.1566376655555555,1.0197075972120673,-0.0009159999999947994
1650,balloon.csv,0.85,0.0128913333333303,0.011,100,0.1285754444444444,1.1467398859957552,0.0018913333333303011
1651,balloon.csv,0.9,0.0285760000000029,0.01,100,0.0997120211111111,1.147260771309556,0.018576000000002903
1652,balloon.csv,0.95,0.0446869999999993,0.0060000000000001,100,0.0622531233333333,1.198042269590568,0.038686999999999194
1653,balloon.csv,0.05,0.010132,0.0069999999999999,100,0.0450386344444444,0.4860267646562126,0.0031320000000001
1654,balloon.csv,0.1,0.008245666666666,0.002,100,0.0807795322222222,0.7880841485242507,0.006245666666666001
1655,balloon.csv,0.15,0.0156530000000005,0.005,100,0.1091250433333333,0.9091849296426774,0.010653000000000499
1656,balloon.csv,0.2,0.0143510000000012,0.0199999999999999,100,0.1449221288888888,0.8097433878212653,-0.0056489999999987
1657,balloon.csv,0.25,0.0138840000000017,0.005,100,0.1719462844444444,0.8938657569451959,0.0088840000000017
1658,balloon.csv,0.3,0.0111746666666665,0.031,100,0.1874393333333333,1.0858760179421607,-0.0198253333333335
1659,balloon.csv,0.35,0.0162413333333352,0.014,100,0.1996571677777778,1.152209400592862,0.0022413333333351996
1660,balloon.csv,0.4,0.025063666666667,0.008,100,0.2188500266666666,1.03728771790849,0.017063666666667
1661,balloon.csv,0.44,0.0504106666666684,0.006,100,0.2150165277777777,1.1967044480454974,0.0444106666666684
1662,balloon.csv,0.49,0.0553939999999991,0.0189999999999999,100,0.2197918888888889,1.2810200922987007,0.0363939999999992
1663,balloon.csv,0.54,0.063362333333333,0.008,100,0.2253001544444444,1.1979297324876486,0.05536233333333301
1664,balloon.csv,0.6,0.0179566666666672,0.019,100,0.2140747322222222,1.4201206471766297,-0.0010433333333327993
1665,balloon.csv,0.65,0.0381603333333313,0.006,100,0.2048944444444444,1.4728712791871803,0.0321603333333313
1666,balloon.csv,0.7,0.0175476666666647,0.017,100,0.2011549011111111,1.2283409379780803,0.0005476666666646979
1667,balloon.csv,0.75,0.0138936666666693,0.03,100,0.1700641733333333,1.3828593677244996,-0.016106333333330697
1668,balloon.csv,0.8,0.0110840000000052,0.018,100,0.1574825011111111,1.0258549428872417,-0.006915999999994798
1669,balloon.csv,0.85,0.0351470000000022,0.01,100,0.1310635066666666,1.1816440697700008,0.025147000000002195
1670,balloon.csv,0.9,0.0094146666666676,0.01,100,0.0912518177777778,0.9292274576655272,-0.0005853333333324003
1671,balloon.csv,0.95,0.0599980000000009,0.0090000000000001,100,0.0669351766666666,1.1968369650319208,0.0509980000000008
1672,bank8FM.csv,0.05,0.0113876666666667,0.013,100,0.0525397511111111,2.1593576355455206,-0.001612333333333299
1673,bank8FM.csv,0.1,0.0376233333333327,0.01,100,0.07780704,2.1291328084748,0.027623333333332695
1674,bank8FM.csv,0.15,0.0102886666666665,0.0309999999999999,100,0.0839076388888888,2.3553915143735376,-0.0207113333333334
1675,bank8FM.csv,0.2,0.0139326666666679,0.047,100,0.1066719322222222,2.163346300243145,-0.0330673333333321
1676,bank8FM.csv,0.25,0.0350633333333337,0.006,100,0.1395988711111111,2.2095187252089934,0.029063333333333705
1677,bank8FM.csv,0.3,0.0038979999999995,0.0319999999999999,100,0.1382188211111111,2.318380326444944,-0.028102000000000397
1678,bank8FM.csv,0.35,0.0399279999999983,0.051,100,0.1555640833333333,2.2520766115258715,-0.011072000000001699
1679,bank8FM.csv,0.4,0.0145259999999985,0.005,100,0.1648093544444444,2.3082287224682165,0.009525999999998501
1680,bank8FM.csv,0.44,0.0272333333333349,0.0389999999999999,100,0.1598990711111111,2.39657817088408,-0.011766666666665003
1681,bank8FM.csv,0.49,0.0533056666666673,0.029,100,0.1667831155555555,2.1716490812612745,0.024305666666667298
1682,bank8FM.csv,0.54,0.001130333333334,0.023,100,0.1593654844444444,2.3188668815824998,-0.021869666666666
1683,bank8FM.csv,0.6,0.0356099999999987,0.0589999999999999,100,0.1583033822222221,2.3749382401629395,-0.0233900000000012
1684,bank8FM.csv,0.65,0.027502666666669,0.0849999999999999,100,0.13056779,2.347567724461593,-0.057497333333330895
1685,bank8FM.csv,0.7,0.0318276666666663,0.0209999999999999,100,0.1321404488888888,2.3464962373149225,0.010827666666666402
1686,bank8FM.csv,0.75,0.0359816666666615,0.007,100,0.1304132844444444,2.1700407538674145,0.0289816666666615
1687,bank8FM.csv,0.8,0.0110010000000052,0.002,100,0.1141353988888888,2.1237779036659994,0.0090010000000052
1688,bank8FM.csv,0.85,0.013309999999997,0.029,100,0.09985996,1.7487991167834558,-0.015690000000003
1689,bank8FM.csv,0.9,0.0464459999999995,0.007,100,0.0801259822222222,1.8649252238541216,0.0394459999999995
1690,bank8FM.csv,0.95,0.0357346666666646,0.019,100,0.0604036177777777,1.779228131816455,0.016734666666664597
1691,bank8FM.csv,0.05,0.0348979999999999,0.002,100,0.0558570433333333,1.9948042456190924,0.0328979999999999
1692,bank8FM.csv,0.1,0.0374589999999993,0.003,100,0.0770561288888889,2.1591690241790085,0.034458999999999296
1693,bank8FM.csv,0.15,0.0110366666666664,0.044,100,0.0871441455555555,2.2293314182647626,-0.032963333333333594
1694,bank8FM.csv,0.2,0.0631406666666666,0.007,100,0.1249264444444444,2.1520005113108374,0.056140666666666596
1695,bank8FM.csv,0.25,0.0121266666666683,0.0109999999999999,100,0.1272797988888888,2.1462707167331248,0.0011266666666683994
1696,bank8FM.csv,0.3,0.0003770000000004,0.0369999999999999,100,0.1487741899999999,2.1247319749971805,-0.0366229999999995
1697,bank8FM.csv,0.35,0.0007559999999999,0.0209999999999999,100,0.1533989899999999,2.237235198738408,-0.020244
1698,bank8FM.csv,0.4,0.0419690000000007,0.0209999999999999,100,0.1645643233333333,2.33330170886343,0.0209690000000008
1699,bank8FM.csv,0.44,0.0274006666666682,0.0339999999999999,100,0.1642541111111111,2.244075270323551,-0.006599333333331698
1700,bank8FM.csv,0.49,0.0231053333333342,0.0139999999999999,100,0.1716011233333333,2.2749159587992054,0.0091053333333343
1701,bank8FM.csv,0.54,0.0167743333333327,0.038,100,0.1620431944444444,2.4412737978431664,-0.0212256666666673
1702,bank8FM.csv,0.6,0.0099990000000007,0.021,100,0.1646870711111111,2.176771074840965,-0.011000999999999301
1703,bank8FM.csv,0.65,0.0122183333333305,0.001,100,0.1675901988888889,2.018627495049444,0.011218333333330499
1704,bank8FM.csv,0.7,0.0559356666666674,0.048,100,0.1288497011111111,2.108079109728707,0.007935666666667396
1705,bank8FM.csv,0.75,0.0503769999999964,0.01,100,0.1369341111111111,2.1879061557982573,0.040376999999996395
1706,bank8FM.csv,0.8,0.033347333333331,0.009,100,0.1113410933333333,2.1145570524864925,0.024347333333331
1707,bank8FM.csv,0.85,0.0307060000000016,0.003,100,0.0972378788888888,2.0312219819727377,0.0277060000000016
1708,bank8FM.csv,0.9,0.013429333333335,0.013,100,0.0693633511111111,1.7648515965397051,0.0004293333333350007
1709,bank8FM.csv,0.95,0.0103000000000034,0.034,100,0.0449761544444444,1.664678087903551,-0.023699999999996602
1710,breast-cancer.csv,0.05,0.0104673333333333,0.006,100,0.0506489066666666,1.5342104743406484,0.004467333333333301
1711,breast-cancer.csv,0.1,0.0231413333333329,0.001,100,0.0785292622222222,1.82825296701035,0.0221413333333329
1712,breast-cancer.csv,0.15,0.0113003333333333,0.025,100,0.1150265555555555,1.6270671656001403,-0.013699666666666702
1713,breast-cancer.csv,0.2,0.0110006666666656,0.0449999999999999,100,0.1366966266666666,1.8396936324596835,-0.0339993333333343
1714,breast-cancer.csv,0.25,0.0132980000000017,0.0479999999999999,100,0.162556671111111,1.602766203428187,-0.03470199999999819
1715,breast-cancer.csv,0.3,0.0118366666666657,0.049,100,0.178888,1.6859183912412503,-0.037163333333334304
1716,breast-cancer.csv,0.35,0.0006663333333337,0.056,100,0.1995179155555556,1.4870821774056422,-0.0553336666666663
1717,breast-cancer.csv,0.4,0.0044506666666683,0.076,100,0.1887570344444444,1.813193397454317,-0.0715493333333317
1718,breast-cancer.csv,0.44,0.0019690000000006,0.0559999999999999,100,0.1998959677777778,1.742671196360607,-0.054030999999999295
1719,breast-cancer.csv,0.49,0.0068923333333331,0.068,100,0.2154711955555555,1.540502967855719,-0.06110766666666691
1720,breast-cancer.csv,0.54,0.0270680000000006,0.0629999999999999,100,0.201522951111111,1.625208498545597,-0.035931999999999305
1721,breast-cancer.csv,0.6,0.0132646666666688,0.068,100,0.2030196655555555,1.4444822737241203,-0.05473533333333121
1722,breast-cancer.csv,0.65,0.0180749999999975,0.014,100,0.1932078344444444,1.5524367726826769,0.004074999999997499
1723,breast-cancer.csv,0.7,0.0111653333333302,0.036,100,0.1748822788888889,1.4650767727906082,-0.024834666666669798
1724,breast-cancer.csv,0.75,0.0363163333333284,0.0,100,0.1735278177777778,1.4382195822969095,0.0363163333333284
1725,breast-cancer.csv,0.8,0.0135200000000043,0.0339999999999999,100,0.15099659,1.2213205828218323,-0.0204799999999956
1726,breast-cancer.csv,0.85,0.0176606666666647,0.029,100,0.1251995233333333,1.048385448446806,-0.0113393333333353
1727,breast-cancer.csv,0.9,0.0262310000000031,0.02,100,0.0934107955555555,0.8210425171841909,0.006231000000003099
1728,breast-cancer.csv,0.95,0.0524763333333322,0.0159999999999999,100,0.0703867733333333,1.0144195706627832,0.036476333333332306
1729,breast-cancer.csv,0.05,0.032137,0.002,100,0.0566553288888888,1.5190490544340771,0.030136999999999997
1730,breast-cancer.csv,0.1,0.0269006666666662,0.0239999999999999,100,0.0913072488888888,1.4463836926675104,0.0029006666666663017
1731,breast-cancer.csv,0.15,0.0110486666666666,0.022,100,0.1078734788888888,1.7794578831693768,-0.010951333333333398
1732,breast-cancer.csv,0.2,0.0134306666666679,0.0119999999999999,100,0.1374874877777778,1.4871025637572517,0.001430666666668001
1733,breast-cancer.csv,0.25,0.0148140000000002,0.032,100,0.1642356388888888,1.6836178986657542,-0.0171859999999998
1734,breast-cancer.csv,0.3,0.0387916666666648,0.086,100,0.18618916,1.6992678870772022,-0.04720833333333519
1735,breast-cancer.csv,0.35,0.0118000000000013,0.07,100,0.1952654166666666,1.623213406145442,-0.058199999999998704
1736,breast-cancer.csv,0.4,0.0125153333333317,0.061,100,0.2020355288888889,1.5738138209846348,-0.0484846666666683
1737,breast-cancer.csv,0.44,0.0326060000000016,0.027,100,0.1980095766666667,1.7199150800025464,0.005606000000001599
1738,breast-cancer.csv,0.49,0.0246956666666676,0.041,100,0.2132812222222221,1.5286445720119122,-0.0163043333333324
1739,breast-cancer.csv,0.54,0.0246410000000006,0.0829999999999999,100,0.2066754166666666,1.534779161728261,-0.05835899999999929
1740,breast-cancer.csv,0.6,0.0308373333333359,0.091,100,0.2023761899999999,1.4126694625631189,-0.0601626666666641
1741,breast-cancer.csv,0.65,0.007700333333331,0.035,100,0.1882522488888888,1.5314089024215654,-0.027299666666669005
1742,breast-cancer.csv,0.7,0.0117523333333303,0.043,100,0.1872393899999999,1.3473686586208873,-0.0312476666666697
1743,breast-cancer.csv,0.75,0.0073676666666693,0.071,100,0.1617373155555555,1.1986481263811752,-0.0636323333333307
1744,breast-cancer.csv,0.8,0.0256160000000006,0.0369999999999999,100,0.1432824444444444,1.259027221690015,-0.011383999999999301
1745,breast-cancer.csv,0.85,0.0114526666666643,0.047,100,0.1066231322222222,0.9262668033377076,-0.0355473333333357
1746,breast-cancer.csv,0.9,0.0458516666666674,0.012,100,0.1035127511111111,1.0769864074881157,0.033851666666667404
1747,breast-cancer.csv,0.95,0.0024679999999982,0.029,100,0.0437416488888888,0.4998897082672944,-0.0265320000000018
1748,churn.csv,0.05,0.015904,0.027,100,0.0288128211111111,1.6480059696657443,-0.011095999999999998
1749,churn.csv,0.1,0.0637236666666667,0.017,100,0.0416033544444444,1.826315165905609,0.046723666666666705
1750,churn.csv,0.15,0.0641816666666667,0.054,100,0.0594643066666666,1.8967399877243636,0.010181666666666707
1751,churn.csv,0.2,0.092679333333334,0.0429999999999999,100,0.06548604,2.211523455587129,0.0496793333333341
1752,churn.csv,0.25,0.0678786666666675,0.0529999999999999,100,0.0895333822222222,2.119108425761937,0.014878666666667602
1753,churn.csv,0.3,0.1190513333333342,0.0299999999999999,100,0.0856871766666667,2.035179243073046,0.0890513333333343
1754,churn.csv,0.35,0.1212780000000013,0.034,100,0.1006537011111111,2.2044986918236296,0.0872780000000013
1755,churn.csv,0.4,0.1997063333333334,0.06,100,0.0965989511111111,2.3619036412602905,0.1397063333333334
1756,churn.csv,0.44,0.2159886666666667,0.06,100,0.0967745555555555,2.467973356991158,0.1559886666666667
1757,churn.csv,0.49,0.2599593333333333,0.011,100,0.1103276844444444,2.43990603261924,0.2489593333333333
1758,churn.csv,0.54,0.2323050000000006,0.02,100,0.11442624,2.4566837719855186,0.2123050000000006
1759,churn.csv,0.6,0.2867123333333338,0.0539999999999999,100,0.1147198399999999,2.441488115457164,0.23271233333333388
1760,churn.csv,0.65,0.2722113333333328,0.0919999999999999,100,0.1042796388888889,2.6569019796998137,0.1802113333333329
1761,churn.csv,0.7,0.2848479999999995,0.02,100,0.1138540566666666,2.53261283066295,0.2648479999999995
1762,churn.csv,0.75,0.1607136666666652,0.06,100,0.1053433455555555,2.690594518967096,0.1007136666666652
1763,churn.csv,0.8,0.2300649999999993,0.023,100,0.1055051677777777,2.68199727001737,0.2070649999999993
1764,churn.csv,0.85,0.417435666666666,0.0609999999999999,100,0.0986486933333333,2.749797150665558,0.3564356666666661
1765,churn.csv,0.9,0.2159903333333324,0.004,100,0.0763025099999999,2.7291872868232865,0.2119903333333324
1766,churn.csv,0.95,0.1568393333333347,0.0010000000000001,100,0.0744803322222222,2.747861119237644,0.15583933333333458
1767,churn.csv,0.05,0.0399163333333334,0.042,100,0.0199834166666666,1.557257819246341,-0.0020836666666666018
1768,churn.csv,0.1,0.0396999999999999,0.071,100,0.0475614444444444,1.599578358250889,-0.03130000000000009
1769,churn.csv,0.15,0.0900359999999999,0.0549999999999999,100,0.04480296,1.952431649545844,0.03503599999999999
1770,churn.csv,0.2,0.1084923333333335,0.0199999999999999,100,0.0613634788888889,2.1495867074067543,0.08849233333333359
1771,churn.csv,0.25,0.073484000000001,0.074,100,0.0777214344444444,2.269014984838497,-0.0005159999999989895
1772,churn.csv,0.3,0.0930810000000011,0.035,100,0.0975026666666666,2.1616053038008705,0.05808100000000109
1773,churn.csv,0.35,0.1320126666666678,0.04,100,0.1037785277777777,2.32692819520128,0.0920126666666678
1774,churn.csv,0.4,0.1694513333333343,0.0289999999999999,100,0.0971910266666666,2.4016316016680443,0.14045133333333437
1775,churn.csv,0.44,0.1518486666666669,0.007,100,0.1096328933333333,2.4234591624851496,0.1448486666666669
1776,churn.csv,0.49,0.1857396666666671,0.126,100,0.1099246933333333,2.640301273449939,0.05973966666666711
1777,churn.csv,0.54,0.3086183333333334,0.008,100,0.1059891233333333,2.5174622538609794,0.3006183333333334
1778,churn.csv,0.6,0.3067156666666669,0.041,100,0.1193564211111111,2.406155977036062,0.2657156666666669
1779,churn.csv,0.65,0.368191666666667,0.008,100,0.1050896844444444,2.6081372941135736,0.36019166666666697
1780,churn.csv,0.7,0.3149966666666663,0.006,100,0.1049205544444444,2.6893102195076706,0.3089966666666663
1781,churn.csv,0.75,0.252940333333333,0.008,100,0.1082505011111111,2.761385379852374,0.24494033333333298
1782,churn.csv,0.8,0.366262666666666,0.011,100,0.0985861099999999,2.720047108861206,0.355262666666666
1783,churn.csv,0.85,0.2105343333333327,0.0189999999999999,100,0.0996991766666666,2.6566953136726554,0.1915343333333328
1784,churn.csv,0.9,0.2805689999999996,0.001,100,0.0788226344444444,2.7895218578693703,0.2795689999999996
1785,churn.csv,0.95,0.0497913333333345,0.012,100,0.0650119677777777,2.701561786086761,0.037791333333334495
1786,clean2.csv,0.05,0.010048,0.022,100,0.0447351766666666,0.7982813807611648,-0.011951999999999999
1787,clean2.csv,0.1,0.0191179999999999,0.018,100,0.0588459733333333,0.993054805998166,0.0011179999999999003
1788,clean2.csv,0.15,0.0245186666666671,0.0469999999999999,100,0.0949516122222222,0.9961526040886354,-0.0224813333333328
1789,clean2.csv,0.2,0.0146856666666679,0.031,100,0.12906076,1.044899304174492,-0.0163143333333321
1790,clean2.csv,0.25,0.0138000000000017,0.036,100,0.15191059,1.317029535274452,-0.022199999999998297
1791,clean2.csv,0.3,0.0156079999999996,0.008,100,0.160377,1.509614766827441,0.0076079999999995995
1792,clean2.csv,0.35,0.0288393333333347,0.0249999999999999,100,0.1751455822222222,1.5016944797759233,0.0038393333333347976
1793,clean2.csv,0.4,0.0303353333333331,0.005,100,0.1810090044444443,1.7077687087529847,0.0253353333333331
1794,clean2.csv,0.44,0.0315956666666683,0.01,100,0.1865026344444444,1.7166830705163756,0.021595666666668296
1795,clean2.csv,0.49,0.0348116666666669,0.001,100,0.1851489733333333,1.9662946256593163,0.0338116666666669
1796,clean2.csv,0.54,0.0081549999999992,0.004,100,0.1907850877777778,1.9827192419248976,0.004154999999999199
1797,clean2.csv,0.6,0.0167846666666675,0.001,100,0.1879482222222222,1.918777617950028,0.015784666666667498
1798,clean2.csv,0.65,0.0128039999999971,0.012,100,0.1860873988888888,1.8270977041082268,0.0008039999999971004
1799,clean2.csv,0.7,0.012927666666664,0.015,100,0.1674238877777778,1.9193883690263656,-0.0020723333333360003
1800,clean2.csv,0.75,0.0059353333333341,0.001,100,0.1501284655555555,1.985927312217511,0.0049353333333341
1801,clean2.csv,0.8,0.0110006666666718,0.007,100,0.1317322344444444,1.9675537247871284,0.0040006666666718
1802,clean2.csv,0.85,0.0119709999999967,0.005,100,0.1102533155555555,1.738754899190238,0.0069709999999966995
1803,clean2.csv,0.9,0.0229710000000022,0.009,100,0.0778669544444444,1.823951826066748,0.013971000000002202
1804,clean2.csv,0.95,0.0103000000000034,0.0070000000000001,100,0.0507449988888888,1.8050346484082904,0.0033000000000033003
1805,clean2.csv,0.05,0.014648,0.023,100,0.0390085277777777,0.7243558459309016,-0.008352
1806,clean2.csv,0.1,0.0031419999999997,0.036,100,0.0709854166666666,0.8404279825990743,-0.0328580000000003
1807,clean2.csv,0.15,0.022342666666667,0.043,100,0.0968890877777778,1.1616259644779627,-0.020657333333332997
1808,clean2.csv,0.2,0.0150203333333345,0.007,100,0.1231100711111111,1.1263609412662283,0.0080203333333345
1809,clean2.csv,0.25,0.0138000000000017,0.0269999999999999,100,0.1515984844444444,1.314945805881792,-0.0131999999999982
1810,clean2.csv,0.3,0.0156916666666663,0.0199999999999999,100,0.1587407677777778,1.5659969340612638,-0.004308333333333601
1811,clean2.csv,0.35,0.014142000000002,0.0209999999999999,100,0.1874865455555556,1.412619531757353,-0.0068579999999979005
1812,clean2.csv,0.4,0.0336819999999993,0.016,100,0.1763911944444444,1.8129716421017184,0.017681999999999302
1813,clean2.csv,0.44,0.0284086666666683,0.008,100,0.1880479677777777,1.73629165960224,0.0204086666666683
1814,clean2.csv,0.49,0.0306283333333337,0.002,100,0.1909061455555555,1.929355455078085,0.0286283333333337
1815,clean2.csv,0.54,0.0567526666666667,0.003,100,0.1972498877777777,1.9058127435566277,0.0537526666666667
1816,clean2.csv,0.6,0.0205503333333337,0.007,100,0.1818538611111111,1.9165695865389232,0.013550333333333702
1817,clean2.csv,0.65,0.0144773333333305,0.005,100,0.18266419,1.9283266191943669,0.0094773333333305
1818,clean2.csv,0.7,0.0124236666666638,0.0049999999999998,100,0.1723232933333333,1.867046280610383,0.007423666666664001
1819,clean2.csv,0.75,0.0061863333333342,0.012,100,0.1509740655555555,1.8975344346886411,-0.0058136666666658
1820,clean2.csv,0.8,0.0110003333333384,0.007,100,0.1355697066666666,1.8436594006997489,0.004000333333338399
1821,clean2.csv,0.85,0.0128916666666635,0.015,100,0.1100103677777778,1.833562968375141,-0.0021083333333364995
1822,clean2.csv,0.9,0.0378763333333362,0.012,100,0.0765147233333333,2.1109139123382814,0.025876333333336197
1823,clean2.csv,0.95,0.0103000000000034,0.011,100,0.0470877544444444,1.890029497408383,-0.0006999999999965992
1824,click-prediction.csv,0.05,0.9382430000000036,0.409,100,0.0336047955555555,2.6341017326751386,0.5292430000000037
1825,click-prediction.csv,0.1,0.8704220000000009,0.493,100,0.0336518611111111,2.5092134359605818,0.3774220000000009
1826,click-prediction.csv,0.15,0.8399163333333375,0.228,100,0.0222479999999999,2.6680229380818026,0.6119163333333375
1827,click-prediction.csv,0.2,0.7858163333333368,0.334,100,0.0351194433333333,2.4965655413393977,0.45181633333333676
1828,click-prediction.csv,0.25,0.7225973333333345,0.218,100,0.0332720211111111,2.5724446807234846,0.5045973333333346
1829,click-prediction.csv,0.3,0.6697526666666676,0.4059999999999999,100,0.0287882344444444,2.3070830977561863,0.26375266666666763
1830,click-prediction.csv,0.35,0.6389123333333373,0.286,100,0.0248140044444444,2.502314938403175,0.3529123333333373
1831,click-prediction.csv,0.4,0.5695016666666675,0.391,100,0.0304277288888888,2.2797249178473145,0.17850166666666745
1832,click-prediction.csv,0.44,0.5499163333333374,0.067,100,0.0176851944444444,2.590397819759069,0.48291633333333744
1833,click-prediction.csv,0.49,0.4985776666666704,0.139,100,0.0245226433333333,2.4466659812816003,0.3595776666666704
1834,click-prediction.csv,0.54,0.4285813333333338,0.0809999999999999,100,0.0312634444444444,2.4605077184377504,0.3475813333333339
1835,click-prediction.csv,0.6,0.3899163333333375,0.0609999999999999,100,0.0186983322222222,2.577594907696184,0.3289163333333376
1836,click-prediction.csv,0.65,0.3396653333333373,0.2109999999999999,100,0.0218257544444444,2.27743311348364,0.1286653333333374
1837,click-prediction.csv,0.7,0.2863186666666703,0.1130000000000001,100,0.0260802266666666,2.3428379486882807,0.17331866666667017
1838,click-prediction.csv,0.75,0.2400000000000042,0.0759999999999999,100,0.0209062933333333,2.450536899899008,0.1640000000000043
1839,click-prediction.csv,0.8,0.1899163333333374,0.339,100,0.0204602266666666,2.6486367270344773,-0.14908366666666262
1840,click-prediction.csv,0.85,0.1400000000000042,0.008,100,0.0179692266666666,2.293757570807561,0.1320000000000042
1841,click-prediction.csv,0.9,0.0899163333333374,0.31,100,0.0206558877777777,2.491875101233125,-0.2200836666666626
1842,click-prediction.csv,0.95,0.0399163333333375,0.2199999999999999,100,0.0203860833333333,2.490416256476758,-0.1800836666666624
1843,click-prediction.csv,0.05,0.9192506666666672,0.5329999999999999,100,0.0326878933333333,2.455104391546764,0.3862506666666673
1844,click-prediction.csv,0.1,0.8675773333333336,0.7210000000000001,100,0.0389840566666666,2.381102706000304,0.14657733333333356
1845,click-prediction.csv,0.15,0.8192506666666673,0.257,100,0.0349299233333333,2.5471022788115905,0.5622506666666673
1846,click-prediction.csv,0.2,0.7722626666666677,0.317,100,0.03457459,2.584544632818725,0.45526266666666765
1847,click-prediction.csv,0.25,0.7390796666666707,0.5680000000000001,100,0.0240626877777777,2.2718570678134853,0.17107966666667063
1848,click-prediction.csv,0.3,0.6899163333333376,0.108,100,0.0208405955555555,2.6519058425991937,0.5819163333333376
1849,click-prediction.csv,0.35,0.6384103333333373,0.287,100,0.02490131,2.4323448788345323,0.3514103333333373
1850,click-prediction.csv,0.4,0.5900000000000042,0.13,100,0.0178927766666666,2.415364535868075,0.4600000000000042
1851,click-prediction.csv,0.44,0.5442270000000031,0.201,100,0.0284308933333333,2.454975237307725,0.3432270000000031
1852,click-prediction.csv,0.49,0.4923863333333361,0.2299999999999999,100,0.0274013988888888,2.4110842879504277,0.26238633333333616
1853,click-prediction.csv,0.54,0.4498326666666707,0.0419999999999999,100,0.0220335233333333,2.485946814809861,0.40783266666667084
1854,click-prediction.csv,0.6,0.3890796666666707,0.3480000000000001,100,0.0233601988888888,2.2067736659817667,0.04107966666667062
1855,click-prediction.csv,0.65,0.3399163333333375,0.35,100,0.0203178488888888,2.0875044011660844,-0.010083666666662494
1856,click-prediction.csv,0.7,0.2899163333333375,0.2019999999999999,100,0.0176791066666666,2.493943471464134,0.08791633333333759
1857,click-prediction.csv,0.75,0.2231830000000015,0.0709999999999999,100,0.0287434444444444,2.4476364888695046,0.1521830000000016
1858,click-prediction.csv,0.8,0.1899163333333374,0.168,100,0.0202703288888888,2.517044321181357,0.021916333333337396
1859,click-prediction.csv,0.85,0.1399163333333375,0.0399999999999999,100,0.0202949722222222,2.34024081445065,0.0999163333333376
1860,click-prediction.csv,0.9,0.0899163333333374,0.021,100,0.0206054488888888,2.289923704135638,0.0689163333333374
1861,click-prediction.csv,0.95,0.0398326666666708,0.584,100,0.0116027066666666,2.7090605654769506,-0.5441673333333291
1862,cmc.1.csv,0.05,0.0268543333333333,0.268,100,0.0643943867900352,2.8043074817276823,-0.2411456666666667
1863,cmc.1.csv,0.1,0.0025513333333328,0.177,100,0.0655017662455026,2.772118847685192,-0.1744486666666672
1864,cmc.1.csv,0.15,0.0771799999999999,0.261,100,0.0706521739162499,2.87757886789046,-0.1838200000000001
1865,cmc.1.csv,0.2,0.1627740000000001,0.1079999999999999,100,0.0608478663222395,2.8183900311030183,0.05477400000000021
1866,cmc.1.csv,0.25,0.1491316666666667,0.093,100,0.0691961832491355,2.8304005985555984,0.05613166666666669
1867,cmc.1.csv,0.3,0.2039876666666666,0.0529999999999999,100,0.06758024522597,2.818650119587781,0.1509876666666667
1868,cmc.1.csv,0.35,0.2930823333333333,0.005,100,0.0657980265940426,2.8757884402051146,0.2880823333333333
1869,cmc.1.csv,0.4,0.0515976666666674,0.07,100,0.0864217004786819,2.9278901309117447,-0.018402333333332604
1870,cmc.1.csv,0.44,0.3360193333333332,0.033,100,0.0759967069018909,2.890120474838275,0.3030193333333332
1871,cmc.1.csv,0.49,0.2271290000000005,0.0509999999999999,100,0.0871253460483496,2.8476603786597323,0.1761290000000006
1872,cmc.1.csv,0.54,0.2963880000000001,0.112,100,0.0843128316629802,2.842456375909738,0.1843880000000001
1873,cmc.1.csv,0.6,0.1890356666666675,0.0539999999999999,100,0.0808093723368606,2.944231892917218,0.13503566666666758
1874,cmc.1.csv,0.65,0.2806653333333339,0.13,100,0.0862322090303854,2.8939495071939803,0.15066533333333387
1875,cmc.1.csv,0.7,0.4688703333333334,0.2519999999999999,100,0.082713517804554,2.861779892851343,0.2168703333333335
1876,cmc.1.csv,0.75,0.1171726666666659,0.162,100,0.0860734589703703,2.947295760269358,-0.04482733333333411
1877,cmc.1.csv,0.8,0.2330999999999998,0.2289999999999999,100,0.091810539878236,2.8742199690691166,0.004099999999999909
1878,cmc.1.csv,0.85,0.2840203333333332,0.249,100,0.0952232333547241,2.786865133065983,0.03502033333333321
1879,cmc.1.csv,0.9,0.3683223333333325,0.287,100,0.0903289787766376,2.81093147787008,0.0813223333333325
1880,cmc.1.csv,0.95,0.2775499999999991,0.2929999999999999,100,0.0887341726601851,2.824353809145649,-0.015450000000000852
1881,cmc.1.csv,0.05,0.0368190000000001,0.199,100,0.0472195625606009,2.7253990661425926,-0.1621809999999999
1882,cmc.1.csv,0.1,0.0536396666666668,0.1139999999999999,100,0.0545416550975623,2.742879596252885,-0.06036033333333309
1883,cmc.1.csv,0.15,0.0256833333333324,0.184,100,0.0727879312749999,2.783128070720592,-0.1583166666666676
1884,cmc.1.csv,0.2,0.1764300000000001,0.1129999999999999,100,0.0576022831532801,2.850675204772382,0.06343000000000018
1885,cmc.1.csv,0.25,0.1049940000000004,0.02,100,0.0695229528407407,2.820757859783269,0.0849940000000004
1886,cmc.1.csv,0.3,0.120547000000001,0.0519999999999999,100,0.0729007749993638,2.871004885846756,0.06854700000000111
1887,cmc.1.csv,0.35,0.123222,0.071,100,0.0861460627084908,2.864005964646646,0.052222000000000005
1888,cmc.1.csv,0.4,0.2233133333333342,0.026,100,0.0729907520287918,2.8302288897879846,0.1973133333333342
1889,cmc.1.csv,0.44,0.1850763333333336,0.076,100,0.0784866317565429,2.736094494573664,0.1090763333333336
1890,cmc.1.csv,0.49,0.2705910000000013,0.1539999999999999,100,0.0761383858785273,2.830117900075216,0.11659100000000142
1891,cmc.1.csv,0.54,0.3305576666666669,0.022,100,0.0800442915362874,2.89070055557172,0.3085576666666669
1892,cmc.1.csv,0.6,0.374733,0.1339999999999999,100,0.0856252590716742,2.9206631178188505,0.24073300000000009
1893,cmc.1.csv,0.65,0.1319809999999996,0.0779999999999999,100,0.0841450224016818,2.882874442044272,0.053980999999999696
1894,cmc.1.csv,0.7,0.0969793333333334,0.2389999999999999,100,0.0725788653097694,2.8451047859707908,-0.14202066666666652
1895,cmc.1.csv,0.75,0.3450643333333332,0.1759999999999999,100,0.0741535214984819,2.9312211949499885,0.1690643333333333
1896,cmc.1.csv,0.8,0.2361956666666664,0.18,100,0.0929174748055854,2.886543443447749,0.056195666666666394
1897,cmc.1.csv,0.85,0.2303103333333325,0.251,100,0.0849693033348749,2.775178145426036,-0.020689666666667494
1898,cmc.1.csv,0.9,0.3532356666666665,0.31,100,0.0937172371201562,2.852631298416345,0.043235666666666506
1899,cmc.1.csv,0.95,0.3088726666666658,0.35,100,0.0753038721647455,2.8489817153256816,-0.04112733333333418
1900,cmc.2.csv,0.05,0.010132,0.0579999999999999,100,0.04668289611033,2.284238911154836,-0.0478679999999999
1901,cmc.2.csv,0.1,0.0396163333333333,0.0089999999999999,100,0.0482124760070798,2.328284789802922,0.0306163333333334
1902,cmc.2.csv,0.15,0.0646836666666667,0.043,100,0.0596627730442113,2.5212621523568077,0.0216836666666667
1903,cmc.2.csv,0.2,0.1648106666666667,0.037,100,0.041869459862585,2.451744848819346,0.12781066666666668
1904,cmc.2.csv,0.25,0.1893666666666666,0.1139999999999999,100,0.0514393620417989,2.389979135523632,0.0753666666666667
1905,cmc.2.csv,0.3,0.1888306666666672,0.118,100,0.0662002533835726,2.3845080286248006,0.07083066666666721
1906,cmc.2.csv,0.35,0.2693713333333333,0.1259999999999999,100,0.0540247902965167,2.562623180363468,0.1433713333333334
1907,cmc.2.csv,0.4,0.316525,0.156,100,0.056597911830335,2.5502994169189037,0.160525
1908,cmc.2.csv,0.44,0.3297510000000008,0.1609999999999999,100,0.0631883511322924,2.6332196528301357,0.1687510000000009
1909,cmc.2.csv,0.49,0.4593340000000001,0.364,100,0.0397292585951814,2.335576080759968,0.09533400000000009
1910,cmc.2.csv,0.54,0.4734433333333334,0.134,100,0.0591525412091899,2.7339685526971573,0.3394433333333334
1911,cmc.2.csv,0.6,0.4478516666666672,0.2689999999999999,100,0.0710965407135046,2.6743968503540314,0.1788516666666673
1912,cmc.2.csv,0.65,0.4816726666666668,0.433,100,0.0752860743369614,2.539866205342764,0.04867266666666681
1913,cmc.2.csv,0.7,0.5517070000000004,0.3549999999999999,100,0.0709475135549193,2.673837043104906,0.19670700000000046
1914,cmc.2.csv,0.75,0.6834349999999999,0.436,100,0.0571701000817255,2.6625662583910907,0.2474349999999999
1915,cmc.2.csv,0.8,0.7057506666666667,0.362,100,0.0690612555751999,2.7353603239661752,0.34375066666666676
1916,cmc.2.csv,0.85,0.7511303333333338,0.368,100,0.0653509193918556,2.761051266468636,0.3831303333333338
1917,cmc.2.csv,0.9,0.7686670000000004,0.489,100,0.0666497460877047,2.535322420691132,0.27966700000000044
1918,cmc.2.csv,0.95,0.9094213333333334,0.4959999999999999,100,0.056783261440388,2.7320565320706995,0.41342133333333353
1919,cmc.2.csv,0.05,0.0152346666666667,0.022,100,0.0363738861587049,2.242228487684452,-0.006765333333333299
1920,cmc.2.csv,0.1,0.0528873333333334,0.001,100,0.0436002729010377,2.275548740727411,0.051887333333333396
1921,cmc.2.csv,0.15,0.1122113333333334,0.0699999999999999,100,0.0423521715599899,2.197851340000448,0.0422113333333335
1922,cmc.2.csv,0.2,0.1190343333333333,0.078,100,0.0539158773492614,2.300356405247732,0.0410343333333333
1923,cmc.2.csv,0.25,0.1896163333333333,0.1169999999999999,100,0.0491748184232489,2.4006087915024192,0.07261633333333341
1924,cmc.2.csv,0.3,0.2514580000000001,0.0409999999999999,100,0.0523053985733182,2.564224809342869,0.21045800000000023
1925,cmc.2.csv,0.35,0.3102640000000001,0.0249999999999999,100,0.0529164967219135,2.683736328091267,0.2852640000000002
1926,cmc.2.csv,0.4,0.3149346666666667,0.296,100,0.0569046421817586,2.3936013841748545,0.01893466666666671
1927,cmc.2.csv,0.44,0.3297510000000008,0.193,100,0.0621514036936256,2.5738902033994115,0.1367510000000008
1928,cmc.2.csv,0.49,0.4547230000000001,0.365,100,0.0421924771870181,2.3538565130281173,0.08972300000000011
1929,cmc.2.csv,0.54,0.4296673333333341,0.223,100,0.0640533686881755,2.6400156143007205,0.20666733333333412
1930,cmc.2.csv,0.6,0.4758623333333335,0.2559999999999999,100,0.066567488951877,2.6201111533130987,0.2198623333333336
1931,cmc.2.csv,0.65,0.5350650000000005,0.411,100,0.0660755181309901,2.5809036906949294,0.12406500000000048
1932,cmc.2.csv,0.7,0.6174453333333333,0.4629999999999999,100,0.0561718026091206,2.46217867027956,0.15444533333333338
1933,cmc.2.csv,0.75,0.6847816666666666,0.396,100,0.0584919899767951,2.7130805828635034,0.2887816666666666
1934,cmc.2.csv,0.8,0.6234763333333342,0.346,100,0.073037311090758,2.814638518671864,0.2774763333333342
1935,cmc.2.csv,0.85,0.6400780000000011,0.4369999999999999,100,0.0807016991679516,2.7141714539714226,0.20307800000000126
1936,cmc.2.csv,0.9,0.6809293333333346,0.522,100,0.085906342675855,2.72619173697366,0.1589293333333346
1937,cmc.2.csv,0.95,0.8173283333333339,0.584,100,0.0679614902902179,2.714381755586732,0.23332833333333391
1938,cmc.3.csv,0.05,0.0229966666666666,0.241,100,0.065465995501718,2.7531728503617545,-0.21800333333333338
1939,cmc.3.csv,0.1,0.0762660000000001,0.15,100,0.0522880850038176,2.7243893052551407,-0.0737339999999999
1940,cmc.3.csv,0.15,0.1297050000000001,0.079,100,0.0445169342995456,2.791356358572056,0.0507050000000001
1941,cmc.3.csv,0.2,0.1864003333333334,0.175,100,0.0511137206038989,2.846145541254315,0.011400333333333401
1942,cmc.3.csv,0.25,0.2369870000000001,0.0579999999999999,100,0.0430021057846724,2.7015022112771647,0.17898700000000017
1943,cmc.3.csv,0.3,0.2851446666666667,0.149,100,0.0545187016790151,2.866625794295768,0.13614466666666672
1944,cmc.3.csv,0.35,0.3158776666666668,0.0149999999999999,100,0.0602875481248094,2.797019493019298,0.3008776666666669
1945,cmc.3.csv,0.4,0.3874893333333334,0.0329999999999999,100,0.0470137806332262,2.871606274764521,0.3544893333333335
1946,cmc.3.csv,0.44,0.4258980000000001,0.001,100,0.0548742114541969,2.91726513708292,0.4248980000000001
1947,cmc.3.csv,0.49,0.47548,0.2319999999999999,100,0.0498410403980184,2.7434512605157875,0.2434800000000001
1948,cmc.3.csv,0.54,0.5288286666666668,0.021,100,0.0427473666993748,2.858255350948814,0.5078286666666668
1949,cmc.3.csv,0.6,0.584389,0.2019999999999999,100,0.0559998003195478,2.841333508209778,0.38238900000000015
1950,cmc.3.csv,0.65,0.6321283333333335,0.173,100,0.0558500694844566,2.807213435226976,0.4591283333333335
1951,cmc.3.csv,0.7,0.6888286666666668,0.3149999999999999,100,0.0423918075710254,2.831531882725692,0.37382866666666686
1952,cmc.3.csv,0.75,0.7366523333333335,0.266,100,0.0531000829243433,2.910290124957784,0.47065233333333345
1953,cmc.3.csv,0.8,0.7753426666666668,0.275,100,0.0585187488706055,2.873561224166871,0.5003426666666668
1954,cmc.3.csv,0.85,0.8373220000000001,0.3899999999999999,100,0.0500550894792648,2.912125769901168,0.4473220000000002
1955,cmc.3.csv,0.9,0.8843893333333335,0.362,100,0.0596358070880117,2.8980587223200964,0.5223893333333335
1956,cmc.3.csv,0.95,0.937406,0.601,100,0.0472941291858449,2.8270010749650547,0.336406
1957,cmc.3.csv,0.05,0.03841,0.144,100,0.0379665100848282,2.7157634126939154,-0.10558999999999999
1958,cmc.3.csv,0.1,0.0612676666666668,0.17,100,0.055154729616201,2.7451045934646374,-0.10873233333333321
1959,cmc.3.csv,0.15,0.1348933333333334,0.191,100,0.0505849398081441,2.842906447229301,-0.05610666666666661
1960,cmc.3.csv,0.2,0.1887450000000001,0.125,100,0.0374302204134297,2.790776277837306,0.06374500000000011
1961,cmc.3.csv,0.25,0.2291196666666667,0.0569999999999999,100,0.0452880720848373,2.671780062637844,0.17211966666666678
1962,cmc.3.csv,0.3,0.2873220000000001,0.0619999999999999,100,0.0415302517085207,2.785190663315125,0.2253220000000002
1963,cmc.3.csv,0.35,0.3308776666666667,0.1219999999999999,100,0.0487327061986394,2.7388763797387985,0.2088776666666668
1964,cmc.3.csv,0.4,0.3869026666666668,0.039,100,0.0506671644382023,2.8484826027639536,0.3479026666666668
1965,cmc.3.csv,0.44,0.4240570000000001,0.062,100,0.0545164188705775,2.859044503876577,0.3620570000000001
1966,cmc.3.csv,0.49,0.4754800000000001,0.0959999999999999,100,0.0526372160016691,2.80016587139791,0.3794800000000002
1967,cmc.3.csv,0.54,0.4970010000000001,0.065,100,0.0660881700617808,2.904463112697043,0.4320010000000001
1968,cmc.3.csv,0.6,0.5838870000000002,0.1709999999999999,100,0.0596136975263323,2.916395015980819,0.4128870000000002
1969,cmc.3.csv,0.65,0.6341386666666669,0.294,100,0.0546238652963136,2.826788953136393,0.34013866666666687
1970,cmc.3.csv,0.7,0.6868193333333333,0.3489999999999999,100,0.0507221232083821,2.825326605216854,0.3378193333333334
1971,cmc.3.csv,0.75,0.7371543333333335,0.326,100,0.0489862356042095,2.881537909662413,0.41115433333333345
1972,cmc.3.csv,0.8,0.7810396666666668,0.351,100,0.0587146119764177,2.8878168831145272,0.4300396666666668
1973,cmc.3.csv,0.85,0.8369863333333334,0.3929999999999999,100,0.0474019819683972,2.8580428305073142,0.4439863333333335
1974,cmc.3.csv,0.9,0.8853950000000002,0.468,100,0.0533187373339387,2.793932115203756,0.4173950000000001
1975,cmc.3.csv,0.95,0.9360656666666668,0.4969999999999999,100,0.0517900409199803,2.874771571117465,0.4390656666666669
1976,cmc.csv,0.05,0.3984023333333333,0.404,100,0.0944175448714789,2.8228193081362054,-0.005597666666666723
1977,cmc.csv,0.1,0.0823796666666657,0.212,100,0.0738189893856938,2.782793957336838,-0.12962033333333428
1978,cmc.csv,0.15,0.4156703333333343,0.315,100,0.0800857639506472,2.922658793715746,0.1006703333333343
1979,cmc.csv,0.2,0.1640576666666666,0.1579999999999999,100,0.088844732320301,2.873328641510596,0.006057666666666711
1980,cmc.csv,0.25,0.2602976666666665,0.219,100,0.0799729070020849,2.843889846530036,0.04129766666666648
1981,cmc.csv,0.3,0.2855963333333336,0.144,100,0.0756385613435626,2.907473369198296,0.14159633333333363
1982,cmc.csv,0.35,0.147470999999999,0.083,100,0.0867273678008881,2.860748596552802,0.06447099999999899
1983,cmc.csv,0.4,0.275214,0.12,100,0.0746783137323596,2.8850095863416034,0.15521400000000002
1984,cmc.csv,0.44,0.3326326666666666,0.009,100,0.0825867180930712,2.865792568350549,0.32363266666666657
1985,cmc.csv,0.49,0.027856333333334,0.0549999999999999,100,0.0792466660111111,2.8584165261439987,-0.027143666666665903
1986,cmc.csv,0.54,0.4451430000000035,0.019,100,0.0569364350849647,2.8932284152055026,0.4261430000000035
1987,cmc.csv,0.6,0.1846963333333314,0.086,100,0.0749839758366968,2.8331242400579453,0.09869633333333142
1988,cmc.csv,0.65,0.0792473333333336,0.014,100,0.0776462145350555,2.812015263655384,0.0652473333333336
1989,cmc.csv,0.7,0.095776999999996,0.1149999999999999,100,0.074661405473894,2.8749312034593357,-0.01922300000000389
1990,cmc.csv,0.75,0.1430099999999989,0.1079999999999999,100,0.0677771964079412,2.8795539812342423,0.035009999999998986
1991,cmc.csv,0.8,0.0145170000000001,0.28,100,0.0786530256638076,2.928088201264882,-0.2654829999999999
1992,cmc.csv,0.85,0.0131386666666641,0.1549999999999999,100,0.0707293197171978,2.8324711072821165,-0.14186133333333578
1993,cmc.csv,0.9,0.0237246666666672,0.0779999999999999,100,0.0567538482146179,2.628878710223075,-0.054275333333332704
1994,cmc.csv,0.95,0.0345570000000033,0.3409999999999999,100,0.0584620619138495,2.879767645917405,-0.30644299999999663
1995,cmc.csv,0.05,0.2075879999999998,0.314,100,0.0786127620024108,2.869249049312501,-0.1064120000000002
1996,cmc.csv,0.1,0.3688526666666666,0.358,100,0.076960395070616,2.837385069666015,0.010852666666666622
1997,cmc.csv,0.15,0.1912709999999995,0.208,100,0.0899625517161186,2.730648091887134,-0.016729000000000493
1998,cmc.csv,0.2,0.3294190000000007,0.306,100,0.0820119899674729,2.861412332556866,0.02341900000000069
1999,cmc.csv,0.25,0.1809913333333327,0.1049999999999999,100,0.0793294528969135,2.818449675573276,0.0759913333333328
2000,cmc.csv,0.3,0.0826086666666669,0.1169999999999999,100,0.0702150927144416,2.83640167036659,-0.034391333333332996
2001,cmc.csv,0.35,0.1517650000000004,0.111,100,0.085851483453332,2.862796761937706,0.0407650000000004
2002,cmc.csv,0.4,0.2253753333333336,0.129,100,0.0785114391748094,2.851017804284819,0.09637533333333359
2003,cmc.csv,0.44,0.4550136666666662,0.105,100,0.0697741418233875,2.8915049042178227,0.3500136666666662
2004,cmc.csv,0.49,0.2118773333333373,0.165,100,0.0897225567160457,2.7976926880100934,0.046877333333337295
2005,cmc.csv,0.54,0.3027583333333322,0.1829999999999999,100,0.0670894023694192,2.722782497837237,0.11975833333333227
2006,cmc.csv,0.6,0.0732050000000005,0.0789999999999999,100,0.0853805057138196,2.845539661572106,-0.005794999999999398
2007,cmc.csv,0.65,0.2116949999999976,0.004,100,0.0689974322432854,2.8294241425302227,0.2076949999999976
2008,cmc.csv,0.7,0.2628560000000016,0.0339999999999999,100,0.0658758413460002,2.8523116351223043,0.2288560000000017
2009,cmc.csv,0.75,0.0487773333333318,0.1939999999999999,100,0.0748938447939018,2.913417085026156,-0.1452226666666681
2010,cmc.csv,0.8,0.0083269999999979,0.139,100,0.0745325745391828,2.7708380661301764,-0.13067300000000212
2011,cmc.csv,0.85,0.1203253333333345,0.0539999999999999,100,0.0479925708025699,2.7764621186626623,0.0663253333333346
2012,cmc.csv,0.9,0.0782763333333352,0.162,100,0.0536799558220122,2.775300812951505,-0.08372366666666481
2013,cmc.csv,0.95,0.0374666666666676,0.2939999999999999,100,0.0691466325250091,2.825936707491299,-0.2565333333333323
2014,covtype_reduced.csv,0.05,0.0233433333333334,0.06,100,0.0496865511111111,2.732134051996733,-0.0366566666666666
2015,covtype_reduced.csv,0.1,0.0696590000000001,0.031,100,0.0467967766666666,2.6737046356636487,0.038659000000000096
2016,covtype_reduced.csv,0.15,0.0764163333333333,0.078,100,0.0624094044444444,2.801308157410547,-0.0015836666666667054
2017,covtype_reduced.csv,0.2,0.0834706666666669,0.0149999999999999,100,0.0684299155555555,2.803544832435375,0.068470666666667
2018,covtype_reduced.csv,0.25,0.0775489999999999,0.077,100,0.0765457066666666,2.902739601709368,0.0005489999999998968
2019,covtype_reduced.csv,0.3,0.1491073333333334,0.02,100,0.0714683766666666,2.8905705461578863,0.1291073333333334
2020,covtype_reduced.csv,0.35,0.0594046666666665,0.0539999999999999,100,0.0775437988888889,2.855124544020331,0.005404666666666599
2021,covtype_reduced.csv,0.4,0.2025999999999996,0.15,100,0.0858284211111111,2.8721673357994995,0.05259999999999962
2022,covtype_reduced.csv,0.44,0.0573166666666665,0.074,100,0.0939533955555555,2.867448018398956,-0.016683333333333494
2023,covtype_reduced.csv,0.49,0.0215673333333342,0.008,100,0.0867869066666666,2.8185512062982028,0.013567333333334201
2024,covtype_reduced.csv,0.54,0.0215583333333326,0.011,100,0.08477931,2.862326526675376,0.0105583333333326
2025,covtype_reduced.csv,0.6,0.349710333333335,0.034,100,0.0727801988888888,2.8602795055321173,0.315710333333335
2026,covtype_reduced.csv,0.65,0.0630950000000009,0.072,100,0.0990537155555555,2.8697812330494075,-0.008904999999999094
2027,covtype_reduced.csv,0.7,0.0926273333333332,0.1319999999999999,100,0.08666984,2.923078843496963,-0.039372666666666695
2028,covtype_reduced.csv,0.75,0.1464386666666668,0.0839999999999999,100,0.0732571944444444,2.888396963849266,0.062438666666666906
2029,covtype_reduced.csv,0.8,0.0475870000000026,0.0729999999999999,100,0.0710976044444444,2.782063304636468,-0.0254129999999973
2030,covtype_reduced.csv,0.85,0.0403369999999988,0.0189999999999999,100,0.0651467777777777,2.6705966952937894,0.0213369999999989
2031,covtype_reduced.csv,0.9,0.022553666666667,0.036,100,0.0602381455555555,2.743509362129053,-0.013446333333332998
2032,covtype_reduced.csv,0.95,0.0358990000000036,0.05,100,0.0456155233333333,2.634432461594232,-0.014100999999996401
2033,covtype_reduced.csv,0.05,0.0333053333333334,0.026,100,0.0420893599999999,2.6196170089783664,0.007305333333333403
2034,covtype_reduced.csv,0.1,0.0789530000000001,0.0499999999999999,100,0.0499625066666666,2.7817806061548422,0.028953000000000208
2035,covtype_reduced.csv,0.15,0.0800136666666666,0.0079999999999999,100,0.0611494877777777,2.760009366944333,0.0720136666666667
2036,covtype_reduced.csv,0.2,0.0848209999999994,0.1069999999999999,100,0.0746011511111111,2.882210706040232,-0.022179000000000504
2037,covtype_reduced.csv,0.25,0.2038870000000001,0.0509999999999999,100,0.0610042344444444,2.8357630894057837,0.1528870000000002
2038,covtype_reduced.csv,0.3,0.1943500000000001,0.0619999999999999,100,0.06706299,2.796298799642583,0.1323500000000002
2039,covtype_reduced.csv,0.35,0.0989099999999993,0.103,100,0.0839576122222222,2.905013570503796,-0.00409000000000069
2040,covtype_reduced.csv,0.4,0.1504446666666671,0.004,100,0.0788001988888888,2.906492258382156,0.14644466666666708
2041,covtype_reduced.csv,0.44,0.0111176666666671,0.025,100,0.0859339322222222,2.901448286584401,-0.013882333333332901
2042,covtype_reduced.csv,0.49,0.1355513333333337,0.0449999999999999,100,0.0738805155555555,2.864257567002727,0.09055133333333379
2043,covtype_reduced.csv,0.54,0.049615333333333,0.023,100,0.0807117899999999,2.851857716939901,0.026615333333332998
2044,covtype_reduced.csv,0.6,0.1166836666666679,0.006,100,0.0882370711111111,2.822011135508653,0.1106836666666679
2045,covtype_reduced.csv,0.65,0.0548806666666676,0.015,100,0.0852775233333333,2.891504904217832,0.0398806666666676
2046,covtype_reduced.csv,0.7,0.2059046666666679,0.0639999999999999,100,0.0762314266666666,2.8459178479721974,0.141904666666668
2047,covtype_reduced.csv,0.75,0.1301026666666667,0.0889999999999999,100,0.0733543766666666,2.827132627233338,0.0411026666666668
2048,covtype_reduced.csv,0.8,0.0057246666666647,0.0549999999999999,100,0.0756281955555555,2.6865947832023247,-0.049275333333335204
2049,covtype_reduced.csv,0.85,0.0554899999999993,0.0599999999999999,100,0.0646147322222222,2.753645202723502,-0.004510000000000604
2050,covtype_reduced.csv,0.9,0.0785283333333355,0.047,100,0.05739451,2.7747470938036507,0.031528333333335504
2051,covtype_reduced.csv,0.95,0.0059170000000009,0.1099999999999999,100,0.0602426433333333,2.810418313831715,-0.10408299999999901
2052,cpu_act.csv,0.05,0.0103836666666666,0.02,100,0.0493311766666666,1.4768014175727533,-0.0096163333333334
2053,cpu_act.csv,0.1,0.0118443333333329,0.011,100,0.0706082344444444,1.7001226168423926,0.0008443333333329004
2054,cpu_act.csv,0.15,0.0261109999999993,0.016,100,0.1230049288888888,1.6463422623215185,0.010110999999999301
2055,cpu_act.csv,0.2,0.0108329999999989,0.011,100,0.1251641988888888,1.7362143547302105,-0.00016700000000109856
2056,cpu_act.csv,0.25,0.0138840000000017,0.009,100,0.1330739233333333,1.870455030679611,0.004884000000001701
2057,cpu_act.csv,0.3,0.0388673333333331,0.0339999999999999,100,0.1447942344444444,1.8581867127370384,0.004867333333333203
2058,cpu_act.csv,0.35,0.0127183333333352,0.029,100,0.1693076122222222,1.7775369107050536,-0.0162816666666648
2059,cpu_act.csv,0.4,0.0026099999999982,0.014,100,0.1712027955555555,2.1653894974049024,-0.0113900000000018
2060,cpu_act.csv,0.44,0.0273990000000017,0.021,100,0.18780504,2.0161907746180456,0.0063990000000016985
2061,cpu_act.csv,0.49,0.0316323333333337,0.016,100,0.1923892655555555,1.859617503620196,0.0156323333333337
2062,cpu_act.csv,0.54,0.0777836666666674,0.028,100,0.1844722399999999,2.0487765303616507,0.049783666666667406
2063,cpu_act.csv,0.6,0.0440606666666656,0.001,100,0.1848819233333333,2.082159744864187,0.0430606666666656
2064,cpu_act.csv,0.65,0.0593266666666674,0.001,100,0.17541475,2.2076387708278333,0.0583266666666674
2065,cpu_act.csv,0.7,0.0842249999999977,0.006,100,0.1611912211111111,2.278924495638112,0.0782249999999977
2066,cpu_act.csv,0.75,0.0365673333333281,0.006,100,0.1541716044444444,2.0125409349655845,0.030567333333328103
2067,cpu_act.csv,0.8,0.0382916666666643,0.02,100,0.1370141822222222,2.0748586372111864,0.0182916666666643
2068,cpu_act.csv,0.85,0.0783153333333316,0.035,100,0.1102960711111111,2.3728896946389515,0.043315333333331596
2069,cpu_act.csv,0.9,0.0685656666666669,0.01,100,0.0993348888888888,2.1703777636657904,0.0585656666666669
2070,cpu_act.csv,0.95,0.1013063333333335,0.0090000000000001,100,0.0766698611111111,2.2320916982292265,0.09230633333333339
2071,cpu_act.csv,0.05,0.058413333333333,0.0229999999999999,100,0.0710206933333333,1.354545869314018,0.0354133333333331
2072,cpu_act.csv,0.1,0.0320163333333327,0.0109999999999999,100,0.0804078622222222,1.6265095372780696,0.021016333333332804
2073,cpu_act.csv,0.15,0.0015283333333335,0.0,100,0.0963218177777777,1.6684698528872195,0.0015283333333335
2074,cpu_act.csv,0.2,0.0366916666666668,0.053,100,0.1062139233333333,1.6938713669237744,-0.016308333333333196
2075,cpu_act.csv,0.25,0.0138840000000017,0.021,100,0.12752099,2.046527920177584,-0.007115999999998301
2076,cpu_act.csv,0.3,0.0271539999999995,0.019,100,0.1425605455555555,1.810761554221059,0.008153999999999502
2077,cpu_act.csv,0.35,0.0154850000000019,0.027,100,0.1557007955555555,2.156238997574592,-0.0115149999999981
2078,cpu_act.csv,0.4,0.0130936666666682,0.0329999999999999,100,0.1726447777777777,1.9843718500379115,-0.019906333333331697
2079,cpu_act.csv,0.44,0.0342840000000018,0.013,100,0.1904876622222222,1.85061679405981,0.0212840000000018
2080,cpu_act.csv,0.49,0.0774906666666682,0.008,100,0.1698965011111111,2.131554054276508,0.0694906666666682
2081,cpu_act.csv,0.54,0.0446136666666668,0.022,100,0.1734848888888889,2.139488601680976,0.022613666666666803
2082,cpu_act.csv,0.6,0.1377000000000007,0.0659999999999999,100,0.1673186344444444,2.24027747619502,0.0717000000000008
2083,cpu_act.csv,0.65,0.0471473333333328,0.0549999999999999,100,0.1565338266666666,2.313308132526551,-0.007852666666667105
2084,cpu_act.csv,0.7,0.0392080000000001,0.02,100,0.1615743333333333,2.1932217818485578,0.019208000000000097
2085,cpu_act.csv,0.75,0.0832543333333331,0.003,100,0.1509735322222222,2.2377729721880195,0.0802543333333331
2086,cpu_act.csv,0.8,0.1034679999999964,0.015,100,0.1422025277777777,2.302119129407014,0.0884679999999964
2087,cpu_act.csv,0.85,0.0743563333333343,0.005,100,0.1286678888888889,2.015130344460862,0.0693563333333343
2088,cpu_act.csv,0.9,0.0667246666666667,0.003,100,0.0973716566666666,2.194666368827181,0.0637246666666667
2089,cpu_act.csv,0.95,0.1055119999999972,0.0329999999999999,100,0.0862376566666666,2.1391571238835048,0.0725119999999973
2090,ctg.1.csv,0.05,0.1132129999999996,0.021,100,0.0780024444444444,2.3623489327530462,0.0922129999999996
2091,ctg.1.csv,0.1,0.1748389999999998,0.0229999999999999,100,0.1037424844444444,2.6626215201509287,0.1518389999999999
2092,ctg.1.csv,0.15,0.1009253333333323,0.0099999999999999,100,0.1181447322222222,2.518475481919482,0.0909253333333324
2093,ctg.1.csv,0.2,0.1869193333333318,0.0419999999999999,100,0.1273586788888889,2.589553779312427,0.1449193333333319
2094,ctg.1.csv,0.25,0.1828473333333341,0.008,100,0.1418327233333333,2.5602456036281955,0.1748473333333341
2095,ctg.1.csv,0.3,0.194548,0.061,100,0.15060416,2.531008795516752,0.133548
2096,ctg.1.csv,0.35,0.1038496666666662,0.0149999999999999,100,0.1558276655555555,2.3827953774271218,0.0888496666666663
2097,ctg.1.csv,0.4,0.0751793333333319,0.024,100,0.1664737011111111,2.3643021593162463,0.051179333333331904
2098,ctg.1.csv,0.44,0.0974490000000007,0.076,100,0.1613015766666666,2.420960062468374,0.021449000000000704
2099,ctg.1.csv,0.49,0.1398333333333358,0.04,100,0.1409565455555555,2.4190298854507786,0.0998333333333358
2100,ctg.1.csv,0.54,0.127422333333334,0.0509999999999999,100,0.1437834044444444,2.2183693672587665,0.07642233333333409
2101,ctg.1.csv,0.6,0.0504153333333347,0.0269999999999999,100,0.1637133011111111,2.165647586471336,0.0234153333333348
2102,ctg.1.csv,0.65,0.0886163333333296,0.018,100,0.1330832655555555,2.071058744004114,0.0706163333333296
2103,ctg.1.csv,0.7,0.1081596666666637,0.055,100,0.1203540266666666,1.9211013039554845,0.0531596666666637
2104,ctg.1.csv,0.75,0.0769880000000002,0.048,100,0.1054,1.644060501992491,0.028988000000000194
2105,ctg.1.csv,0.8,0.0358533333333361,0.005,100,0.1031805599999999,1.8141310562706163,0.030853333333336102
2106,ctg.1.csv,0.85,0.039416333333332,0.021,100,0.0688745011111111,1.572889976635158,0.018416333333331997
2107,ctg.1.csv,0.9,0.0292680000000007,0.029,100,0.0734291111111111,1.440406963669467,0.00026800000000069824
2108,ctg.1.csv,0.95,0.0148999999999999,0.011,100,0.0390495322222222,1.2658573230675183,0.0038999999999999
2109,ctg.1.csv,0.05,0.1099383333333329,0.027,100,0.0762838344444444,2.316595029888925,0.0829383333333329
2110,ctg.1.csv,0.1,0.1367856666666649,0.017,100,0.1075571322222222,2.437097666020682,0.11978566666666489
2111,ctg.1.csv,0.15,0.1010089999999989,0.0509999999999999,100,0.1067467777777777,2.548743278771929,0.050008999999999006
2112,ctg.1.csv,0.2,0.1389523333333319,0.004,100,0.1286694877777777,2.5028526666302127,0.1349523333333319
2113,ctg.1.csv,0.25,0.135900666666665,0.012,100,0.1493674877777777,2.406349213313323,0.12390066666666501
2114,ctg.1.csv,0.3,0.1377020000000009,0.0409999999999999,100,0.14206416,2.3839913466808285,0.09670200000000101
2115,ctg.1.csv,0.35,0.1244316666666653,0.0349999999999999,100,0.1531738611111111,2.455538915778693,0.08943166666666541
2116,ctg.1.csv,0.4,0.1681600000000008,0.015,100,0.1530523766666666,2.3788254839994347,0.1531600000000008
2117,ctg.1.csv,0.44,0.1081586666666671,0.015,100,0.1568458433333333,2.27603749535267,0.0931586666666671
2118,ctg.1.csv,0.49,0.1307136666666691,0.011,100,0.1503493333333333,2.3737806732538878,0.11971366666666909
2119,ctg.1.csv,0.54,0.0725066666666686,0.032,100,0.1670746877777777,2.138171436099477,0.040506666666668606
2120,ctg.1.csv,0.6,0.1291623333333375,0.053,100,0.1443801899999999,2.0027347671347515,0.0761623333333375
2121,ctg.1.csv,0.65,0.0630130000000046,0.029,100,0.1472524933333333,1.925057877686848,0.034013000000004595
2122,ctg.1.csv,0.7,0.0637163333333362,0.012,100,0.1333462222222222,1.944312283817756,0.05171633333333621
2123,ctg.1.csv,0.75,0.0875270000000031,0.056,100,0.1006497099999999,1.7682940779193876,0.0315270000000031
2124,ctg.1.csv,0.8,0.0373596666666696,0.0559999999999999,100,0.1026823233333333,1.5897409934420317,-0.018640333333330296
2125,ctg.1.csv,0.85,0.0407453333333334,0.033,100,0.0700685288888889,1.527712925268918,0.007745333333333396
2126,ctg.1.csv,0.9,0.020373000000001,0.031,100,0.0592039766666666,1.2739139427426902,-0.010626999999998998
2127,ctg.1.csv,0.95,0.0125479999999997,0.01,100,0.0421999322222222,1.325120728386795,0.0025479999999997
2128,ctg.2.csv,0.05,0.0294580000000001,0.038,100,0.0278514718135802,1.326417807770652,-0.0085419999999999
2129,ctg.2.csv,0.1,0.0395326666666666,0.069,100,0.0507854790972222,1.1517603755133834,-0.029467333333333408
2130,ctg.2.csv,0.15,0.0202496666666672,0.044,100,0.0804025489890652,1.5744557435730655,-0.023750333333332797
2131,ctg.2.csv,0.2,0.0986196666666672,0.033,100,0.0655927017095679,1.5929374478958205,0.0656196666666672
2132,ctg.2.csv,0.25,0.1027860000000002,0.099,100,0.0783949201907029,1.8337981733156283,0.003786000000000192
2133,ctg.2.csv,0.3,0.0990296666666677,0.0339999999999999,100,0.098505833912037,2.0552990105176625,0.06502966666666779
2134,ctg.2.csv,0.35,0.1043470000000013,0.0009999999999999,100,0.1148178056407407,2.1669377817191977,0.1033470000000014
2135,ctg.2.csv,0.4,0.1496603333333345,0.1,100,0.1222143284518518,2.1975219525384264,0.0496603333333345
2136,ctg.2.csv,0.44,0.1055810000000013,0.0279999999999999,100,0.1240252013811728,2.389067323207525,0.0775810000000014
2137,ctg.2.csv,0.49,0.1705913333333345,0.1439999999999999,100,0.116912055640432,2.275197839260524,0.026591333333334605
2138,ctg.2.csv,0.54,0.2039143333333344,0.062,100,0.1196685798629629,2.413243818777868,0.1419143333333344
2139,ctg.2.csv,0.6,0.358904,0.1029999999999999,100,0.1143925222234567,2.433442294603273,0.25590400000000013
2140,ctg.2.csv,0.65,0.3439833333333339,0.053,100,0.1006313753444444,2.6134572548007893,0.2909833333333339
2141,ctg.2.csv,0.7,0.2242923333333333,0.0349999999999999,100,0.1198210642824074,2.713919351276929,0.1892923333333334
2142,ctg.2.csv,0.75,0.2726129999999996,0.045,100,0.1057438480552469,2.683159719970111,0.22761299999999962
2143,ctg.2.csv,0.8,0.206862999999999,0.079,100,0.1059754400898148,2.7320124590545274,0.127862999999999
2144,ctg.2.csv,0.85,0.2198446666666653,0.0549999999999999,100,0.0987161734972222,2.862684627982036,0.1648446666666654
2145,ctg.2.csv,0.9,0.1461563333333325,0.046,100,0.0927796746604938,2.666916871256872,0.1001563333333325
2146,ctg.2.csv,0.95,0.210291666666667,0.0819999999999999,100,0.0779762712333333,2.7840483773039035,0.12829166666666708
2147,ctg.2.csv,0.05,0.0146476666666667,0.013,100,0.0394103930930398,1.303634361618656,0.0016476666666667
2148,ctg.2.csv,0.1,0.0152693333333333,0.012,100,0.0608403100074074,1.389988166597537,0.0032693333333332995
2149,ctg.2.csv,0.15,0.0194783333333338,0.0559999999999999,100,0.0726074352083333,1.5485833767521775,-0.0365216666666661
2150,ctg.2.csv,0.2,0.0586760000000005,0.085,100,0.074146603294753,1.5069430304716651,-0.026323999999999508
2151,ctg.2.csv,0.25,0.0677953333333343,0.001,100,0.0926333454231481,1.9538537371513984,0.0667953333333343
2152,ctg.2.csv,0.3,0.1162886666666675,0.059,100,0.0946687892824074,2.040583821262885,0.0572886666666675
2153,ctg.2.csv,0.35,0.1437513333333344,0.0369999999999999,100,0.1013678375836419,2.0806285748474127,0.1067513333333345
2154,ctg.2.csv,0.4,0.1658250000000014,0.081,100,0.1070609809968758,2.167994972766142,0.08482500000000139
2155,ctg.2.csv,0.44,0.2254510000000012,0.0999999999999999,100,0.0931352609432098,2.25936751413056,0.1254510000000013
2156,ctg.2.csv,0.49,0.2613003333333333,0.065,100,0.1105698994333333,2.264856830199584,0.1963003333333333
2157,ctg.2.csv,0.54,0.2112833333333346,0.087,100,0.1215504324395061,2.407587568263601,0.1242833333333346
2158,ctg.2.csv,0.6,0.2124820000000009,0.0659999999999999,100,0.111296199512037,2.645185858198766,0.146482000000001
2159,ctg.2.csv,0.65,0.2267029999999997,0.1059999999999999,100,0.1244216952083333,2.523453610120993,0.12070299999999981
2160,ctg.2.csv,0.7,0.2231123333333327,0.0499999999999999,100,0.1232650166453703,2.5478902251946463,0.17311233333333279
2161,ctg.2.csv,0.75,0.1688446666666662,0.037,100,0.1150725378009259,2.700997340587089,0.1318446666666662
2162,ctg.2.csv,0.8,0.3126573333333332,0.072,100,0.0997155514703703,2.727322764580676,0.24065733333333317
2163,ctg.2.csv,0.85,0.1967399999999991,0.0899999999999999,100,0.1159214251592592,2.687999486071289,0.10673999999999921
2164,ctg.2.csv,0.9,0.1607143333333339,0.046,100,0.0879092714814814,2.6819349229324807,0.1147143333333339
2165,ctg.2.csv,0.95,0.2383296666666632,0.0859999999999999,100,0.0850506874999999,2.807635027860403,0.1523296666666633
2166,ctg.3.csv,0.05,0.014648,0.036,100,0.0391189455555555,0.7289571945526453,-0.021351999999999996
2167,ctg.3.csv,0.1,0.0065676666666663,0.018,100,0.0683794444444444,0.9029409523166564,-0.011432333333333699
2168,ctg.3.csv,0.15,0.0257733333333337,0.0079999999999999,100,0.0793503677777777,1.0836197249630772,0.0177733333333338
2169,ctg.3.csv,0.2,0.0701566666666672,0.071,100,0.08424504,1.0155618566727158,-0.0008433333333327936
2170,ctg.3.csv,0.25,0.0385803333333343,0.009,100,0.1227295733333333,1.254815454864794,0.029580333333334298
2171,ctg.3.csv,0.3,0.0889993333333343,0.017,100,0.1311765277777778,1.562707320910067,0.0719993333333343
2172,ctg.3.csv,0.35,0.0927996666666668,0.0029999999999999,100,0.1358146711111111,1.6687719543600792,0.08979966666666689
2173,ctg.3.csv,0.4,0.0519236666666672,0.0549999999999999,100,0.16851384,1.7467738876157075,-0.0030763333333327023
2174,ctg.3.csv,0.44,0.0720926666666665,0.011,100,0.1771227233333333,1.5787307817664715,0.061092666666666504
2175,ctg.3.csv,0.49,0.081427333333335,0.004,100,0.17721339,1.7909101431146803,0.077427333333335
2176,ctg.3.csv,0.54,0.1253256666666674,0.009,100,0.1552003322222222,1.9800531320401176,0.1163256666666674
2177,ctg.3.csv,0.6,0.1366936666666667,0.028,100,0.1623498933333333,2.1863043690175488,0.10869366666666672
2178,ctg.3.csv,0.65,0.1053556666666656,0.047,100,0.1637403333333333,2.2074811859349577,0.0583556666666656
2179,ctg.3.csv,0.7,0.1432239999999989,0.006,100,0.1619350433333333,2.2166358928320897,0.1372239999999989
2180,ctg.3.csv,0.75,0.0884553333333335,0.012,100,0.1626753988888888,2.0744472012307003,0.0764553333333335
2181,ctg.3.csv,0.8,0.2058810000000002,0.017,100,0.1400318844444444,2.483039439109449,0.1888810000000002
2182,ctg.3.csv,0.85,0.0949013333333328,0.02,100,0.1238747777777777,2.31737857069031,0.07490133333333279
2183,ctg.3.csv,0.9,0.0846453333333354,0.019,100,0.0939431066666666,2.430638681791129,0.0656453333333354
2184,ctg.3.csv,0.95,0.073719333333336,0.0060000000000001,100,0.0670705955555555,2.185918689962985,0.0677193333333359
2185,ctg.3.csv,0.05,0.01364,0.003,100,0.0415992211111111,0.697083143350192,0.01064
2186,ctg.3.csv,0.1,0.0093333333333327,0.017,100,0.0815334166666666,0.8412744413791626,-0.007666666666667302
2187,ctg.3.csv,0.15,0.0251043333333337,0.0139999999999999,100,0.08163491,1.1542393730255145,0.0111043333333338
2188,ctg.3.csv,0.2,0.0563873333333335,0.052,100,0.0990176177777777,1.0214865528008106,0.0043873333333335
2189,ctg.3.csv,0.25,0.0646026666666678,0.0259999999999999,100,0.1125322344444444,1.4006675844179228,0.038602666666667895
2190,ctg.3.csv,0.3,0.0822790000000011,0.001,100,0.1286750177777778,1.6134992305713267,0.0812790000000011
2191,ctg.3.csv,0.35,0.0394013333333339,0.025,100,0.1414212177777777,1.7423332277655548,0.014401333333333897
2192,ctg.3.csv,0.4,0.0881630000000008,0.008,100,0.1572723055555555,1.6458749163750128,0.08016300000000079
2193,ctg.3.csv,0.44,0.081044999999999,0.07,100,0.169948,1.838348480033762,0.011044999999999
2194,ctg.3.csv,0.49,0.109375000000001,0.025,100,0.1604609722222222,2.0406948898249957,0.084375000000001
2195,ctg.3.csv,0.54,0.0869843333333332,0.0369999999999999,100,0.1780263822222222,1.855343974126964,0.049984333333333304
2196,ctg.3.csv,0.6,0.1209366666666663,0.021,100,0.1791636044444444,1.8578326527301912,0.0999366666666663
2197,ctg.3.csv,0.65,0.1052703333333322,0.025,100,0.1711318433333332,2.132337346654625,0.0802703333333322
2198,ctg.3.csv,0.7,0.1549373333333321,0.0219999999999999,100,0.1634869722222222,2.1331521190093365,0.13293733333333219
2199,ctg.3.csv,0.75,0.1151466666666639,0.023,100,0.1531707066666666,2.257847460611909,0.0921466666666639
2200,ctg.3.csv,0.8,0.1689956666666642,0.033,100,0.1328430344444444,2.3595352827117813,0.1359956666666642
2201,ctg.3.csv,0.85,0.1028486666666682,0.003,100,0.1133799766666666,2.447715481992474,0.0998486666666682
2202,ctg.3.csv,0.9,0.1105000000000049,0.009,100,0.1055949455555555,2.368358139328354,0.1015000000000049
2203,ctg.3.csv,0.95,0.1335576666666682,0.0259999999999999,100,0.0867935233333333,2.353644249152698,0.10755766666666831
2204,default_credit_card_clients.csv,0.05,0.8550723333333322,0.5,100,0.0673431288888888,2.767199086267646,0.3550723333333322
2205,default_credit_card_clients.csv,0.1,0.8707356666666692,0.354,100,0.0610216536935248,2.754899622690492,0.5167356666666693
2206,default_credit_card_clients.csv,0.15,0.7736603333333336,0.422,100,0.0620616316314626,2.770887363934043,0.35166033333333363
2207,default_credit_card_clients.csv,0.2,0.6778476666666655,0.313,100,0.074357151628395,2.79731067762719,0.3648476666666655
2208,default_credit_card_clients.csv,0.25,0.7293656666666696,0.253,100,0.0564579086514172,2.802804720745748,0.4763656666666696
2209,default_credit_card_clients.csv,0.3,0.641906333333333,0.303,100,0.0597078137194444,2.726510256027421,0.33890633333333303
2210,default_credit_card_clients.csv,0.35,0.6324656666666696,0.2339999999999999,100,0.0517335918020345,2.776659114431178,0.3984656666666697
2211,default_credit_card_clients.csv,0.4,0.4996286666666657,0.2269999999999999,100,0.0637055186098765,2.748974926561329,0.27262866666666585
2212,default_credit_card_clients.csv,0.44,0.5065843333333313,0.2799999999999999,100,0.0485136113367283,2.6664583834604416,0.2265843333333314
2213,default_credit_card_clients.csv,0.49,0.4429386666666668,0.177,100,0.0586434460185185,2.700637632642226,0.2659386666666668
2214,default_credit_card_clients.csv,0.54,0.4095229999999981,0.2049999999999999,100,0.0498779467564814,2.605121425484884,0.20452299999999818
2215,default_credit_card_clients.csv,0.6,0.3336993333333341,0.057,100,0.0601300855956853,2.714751534706084,0.27669933333333413
2216,default_credit_card_clients.csv,0.65,0.3116846666666659,0.043,100,0.0508176865159675,2.6385536649938706,0.2686846666666659
2217,default_credit_card_clients.csv,0.7,0.2856490000000032,0.0119999999999999,100,0.0394011334061728,2.6728521706090795,0.2736490000000033
2218,default_credit_card_clients.csv,0.75,0.2221750000000012,0.018,100,0.0411454444444444,2.579776783351145,0.20417500000000122
2219,default_credit_card_clients.csv,0.8,0.1808696666666692,0.1099999999999999,100,0.0430481066666666,2.637018663646032,0.0708696666666693
2220,default_credit_card_clients.csv,0.85,0.121175000000001,0.0409999999999999,100,0.0372908211111111,2.541422343489454,0.0801750000000011
2221,default_credit_card_clients.csv,0.9,0.0898326666666707,0.051,100,0.0206229174305555,2.2295629355296005,0.0388326666666707
2222,default_credit_card_clients.csv,0.95,0.0382430000000039,0.024,100,0.0249453389533635,2.297814054622389,0.014243000000003898
2223,default_credit_card_clients.csv,0.05,0.9379083333333372,0.417,100,0.0487387527141597,2.8297753005626523,0.5209083333333373
2224,default_credit_card_clients.csv,0.1,0.87861066666667,0.392,100,0.0558178850231481,2.8395286304348737,0.48661066666666997
2225,default_credit_card_clients.csv,0.15,0.8137813333333352,0.372,100,0.0656844609427752,2.6861555263855847,0.44178133333333525
2226,default_credit_card_clients.csv,0.2,0.775174333333335,0.366,100,0.0540664122222222,2.760288873740465,0.40917433333333497
2227,default_credit_card_clients.csv,0.25,0.7291966666666705,0.177,100,0.0522531714814814,2.885858570644328,0.5521966666666704
2228,default_credit_card_clients.csv,0.3,0.6590873333333342,0.297,100,0.0605836764101473,2.6984359702600926,0.36208733333333426
2229,default_credit_card_clients.csv,0.35,0.5960116666666657,0.275,100,0.0540463085185185,2.731825248493874,0.3210116666666657
2230,default_credit_card_clients.csv,0.4,0.505909666666666,0.235,100,0.0626244438083333,2.671179174057226,0.27090966666666605
2231,default_credit_card_clients.csv,0.44,0.5093643333333335,0.221,100,0.0567515640404321,2.665314953208675,0.28836433333333356
2232,default_credit_card_clients.csv,0.49,0.4851790000000017,0.195,100,0.0437705274999999,2.6589903015835605,0.2901790000000017
2233,default_credit_card_clients.csv,0.54,0.353099333333332,0.1859999999999999,100,0.0657837561728395,2.6415386487718293,0.1670993333333321
2234,default_credit_card_clients.csv,0.6,0.3451593333333316,0.123,100,0.0529017711111111,2.63079193887584,0.2221593333333316
2235,default_credit_card_clients.csv,0.65,0.3022879999999986,0.014,100,0.052184719512037,2.6618576414348727,0.2882879999999986
2236,default_credit_card_clients.csv,0.7,0.2720953333333346,0.102,100,0.0360848958950617,2.5086669345588337,0.1700953333333346
2237,default_credit_card_clients.csv,0.75,0.2341433333333363,0.002,100,0.0291240844444444,2.6483730482533705,0.2321433333333363
2238,default_credit_card_clients.csv,0.8,0.1707566666666673,0.003,100,0.038263418438366,2.5564789880143945,0.1677566666666673
2239,default_credit_card_clients.csv,0.85,0.1397490000000041,0.063,100,0.0223383830555555,2.4179184761596755,0.07674900000000409
2240,default_credit_card_clients.csv,0.9,0.0885776666666704,0.054,100,0.0249641874305555,2.513976935922188,0.0345776666666704
2241,default_credit_card_clients.csv,0.95,0.0230156666666679,0.1689999999999999,100,0.0330665155555555,2.614541941053405,-0.145984333333332
2242,delta_ailerons.csv,0.05,0.0787449999999994,0.017,100,0.0820536388888888,1.498152537344949,0.0617449999999994
2243,delta_ailerons.csv,0.1,0.0617176666666665,0.031,100,0.1058433011111111,1.707317702811525,0.030717666666666497
2244,delta_ailerons.csv,0.15,0.0351469999999987,0.0059999999999999,100,0.1219971322222222,1.3925442995925448,0.0291469999999988
2245,delta_ailerons.csv,0.2,0.0361999999999982,0.003,100,0.1456617011111111,1.6128880690261056,0.033199999999998196
2246,delta_ailerons.csv,0.25,0.0006743333333323,0.0149999999999999,100,0.1547126344444444,1.7406813119917957,-0.0143256666666676
2247,delta_ailerons.csv,0.3,0.0115006666666658,0.0149999999999999,100,0.1755571322222222,1.6453175854784576,-0.0034993333333341
2248,delta_ailerons.csv,0.35,0.0372373333333315,0.022,100,0.1985055233333333,1.6475707082853408,0.0152373333333315
2249,delta_ailerons.csv,0.4,0.0344390000000007,0.0269999999999999,100,0.1910925066666666,1.859651617313014,0.007439000000000799
2250,delta_ailerons.csv,0.44,0.0031346666666654,0.011,100,0.2016516266666666,1.8059486135905345,-0.0078653333333346
2251,delta_ailerons.csv,0.49,0.0135583333333339,0.003,100,0.2037436655555556,1.783319153400433,0.010558333333333898
2252,delta_ailerons.csv,0.54,0.0219633333333344,0.004,100,0.1984460122222222,1.7420742002311005,0.0179633333333344
2253,delta_ailerons.csv,0.6,0.0017603333333335,0.001,100,0.1976029722222222,1.67131967513338,0.0007603333333334999
2254,delta_ailerons.csv,0.65,0.0388323333333313,0.046,100,0.1940775955555555,1.825139875119726,-0.0071676666666687025
2255,delta_ailerons.csv,0.7,0.0418873333333331,0.0279999999999999,100,0.1786671944444444,1.804323716938736,0.013887333333333203
2256,delta_ailerons.csv,0.75,0.0120530000000035,0.006,100,0.1502960711111111,1.8846257405661424,0.0060530000000035
2257,delta_ailerons.csv,0.8,0.0081596666666636,0.012,100,0.13349416,1.621731657354744,-0.0038403333333363997
2258,delta_ailerons.csv,0.85,0.0113849999999966,0.022,100,0.1173293955555555,1.54447796938695,-0.0106150000000034
2259,delta_ailerons.csv,0.9,0.0321776666666695,0.001,100,0.0877041011111111,1.7691188322146072,0.031177666666669497
2260,delta_ailerons.csv,0.95,0.0912516666666669,0.0219999999999999,100,0.0747646666666666,1.5763358543701944,0.06925166666666699
2261,delta_ailerons.csv,0.05,0.0320533333333333,0.004,100,0.0582910844444444,1.450229156879927,0.0280533333333333
2262,delta_ailerons.csv,0.1,0.038537666666666,0.011,100,0.0922500488888888,1.589799321965878,0.027537666666666
2263,delta_ailerons.csv,0.15,0.0148146666666664,0.0169999999999999,100,0.1217287511111111,1.4750286240990442,-0.002185333333333501
2264,delta_ailerons.csv,0.2,0.0633916666666667,0.0089999999999999,100,0.1562838877777777,1.612601360189334,0.054391666666666796
2265,delta_ailerons.csv,0.25,0.0616679999999991,0.024,100,0.1733795677777777,1.6691060448678945,0.0376679999999991
2266,delta_ailerons.csv,0.3,0.0120886666666657,0.007,100,0.1810969955555555,1.530756530628695,0.0050886666666657
2267,delta_ailerons.csv,0.35,0.0118000000000014,0.0149999999999999,100,0.183632501111111,1.7489458359720542,-0.003199999999998501
2268,delta_ailerons.csv,0.4,0.0123430000000019,0.037,100,0.1927587777777777,1.738800536392155,-0.024656999999998097
2269,delta_ailerons.csv,0.44,0.0026326666666655,0.01,100,0.1947014444444444,1.8842822032302655,-0.007367333333334501
2270,delta_ailerons.csv,0.49,0.0072050000000014,0.004,100,0.1843507777777777,2.078987467976631,0.0032050000000014003
2271,delta_ailerons.csv,0.54,0.003136666666666,0.028,100,0.1888106933333333,1.9123691560510807,-0.024863333333334
2272,delta_ailerons.csv,0.6,0.0156976666666674,0.021,100,0.1915245955555555,1.9113682928599929,-0.0053023333333326005
2273,delta_ailerons.csv,0.65,0.0132196666666662,0.01,100,0.1731044566666666,1.9266839044495232,0.003219666666666199
2274,delta_ailerons.csv,0.7,0.0136839999999971,0.0109999999999998,100,0.1662112655555555,1.9415475245643647,0.0026839999999972997
2275,delta_ailerons.csv,0.75,0.0054333333333339,0.021,100,0.1520201544444444,1.7727399366190173,-0.0155666666666661
2276,delta_ailerons.csv,0.8,0.0172160000000031,0.013,100,0.1363333455555555,1.8618903621938925,0.004216000000003101
2277,delta_ailerons.csv,0.85,0.0118036666666633,0.02,100,0.1099921155555555,1.580808211548888,-0.0081963333333367
2278,delta_ailerons.csv,0.9,0.0367800000000035,0.006,100,0.0923526666666666,1.4988969629855855,0.0307800000000035
2279,delta_ailerons.csv,0.95,0.0683680000000018,0.0299999999999999,100,0.07750139,1.5224954553782448,0.0383680000000019
2280,eeg.csv,0.05,0.01674,0.035,100,0.0387465011111111,2.3592981304440714,-0.018260000000000002
2281,eeg.csv,0.1,0.0463293333333334,0.015,100,0.04629444,2.609646190436604,0.0313293333333334
2282,eeg.csv,0.15,0.073145,0.0289999999999999,100,0.0589305544444444,2.523208787013027,0.0441450000000001
2283,eeg.csv,0.2,0.1208813333333333,0.038,100,0.0603765277777777,2.7038174808102085,0.0828813333333333
2284,eeg.csv,0.25,0.0410726666666678,0.0119999999999999,100,0.0773740655555555,2.7098543108938933,0.0290726666666679
2285,eeg.csv,0.3,0.0931690000000012,0.005,100,0.0744657377777777,2.7922790388182657,0.08816900000000119
2286,eeg.csv,0.35,0.1213846666666665,0.0039999999999999,100,0.0902846844444444,2.8203440076474973,0.1173846666666666
2287,eeg.csv,0.4,0.1000146666666663,0.007,100,0.0968332844444444,2.7962178314683115,0.09301466666666629
2288,eeg.csv,0.44,0.0680763333333335,0.0279999999999999,100,0.0951515733333333,2.856111790179932,0.0400763333333336
2289,eeg.csv,0.49,0.0331363333333336,0.037,100,0.0987058044444444,2.8847089427460197,-0.0038636666666663974
2290,eeg.csv,0.54,0.0629716666666673,0.007,100,0.0960507233333333,2.891113333122973,0.0559716666666673
2291,eeg.csv,0.6,0.0576983333333324,0.018,100,0.1019639955555555,2.8842398517253147,0.039698333333332406
2292,eeg.csv,0.65,0.021777666666666,0.017,100,0.0857299766666666,2.863666883039808,0.004777666666666
2293,eeg.csv,0.7,0.0072736666666659,0.012,100,0.0867018622222222,2.8324951180837274,-0.0047263333333341
2294,eeg.csv,0.75,0.0113836666666702,0.042,100,0.0966471322222222,2.7586701548203494,-0.030616333333329804
2295,eeg.csv,0.8,0.0411183333333342,0.009,100,0.0818676488888889,2.800626147335412,0.0321183333333342
2296,eeg.csv,0.85,0.0099616666666633,0.009,100,0.0707980266666666,2.7813928819201674,0.0009616666666633009
2297,eeg.csv,0.9,0.0248993333333336,0.011,100,0.0593657777777777,2.6841695985389493,0.0138993333333336
2298,eeg.csv,0.95,0.0060186666666689,0.025,100,0.0467248844444444,2.566047632231977,-0.018981333333331102
2299,eeg.csv,0.05,0.0195853333333334,0.02,100,0.0361279599999999,2.4501129336004555,-0.00041466666666660143
2300,eeg.csv,0.1,0.04356,0.042,100,0.0457002433333333,2.4157126778485103,0.0015599999999999989
2301,eeg.csv,0.15,0.0949056666666667,0.0789999999999999,100,0.0513896122222222,2.6217630854585274,0.01590566666666679
2302,eeg.csv,0.2,0.0032180000000011,0.0109999999999999,100,0.0817832844444444,2.5958810483752397,-0.0077819999999988
2303,eeg.csv,0.25,0.1238410000000004,0.064,100,0.0693475511111111,2.689320822735994,0.059841000000000394
2304,eeg.csv,0.3,0.0956103333333344,0.005,100,0.0741375822222222,2.822461206829525,0.09061033333333439
2305,eeg.csv,0.35,0.0249866666666676,0.003,100,0.1034545288888888,2.8005144119914105,0.0219866666666676
2306,eeg.csv,0.4,0.0494270000000002,0.017,100,0.0852294788888889,2.858817556225452,0.0324270000000002
2307,eeg.csv,0.44,0.0536593333333345,0.025,100,0.0926213333333333,2.90196986709308,0.0286593333333345
2308,eeg.csv,0.49,0.0279510000000008,0.041,100,0.0949236211111111,2.93492823575307,-0.0130489999999992
2309,eeg.csv,0.54,0.0732633333333342,0.008,100,0.0938695322222222,2.900005356977508,0.0652633333333342
2310,eeg.csv,0.6,0.1267169999999994,0.013,100,0.0983018933333333,2.845003653855014,0.11371699999999942
2311,eeg.csv,0.65,0.0473159999999988,0.002,100,0.10078451,2.861412332556872,0.0453159999999988
2312,eeg.csv,0.7,0.0197923333333368,0.054,100,0.0922323288888888,2.7997743003031355,-0.034207666666663195
2313,eeg.csv,0.75,0.0141450000000027,0.016,100,0.0869947322222222,2.8228824008524,-0.0018549999999972998
2314,eeg.csv,0.8,0.0617039999999969,0.0419999999999999,100,0.0686992933333333,2.7468492412506147,0.019703999999997
2315,eeg.csv,0.85,0.0687910000000003,0.035,100,0.06117859,2.7097611966405504,0.03379100000000029
2316,eeg.csv,0.9,0.0097470000000016,0.018,100,0.0628305544444444,2.668409916685176,-0.008252999999998399
2317,eeg.csv,0.95,0.0304620000000023,0.04,100,0.0371733511111111,2.540398389082254,-0.009537999999997701
2318,electricity-normalized.csv,0.05,0.0104673333333333,0.0139999999999999,100,0.0509945277777777,2.374767675643621,-0.003532666666666599
2319,electricity-normalized.csv,0.1,0.0228826666666663,0.027,100,0.0674611944444444,2.311070762424732,-0.004117333333333698
2320,electricity-normalized.csv,0.15,0.0200776666666659,0.016,100,0.0834251155555555,2.4112026276816843,0.0040776666666659
2321,electricity-normalized.csv,0.2,0.0153586666666678,0.014,100,0.0809095766666666,2.528056969584414,0.0013586666666678005
2322,electricity-normalized.csv,0.25,0.0210216666666681,0.0159999999999999,100,0.1030031155555555,2.575053907139131,0.005021666666668201
2323,electricity-normalized.csv,0.3,0.0568556666666682,0.0539999999999999,100,0.1160194044444444,2.4896979286287726,0.0028556666666682967
2324,electricity-normalized.csv,0.35,0.003010333333334,0.021,100,0.1267171944444444,2.6900966926957066,-0.017989666666666
2325,electricity-normalized.csv,0.4,0.0070603333333316,0.007,100,0.14909584,2.555406318528026,6.033333333160026e-05
2326,electricity-normalized.csv,0.44,0.0069853333333324,0.005,100,0.1320536655555555,2.7299776477751605,0.0019853333333323996
2327,electricity-normalized.csv,0.49,0.0575723333333323,0.0459999999999999,100,0.1361128122222222,2.6642812832462983,0.0115723333333324
2328,electricity-normalized.csv,0.54,0.042158666666666,0.028,100,0.1232004711111111,2.8067637625166246,0.014158666666665997
2329,electricity-normalized.csv,0.6,0.0521763333333327,0.016,100,0.1226140833333333,2.752183253417018,0.0361763333333327
2330,electricity-normalized.csv,0.65,0.0594,0.022,100,0.1298074166666666,2.640543550262899,0.0374
2331,electricity-normalized.csv,0.7,0.074266666666664,0.0469999999999999,100,0.1354846177777778,2.5701005338874574,0.027266666666664094
2332,electricity-normalized.csv,0.75,0.0843453333333335,0.014,100,0.12327976,2.609957204703564,0.0703453333333335
2333,electricity-normalized.csv,0.8,0.1153716666666643,0.032,100,0.101725,2.8103407939058487,0.0833716666666643
2334,electricity-normalized.csv,0.85,0.0746090000000009,0.013,100,0.0959901011111111,2.5807398852674823,0.0616090000000009
2335,electricity-normalized.csv,0.9,0.089156000000003,0.019,100,0.0904044266666666,2.4180035492421337,0.070156000000003
2336,electricity-normalized.csv,0.95,0.0830130000000031,0.0599999999999999,100,0.0697605277777777,2.611830306317451,0.023013000000003198
2337,electricity-normalized.csv,0.05,0.0084483333333333,0.0139999999999999,100,0.05296011,2.4247804910139594,-0.005551666666666599
2338,electricity-normalized.csv,0.1,0.0569353333333332,0.001,100,0.0853216388888888,2.287644100336021,0.0559353333333332
2339,electricity-normalized.csv,0.15,0.0054266666666665,0.0309999999999999,100,0.0849522622222222,2.3145195619619514,-0.0255733333333334
2340,electricity-normalized.csv,0.2,0.0110849999999989,0.0259999999999999,100,0.1090516388888889,2.34348141120365,-0.014915000000001002
2341,electricity-normalized.csv,0.25,0.0127960000000016,0.0269999999999999,100,0.1128863677777777,2.4745330666644367,-0.0142039999999983
2342,electricity-normalized.csv,0.3,0.0101736666666659,0.015,100,0.1186136211111111,2.648187799953805,-0.0048263333333341
2343,electricity-normalized.csv,0.35,0.0051940000000008,0.03,100,0.1164854166666666,2.745170988425831,-0.024805999999999197
2344,electricity-normalized.csv,0.4,0.0297493333333333,0.04,100,0.1347655377777777,2.5546673309953105,-0.0102506666666667
2345,electricity-normalized.csv,0.44,0.074267333333333,0.067,100,0.1246946044444444,2.6839270565590905,0.007267333333333001
2346,electricity-normalized.csv,0.49,0.031799666666667,0.0239999999999999,100,0.1384537011111111,2.6495901047941297,0.007799666666667097
2347,electricity-normalized.csv,0.54,0.0143496666666678,0.0579999999999999,100,0.12555971,2.6887609697263235,-0.0436503333333321
2348,electricity-normalized.csv,0.6,0.0735933333333326,0.0479999999999999,100,0.1314517955555555,2.752894487805873,0.025593333333332698
2349,electricity-normalized.csv,0.65,0.0285446666666646,0.018,100,0.1242397511111111,2.687769277078988,0.0105446666666646
2350,electricity-normalized.csv,0.7,0.0683263333333308,0.0259999999999999,100,0.1249298788888888,2.6379102024780905,0.0423263333333309
2351,electricity-normalized.csv,0.75,0.0984016666666648,0.0529999999999999,100,0.1207361733333333,2.700709540441633,0.045401666666664904
2352,electricity-normalized.csv,0.8,0.0427246666666655,0.017,100,0.0964539677777777,2.6605742424458065,0.0257246666666655
2353,electricity-normalized.csv,0.85,0.0858636666666639,0.0219999999999999,100,0.1002529455555555,2.563825078341025,0.06386366666666399
2354,electricity-normalized.csv,0.9,0.0451903333333327,0.053,100,0.07001291,2.571620913765655,-0.007809666666667298
2355,electricity-normalized.csv,0.95,0.0604163333333348,0.021,100,0.0626876177777777,2.5509026532800454,0.0394163333333348
2356,elevators.csv,0.05,0.2319753333333328,0.137,100,0.0980388211111111,2.7340522079677654,0.0949753333333328
2357,elevators.csv,0.1,0.3020959999999998,0.138,100,0.0938972399999999,2.874834663833704,0.1640959999999998
2358,elevators.csv,0.15,0.2914573333333333,0.121,100,0.0993929155555555,2.8053983528355846,0.1704573333333333
2359,elevators.csv,0.2,0.2716916666666667,0.0989999999999999,100,0.1115316566666666,2.824294453744218,0.17269166666666683
2360,elevators.csv,0.25,0.2135549999999992,0.0409999999999999,100,0.1096936655555555,2.8144788863299817,0.1725549999999993
2361,elevators.csv,0.3,0.2485766666666676,0.088,100,0.1141657733333333,2.7141486511950816,0.16057666666666762
2362,elevators.csv,0.35,0.1399406666666671,0.0119999999999999,100,0.1019096388888889,2.723426069897341,0.1279406666666672
2363,elevators.csv,0.4,0.1683326666666671,0.0289999999999999,100,0.1147762488888888,2.750328588773787,0.13933266666666722
2364,elevators.csv,0.44,0.2487210000000033,0.014,100,0.09281624,2.8713781828717533,0.2347210000000033
2365,elevators.csv,0.49,0.2738850000000028,0.158,100,0.1017924844444444,2.618983294512839,0.11588500000000282
2366,elevators.csv,0.54,0.1516710000000032,0.0399999999999999,100,0.114551551111111,2.6907877631444688,0.1116710000000033
2367,elevators.csv,0.6,0.1597023333333351,0.006,100,0.0992698933333333,2.737797186443877,0.1537023333333351
2368,elevators.csv,0.65,0.1457743333333291,0.0589999999999999,100,0.0925066344444444,2.6145648401170685,0.08677433333332919
2369,elevators.csv,0.7,0.1283240000000006,0.078,100,0.0799205511111111,2.550308232002297,0.050324000000000604
2370,elevators.csv,0.75,0.080164666666668,0.039,100,0.0791571111111111,2.5262380632154517,0.041164666666667994
2371,elevators.csv,0.8,0.0894999999999983,0.003,100,0.0651163322222222,2.575959827419011,0.0864999999999983
2372,elevators.csv,0.85,0.0896163333333299,0.083,100,0.0483301544444444,2.320045043551293,0.0066163333333298935
2373,elevators.csv,0.9,0.0402879999999966,0.027,100,0.0492011944444444,2.3223424051241497,0.013287999999996598
2374,elevators.csv,0.95,0.0157366666666669,0.026,100,0.0333365555555555,2.299746302973272,-0.0102633333333331
2375,elevators.csv,0.05,0.1776956666666667,0.0119999999999999,100,0.0872892044444444,2.687119905982612,0.1656956666666668
2376,elevators.csv,0.1,0.1878429999999994,0.069,100,0.0898333544444444,2.842830071545155,0.1188429999999994
2377,elevators.csv,0.15,0.333833,0.197,100,0.1063876388888888,2.8143702702812345,0.13683299999999998
2378,elevators.csv,0.2,0.3653236666666673,0.1619999999999999,100,0.1061743677777777,2.846275949278873,0.20332366666666743
2379,elevators.csv,0.25,0.2274656666666666,0.033,100,0.0993965555555555,2.8340279006066065,0.1944656666666666
2380,elevators.csv,0.3,0.283224,0.077,100,0.1030763599999999,2.8288846169062896,0.20622399999999996
2381,elevators.csv,0.35,0.2192636666666674,0.005,100,0.1054559766666666,2.780610814317655,0.2142636666666674
2382,elevators.csv,0.4,0.2370296666666683,0.063,100,0.1066338611111111,2.8187611093018305,0.1740296666666683
2383,elevators.csv,0.44,0.1544690000000008,0.0289999999999999,100,0.11052324,2.780782779645744,0.12546900000000089
2384,elevators.csv,0.49,0.221843000000005,0.1159999999999999,100,0.1042920211111111,2.7403027650366694,0.10584300000000511
2385,elevators.csv,0.54,0.2442929999999968,0.0729999999999999,100,0.08521939,2.7716564433742823,0.1712929999999969
2386,elevators.csv,0.6,0.2028039999999965,0.09,100,0.0869657899999999,2.638001199634483,0.11280399999999649
2387,elevators.csv,0.65,0.1113776666666683,0.021,100,0.0861184177777777,2.7326856540464446,0.0903776666666683
2388,elevators.csv,0.7,0.1167773333333315,0.053,100,0.0879872711111111,2.547336225117724,0.06377733333333149
2389,elevators.csv,0.75,0.040923999999995,0.013,100,0.0992221099999999,2.5381307142174783,0.027923999999995
2390,elevators.csv,0.8,0.0164426666666647,0.001,100,0.0951291233333333,2.358225327571138,0.0154426666666647
2391,elevators.csv,0.85,0.0165729999999962,0.009,100,0.0693349288888888,2.526174970500576,0.007572999999996199
2392,elevators.csv,0.9,0.0010456666666666,0.029,100,0.0615006877777777,2.385470010194479,-0.0279543333333334
2393,elevators.csv,0.95,0.0092923333333365,0.0249999999999999,100,0.0470873333333333,2.4541735061001964,-0.0157076666666634
2394,file22f0e4a679.csv,0.05,0.0137236666666667,0.016,100,0.0413134344444444,1.782519707206009,-0.0022763333333333004
2395,file22f0e4a679.csv,0.1,0.0354533333333327,0.019,100,0.0753944566666666,1.896736974830604,0.0164533333333327
2396,file22f0e4a679.csv,0.15,0.0113836666666666,0.021,100,0.0953738433333333,2.013503476752151,-0.009616333333333402
2397,file22f0e4a679.csv,0.2,0.0128450000000013,0.035,100,0.1221459677777778,1.978339574484068,-0.022154999999998704
2398,file22f0e4a679.csv,0.25,0.0066046666666682,0.098,100,0.1463719288888889,1.9376159208969368,-0.0913953333333318
2399,file22f0e4a679.csv,0.3,0.0107496666666658,0.093,100,0.1562002344444444,2.1023974559243936,-0.0822503333333342
2400,file22f0e4a679.csv,0.35,0.0134733333333343,0.101,100,0.1685258611111111,2.1987605509160533,-0.08752666666666571
2401,file22f0e4a679.csv,0.4,0.0132610000000017,0.0849999999999999,100,0.1724519377777778,2.176409512136983,-0.0717389999999982
2402,file22f0e4a679.csv,0.44,0.0021306666666655,0.104,100,0.1920624122222222,1.938803457370553,-0.10186933333333449
2403,file22f0e4a679.csv,0.49,0.0151500000000013,0.074,100,0.1778024444444444,2.2060892922258044,-0.058849999999998695
2404,file22f0e4a679.csv,0.54,0.001128666666666,0.1059999999999999,100,0.1754281066666667,2.189304971487869,-0.1048713333333339
2405,file22f0e4a679.csv,0.6,0.0350246666666654,0.062,100,0.1702787322222222,2.304242539186442,-0.0269753333333346
2406,file22f0e4a679.csv,0.65,0.0047660000000007,0.1069999999999999,100,0.1685279233333333,1.97837654779418,-0.1022339999999992
2407,file22f0e4a679.csv,0.7,0.0089116666666716,0.079,100,0.1466715766666666,2.019218650015639,-0.0700883333333284
2408,file22f0e4a679.csv,0.75,0.011802000000002,0.077,100,0.1377019999999999,2.014401339302464,-0.065197999999998
2409,file22f0e4a679.csv,0.8,0.0001276666666628,0.0669999999999999,100,0.1192251111111111,2.00164337761319,-0.0668723333333371
2410,file22f0e4a679.csv,0.85,0.0129753333333303,0.056,100,0.1063197377777777,1.64547099697775,-0.0430246666666697
2411,file22f0e4a679.csv,0.9,0.0427580000000004,0.043,100,0.0747449066666666,1.7180865195957356,-0.0002419999999995967
2412,file22f0e4a679.csv,0.95,0.0103000000000034,0.03,100,0.0467541733333333,1.5142628036478574,-0.0196999999999966
2413,file22f0e4a679.csv,0.05,0.0063316666666667,0.012,100,0.0433718888888889,1.8476688846462097,-0.0056683333333333
2414,file22f0e4a679.csv,0.1,0.0289213333333327,0.001,100,0.0761635677777777,1.82359819264348,0.027921333333332698
2415,file22f0e4a679.csv,0.15,0.0122206666666665,0.023,100,0.1033730788888889,1.9714040084566604,-0.0107793333333335
2416,file22f0e4a679.csv,0.2,0.0110843333333322,0.071,100,0.1249992211111111,1.997121454596965,-0.0599156666666678
2417,file22f0e4a679.csv,0.25,0.013214333333335,0.0429999999999999,100,0.1344786433333333,2.1404983110599773,-0.0297856666666649
2418,file22f0e4a679.csv,0.3,0.0146916666666656,0.092,100,0.1651888622222222,1.9215584110888853,-0.0773083333333344
2419,file22f0e4a679.csv,0.35,0.0102050000000016,0.065,100,0.1561437011111111,2.3099725069427777,-0.0547949999999984
2420,file22f0e4a679.csv,0.4,0.0135970000000016,0.0519999999999999,100,0.1727998888888888,2.1410875826110054,-0.0384029999999983
2421,file22f0e4a679.csv,0.44,0.002136333333334,0.106,100,0.1817482877777778,2.1743498790863858,-0.103863666666666
2422,file22f0e4a679.csv,0.49,0.0200926666666681,0.1069999999999999,100,0.1770794877777778,2.170450270077588,-0.0869073333333318
2423,file22f0e4a679.csv,0.54,0.0001246666666658,0.0839999999999999,100,0.1674359288888889,2.342217400988016,-0.08387533333333409
2424,file22f0e4a679.csv,0.6,0.0083200000000007,0.099,100,0.1750018344444444,2.1461266764751588,-0.0906799999999993
2425,file22f0e4a679.csv,0.65,0.0301229999999974,0.0689999999999999,100,0.1751169822222222,1.9548577218868304,-0.03887700000000249
2426,file22f0e4a679.csv,0.7,0.0121723333333303,0.069,100,0.1600214433333333,1.8938060697412733,-0.056827666666669704
2427,file22f0e4a679.csv,0.75,0.0189136666666676,0.059,100,0.1424457288888889,2.1052636957432456,-0.0400863333333324
2428,file22f0e4a679.csv,0.8,0.0110006666666717,0.0719999999999999,100,0.1253166666666666,2.066780594301126,-0.0609993333333282
2429,file22f0e4a679.csv,0.85,0.0179953333333314,0.074,100,0.1046691677777778,1.9445772266459285,-0.0560046666666686
2430,file22f0e4a679.csv,0.9,0.0110856666666679,0.0619999999999999,100,0.0682205988888889,1.5402026286466333,-0.050914333333332
2431,file22f0e4a679.csv,0.95,0.0109693333333364,0.037,100,0.0527548211111111,1.5237730889273835,-0.0260306666666636
2432,file79b563a1a18.csv,0.05,0.1832236666666665,0.196,100,0.10130675,2.134746866548159,-0.0127763333333335
2433,file79b563a1a18.csv,0.1,0.1266053333333333,0.182,100,0.108512021111111,2.2258769617322125,-0.0553946666666667
2434,file79b563a1a18.csv,0.15,0.055078,0.225,100,0.1020596044444444,2.210287427629012,-0.16992200000000002
2435,file79b563a1a18.csv,0.2,0.1220983333333335,0.176,100,0.1102793011111111,2.2767240979147463,-0.05390166666666649
2436,file79b563a1a18.csv,0.25,0.097307,0.15,100,0.1107135766666666,2.3392184450868068,-0.05269299999999999
2437,file79b563a1a18.csv,0.3,0.0611283333333335,0.109,100,0.1047673899999999,2.4083891341550103,-0.0478716666666665
2438,file79b563a1a18.csv,0.35,0.0756120000000007,0.097,100,0.1066605955555555,2.4806119021750344,-0.021387999999999296
2439,file79b563a1a18.csv,0.4,0.0254743333333327,0.063,100,0.1054424655555555,2.540514347015448,-0.037525666666667304
2440,file79b563a1a18.csv,0.44,0.006836666666666,0.106,100,0.1111717988888889,2.232674366634813,-0.09916333333333399
2441,file79b563a1a18.csv,0.49,0.1108593333333327,0.049,100,0.11605796,2.137917970075584,0.0618593333333327
2442,file79b563a1a18.csv,0.54,0.0676176666666669,0.0509999999999999,100,0.1122894877777778,2.318818238957901,0.016617666666666996
2443,file79b563a1a18.csv,0.6,0.0267993333333333,0.082,100,0.0970345066666666,2.344594811780776,-0.0552006666666667
2444,file79b563a1a18.csv,0.65,0.1604963333333332,0.146,100,0.0624318344444444,2.519237997773435,0.014496333333333222
2445,file79b563a1a18.csv,0.7,0.0117173333333325,0.085,100,0.0770641288888888,2.3346718902416,-0.07328266666666751
2446,file79b563a1a18.csv,0.75,0.0804799999999998,0.031,100,0.08103291,2.333816872322313,0.0494799999999998
2447,file79b563a1a18.csv,0.8,0.1134343333333335,0.025,100,0.0612313511111111,2.423964976501623,0.0884343333333335
2448,file79b563a1a18.csv,0.85,0.1065783333333324,0.068,100,0.04361771,2.26056266425002,0.038578333333332396
2449,file79b563a1a18.csv,0.9,0.0683303333333338,0.04,100,0.0363814711111111,2.2191637281054013,0.028330333333333797
2450,file79b563a1a18.csv,0.95,0.0390796666666707,0.025,100,0.0240048044444444,2.176110285232577,0.014079666666670695
2451,file79b563a1a18.csv,0.05,0.1979666666666663,0.291,100,0.1164532933333333,2.2351724884595945,-0.09303333333333369
2452,file79b563a1a18.csv,0.1,0.1634649999999996,0.261,100,0.1228873955555555,2.037108941626447,-0.0975350000000004
2453,file79b563a1a18.csv,0.15,0.131475333333333,0.158,100,0.1174881899999999,2.242977855124603,-0.026524666666667
2454,file79b563a1a18.csv,0.2,0.0653013333333328,0.1699999999999999,100,0.1227787288888889,2.0999634561731297,-0.1046986666666671
2455,file79b563a1a18.csv,0.25,0.0105296666666662,0.0509999999999999,100,0.1152231766666666,2.4125037070882502,-0.0404703333333337
2456,file79b563a1a18.csv,0.3,0.2639036666666679,0.295,100,0.0953572711111111,2.4708850391588486,-0.03109633333333206
2457,file79b563a1a18.csv,0.35,0.2587913333333337,0.262,100,0.1123823322222222,2.220348568642206,-0.0032086666666663044
2458,file79b563a1a18.csv,0.4,0.2152453333333335,0.256,100,0.0901795155555555,2.48246397226273,-0.040754666666666495
2459,file79b563a1a18.csv,0.44,0.0099850000000005,0.127,100,0.1084711822222222,2.396617509364068,-0.11701499999999951
2460,file79b563a1a18.csv,0.49,0.0889886666666676,0.134,100,0.1060436044444444,2.328770037794878,-0.045011333333332404
2461,file79b563a1a18.csv,0.54,0.0296836666666677,0.0659999999999999,100,0.0952062222222222,2.4209407323073533,-0.0363163333333322
2462,file79b563a1a18.csv,0.6,0.1115700000000009,0.155,100,0.0764876844444444,2.347591880119672,-0.043429999999999094
2463,file79b563a1a18.csv,0.65,0.0107333333333331,0.1059999999999999,100,0.0837087499999999,2.324080351460564,-0.0952666666666668
2464,file79b563a1a18.csv,0.7,0.102876333333333,0.1120000000000001,100,0.0649654266666666,2.3985072117964763,-0.009123666666667099
2465,file79b563a1a18.csv,0.75,0.0765710000000001,0.072,100,0.06144044,2.3895613498608768,0.004571000000000103
2466,file79b563a1a18.csv,0.8,0.0330616666666662,0.019,100,0.0706191944444444,2.2883683116214706,0.014061666666666198
2467,file79b563a1a18.csv,0.85,0.1181630000000005,0.075,100,0.0394349722222222,2.3718169939538702,0.043163000000000507
2468,file79b563a1a18.csv,0.9,0.0453233333333313,0.012,100,0.0471736388888889,2.2884552905352527,0.033323333333331304
2469,file79b563a1a18.csv,0.95,0.0399163333333375,0.037,100,0.0189831822222222,2.241228488432788,0.0029163333333375036
2470,file7b5365fa741c.csv,0.05,0.0107173333333333,0.025,100,0.0514244655555555,2.186156342566317,-0.014282666666666702
2471,file7b5365fa741c.csv,0.1,0.041715,0.0559999999999999,100,0.0484857155555555,2.234780917364368,-0.014284999999999895
2472,file7b5365fa741c.csv,0.15,0.0725523333333332,0.092,100,0.0567430433333333,2.2734872923703984,-0.019447666666666794
2473,file7b5365fa741c.csv,0.2,0.0551523333333338,0.0289999999999999,100,0.0725793333333333,2.26240733977354,0.026152333333333902
2474,file7b5365fa741c.csv,0.25,0.1029730000000004,0.0449999999999999,100,0.07246636,2.249338133731235,0.057973000000000496
2475,file7b5365fa741c.csv,0.3,0.0907330000000012,0.02,100,0.0869260622222222,2.44966024483782,0.0707330000000012
2476,file7b5365fa741c.csv,0.35,0.1410676666666677,0.036,100,0.0772404655555555,2.602106200759153,0.1050676666666677
2477,file7b5365fa741c.csv,0.4,0.1831086666666667,0.0359999999999999,100,0.0952526488888889,2.554284012343308,0.1471086666666668
2478,file7b5365fa741c.csv,0.44,0.2143976666666675,0.083,100,0.0925571322222222,2.4241513771755194,0.13139766666666752
2479,file7b5365fa741c.csv,0.49,0.2570263333333333,0.002,100,0.1027883377777778,2.627566934270359,0.2550263333333333
2480,file7b5365fa741c.csv,0.54,0.1751826666666671,0.0939999999999999,100,0.0985769988888888,2.83125044616954,0.0811826666666672
2481,file7b5365fa741c.csv,0.6,0.3933306666666666,0.0759999999999999,100,0.0858100044444444,2.729646418517823,0.3173306666666667
2482,file7b5365fa741c.csv,0.65,0.2385276666666664,0.0609999999999999,100,0.0988605455555555,2.851286451288437,0.17752766666666647
2483,file7b5365fa741c.csv,0.7,0.2918793333333332,0.0169999999999999,100,0.0992281455555555,2.7752867614748373,0.2748793333333333
2484,file7b5365fa741c.csv,0.75,0.2705250000000003,0.014,100,0.0943409011111111,2.871947730035338,0.2565250000000003
2485,file7b5365fa741c.csv,0.8,0.2257866666666655,0.006,100,0.0876998344444444,2.8077939145735886,0.2197866666666655
2486,file7b5365fa741c.csv,0.85,0.2474003333333322,0.0369999999999999,100,0.0885126844444444,2.786293367074851,0.2104003333333323
2487,file7b5365fa741c.csv,0.9,0.2710933333333322,0.014,100,0.0835397011111111,2.911854749233616,0.2570933333333322
2488,file7b5365fa741c.csv,0.95,0.0476933333333343,0.0449999999999999,100,0.0690466433333333,2.823249961146897,0.002693333333334401
2489,file7b5365fa741c.csv,0.05,0.0109693333333333,0.039,100,0.0518265277777777,2.1840865824289954,-0.0280306666666667
2490,file7b5365fa741c.csv,0.1,0.0290939999999996,0.089,100,0.0703111233333333,2.2570786136673835,-0.059906000000000396
2491,file7b5365fa741c.csv,0.15,0.0662733333333333,0.1069999999999999,100,0.0582904211111111,2.10219295333964,-0.040726666666666606
2492,file7b5365fa741c.csv,0.2,0.0946036666666673,0.171,100,0.0643765011111111,2.056204366678438,-0.07639633333333272
2493,file7b5365fa741c.csv,0.25,0.1098403333333337,0.041,100,0.0722063766666666,2.301307829347003,0.0688403333333337
2494,file7b5365fa741c.csv,0.3,0.0708026666666668,0.073,100,0.1009728888888888,2.501483572991181,-0.00219733333333319
2495,file7b5365fa741c.csv,0.35,0.1497856666666677,0.0819999999999999,100,0.0812578933333333,2.48132495661677,0.0677856666666678
2496,file7b5365fa741c.csv,0.4,0.1929990000000012,0.087,100,0.08973016,2.5149866696368077,0.1059990000000012
2497,file7b5365fa741c.csv,0.44,0.2180816666666666,0.076,100,0.1015977544444444,2.446724013236879,0.1420816666666666
2498,file7b5365fa741c.csv,0.49,0.2505776666666675,0.019,100,0.0820784177777777,2.71162457463781,0.2315776666666675
2499,file7b5365fa741c.csv,0.54,0.2906923333333335,0.035,100,0.0996877511111111,2.7486338455374657,0.2556923333333335
2500,file7b5365fa741c.csv,0.6,0.3652693333333333,0.0259999999999999,100,0.0915086488888889,2.7762401392357803,0.33926933333333337
2501,file7b5365fa741c.csv,0.65,0.3465786666666676,0.017,100,0.0866183055555555,2.8524466127579187,0.3295786666666676
2502,file7b5365fa741c.csv,0.7,0.307875000000001,0.1019999999999999,100,0.10484499,2.7493664976574705,0.2058750000000011
2503,file7b5365fa741c.csv,0.75,0.3783976666666664,0.008,100,0.0914473066666666,2.87250993531193,0.3703976666666664
2504,file7b5365fa741c.csv,0.8,0.0654793333333333,0.027,100,0.0892723377777777,2.8538222270554834,0.03847933333333331
2505,file7b5365fa741c.csv,0.85,0.2139716666666655,0.0429999999999999,100,0.0891802222222222,2.8278008311210514,0.1709716666666656
2506,file7b5365fa741c.csv,0.9,0.0298583333333334,0.014,100,0.07133875,2.8809087876870816,0.015858333333333398
2507,file7b5365fa741c.csv,0.95,0.1097706666666655,0.0529999999999999,100,0.0717318344444444,2.822462351071176,0.0567706666666656
2508,fri_c2_1000_10.csv,0.05,0.0152346666666667,0.05,100,0.0347403155555555,2.268782658749372,-0.0347653333333333
2509,fri_c2_1000_10.csv,0.1,0.0103326666666658,0.041,100,0.0649993455555555,2.3811793707521374,-0.030667333333334202
2510,fri_c2_1000_10.csv,0.15,0.0634286666666667,0.0389999999999999,100,0.06031051,2.6074297970357523,0.0244286666666668
2511,fri_c2_1000_10.csv,0.2,0.0070706666666655,0.051,100,0.0842812933333333,2.5663610978807,-0.0439293333333345
2512,fri_c2_1000_10.csv,0.25,0.0492033333333344,0.0839999999999999,100,0.0832771233333333,2.5181681005639955,-0.0347966666666655
2513,fri_c2_1000_10.csv,0.3,0.0183689999999996,0.0269999999999999,100,0.1131917988888889,2.550354593501916,-0.008631000000000298
2514,fri_c2_1000_10.csv,0.35,0.0123836666666685,0.0319999999999999,100,0.1155113544444444,2.679441677325919,-0.019616333333331397
2515,fri_c2_1000_10.csv,0.4,0.068086333333335,0.127,100,0.1172504488888889,2.5445887840882957,-0.058913666666665004
2516,fri_c2_1000_10.csv,0.44,0.0839729999999996,0.066,100,0.1083937455555555,2.7895218578693664,0.0179729999999996
2517,fri_c2_1000_10.csv,0.49,0.0743063333333347,0.0189999999999999,100,0.1018329733333333,2.793781543235786,0.055306333333334796
2518,fri_c2_1000_10.csv,0.54,0.1340453333333349,0.105,100,0.1049817777777778,2.861663934912944,0.029045333333334908
2519,fri_c2_1000_10.csv,0.6,0.0622163333333325,0.007,100,0.1171233288888888,2.6787472438105917,0.0552163333333325
2520,fri_c2_1000_10.csv,0.65,0.1453816666666662,0.0969999999999999,100,0.1153345955555555,2.762754214904497,0.04838166666666628
2521,fri_c2_1000_10.csv,0.7,0.1535986666666661,0.0979999999999999,100,0.11703475,2.7541298880731206,0.0555986666666662
2522,fri_c2_1000_10.csv,0.75,0.118829333333331,0.0699999999999999,100,0.1118669155555555,2.726502058966268,0.0488293333333311
2523,fri_c2_1000_10.csv,0.8,0.1664016666666641,0.0999999999999999,100,0.1076956566666666,2.735579929730512,0.0664016666666642
2524,fri_c2_1000_10.csv,0.85,0.0939506666666658,0.1039999999999999,100,0.0914613822222221,2.734679787087389,-0.010049333333334104
2525,fri_c2_1000_10.csv,0.9,0.087569333333336,0.016,100,0.0770883055555555,2.456916635569813,0.071569333333336
2526,fri_c2_1000_10.csv,0.95,0.1892753333333339,0.1319999999999999,100,0.0810156388888889,2.668801487779982,0.05727533333333401
2527,fri_c2_1000_10.csv,0.05,0.0104673333333333,0.034,100,0.0488652933333333,2.3476926299211214,-0.0235326666666667
2528,fri_c2_1000_10.csv,0.1,0.0179466666666666,0.052,100,0.0543962399999999,2.4650467178199444,-0.034053333333333394
2529,fri_c2_1000_10.csv,0.15,0.0182486666666672,0.0519999999999999,100,0.0680780833333333,2.4488691168603918,-0.0337513333333327
2530,fri_c2_1000_10.csv,0.2,0.0198736666666674,0.146,100,0.0835039066666666,2.4517375069340503,-0.1261263333333326
2531,fri_c2_1000_10.csv,0.25,0.0716310000000006,0.0839999999999999,100,0.0764726044444444,2.644599090751812,-0.012368999999999297
2532,fri_c2_1000_10.csv,0.3,0.0639686666666684,0.0829999999999999,100,0.0964737733333333,2.572061659538172,-0.0190313333333315
2533,fri_c2_1000_10.csv,0.35,0.1028413333333345,0.0819999999999999,100,0.0938019599999999,2.734891232944407,0.0208413333333346
2534,fri_c2_1000_10.csv,0.4,0.0596276666666678,0.042,100,0.0954845555555555,2.778476814259366,0.017627666666667798
2535,fri_c2_1000_10.csv,0.44,0.0499733333333346,0.0389999999999999,100,0.11334075,2.787914948722098,0.010973333333334695
2536,fri_c2_1000_10.csv,0.49,0.0818540000000016,0.0479999999999999,100,0.1090013544444444,2.764259593322968,0.03385400000000171
2537,fri_c2_1000_10.csv,0.54,0.1440206666666682,0.178,100,0.1177023066666666,2.684302005982747,-0.03397933333333178
2538,fri_c2_1000_10.csv,0.6,0.1016556666666659,0.011,100,0.1144006877777777,2.771017116784796,0.0906556666666659
2539,fri_c2_1000_10.csv,0.65,0.0867763333333324,0.016,100,0.1095851599999999,2.8128675092980178,0.0707763333333324
2540,fri_c2_1000_10.csv,0.7,0.1116556666666659,0.0539999999999999,100,0.1115416933333333,2.723822397941968,0.057655666666666
2541,fri_c2_1000_10.csv,0.75,0.1657693333333332,0.118,100,0.1057891955555555,2.8181514056390697,0.04776933333333322
2542,fri_c2_1000_10.csv,0.8,0.0655666666666685,0.0429999999999999,100,0.09665779,2.598037797309614,0.022566666666668594
2543,fri_c2_1000_10.csv,0.85,0.2139763333333318,0.1509999999999999,100,0.1036528566666666,2.792910277893265,0.06297633333333189
2544,fri_c2_1000_10.csv,0.9,0.0791216666666669,0.002,100,0.0743976388888888,2.6313542672749737,0.0771216666666669
2545,fri_c2_1000_10.csv,0.95,0.0364876666666648,0.018,100,0.0602404044444444,2.4524800166520397,0.018487666666664803
2546,fried.csv,0.05,0.0233516666666667,0.026,100,0.0537522222222222,2.2916541665343506,-0.0026483333333332977
2547,fried.csv,0.1,0.0483676666666662,0.0139999999999999,100,0.0736954788888888,2.41764544793673,0.0343676666666663
2548,fried.csv,0.15,0.0685873333333319,0.014,100,0.1051861733333333,2.2743265739155745,0.054587333333331906
2549,fried.csv,0.2,0.052012999999999,0.0189999999999999,100,0.1067055766666666,2.6081422852156027,0.0330129999999991
2550,fried.csv,0.25,0.0042620000000014,0.059,100,0.12828091,2.1903051527345694,-0.05473799999999859
2551,fried.csv,0.3,0.0204939999999986,0.004,100,0.1239626622222222,2.5573809508707805,0.0164939999999986
2552,fried.csv,0.35,0.0575646666666649,0.047,100,0.15582664,2.394057099520928,0.010564666666664897
2553,fried.csv,0.4,0.0141736666666679,0.03,100,0.1385046877777777,2.481522272313525,-0.0158263333333321
2554,fried.csv,0.44,0.007402999999999,0.0279999999999999,100,0.14028851,2.6097139704479906,-0.0205970000000009
2555,fried.csv,0.49,0.0152336666666677,0.005,100,0.1435044444444444,2.62741790515807,0.010233666666667699
2556,fried.csv,0.54,0.045452,0.051,100,0.1472982044444444,2.534755829917957,-0.005547999999999997
2557,fried.csv,0.6,0.035108333333332,0.016,100,0.1386820622222222,2.65092244329864,0.019108333333332
2558,fried.csv,0.65,0.0103773333333309,0.015,100,0.14294411,2.4937394814259477,-0.004622666666669099
2559,fried.csv,0.7,0.0101769999999975,0.031,100,0.1286222433333333,2.498671062703636,-0.0208230000000025
2560,fried.csv,0.75,0.0087800000000015,0.021,100,0.1202874433333333,2.430857876207371,-0.012219999999998501
2561,fried.csv,0.8,0.0133520000000044,0.018,100,0.11720171,2.2800769038793343,-0.004647999999995598
2562,fried.csv,0.85,0.0594943333333383,0.0189999999999999,100,0.0990577011111111,2.4964784606952577,0.0404943333333384
2563,fried.csv,0.9,0.0006276666666665,0.044,100,0.0617518488888888,2.3601335966060115,-0.0433723333333335
2564,fried.csv,0.95,0.0125476666666665,0.029,100,0.0424206711111111,2.072683234689107,-0.0164523333333335
2565,fried.csv,0.05,0.0344793333333332,0.01,100,0.0553944211111111,2.270244056531842,0.0244793333333332
2566,fried.csv,0.1,0.0624636666666665,0.0099999999999999,100,0.0871489999999999,2.218277090015169,0.0524636666666666
2567,fried.csv,0.15,0.0289466666666655,0.0119999999999999,100,0.0961263055555555,2.386250692750428,0.0169466666666656
2568,fried.csv,0.2,0.0563636666666663,0.006,100,0.1110983322222222,2.364808113423963,0.0503636666666663
2569,fried.csv,0.25,0.0133916666666669,0.0129999999999999,100,0.1199392655555555,2.3724349590825926,0.00039166666666699997
2570,fried.csv,0.3,0.0530906666666679,0.0509999999999999,100,0.1200452488888888,2.515839199016323,0.0020906666666680035
2571,fried.csv,0.35,0.0380953333333323,0.035,100,0.1332914266666666,2.560989233223365,0.003095333333332298
2572,fried.csv,0.4,0.0047096666666649,0.017,100,0.1425029988888889,2.5603683408133997,-0.012290333333335101
2573,fried.csv,0.44,0.0009650000000008,0.018,100,0.1610901455555555,2.4407127368082637,-0.0170349999999992
2574,fried.csv,0.49,0.0302936666666671,0.0379999999999999,100,0.1427729455555555,2.5959015784291166,-0.007706333333332802
2575,fried.csv,0.54,0.0032220000000005,0.005,100,0.1484699766666666,2.450575214782764,-0.0017779999999995
2576,fried.csv,0.6,0.0551883333333326,0.0399999999999999,100,0.1360909066666666,2.654560861647081,0.0151883333333327
2577,fried.csv,0.65,0.0325496666666642,0.006,100,0.1397171322222222,2.482692740126202,0.026549666666664203
2578,fried.csv,0.7,0.0274886666666667,0.038,100,0.1245932844444444,2.508984480755416,-0.0105113333333333
2579,fried.csv,0.75,0.0563129999999966,0.022,100,0.1120051677777777,2.676290706457238,0.0343129999999966
2580,fried.csv,0.8,0.0364509999999972,0.009,100,0.1124498788888888,2.3841665733513677,0.0274509999999972
2581,fried.csv,0.85,0.0373950000000028,0.009,100,0.0954122877777777,2.309503415922032,0.0283950000000028
2582,fried.csv,0.9,0.0552583333333306,0.021,100,0.0790956211111111,2.19087789158229,0.0342583333333306
2583,fried.csv,0.95,0.0323879999999985,0.016,100,0.0540378788888888,2.109404721204462,0.0163879999999985
2584,german.csv,0.05,0.6347753333333342,0.05,100,0.0326853333333333,2.8295962499091254,0.5847753333333342
2585,german.csv,0.1,0.640558333333335,0.067,100,0.0334638611111111,2.803834872802355,0.573558333333335
2586,german.csv,0.15,0.5833550000000017,0.0559999999999999,100,0.0380254166666666,2.844292020852774,0.5273550000000018
2587,german.csv,0.2,0.5098186666666678,0.167,100,0.0319357777777777,2.754438948141168,0.3428186666666677
2588,german.csv,0.25,0.5099056666666683,0.099,100,0.0346665511111111,2.8489432773130345,0.4109056666666683
2589,german.csv,0.3,0.6889960000000039,0.061,100,0.0342750933333333,2.8875268427471323,0.627996000000004
2590,german.csv,0.35,0.6389123333333373,0.185,100,0.0350309066666666,2.8011397099851028,0.4539123333333373
2591,german.csv,0.4,0.588996000000004,0.184,100,0.0336210488888888,2.8764996745952853,0.40499600000000396
2592,german.csv,0.44,0.5487450000000038,0.1609999999999999,100,0.0410776266666666,2.9006964274262588,0.3877450000000039
2593,german.csv,0.49,0.498996000000004,0.401,100,0.0360043233333333,2.7554702444374666,0.09799600000000397
2594,german.csv,0.54,0.4488286666666705,0.023,100,0.0289860044444444,2.841445243552548,0.42582866666667046
2595,german.csv,0.6,0.3887450000000039,0.171,100,0.0339854788888888,2.821478951771685,0.21774500000000388
2596,german.csv,0.65,0.3396653333333373,0.01,100,0.0273883333333333,2.789168724786645,0.3296653333333373
2597,german.csv,0.7,0.2899163333333375,0.1369999999999999,100,0.0248782844444444,2.799484259935628,0.1529163333333376
2598,german.csv,0.75,0.2384940000000038,0.123,100,0.0346372222222222,2.870956988848828,0.11549400000000379
2599,german.csv,0.8,0.1899163333333374,0.1719999999999999,100,0.0225600622222222,2.738378810032166,0.017916333333337503
2600,german.csv,0.85,0.1388286666666706,0.08,100,0.0291206711111111,2.8099386195836664,0.058828666666670595
2601,german.csv,0.9,0.0894980000000039,0.0999999999999999,100,0.0284272488888888,2.715075114520449,-0.010501999999996
2602,german.csv,0.95,0.0400000000000042,0.3959999999999999,100,0.0220647066666666,2.839170529128116,-0.3559999999999957
2603,german.csv,0.05,0.6491816666666675,0.061,100,0.0321604488888888,2.771078092400082,0.5881816666666675
2604,german.csv,0.1,0.599349000000001,0.031,100,0.0329067155555555,2.865158853886102,0.568349000000001
2605,german.csv,0.15,0.838996000000004,0.167,100,0.0354619322222222,2.872889173417877,0.6719960000000039
2606,german.csv,0.2,0.788996000000004,0.0099999999999999,100,0.0320305544444444,2.83742236343558,0.7789960000000041
2607,german.csv,0.25,0.7396653333333374,0.02,100,0.0286141288888888,2.8007090569755584,0.7196653333333374
2608,german.csv,0.3,0.6890796666666708,0.038,100,0.0291197733333333,2.8082736088210685,0.6510796666666707
2609,german.csv,0.35,0.6390796666666707,0.2339999999999999,100,0.0309808211111111,2.795335564284271,0.40507966666667083
2610,german.csv,0.4,0.588996000000004,0.129,100,0.0336408566666666,2.79267769523767,0.45999600000000396
2611,german.csv,0.44,0.548996000000004,0.108,100,0.03673475,2.8602019856061958,0.44099600000000405
2612,german.csv,0.49,0.4987450000000039,0.172,100,0.0337554177777777,2.751361029312333,0.3267450000000039
2613,german.csv,0.54,0.4489960000000039,0.236,100,0.0331683288888889,2.8913737505622703,0.2129960000000039
2614,german.csv,0.6,0.3889123333333373,0.001,100,0.03529059,2.8233324721742337,0.3879123333333373
2615,german.csv,0.65,0.3388286666666705,0.008,100,0.0298752566666666,2.821919165495283,0.3308286666666705
2616,german.csv,0.7,0.2889123333333373,0.221,100,0.0385254344444444,2.74741144652806,0.06791233333333732
2617,german.csv,0.75,0.2384100000000039,0.25,100,0.0386225544444444,2.7389109937683664,-0.011589999999996103
2618,german.csv,0.8,0.1893306666666705,0.1999999999999999,100,0.0283527733333333,2.6891128947852203,-0.010669333333329395
2619,german.csv,0.85,0.1398326666666708,0.0629999999999999,100,0.0268684444444444,2.757433679969315,0.07683266666667089
2620,german.csv,0.9,0.0899163333333374,0.2229999999999999,100,0.0236160399999999,2.672813088696074,-0.1330836666666625
2621,german.csv,0.95,0.0399163333333375,0.05,100,0.0170298622222222,2.628506814005019,-0.010083666666662501
2622,gina_agnostic.csv,0.05,0.0154673333333334,0.044,100,0.0428297899999999,2.4960609811108245,-0.028532666666666595
2623,gina_agnostic.csv,0.1,0.0461643333333334,0.048,100,0.0524672044444444,2.6394214495887183,-0.0018356666666666036
2624,gina_agnostic.csv,0.15,0.0003846666666662,0.0189999999999999,100,0.0709498177777777,2.5520277561048244,-0.0186153333333337
2625,gina_agnostic.csv,0.2,0.0249589999999984,0.0269999999999999,100,0.0950889155555555,2.5038591149990865,-0.0020410000000015
2626,gina_agnostic.csv,0.25,0.0124823333333345,0.0199999999999999,100,0.0841423677777777,2.679018154932715,-0.007517666666665399
2627,gina_agnostic.csv,0.3,0.0186569999999987,0.004,100,0.0948891511111111,2.8004178723656987,0.014656999999998699
2628,gina_agnostic.csv,0.35,0.0743073333333338,0.056,100,0.0936899288888889,2.841303556326022,0.018307333333333793
2629,gina_agnostic.csv,0.4,0.0082250000000017,0.023,100,0.1009831822222222,2.861382311017169,-0.0147749999999983
2630,gina_agnostic.csv,0.44,0.0436343333333319,0.024,100,0.1044095555555555,2.84589631256122,0.0196343333333319
2631,gina_agnostic.csv,0.49,0.0288690000000004,0.001,100,0.1009414166666666,2.815994469367613,0.0278690000000004
2632,gina_agnostic.csv,0.54,0.0596099999999997,0.0639999999999999,100,0.0952164655555555,2.795316544586006,-0.004390000000000206
2633,gina_agnostic.csv,0.6,0.0337633333333322,0.0579999999999999,100,0.0984342266666666,2.850008043398573,-0.024236666666667697
2634,gina_agnostic.csv,0.65,0.0054403333333348,0.01,100,0.09118131,2.774061964435848,-0.0045596666666652
2635,gina_agnostic.csv,0.7,0.0149943333333323,0.102,100,0.0924757099999999,2.685395250753301,-0.08700566666666769
2636,gina_agnostic.csv,0.75,0.0751916666666658,0.028,100,0.0933041011111111,2.705472930859872,0.0471916666666658
2637,gina_agnostic.csv,0.8,0.0694946666666634,0.003,100,0.0688345377777777,2.767550102250393,0.0664946666666634
2638,gina_agnostic.csv,0.85,0.0169799999999969,0.028,100,0.0680124844444444,2.643593899479444,-0.0110200000000031
2639,gina_agnostic.csv,0.9,0.0451566666666644,0.015,100,0.0509819322222222,2.609977930158677,0.030156666666664403
2640,gina_agnostic.csv,0.95,0.0204220000000009,0.05,100,0.0306795511111111,2.4733978659769367,-0.0295779999999991
2641,gina_agnostic.csv,0.05,0.0344770000000001,0.0069999999999999,100,0.0420654166666666,2.629839429871934,0.027477000000000196
2642,gina_agnostic.csv,0.1,0.0454906666666668,0.049,100,0.0479884844444444,2.5688403148876984,-0.0035093333333332047
2643,gina_agnostic.csv,0.15,0.0149856666666672,0.0219999999999999,100,0.0685836399999999,2.5494108616334508,-0.007014333333332701
2644,gina_agnostic.csv,0.2,0.0098389999999988,0.0179999999999999,100,0.0789872122222222,2.761140720771626,-0.008161000000001101
2645,gina_agnostic.csv,0.25,0.0378800000000012,0.04,100,0.0753386788888889,2.7299989076994287,-0.0021199999999988034
2646,gina_agnostic.csv,0.3,0.0397046666666657,0.01,100,0.1028749988888888,2.774636104089585,0.0297046666666657
2647,gina_agnostic.csv,0.35,0.0101266666666675,0.0239999999999999,100,0.0999202488888888,2.797460105352492,-0.0138733333333324
2648,gina_agnostic.csv,0.4,0.0228020000000004,0.015,100,0.0993076122222222,2.8456541691916977,0.007802000000000399
2649,gina_agnostic.csv,0.44,0.0026319999999999,0.011,100,0.0992806344444444,2.8382971466849645,-0.0083680000000001
2650,gina_agnostic.csv,0.49,0.0670446666666666,0.0139999999999999,100,0.1104559233333333,2.7080081323807312,0.0530446666666667
2651,gina_agnostic.csv,0.54,0.0597773333333333,0.0429999999999999,100,0.0984233066666666,2.77009583734361,0.0167773333333334
2652,gina_agnostic.csv,0.6,0.0118863333333318,0.044,100,0.0991880122222222,2.737444053361407,-0.0321136666666682
2653,gina_agnostic.csv,0.65,0.0323163333333318,0.021,100,0.1018590788888888,2.768843534476194,0.011316333333331801
2654,gina_agnostic.csv,0.7,0.0469756666666653,0.0109999999999998,100,0.09274739,2.8295768315979983,0.0359756666666655
2655,gina_agnostic.csv,0.75,0.0120533333333364,0.012,100,0.0949927766666666,2.716408128997505,5.333333333639931e-05
2656,gina_agnostic.csv,0.8,0.0033236666666686,0.027,100,0.0766218433333333,2.7154688027143985,-0.023676333333331398
2657,gina_agnostic.csv,0.85,0.0455279999999987,0.035,100,0.0630165988888888,2.651351842519757,0.010527999999998698
2658,gina_agnostic.csv,0.9,0.0429733333333306,0.0979999999999999,100,0.0472679322222222,2.392925970357616,-0.055026666666669305
2659,gina_agnostic.csv,0.95,0.0176610000000003,0.05,100,0.0355666344444444,2.338676056734035,-0.0323389999999997
2660,haberman.csv,0.05,0.0340613333333332,0.087,100,0.0582128573691358,2.1346899121395118,-0.052938666666666793
2661,haberman.csv,0.1,0.0778553333333322,0.098,100,0.0811603915243827,2.2088915889102902,-0.02014466666666781
2662,haberman.csv,0.15,0.0124390000000003,0.022,100,0.0719311777219135,2.2501633507009347,-0.009560999999999698
2663,haberman.csv,0.2,0.113681,0.081,100,0.0609853112626543,2.2880283991965564,0.032681
2664,haberman.csv,0.25,0.170794,0.15,100,0.058902439312037,2.4492310650283557,0.020794000000000007
2665,haberman.csv,0.3,0.1705076666666671,0.0709999999999999,100,0.0684191822728395,2.5370708429468425,0.09950766666666722
2666,haberman.csv,0.35,0.2199220000000004,0.1139999999999999,100,0.0676828762518518,2.5086418812401967,0.1059220000000005
2667,haberman.csv,0.4,0.1681193333333342,0.14,100,0.0960599513098765,2.422185722819521,0.02811933333333419
2668,haberman.csv,0.44,0.3791153333333333,0.29,100,0.0522349674873456,2.39350392271384,0.08911533333333332
2669,haberman.csv,0.49,0.3128140000000007,0.257,100,0.0744601486419753,2.4687765613966044,0.055814000000000696
2670,haberman.csv,0.54,0.4341026666666674,0.354,100,0.0642527452518518,2.53126184819256,0.08010266666666743
2671,haberman.csv,0.6,0.5227236666666666,0.3999999999999999,100,0.0598900436824074,2.5949166687778726,0.12272366666666668
2672,haberman.csv,0.65,0.4802650000000009,0.318,100,0.0731013192580247,2.715628272152615,0.16226500000000088
2673,haberman.csv,0.7,0.6680550000000001,0.3539999999999999,100,0.058677756882716,2.665454921946184,0.31405500000000014
2674,haberman.csv,0.75,0.6992160000000001,0.4009999999999999,100,0.0665517275540123,2.548338192146937,0.29821600000000015
2675,haberman.csv,0.8,0.6329530000000008,0.531,100,0.0739773576231481,2.3949033025259903,0.10195300000000074
2676,haberman.csv,0.85,0.7799233333333333,0.614,100,0.0597391914503086,2.432950155517931,0.1659233333333333
2677,haberman.csv,0.9,0.8118453333333335,0.673,100,0.0635563485367284,2.5418724148151424,0.1388453333333335
2678,haberman.csv,0.95,0.7929043333333335,0.6299999999999999,100,0.0714587938271604,2.4921339359339085,0.16290433333333365
2679,haberman.csv,0.05,0.1077533333333328,0.151,100,0.0731679739925926,2.370359953525147,-0.0432466666666672
2680,haberman.csv,0.1,0.0460796666666668,0.07,100,0.0510231328320987,2.324107615461376,-0.023920333333333203
2681,haberman.csv,0.15,0.0254433333333336,0.11,100,0.0689741291864197,2.298521840759425,-0.0845566666666664
2682,haberman.csv,0.2,0.123141,0.06,100,0.0543439311885802,2.3136358836551816,0.063141
2683,haberman.csv,0.25,0.0432470000000011,0.017,100,0.0792959063839506,2.3764587995628186,0.026247000000001096
2684,haberman.csv,0.3,0.0489283333333339,0.006,100,0.0812568758098765,2.6190813073320256,0.0429283333333339
2685,haberman.csv,0.35,0.0988436666666672,0.0579999999999999,100,0.083829141257716,2.702584267300759,0.040843666666667305
2686,haberman.csv,0.4,0.2298500000000008,0.148,100,0.0740297547589506,2.3850575022965503,0.08185000000000081
2687,haberman.csv,0.44,0.3243123333333337,0.134,100,0.0662453000404321,2.575445079622249,0.1903123333333337
2688,haberman.csv,0.49,0.2966496666666675,0.2029999999999999,100,0.0759775069987654,2.600413109922811,0.09364966666666757
2689,haberman.csv,0.54,0.4016013333333337,0.383,100,0.0700555416725308,2.4380548677615037,0.01860133333333369
2690,haberman.csv,0.6,0.4220600000000007,0.3269999999999999,100,0.0743724402379629,2.4519991057696138,0.09506000000000081
2691,haberman.csv,0.65,0.4268266666666678,0.331,100,0.0776195397518518,2.6827051199438854,0.09582666666666778
2692,haberman.csv,0.7,0.5955246666666674,0.575,100,0.0652552697839506,2.394650555928423,0.020524666666667413
2693,haberman.csv,0.75,0.5984303333333336,0.504,100,0.0707328818037037,2.5782131698776167,0.09443033333333362
2694,haberman.csv,0.8,0.6951003333333334,0.481,100,0.0735821917564815,2.4409919626761822,0.21410033333333345
2695,haberman.csv,0.85,0.8059033333333334,0.634,100,0.0570517176,2.4838639034352,0.1719033333333334
2696,haberman.csv,0.9,0.8303456666666666,0.5700000000000001,100,0.0598368043515432,2.666849954556534,0.2603456666666666
2697,haberman.csv,0.95,0.8895696666666666,0.702,100,0.0639031382716049,2.5613473345343643,0.18756966666666663
2698,houses.csv,0.05,0.0103836666666666,0.005,100,0.05213896,0.6662337283844002,0.0053836666666666
2699,houses.csv,0.1,0.0098353333333327,0.01,100,0.0806875233333333,0.9301450901880888,-0.0001646666666673003
2700,houses.csv,0.15,0.0101273333333332,0.0,100,0.1232183766666666,0.9282713566517564,0.0101273333333332
2701,houses.csv,0.2,0.0093310000000012,0.015,100,0.1427782488888889,1.2144129615142685,-0.0056689999999988
2702,houses.csv,0.25,0.0157373333333335,0.007,100,0.1755308566666667,0.9295146595117,0.0087373333333335
2703,houses.csv,0.3,0.0155243333333329,0.0369999999999999,100,0.1771437955555555,1.1286114591663898,-0.021475666666667
2704,houses.csv,0.35,0.0021730000000008,0.0279999999999999,100,0.2106063677777777,0.9166425016474604,-0.0258269999999991
2705,houses.csv,0.4,0.0276576666666666,0.033,100,0.2016623055555555,1.406009057823958,-0.0053423333333334
2706,houses.csv,0.44,0.0009593333333322,0.004,100,0.2201816488888889,1.2298530882881853,-0.0030406666666678
2707,houses.csv,0.49,0.003185666666668,0.008,100,0.2254361155555555,1.055094214014975,-0.004814333333332
2708,houses.csv,0.54,0.002383666666666,0.034,100,0.2141285455555555,1.3545218457423134,-0.031616333333334
2709,houses.csv,0.6,0.0039443333333338,0.012,100,0.21353219,1.2796080231805915,-0.008055666666666201
2710,houses.csv,0.65,0.0018376666666677,0.007,100,0.1963462711111112,1.2699297688089248,-0.0051623333333323
2711,houses.csv,0.7,0.0115843333333303,0.0009999999999998,100,0.1857772655555555,1.2325311228578348,0.0105843333333305
2712,houses.csv,0.75,0.0357306666666616,0.022,100,0.17143451,1.2849453047745996,0.013730666666661603
2713,houses.csv,0.8,0.0110840000000052,0.013,100,0.1525926266666666,0.977977776669481,-0.0019159999999947986
2714,houses.csv,0.85,0.0102946666666634,0.014,100,0.1132269722222222,1.0276383798248236,-0.0037053333333365995
2715,houses.csv,0.9,0.0160243333333351,0.005,100,0.0948031955555555,0.8266021378466116,0.0110243333333351
2716,houses.csv,0.95,0.0096280000000033,0.015,100,0.0442346433333333,0.7707245708155737,-0.005371999999996699
2717,houses.csv,0.05,0.0103836666666666,0.005,100,0.0503308888888889,0.6912538495598894,0.0053836666666666
2718,houses.csv,0.1,0.0111749999999994,0.024,100,0.0765303055555555,0.9124038597277856,-0.0128250000000006
2719,houses.csv,0.15,0.0123786666666671,0.0119999999999999,100,0.1193299511111111,0.7383795745776027,0.00037866666666720034
2720,houses.csv,0.2,0.0146020000000013,0.038,100,0.13658,1.0216721288722894,-0.023397999999998698
2721,houses.csv,0.25,0.0115510000000002,0.0109999999999999,100,0.1741332622222222,0.9555812875759926,0.0005510000000002995
2722,houses.csv,0.3,0.011332999999999,0.002,100,0.1902544566666667,1.138557511508539,0.009332999999999
2723,houses.csv,0.35,0.0015926666666663,0.0099999999999999,100,0.2050094344444444,1.16906976950653,-0.0084073333333336
2724,houses.csv,0.4,0.0084033333333314,0.001,100,0.2197163055555555,1.051149643229636,0.0074033333333314
2725,houses.csv,0.44,0.0135933333333333,0.005,100,0.2220606788888889,1.0084668152610146,0.0085933333333333
2726,houses.csv,0.49,0.0226000000000008,0.011,100,0.2259438844444444,1.0344257708174287,0.0116000000000008
2727,houses.csv,0.54,0.002383666666666,0.02,100,0.2230717733333333,1.243657459284438,-0.017616333333334
2728,houses.csv,0.6,0.0112516666666686,0.002,100,0.2121395322222222,1.2793121845134992,0.0092516666666686
2729,houses.csv,0.65,0.0197483333333309,0.029,100,0.2056474444444444,1.200348919461984,-0.0092516666666691
2730,houses.csv,0.7,0.0109143333333302,0.0139999999999999,100,0.1934169455555555,1.0353279188821627,-0.0030856666666696994
2731,houses.csv,0.75,0.0095430000000032,0.008,100,0.1693696488888889,1.2038146858466212,0.0015430000000031998
2732,houses.csv,0.8,0.0122593333333307,0.019,100,0.1371933455555555,1.126524035047753,-0.006740666666669299
2733,houses.csv,0.85,0.014648666666664,0.006,100,0.1198182622222222,1.2655413373941706,0.008648666666664
2734,houses.csv,0.9,0.0255626666666696,0.007,100,0.0914579677777777,1.0021655742867963,0.0185626666666696
2735,houses.csv,0.95,0.0108020000000033,0.01,100,0.0527749455555555,0.9015669573217956,0.0008020000000033001
2736,ionosphere.csv,0.05,0.0137236666666667,0.05,100,0.0411482266666666,1.4306613258345158,-0.0362763333333333
2737,ionosphere.csv,0.1,0.0391143333333332,0.072,100,0.0517762711111111,1.6274717060167203,-0.03288566666666679
2738,ionosphere.csv,0.15,0.0032483333333332,0.0089999999999999,100,0.0859211733333333,2.077613706346749,-0.0057516666666667
2739,ionosphere.csv,0.2,0.0345326666666673,0.078,100,0.0907106788888889,1.9950446832323785,-0.0434673333333327
2740,ionosphere.csv,0.25,0.0533106666666676,0.0819999999999999,100,0.1045618433333333,1.987716595654486,-0.028689333333332304
2741,ionosphere.csv,0.3,0.0362736666666664,0.0189999999999999,100,0.1186321377777777,2.0722375689539727,0.0172736666666665
2742,ionosphere.csv,0.35,0.0112160000000016,0.025,100,0.1307507066666667,2.293259736395532,-0.013783999999998402
2743,ionosphere.csv,0.4,0.0282433333333335,0.006,100,0.13053051,2.406841411590344,0.022243333333333497
2744,ionosphere.csv,0.44,0.0887540000000012,0.0949999999999999,100,0.1304584566666666,2.2696855944645757,-0.006245999999998697
2745,ionosphere.csv,0.49,0.0403353333333337,0.0259999999999999,100,0.1399870044444444,2.420708007017365,0.0143353333333338
2746,ionosphere.csv,0.54,0.0605226666666663,0.0469999999999999,100,0.1382740711111111,2.3963783947766486,0.013522666666666398
2747,ionosphere.csv,0.6,0.112490333333333,0.01,100,0.1183414166666666,2.5982551628532438,0.102490333333333
2748,ionosphere.csv,0.65,0.1692629999999995,0.024,100,0.1243135555555555,2.6399785318057445,0.1452629999999995
2749,ionosphere.csv,0.7,0.0680876666666647,0.0189999999999999,100,0.1343767766666666,2.421202082715594,0.0490876666666648
2750,ionosphere.csv,0.75,0.0683009999999973,0.02,100,0.1199297544444444,2.4966384916501307,0.04830099999999729
2751,ionosphere.csv,0.8,0.097198999999996,0.015,100,0.1125129011111111,2.563293969188767,0.082198999999996
2752,ionosphere.csv,0.85,0.1119693333333365,0.0389999999999999,100,0.10349931,2.4548455568480048,0.0729693333333366
2753,ionosphere.csv,0.9,0.0922670000000016,0.008,100,0.0763336711111111,2.6453508802541563,0.08426700000000159
2754,ionosphere.csv,0.95,0.0062696666666688,0.013,100,0.0518460122222222,2.210853784404224,-0.006730333333331199
2755,ionosphere.csv,0.05,0.015151,0.034,100,0.0373877011111111,1.8823530365459265,-0.018849000000000005
2756,ionosphere.csv,0.1,0.0162733333333333,0.031,100,0.0590969099999999,1.822491432398484,-0.0147266666666667
2757,ionosphere.csv,0.15,0.032304666666667,0.0549999999999999,100,0.0680121155555555,1.9198888451897749,-0.0226953333333329
2758,ionosphere.csv,0.2,0.0174610000000009,0.063,100,0.09221744,2.1750083290272144,-0.0455389999999991
2759,ionosphere.csv,0.25,0.0650316666666677,0.038,100,0.1023371677777777,2.051106617580935,0.027031666666667696
2760,ionosphere.csv,0.3,0.0351866666666664,0.0339999999999999,100,0.1195750711111111,2.1884893160419585,0.0011866666666665027
2761,ionosphere.csv,0.35,0.1161170000000001,0.0239999999999999,100,0.1054611066666666,2.322693164541027,0.0921170000000002
2762,ionosphere.csv,0.4,0.0425500000000002,0.0209999999999999,100,0.1316214266666666,2.2860649764575136,0.021550000000000298
2763,ionosphere.csv,0.44,0.0127683333333327,0.0469999999999999,100,0.13143075,2.519624976378215,-0.0342316666666672
2764,ionosphere.csv,0.49,0.0497913333333335,0.019,100,0.1428236388888889,2.380075979313406,0.0307913333333335
2765,ionosphere.csv,0.54,0.0831386666666667,0.018,100,0.1525583766666666,2.252907136641188,0.06513866666666669
2766,ionosphere.csv,0.6,0.1222756666666662,0.0449999999999999,100,0.1319041544444444,2.539586698546576,0.0772756666666663
2767,ionosphere.csv,0.65,0.1034323333333323,0.008,100,0.1359992844444444,2.4817682396657816,0.09543233333333229
2768,ionosphere.csv,0.7,0.1097089999999985,0.016,100,0.116686,2.5709516352937074,0.0937089999999985
2769,ionosphere.csv,0.75,0.0056940000000019,0.1159999999999999,100,0.0987474788888889,2.5804939179203785,-0.11030599999999799
2770,ionosphere.csv,0.8,0.0948589999999953,0.006,100,0.1038647777777777,2.494982480089041,0.08885899999999529
2771,ionosphere.csv,0.85,0.0861143333333307,0.008,100,0.0936623733333333,2.418478673884543,0.0781143333333307
2772,ionosphere.csv,0.9,0.1366156666666641,0.025,100,0.0917836211111111,2.489184508031101,0.11161566666666412
2773,ionosphere.csv,0.95,0.1581570000000045,0.0669999999999999,100,0.0879679955555555,2.5056270551315816,0.09115700000000458
2774,iris.2.csv,0.05,0.0156546666666668,0.008,100,0.0531734166666666,1.1328462256511969,0.007654666666666799
2775,iris.2.csv,0.1,0.0289143333333327,0.009,100,0.0785907322222222,1.2578929201403437,0.0199143333333327
2776,iris.2.csv,0.15,0.0013780000000004,0.0099999999999999,100,0.1003384566666667,1.3291689678992074,-0.0086219999999995
2777,iris.2.csv,0.2,0.0104149999999989,0.018,100,0.1207717155555555,1.5626687760256146,-0.007585000000001098
2778,iris.2.csv,0.25,0.0138840000000017,0.034,100,0.1449063233333333,1.5487020885368008,-0.020115999999998302
2779,iris.2.csv,0.3,0.0068209999999999,0.0199999999999999,100,0.1544101011111111,1.6160108363683143,-0.013179
2780,iris.2.csv,0.35,0.060922333333333,0.0639999999999999,100,0.1552992122222222,1.7364703271689208,-0.003077666666666902
2781,iris.2.csv,0.4,0.0165283333333348,0.007,100,0.1805507377777777,1.7414242516581393,0.0095283333333348
2782,iris.2.csv,0.44,0.0557763333333348,0.022,100,0.1760467322222222,1.695013771356474,0.0337763333333348
2783,iris.2.csv,0.49,0.0158200000000011,0.001,100,0.1862157988888888,1.893377322565963,0.0148200000000011
2784,iris.2.csv,0.54,0.0128419999999992,0.033,100,0.1896858711111111,1.7968799512342353,-0.0201580000000008
2785,iris.2.csv,0.6,0.1231949999999997,0.1409999999999999,100,0.18168475,1.826345922745685,-0.01780500000000021
2786,iris.2.csv,0.65,0.0578156666666672,0.015,100,0.1752563333333333,1.93086943248318,0.0428156666666672
2787,iris.2.csv,0.7,0.0629713333333306,0.055,100,0.1613855322222222,1.9662420765051056,0.007971333333330603
2788,iris.2.csv,0.75,0.1568943333333339,0.0799999999999999,100,0.1571376655555555,2.041756883479919,0.07689433333333401
2789,iris.2.csv,0.8,0.1344303333333333,0.064,100,0.1574271944444444,1.8874740760716708,0.07043033333333329
2790,iris.2.csv,0.85,0.1336389999999957,0.0799999999999999,100,0.1331433333333333,1.8882702569130017,0.0536389999999958
2791,iris.2.csv,0.9,0.1005526666666688,0.004,100,0.1090519822222222,1.8686790174215329,0.0965526666666688
2792,iris.2.csv,0.95,0.0987229999999977,1.1102230246251563e-16,100,0.0834088888888889,1.6593373008872985,0.09872299999999759
2793,iris.2.csv,0.05,0.0330573333333333,0.0059999999999999,100,0.0600768211111111,1.23740508125037,0.0270573333333334
2794,iris.2.csv,0.1,0.0358843333333327,0.022,100,0.0743817988888888,1.203907010000293,0.0138843333333327
2795,iris.2.csv,0.15,0.0259433333333326,0.011,100,0.1186108566666666,1.292939366721414,0.0149433333333326
2796,iris.2.csv,0.2,0.0141000000000013,0.006,100,0.1162621455555555,1.591464752139917,0.0081000000000013
2797,iris.2.csv,0.25,0.0138000000000017,0.032,100,0.1388945822222222,1.6939855534079868,-0.0181999999999983
2798,iris.2.csv,0.3,0.0134459999999995,0.011,100,0.1536306399999999,1.70876238506181,0.0024459999999995007
2799,iris.2.csv,0.35,0.0594159999999999,0.0899999999999999,100,0.1686572399999999,1.3905498467892397,-0.030584
2800,iris.2.csv,0.4,0.0390366666666657,0.028,100,0.1722945544444444,1.839422308987375,0.011036666666665699
2801,iris.2.csv,0.44,0.0571986666666679,0.081,100,0.1742544122222222,1.816122023119944,-0.023801333333332106
2802,iris.2.csv,0.49,0.028369333333334,0.0139999999999999,100,0.1870474344444444,1.8813441227041048,0.0143693333333341
2803,iris.2.csv,0.54,0.0651500000000011,0.062,100,0.1910522488888889,1.7791952578130923,0.0031500000000010964
2804,iris.2.csv,0.6,0.1150856666666668,0.1079999999999999,100,0.1827845511111111,1.9373241435730164,0.007085666666666893
2805,iris.2.csv,0.65,0.0105449999999975,0.014,100,0.1668627777777777,1.938850614516447,-0.0034550000000024995
2806,iris.2.csv,0.7,0.1083200000000006,0.0519999999999999,100,0.1643858844444444,1.9636644272104884,0.056320000000000696
2807,iris.2.csv,0.75,0.1014253333333317,0.0489999999999999,100,0.1590818877777777,1.937988181375633,0.052425333333331804
2808,iris.2.csv,0.8,0.1325833333333332,0.082,100,0.1401917777777778,2.0551436188411936,0.05058333333333319
2809,iris.2.csv,0.85,0.0609166666666717,0.008,100,0.1265235288888888,1.7078579146341586,0.0529166666666717
2810,iris.2.csv,0.9,0.0681456666666671,0.038,100,0.1075347677777777,1.707369911571314,0.030145666666667105
2811,iris.2.csv,0.95,0.113789666666667,0.0169999999999999,100,0.0973906844444444,1.6779585576176017,0.09678966666666709
2812,iris.3.csv,0.05,0.015904,0.045,100,0.0291678266666666,0.4530683959988492,-0.029095999999999997
2813,iris.3.csv,0.1,0.0036396666666669,0.057,100,0.0629393822222222,0.792468818590027,-0.0533603333333331
2814,iris.3.csv,0.15,0.0430106666666672,0.074,100,0.0862589988888888,0.7288264321595189,-0.0309893333333328
2815,iris.3.csv,0.2,0.0395373333333333,0.062,100,0.1297412844444444,0.8264711674371292,-0.0224626666666667
2816,iris.3.csv,0.25,0.0641836666666679,0.097,100,0.1415292122222222,0.964757932345631,-0.0328163333333321
2817,iris.3.csv,0.3,0.0891673333333343,0.123,100,0.1521519999999999,0.8806459126212924,-0.03383266666666569
2818,iris.3.csv,0.35,0.0888673333333331,0.1199999999999999,100,0.1724347777777777,1.1697299722939656,-0.031132666666666794
2819,iris.3.csv,0.4,0.0888343333333342,0.121,100,0.1844377955555555,1.2412591427179689,-0.0321656666666658
2820,iris.3.csv,0.44,0.1537673333333329,0.1559999999999999,100,0.1783695066666667,1.2589112395482092,-0.0022326666666669936
2821,iris.3.csv,0.49,0.1540566666666687,0.178,100,0.1871720833333333,1.2667746698781364,-0.02394333333333129
2822,iris.3.csv,0.54,0.0779510000000007,0.055,100,0.2166244844444444,1.2297761893935084,0.0229510000000007
2823,iris.3.csv,0.6,0.1028279999999993,0.1049999999999999,100,0.2208773455555555,1.09739278016255,-0.002172000000000604
2824,iris.3.csv,0.65,0.1107103333333325,0.1079999999999999,100,0.2151593066666666,1.254280393664979,0.002710333333332593
2825,iris.3.csv,0.7,0.1664326666666661,0.0909999999999999,100,0.1912325277777778,1.3941484906043815,0.07543266666666619
2826,iris.3.csv,0.75,0.1828486666666658,0.131,100,0.1965203155555555,1.3595894262845216,0.051848666666665794
2827,iris.3.csv,0.8,0.2037020000000002,0.121,100,0.1813285955555555,1.3831379695280326,0.08270200000000019
2828,iris.3.csv,0.85,0.1867796666666669,0.118,100,0.1719869544444445,1.2278764819370167,0.0687796666666669
2829,iris.3.csv,0.9,0.2320729999999988,0.042,100,0.1458465733333333,1.2745171369191983,0.1900729999999988
2830,iris.3.csv,0.95,0.1661263333333327,0.024,100,0.1140109988888889,1.2778570160393998,0.14212633333333272
2831,iris.3.csv,0.05,0.0149,0.036,100,0.0372274877777777,0.5430098365727597,-0.021099999999999997
2832,iris.3.csv,0.1,0.0019693333333328,0.042,100,0.0797178622222222,0.6162191449672735,-0.0400306666666672
2833,iris.3.csv,0.15,0.0394953333333338,0.0799999999999999,100,0.0881263055555555,0.8432681923279514,-0.040504666666666106
2834,iris.3.csv,0.2,0.0654856666666672,0.098,100,0.1090972211111111,0.9088441918858116,-0.0325143333333328
2835,iris.3.csv,0.25,0.0646856666666679,0.101,100,0.1357534444444444,1.1519711136463413,-0.0363143333333321
2836,iris.3.csv,0.3,0.0638000000000017,0.0939999999999999,100,0.1670027155555555,0.8931583101184382,-0.0301999999999982
2837,iris.3.csv,0.35,0.0876959999999997,0.1109999999999999,100,0.1769237288888888,1.0741403218376724,-0.0233040000000002
2838,iris.3.csv,0.4,0.0890016666666675,0.134,100,0.1901994877777778,1.1258666981283938,-0.0449983333333325
2839,iris.3.csv,0.44,0.1531876666666667,0.173,100,0.1784182933333333,1.264489359425211,-0.019812333333333293
2840,iris.3.csv,0.49,0.1783320000000008,0.197,100,0.1809115555555555,1.299454555470081,-0.018667999999999213
2841,iris.3.csv,0.54,0.1253063333333348,0.106,100,0.2130159766666667,1.2679670394897933,0.0193063333333348
2842,iris.3.csv,0.6,0.1843023333333346,0.172,100,0.2068336211111111,1.1669763092533496,0.012302333333334609
2843,iris.3.csv,0.65,0.155452,0.159,100,0.2062871111111111,1.2848921167163143,-0.0035479999999999956
2844,iris.3.csv,0.7,0.1927879999999995,0.1409999999999999,100,0.1953162222222221,1.4420683874389135,0.051787999999999584
2845,iris.3.csv,0.75,0.2322459999999996,0.1839999999999999,100,0.1909756211111111,1.4199444744810552,0.04824599999999968
2846,iris.3.csv,0.8,0.1811279999999976,0.1019999999999999,100,0.1770347233333333,1.297170048859804,0.0791279999999977
2847,iris.3.csv,0.85,0.2399336666666655,0.1059999999999999,100,0.1758771322222222,1.3786147405512614,0.1339336666666656
2848,iris.3.csv,0.9,0.1095776666666715,0.013,100,0.1284133511111111,0.960477825771322,0.0965776666666715
2849,iris.3.csv,0.95,0.1606083333333354,0.0379999999999999,100,0.1241314844444444,1.1819090696192502,0.12260833333333551
2850,jm1-processed.csv,0.05,0.8810966666666658,0.691,100,0.0553652305326248,2.7634810436246258,0.1900966666666658
2851,jm1-processed.csv,0.1,0.8888286666666706,0.446,100,0.0406314892521349,2.70491186982478,0.4428286666666706
2852,jm1-processed.csv,0.15,0.8178143333333336,0.633,100,0.0451356826818144,2.6576490900439187,0.18481433333333364
2853,jm1-processed.csv,0.2,0.750780666666665,0.6950000000000001,100,0.0511759550443136,2.6022066569074656,0.055780666666664924
2854,jm1-processed.csv,0.25,0.7389123333333371,0.611,100,0.0367055379697246,2.591789591029241,0.12791233333333707
2855,jm1-processed.csv,0.3,0.6172790000000019,0.5170000000000001,100,0.0554347819892898,2.6551376570370504,0.10027900000000178
2856,jm1-processed.csv,0.35,0.5924749999999975,0.499,100,0.0527925842593029,2.6016827665143896,0.09347499999999753
2857,jm1-processed.csv,0.4,0.5778593333333352,0.3049999999999999,100,0.0486897407578185,2.738097186135912,0.2728593333333353
2858,jm1-processed.csv,0.44,0.5466526666666702,0.411,100,0.0411171401576502,2.652224361653963,0.13565266666667025
2859,jm1-processed.csv,0.49,0.4981593333333373,0.27,100,0.0317964239734102,2.6520453109990503,0.22815933333333727
2860,jm1-processed.csv,0.54,0.4486613333333371,0.3309999999999999,100,0.0285672818804225,2.558041323810073,0.11766133333333717
2861,jm1-processed.csv,0.6,0.3854820000000033,0.279,100,0.0334746529155672,2.4750747418905545,0.1064820000000033
2862,jm1-processed.csv,0.65,0.3369876666666702,0.122,100,0.0387850314008293,2.613248316049232,0.21498766666667019
2863,jm1-processed.csv,0.7,0.2724300000000015,0.264,100,0.0286743979380433,2.3718290703778124,0.008430000000001492
2864,jm1-processed.csv,0.75,0.2383266666666704,0.0,100,0.0301517127635489,2.6477331999271927,0.2383266666666704
2865,jm1-processed.csv,0.8,0.1655693333333334,0.136,100,0.0363365859567917,2.3426471025373354,0.029569333333333392
2866,jm1-processed.csv,0.85,0.1390796666666705,0.038,100,0.0256841391459681,2.437295736374856,0.10107966666667048
2867,jm1-processed.csv,0.9,0.0864860000000035,0.008,100,0.0274207855878763,2.5481553456865544,0.0784860000000035
2868,jm1-processed.csv,0.95,0.0398326666666708,0.0090000000000001,100,0.0225178207101817,2.4173648665553875,0.0308326666666707
2869,jm1-processed.csv,0.05,0.9376573333333368,0.6819999999999999,100,0.0400753851727289,2.675129400745944,0.25565733333333684
2870,jm1-processed.csv,0.1,0.8884100000000039,0.531,100,0.037437030618943,2.7927502469384424,0.3574100000000039
2871,jm1-processed.csv,0.15,0.8383266666666704,0.566,100,0.0358593050533488,2.7161169443890376,0.2723266666666705
2872,jm1-processed.csv,0.2,0.787824333333337,0.6819999999999999,100,0.0391761231280112,2.576292732779972,0.10582433333333707
2873,jm1-processed.csv,0.25,0.7291163333333363,0.607,100,0.0441549093638249,2.6030994576609268,0.12211633333333627
2874,jm1-processed.csv,0.3,0.6848953333333365,0.51,100,0.0419159751907215,2.6380214812582583,0.1748953333333365
2875,jm1-processed.csv,0.35,0.6301243333333357,0.491,100,0.0433327852886885,2.608972995449415,0.13912433333333574
2876,jm1-processed.csv,0.4,0.5865693333333369,0.582,100,0.0407480034070092,2.5037913006455392,0.004569333333336978
2877,jm1-processed.csv,0.44,0.5466530000000036,0.34,100,0.0413214706301269,2.6622487121923992,0.20665300000000358
2878,jm1-processed.csv,0.49,0.497071333333337,0.184,100,0.0357247141100588,2.678198259198606,0.313071333333337
2879,jm1-processed.csv,0.54,0.4460673333333367,0.367,100,0.0401366157048126,2.521089277954013,0.07906733333333671
2880,jm1-processed.csv,0.6,0.3708403333333342,0.299,100,0.0377382172129093,2.483339705487494,0.07184033333333423
2881,jm1-processed.csv,0.65,0.2923866666666634,0.173,100,0.0478247837853042,2.555627886614476,0.11938666666666342
2882,jm1-processed.csv,0.7,0.2863186666666701,0.2,100,0.0338092340189046,2.524412048642751,0.0863186666666701
2883,jm1-processed.csv,0.75,0.2330556666666694,0.13,100,0.0284657546978404,2.5515030771567337,0.1030556666666694
2884,jm1-processed.csv,0.8,0.1659876666666668,0.153,100,0.0384444896501968,2.357544790695378,0.012987666666666814
2885,jm1-processed.csv,0.85,0.1312150000000025,0.026,100,0.0319693788888235,2.5394423724866004,0.1052150000000025
2886,jm1-processed.csv,0.9,0.0711750000000009,0.009,100,0.0314772980350427,2.5181442526625264,0.0621750000000009
2887,jm1-processed.csv,0.95,0.0154856666666668,0.043,100,0.0314054104008829,2.16752761051104,-0.027514333333333196
2888,kdd_JapaneseVowels.csv,0.05,0.0149,0.028,100,0.0328854622222222,0.937603031556031,-0.0131
2889,kdd_JapaneseVowels.csv,0.1,0.016608,0.0279999999999999,100,0.0605071822222222,1.1233348222607158,-0.011391999999999899
2890,kdd_JapaneseVowels.csv,0.15,0.0236816666666671,0.0329999999999999,100,0.0878281988888888,1.0724625473978049,-0.009318333333332797
2891,kdd_JapaneseVowels.csv,0.2,0.0140163333333345,0.003,100,0.1189964044444444,1.485736852811306,0.011016333333334499
2892,kdd_JapaneseVowels.csv,0.25,0.0321116666666679,0.003,100,0.1374353099999999,1.4805043713723691,0.0291116666666679
2893,kdd_JapaneseVowels.csv,0.3,0.0388673333333331,0.0249999999999999,100,0.1549731066666666,1.4972483881307823,0.0138673333333332
2894,kdd_JapaneseVowels.csv,0.35,0.0349713333333344,0.0089999999999999,100,0.1718607733333333,1.6166639239688052,0.0259713333333345
2895,kdd_JapaneseVowels.csv,0.4,0.0395386666666655,0.006,100,0.1813252622222222,1.6963227010297104,0.0335386666666655
2896,kdd_JapaneseVowels.csv,0.44,0.052842333333335,0.004,100,0.1662892122222222,1.9813033975480971,0.048842333333335
2897,kdd_JapaneseVowels.csv,0.49,0.0474453333333331,0.003,100,0.1849115377777778,1.9489126607379987,0.0444453333333331
2898,kdd_JapaneseVowels.csv,0.54,0.0597583333333328,0.015,100,0.1772630488888888,2.0890500695208223,0.0447583333333328
2899,kdd_JapaneseVowels.csv,0.6,0.050168333333332,0.001,100,0.1851104211111111,2.011212525707888,0.049168333333332
2900,kdd_JapaneseVowels.csv,0.65,0.0442046666666654,0.019,100,0.1748941455555555,2.087676154204475,0.0252046666666654
2901,kdd_JapaneseVowels.csv,0.7,0.0503376666666655,0.0089999999999998,100,0.1694242844444444,2.048943262770409,0.0413376666666657
2902,kdd_JapaneseVowels.csv,0.75,0.046276999999996,0.038,100,0.1452652566666666,2.2191712699861523,0.008276999999996003
2903,kdd_JapaneseVowels.csv,0.8,0.0423913333333321,0.008,100,0.1372515555555555,2.1392118944997787,0.0343913333333321
2904,kdd_JapaneseVowels.csv,0.85,0.0357326666666688,0.026,100,0.1066959955555555,2.062256321533524,0.009732666666668801
2905,kdd_JapaneseVowels.csv,0.9,0.0557596666666647,0.002,100,0.09412075,2.0697155806101284,0.0537596666666647
2906,kdd_JapaneseVowels.csv,0.95,0.0587430000000007,0.0060000000000001,100,0.0664725277777777,1.859233147123664,0.052743000000000595
2907,kdd_JapaneseVowels.csv,0.05,0.0149,0.034,100,0.0337828711111111,0.8445181780253824,-0.019100000000000002
2908,kdd_JapaneseVowels.csv,0.1,0.0055639999999996,0.017,100,0.0690451111111111,0.9892194988534008,-0.0114360000000004
2909,kdd_JapaneseVowels.csv,0.15,0.0251040000000004,0.0309999999999999,100,0.0896506344444444,0.937603031556678,-0.005895999999999499
2910,kdd_JapaneseVowels.csv,0.2,0.0146856666666679,0.004,100,0.1167341155555555,1.4471843786837617,0.0106856666666679
2911,kdd_JapaneseVowels.csv,0.25,0.0387473333333343,0.0109999999999999,100,0.1362754622222222,1.6493217590055873,0.0277473333333344
2912,kdd_JapaneseVowels.csv,0.3,0.035353333333333,0.0159999999999999,100,0.1509456933333333,1.4899640871273148,0.0193533333333331
2913,kdd_JapaneseVowels.csv,0.35,0.0376593333333342,0.0289999999999999,100,0.178904951111111,1.517099485690142,0.008659333333334296
2914,kdd_JapaneseVowels.csv,0.4,0.0408786666666657,0.003,100,0.1757694444444444,1.75055113517499,0.0378786666666657
2915,kdd_JapaneseVowels.csv,0.44,0.0307560000000016,0.002,100,0.1840023677777778,1.898309371674712,0.0287560000000016
2916,kdd_JapaneseVowels.csv,0.49,0.0558956666666659,0.0159999999999999,100,0.1888041955555555,1.8867901442154984,0.039895666666665996
2917,kdd_JapaneseVowels.csv,0.54,0.0676299999999994,0.003,100,0.20026096,1.7474268334869696,0.0646299999999994
2918,kdd_JapaneseVowels.csv,0.6,0.0561086666666655,0.009,100,0.174121861111111,2.168081855878299,0.0471086666666655
2919,kdd_JapaneseVowels.csv,0.65,0.037408999999998,0.012,100,0.1815594488888888,1.8484488238802936,0.025408999999998
2920,kdd_JapaneseVowels.csv,0.7,0.0598756666666638,0.013,100,0.1646235766666667,2.14272200918997,0.046875666666663804
2921,kdd_JapaneseVowels.csv,0.75,0.0374039999999947,0.007,100,0.1505563677777778,2.148795958929226,0.0304039999999947
2922,kdd_JapaneseVowels.csv,0.8,0.0117563333333382,0.016,100,0.1320002433333333,2.088600420514144,-0.0042436666666618005
2923,kdd_JapaneseVowels.csv,0.85,0.0610846666666717,0.004,100,0.1173034444444444,2.2861707185055336,0.057084666666671696
2924,kdd_JapaneseVowels.csv,0.9,0.0545043333333309,0.005,100,0.0915419322222222,2.1224515759009064,0.0495043333333309
2925,kdd_JapaneseVowels.csv,0.95,0.0102160000000033,0.037,100,0.0459206433333333,2.281670405454487,-0.0267839999999967
2926,kin8nm.csv,0.05,0.0257703333333334,0.034,100,0.0473673011111111,2.7131775211008446,-0.008229666666666604
2927,kin8nm.csv,0.1,0.0682290000000001,0.059,100,0.05221875,2.674618829783179,0.009229000000000098
2928,kin8nm.csv,0.15,0.1367356666666667,0.114,100,0.0484051111111111,2.832330494640037,0.022735666666666696
2929,kin8nm.csv,0.2,0.1234873333333334,0.013,100,0.0625716566666666,2.8124247798641675,0.1104873333333334
2930,kin8nm.csv,0.25,0.1008600000000002,0.0189999999999999,100,0.0703168044444444,2.806370074322254,0.0818600000000003
2931,kin8nm.csv,0.3,0.2544046666666668,0.009,100,0.0663425822222222,2.847287827264654,0.24540466666666677
2932,kin8nm.csv,0.35,0.2767623333333331,0.02,100,0.0697941955555555,2.813991919852344,0.2567623333333331
2933,kin8nm.csv,0.4,0.2968546666666664,0.022,100,0.0704889455555555,2.8922271404491635,0.27485466666666636
2934,kin8nm.csv,0.44,0.139938666666667,0.0,100,0.0736002877777777,2.913014910703091,0.139938666666667
2935,kin8nm.csv,0.49,0.1008956666666671,0.0539999999999999,100,0.0801354844444444,2.890700555571733,0.0468956666666672
2936,kin8nm.csv,0.54,0.2602786666666665,0.143,100,0.0728964844444444,2.8796364922618944,0.1172786666666665
2937,kin8nm.csv,0.6,0.1355340000000005,0.006,100,0.0799149455555555,2.886480350731553,0.12953400000000048
2938,kin8nm.csv,0.65,0.3259286666666692,0.038,100,0.0637378877777777,2.875105684501246,0.2879286666666692
2939,kin8nm.csv,0.7,0.2339656666666686,0.1089999999999999,100,0.0711117544444444,2.93423602106264,0.1249656666666687
2940,kin8nm.csv,0.75,0.228695666666669,0.039,100,0.0605735555555555,2.856759931853962,0.18969566666666898
2941,kin8nm.csv,0.8,0.1225619999999999,0.005,100,0.0649547677777777,2.8171846523755115,0.11756199999999989
2942,kin8nm.csv,0.85,0.0980206666666665,0.034,100,0.0556175555555555,2.7847105704557875,0.0640206666666665
2943,kin8nm.csv,0.9,0.0715816666666678,0.039,100,0.0496347288888888,2.7333599932773063,0.032581666666667806
2944,kin8nm.csv,0.95,0.036569333333337,0.0020000000000001,100,0.0408451066666666,2.6679887226621326,0.0345693333333369
2945,kin8nm.csv,0.05,0.0127776666666667,0.05,100,0.0451068044444444,2.6075289912570137,-0.0372223333333333
2946,kin8nm.csv,0.1,0.0879913333333334,0.087,100,0.0420956622222222,2.838739876119786,0.0009913333333333996
2947,kin8nm.csv,0.15,0.1349763333333334,0.01,100,0.0545856666666666,2.7913669617992998,0.1249763333333334
2948,kin8nm.csv,0.2,0.1858993333333334,0.039,100,0.0548936388888888,2.8033848014817218,0.14689933333333338
2949,kin8nm.csv,0.25,0.1882246666666666,0.031,100,0.0650629899999999,2.872007304845968,0.1572246666666666
2950,kin8nm.csv,0.3,0.2786963333333334,0.051,100,0.06032971,2.8790742869853125,0.2276963333333334
2951,kin8nm.csv,0.35,0.2677073333333333,0.0849999999999999,100,0.06614644,2.8890070661237086,0.1827073333333334
2952,kin8nm.csv,0.4,0.1373696666666673,0.0179999999999999,100,0.07617011,2.88768572945905,0.1193696666666674
2953,kin8nm.csv,0.44,0.0174006666666675,0.0409999999999999,100,0.0816467066666666,2.9006344789517464,-0.023599333333332397
2954,kin8nm.csv,0.49,0.0093513333333333,0.016,100,0.0655540122222222,2.897298446690376,-0.0066486666666667
2955,kin8nm.csv,0.54,0.4355953333333356,0.1009999999999999,100,0.06031291,2.8194604093148894,0.3345953333333357
2956,kin8nm.csv,0.6,0.0535963333333329,0.0959999999999999,100,0.07679979,2.940339767844025,-0.042403666666667006
2957,kin8nm.csv,0.65,0.1324363333333339,0.032,100,0.0758141155555555,2.864459553873102,0.1004363333333339
2958,kin8nm.csv,0.7,0.0606543333333332,0.009,100,0.0765903233333333,2.826779494148649,0.0516543333333332
2959,kin8nm.csv,0.75,0.1028760000000006,0.04,100,0.0713620266666666,2.856179851120374,0.0628760000000006
2960,kin8nm.csv,0.8,0.1780216666666688,0.074,100,0.05745756,2.8290146263201077,0.1040216666666688
2961,kin8nm.csv,0.85,0.0847843333333325,0.1109999999999999,100,0.05437484,2.6683620196873528,-0.0262156666666674
2962,kin8nm.csv,0.9,0.0755163333333349,0.04,100,0.0516310844444444,2.803834872801418,0.035516333333334905
2963,kin8nm.csv,0.95,0.0284540000000019,0.05,100,0.0368799377777777,2.5404174087829983,-0.0215459999999981
2964,letter-recognition.csv,0.05,0.1302833333333322,0.023,100,0.0807480266666666,2.253934915030137,0.1072833333333322
2965,letter-recognition.csv,0.1,0.1029676666666656,0.011,100,0.1058743233333333,2.1837114367801718,0.0919676666666656
2966,letter-recognition.csv,0.15,0.0861999999999982,0.005,100,0.1258158611111111,2.143461949361752,0.08119999999999819
2967,letter-recognition.csv,0.2,0.0593756666666659,0.019,100,0.1423613377777777,1.917874149592176,0.040375666666665894
2968,letter-recognition.csv,0.25,0.1307933333333321,0.016,100,0.1601661544444444,2.1023533742987484,0.1147933333333321
2969,letter-recognition.csv,0.3,0.049333333333333,0.0309999999999999,100,0.1652012177777777,2.16954355989204,0.0183333333333331
2970,letter-recognition.csv,0.35,0.0901283333333342,0.0109999999999999,100,0.1691628566666666,2.278365354438495,0.0791283333333343
2971,letter-recognition.csv,0.4,0.0886573333333319,0.029,100,0.1673046622222222,2.386103342344644,0.0596573333333319
2972,letter-recognition.csv,0.44,0.0984530000000007,0.017,100,0.1778744211111111,2.151009697732868,0.0814530000000007
2973,letter-recognition.csv,0.49,0.0714613333333346,0.023,100,0.1909330177777777,1.9392563091014827,0.0484613333333346
2974,letter-recognition.csv,0.54,0.0766136666666689,0.011,100,0.1647038344444444,2.2475233162069927,0.0656136666666689
2975,letter-recognition.csv,0.6,0.0675846666666669,0.0249999999999999,100,0.15672284,2.126612084209456,0.042584666666667007
2976,letter-recognition.csv,0.65,0.0551453333333379,0.024,100,0.1626771111111111,1.9169110613163516,0.031145333333337896
2977,letter-recognition.csv,0.7,0.0630470000000026,0.018,100,0.1420076933333333,1.999545432715337,0.0450470000000026
2978,letter-recognition.csv,0.75,0.0389996666666615,0.015,100,0.13219584,1.7901143382276732,0.0239996666666615
2979,letter-recognition.csv,0.8,0.0381963333333366,0.031,100,0.1118222433333333,1.6755025547821678,0.007196333333336601
2980,letter-recognition.csv,0.85,0.0218433333333301,0.026,100,0.0854113155555555,1.4608289444407694,-0.0041566666666699
2981,letter-recognition.csv,0.9,0.0220463333333342,0.026,100,0.0539871322222222,1.4690417867156509,-0.0039536666666658005
2982,letter-recognition.csv,0.95,0.0148999999999999,0.014,100,0.0380251599999999,1.3750086110263933,0.0008999999999998991
2983,letter-recognition.csv,0.05,0.0996449999999998,0.0139999999999999,100,0.0798371066666666,2.1469606754382022,0.0856449999999999
2984,letter-recognition.csv,0.1,0.0643793333333326,0.006,100,0.0977164655555555,2.0492146665206854,0.058379333333332596
2985,letter-recognition.csv,0.15,0.0866179999999983,0.0149999999999999,100,0.1212213011111111,2.247419534937836,0.07161799999999839
2986,letter-recognition.csv,0.2,0.0688300000000003,0.024,100,0.14324611,2.080211965961173,0.04483000000000029
2987,letter-recognition.csv,0.25,0.0984953333333331,0.0169999999999999,100,0.1530896044444444,2.248267956602993,0.0814953333333332
2988,letter-recognition.csv,0.3,0.0788683333333325,0.0159999999999999,100,0.1705901544444444,1.9759854151817893,0.0628683333333326
2989,letter-recognition.csv,0.35,0.0573119999999982,0.0339999999999999,100,0.1751442433333333,2.190104464882726,0.0233119999999983
2990,letter-recognition.csv,0.4,0.0949646666666665,0.013,100,0.1840954788888888,2.099162555776117,0.0819646666666665
2991,letter-recognition.csv,0.44,0.099122333333334,0.0289999999999999,100,0.1763446788888889,2.1534267416051383,0.0701223333333341
2992,letter-recognition.csv,0.49,0.0722980000000013,0.0509999999999999,100,0.1803313455555555,2.0497087519147708,0.021298000000001406
2993,letter-recognition.csv,0.54,0.0733476666666688,0.012,100,0.1850748888888888,1.9358287244688184,0.0613476666666688
2994,letter-recognition.csv,0.6,0.0796013333333358,0.005,100,0.1531718399999999,2.0706335338076585,0.0746013333333358
2995,letter-recognition.csv,0.65,0.067619333333338,0.01,100,0.154402101111111,1.9713346189674723,0.057619333333338
2996,letter-recognition.csv,0.7,0.0386163333333297,0.0179999999999999,100,0.1440601111111111,1.8353531012507127,0.0206163333333298
2997,letter-recognition.csv,0.75,0.0389159999999948,0.009,100,0.1389389722222222,1.663132792229769,0.0299159999999948
2998,letter-recognition.csv,0.8,0.0372756666666697,0.019,100,0.1092463822222221,1.687811714701549,0.018275666666669698
2999,letter-recognition.csv,0.85,0.0134733333333294,0.016,100,0.0903926788888889,1.644088646459141,-0.002526666666670601
3000,letter-recognition.csv,0.9,0.0017986666666669,0.025,100,0.0664622222222222,1.5296727944732178,-0.023201333333333102
3001,letter-recognition.csv,0.95,0.0148999999999999,0.025,100,0.0341298611111111,1.0788173185973984,-0.010100000000000102
3002,magic.csv,0.05,0.0153183333333334,0.033,100,0.0317376211111111,2.2160527688761125,-0.017681666666666603
3003,magic.csv,0.1,0.0271609999999996,0.017,100,0.0700873733333333,2.317660194584782,0.010160999999999597
3004,magic.csv,0.15,0.0051559999999996,0.0079999999999999,100,0.0742009011111111,2.419175431009109,-0.0028440000000002994
3005,magic.csv,0.2,0.0110009999999989,0.004,100,0.1026671677777777,2.324354226716058,0.0070009999999989005
3006,magic.csv,0.25,0.0393303333333343,0.021,100,0.0950904122222222,2.579031968609818,0.0183303333333343
3007,magic.csv,0.3,0.0570230000000014,0.005,100,0.1011967511111111,2.622995970011964,0.0520230000000014
3008,magic.csv,0.35,0.0113800000000016,0.016,100,0.1191141011111111,2.65481799374294,-0.0046199999999984
3009,magic.csv,0.4,0.0951953333333339,0.017,100,0.1161963155555555,2.690353327057209,0.0781953333333339
3010,magic.csv,0.44,0.1915010000000011,0.1149999999999999,100,0.1107300622222222,2.622987483881952,0.07650100000000119
3011,magic.csv,0.49,0.0782406666666683,0.0199999999999999,100,0.1408598488888889,2.573349415852612,0.058240666666668404
3012,magic.csv,0.54,0.054666666666667,0.03,100,0.1442093544444444,2.643184639831317,0.024666666666667003
3013,magic.csv,0.6,0.1126000000000014,0.0319999999999999,100,0.1309968566666667,2.725289338351747,0.0806000000000015
3014,magic.csv,0.65,0.0872836666666653,0.002,100,0.1259252222222222,2.7618664052502764,0.0852836666666653
3015,magic.csv,0.7,0.1887719999999996,0.0389999999999999,100,0.1144395377777777,2.821677022124877,0.1497719999999997
3016,magic.csv,0.75,0.1516073333333329,0.035,100,0.1300906666666666,2.616138471409482,0.1166073333333329
3017,magic.csv,0.8,0.0948509999999956,0.012,100,0.1028569822222222,2.767991687442644,0.08285099999999561
3018,magic.csv,0.85,0.1575676666666634,0.0469999999999999,100,0.1048896666666666,2.754326814184614,0.11056766666666348
3019,magic.csv,0.9,0.1905006666666618,0.0879999999999999,100,0.1018451944444444,2.669988991048075,0.1025006666666619
3020,magic.csv,0.95,0.1600143333333361,0.0459999999999999,100,0.0866085555555555,2.603310833856728,0.11401433333333619
3021,magic.csv,0.05,0.0103,0.004,100,0.0465109733333333,2.2759687905086623,0.0063
3022,magic.csv,0.1,0.0085756666666659,0.0059999999999999,100,0.0632301822222222,2.370877864199102,0.002575666666666
3023,magic.csv,0.15,0.0085309999999999,0.005,100,0.0828850933333333,2.3900831095722888,0.0035309999999998997
3024,magic.csv,0.2,0.0195526666666675,0.002,100,0.0912066711111111,2.3239464402639416,0.0175526666666675
3025,magic.csv,0.25,0.0451736666666678,0.013,100,0.0926516711111111,2.5724052001930224,0.0321736666666678
3026,magic.csv,0.3,0.0476523333333341,0.024,100,0.11424444,2.5129373248781555,0.0236523333333341
3027,magic.csv,0.35,0.0237646666666664,0.075,100,0.1329860488888888,2.635587029540557,-0.0512353333333336
3028,magic.csv,0.4,0.1185369999999996,0.0529999999999999,100,0.1021174399999999,2.706392093200181,0.0655369999999997
3029,magic.csv,0.44,0.0854789999999998,0.007,100,0.1186381544444444,2.7316138026357835,0.0784789999999998
3030,magic.csv,0.49,0.0962080000000015,0.02,100,0.1156917733333333,2.726862277371213,0.0762080000000015
3031,magic.csv,0.54,0.0790386666666674,0.006,100,0.1365854344444444,2.641469614974949,0.07303866666666739
3032,magic.csv,0.6,0.1766280000000005,0.0709999999999999,100,0.11083075,2.847679398359521,0.10562800000000061
3033,magic.csv,0.65,0.1100409999999995,0.008,100,0.1268252622222222,2.631345671602217,0.1020409999999995
3034,magic.csv,0.7,0.1351083333333319,0.0179999999999999,100,0.1199485733333333,2.7771628194817835,0.11710833333333198
3035,magic.csv,0.75,0.1792493333333324,0.0929999999999999,100,0.1319734433333333,2.6664754918930043,0.0862493333333325
3036,magic.csv,0.8,0.1975753333333324,0.073,100,0.1256266666666667,2.631777415496328,0.12457533333333241
3037,magic.csv,0.85,0.1303756666666634,0.0219999999999999,100,0.1076339766666666,2.6827871685738023,0.10837566666666348
3038,magic.csv,0.9,0.2604599999999977,0.183,100,0.1025457011111111,2.8064102308214065,0.0774599999999977
3039,magic.csv,0.95,0.1683349999999996,0.0739999999999999,100,0.0955056388888889,2.473669961229142,0.0943349999999997
3040,mammographic.csv,0.05,0.1355549999999989,0.102,100,0.1057618470963466,2.054214557948164,0.033554999999998905
3041,mammographic.csv,0.1,0.1687463333333336,0.127,100,0.1270039023223671,2.0079454989838483,0.04174633333333361
3042,mammographic.csv,0.15,0.0982479999999987,0.082,100,0.128467586261678,1.9964005547979224,0.016247999999998694
3043,mammographic.csv,0.2,0.0641446666666664,0.063,100,0.1236561414680965,2.2853488233544272,0.0011446666666664052
3044,mammographic.csv,0.25,0.0888719999999982,0.0459999999999999,100,0.1593628197917548,2.134870107031688,0.0428719999999983
3045,mammographic.csv,0.3,0.0975779999999985,0.085,100,0.151578168325443,2.140645193602233,0.012577999999998493
3046,mammographic.csv,0.35,0.0848573333333342,0.079,100,0.1487991585654928,2.472950013478363,0.0058573333333342
3047,mammographic.csv,0.4,0.0739289999999988,0.0389999999999999,100,0.1710168452522135,2.098591188399323,0.0349289999999989
3048,mammographic.csv,0.44,0.0023816666666655,0.061,100,0.146902777214471,2.3709745845076324,-0.0586183333333345
3049,mammographic.csv,0.49,0.0376600000000009,0.034,100,0.1460586310681131,2.3865441175839703,0.0036600000000008986
3050,mammographic.csv,0.54,0.1048919999999991,0.067,100,0.1480346688145656,2.4414146670522268,0.03789199999999909
3051,mammographic.csv,0.6,0.0489110000000022,0.082,100,0.1496118561643857,2.3545165890756867,-0.0330889999999978
3052,mammographic.csv,0.65,0.0592416666666673,0.041,100,0.1602363295821652,2.323182411440159,0.0182416666666673
3053,mammographic.csv,0.7,0.080039666666664,0.0869999999999999,100,0.1548694364084325,2.3433140302233566,-0.0069603333333359
3054,mammographic.csv,0.75,0.0196663333333291,0.029,100,0.1387063002197587,2.264778249424629,-0.0093336666666709
3055,mammographic.csv,0.8,0.0863999999999951,0.008,100,0.1318987629353215,2.353026059357237,0.07839999999999511
3056,mammographic.csv,0.85,0.1332206666666626,0.0849999999999999,100,0.1358100963958475,2.332284643245339,0.048220666666662707
3057,mammographic.csv,0.9,0.1369529999999974,0.0749999999999999,100,0.118010331628954,2.3424764764932138,0.06195299999999751
3058,mammographic.csv,0.95,0.1214953333333339,0.0229999999999999,100,0.0847026627162626,2.116549295659885,0.098495333333334
3059,mammographic.csv,0.05,0.1346333333333322,0.111,100,0.1122256695349647,1.8395522075301576,0.023633333333332188
3060,mammographic.csv,0.1,0.0832926666666656,0.0229999999999999,100,0.0981053409794831,1.9232010390774936,0.060292666666665704
3061,mammographic.csv,0.15,0.0701806666666652,0.049,100,0.1068530625095679,2.1668671755997204,0.021180666666665196
3062,mammographic.csv,0.2,0.1241839999999986,0.142,100,0.133309875248209,2.3470560607891398,-0.017816000000001386
3063,mammographic.csv,0.25,0.0959783333333327,0.089,100,0.1365322902971004,2.3394102354757944,0.006978333333332698
3064,mammographic.csv,0.3,0.0623860000000002,0.0569999999999999,100,0.1494600506689011,2.210312398235335,0.0053860000000003
3065,mammographic.csv,0.35,0.0339726666666651,0.0049999999999999,100,0.1783963457694696,1.901224353475493,0.028972666666665196
3066,mammographic.csv,0.4,0.0547696666666662,0.061,100,0.1587751680973956,2.3122165319890318,-0.006230333333333796
3067,mammographic.csv,0.44,0.0407373333333335,0.0539999999999999,100,0.1727264979583886,2.258723714808562,-0.013262666666666402
3068,mammographic.csv,0.49,0.013362333333333,0.004,100,0.1631974882934931,2.412392382546382,0.009362333333333
3069,mammographic.csv,0.54,0.0020489999999993,0.027,100,0.1662878724913293,2.3740199666275035,-0.0249510000000007
3070,mammographic.csv,0.6,0.0409649999999988,0.0609999999999999,100,0.1540813600754981,2.4397413415417093,-0.0200350000000011
3071,mammographic.csv,0.65,0.0579823333333336,0.01,100,0.1559439216843696,2.307841873014891,0.0479823333333336
3072,mammographic.csv,0.7,0.1045409999999998,0.1119999999999999,100,0.1523914600713549,2.350864787158842,-0.0074590000000001044
3073,mammographic.csv,0.75,0.1264446666666646,0.0809999999999999,100,0.1440380764589616,2.4508484756735083,0.04544466666666469
3074,mammographic.csv,0.8,0.1465716666666656,0.066,100,0.1579123303282346,2.195001186136634,0.0805716666666656
3075,mammographic.csv,0.85,0.1953159999999989,0.144,100,0.1452405024238842,2.2714618918217853,0.05131599999999892
3076,mammographic.csv,0.9,0.1423073333333321,0.0759999999999999,100,0.1193171076510125,2.372456691983012,0.06630733333333219
3077,mammographic.csv,0.95,0.140498333333336,0.0289999999999999,100,0.1029829655249172,2.171046261536536,0.1114983333333361
3078,mozilla.csv,0.05,0.0103,0.0069999999999999,100,0.0485351322222222,1.2690688098136322,0.0033000000000000997
3079,mozilla.csv,0.1,0.0037233333333336,0.005,100,0.0639591944444444,1.7590152267050423,-0.0012766666666664001
3080,mozilla.csv,0.15,0.0146483333333339,0.0189999999999999,100,0.0966439233333333,1.5067495908531374,-0.004351666666665999
3081,mozilla.csv,0.2,0.0133470000000013,0.0249999999999999,100,0.1380993822222222,1.464524143403814,-0.0116529999999986
3082,mozilla.csv,0.25,0.0645183333333346,0.0449999999999999,100,0.1281571944444444,1.616757265452637,0.019518333333334692
3083,mozilla.csv,0.3,0.0638000000000017,0.0159999999999999,100,0.159072901111111,1.6409570535231763,0.0478000000000018
3084,mozilla.csv,0.35,0.034804000000001,0.0139999999999999,100,0.1943714344444445,1.4722211300076635,0.0208040000000011
3085,mozilla.csv,0.4,0.0615440000000018,0.024,100,0.1909013011111111,1.58447584337722,0.0375440000000018
3086,mozilla.csv,0.44,0.0245533333333347,0.038,100,0.2069340833333333,1.650011407675437,-0.013446666666665299
3087,mozilla.csv,0.49,0.0703700000000009,0.0219999999999999,100,0.2135288888888888,1.4126343104787953,0.048370000000001
3088,mozilla.csv,0.54,4.266666666741248e-05,0.024,100,0.2122220655555556,1.5496008760752344,-0.023957333333332588
3089,mozilla.csv,0.6,0.054853666666666,0.011,100,0.2148714877777778,1.4551612175049755,0.043853666666666
3090,mozilla.csv,0.65,0.0374909999999979,0.011,100,0.2063051944444444,1.3171149967394356,0.0264909999999979
3091,mozilla.csv,0.7,0.1096620000000008,0.0389999999999999,100,0.1995891944444444,1.580606226884707,0.07066200000000089
3092,mozilla.csv,0.75,0.0818269999999996,0.008,100,0.1778113544444444,1.4703092542282346,0.07382699999999959
3093,mozilla.csv,0.8,0.0799576666666634,0.004,100,0.1660651944444444,1.2355857007534552,0.0759576666666634
3094,mozilla.csv,0.85,0.0867856666666639,0.006,100,0.14649459,1.2512477407774076,0.0807856666666639
3095,mozilla.csv,0.9,0.0986173333333371,0.024,100,0.1325145555555555,1.0733174060859343,0.07461733333333709
3096,mozilla.csv,0.95,0.1532323333333358,0.0299999999999999,100,0.1262569288888889,1.2797864606358762,0.1232323333333359
3097,mozilla.csv,0.05,0.0149,0.015,100,0.0325016711111111,1.1236929712063997,-9.99999999999994e-05
3098,mozilla.csv,0.1,0.0329553333333328,0.003,100,0.0746161544444444,1.4282387632973004,0.029955333333332803
3099,mozilla.csv,0.15,0.0013780000000004,0.006,100,0.1086256388888888,1.5448808661414382,-0.0046219999999996
3100,mozilla.csv,0.2,0.0135143333333346,0.0249999999999999,100,0.1371078788888889,1.4260312598086298,-0.011485666666665301
3101,mozilla.csv,0.25,0.0138840000000017,0.005,100,0.1557334488888888,1.5331713640945914,0.0088840000000017
3102,mozilla.csv,0.3,0.0638000000000017,0.0189999999999999,100,0.1573249155555555,1.6843876332833554,0.044800000000001804
3103,mozilla.csv,0.35,0.0101206666666683,0.031,100,0.1958053544444443,1.5033581669537688,-0.0208793333333317
3104,mozilla.csv,0.4,0.0493276666666669,0.013,100,0.1998548122222222,1.4609547083854788,0.036327666666666904
3105,mozilla.csv,0.44,0.0782836666666653,0.0429999999999999,100,0.1991345822222222,1.5574212665444314,0.035283666666665395
3106,mozilla.csv,0.49,0.0766463333333348,0.005,100,0.2026566788888888,1.6390911280606164,0.0716463333333348
3107,mozilla.csv,0.54,0.0012123333333327,0.0419999999999999,100,0.2089180122222222,1.631285571432858,-0.0407876666666672
3108,mozilla.csv,0.6,0.0356103333333324,0.011,100,0.2086099955555555,1.4524809372947185,0.024610333333332398
3109,mozilla.csv,0.65,0.0584020000000008,0.011,100,0.2044766666666666,1.4192951884648872,0.047402000000000805
3110,mozilla.csv,0.7,0.037116666666667,0.036,100,0.1841685066666666,1.4856528076251605,0.0011166666666670017
3111,mozilla.csv,0.75,0.0614163333333303,0.02,100,0.1764549288888889,1.4143128698345977,0.041416333333330294
3112,mozilla.csv,0.8,0.1115003333333303,0.048,100,0.1830814344444444,1.298881401563402,0.0635003333333303
3113,mozilla.csv,0.85,0.0608330000000051,0.001,100,0.1396229722222222,1.125508695621006,0.0598330000000051
3114,mozilla.csv,0.9,0.0862350000000021,0.014,100,0.1203048399999999,1.0992969561429675,0.0722350000000021
3115,mozilla.csv,0.95,0.0837823333333346,0.0159999999999999,100,0.0959909722222222,1.1183923811917158,0.0677823333333347
3116,namao.csv,0.05,0.0619226666666661,0.01,100,0.0690126177777777,1.8438235324720675,0.0519226666666661
3117,namao.csv,0.1,0.0355409999999993,0.035,100,0.0905926933333333,1.8276239919314496,0.000540999999999299
3118,namao.csv,0.15,0.0364856666666654,0.0499999999999999,100,0.1258815677777777,1.6645091906449412,-0.013514333333334495
3119,namao.csv,0.2,0.0710903333333335,0.046,100,0.1541343155555555,1.8625820866160927,0.025090333333333506
3120,namao.csv,0.25,0.0620039999999991,0.072,100,0.1678430028777777,1.846748626323009,-0.009996000000000893
3121,namao.csv,0.3,0.0120039999999991,0.1099999999999999,100,0.1750514788888889,1.7744141445152974,-0.0979960000000008
3122,namao.csv,0.35,0.008788000000001,0.1229999999999999,100,0.1839356538222222,1.8099270041111704,-0.1142119999999989
3123,namao.csv,0.4,0.0363633333333344,0.094,100,0.1842666877777777,2.0803491532347413,-0.0576366666666656
3124,namao.csv,0.44,0.0830583333333338,0.078,100,0.1999447733333333,1.7431252648226891,0.005058333333333803
3125,namao.csv,0.49,0.0482856666666673,0.122,100,0.2052826666666666,1.776457217070338,-0.07371433333333269
3126,namao.csv,0.54,0.0505893333333324,0.096,100,0.19208651,1.8137665621719463,-0.045410666666667605
3127,namao.csv,0.6,0.0140200000000024,0.1209999999999999,100,0.1906381111111111,1.6649824098898167,-0.1069799999999975
3128,namao.csv,0.65,0.0442613333333365,0.072,100,0.1656525329861111,1.78238660741511,-0.027738666666663497
3129,namao.csv,0.7,0.0381143333333312,0.0859999999999999,100,0.1537458788888888,1.5222042707679084,-0.04788566666666869
3130,namao.csv,0.75,0.0243839999999994,0.0839999999999999,100,0.1490801111111111,1.5777837415685374,-0.059616000000000495
3131,namao.csv,0.8,0.0140999999999976,0.069,100,0.1314482222222222,1.3681535634133997,-0.054900000000002405
3132,namao.csv,0.85,0.0097913333333301,0.0839999999999999,100,0.11724611,1.2920428838857756,-0.0742086666666698
3133,namao.csv,0.9,0.0363940000000004,0.027,100,0.0750266266666666,0.9942273268050256,0.009394000000000399
3134,namao.csv,0.95,0.0103000000000034,0.0079999999999998,100,0.0453100399999999,0.9168038959264831,0.0023000000000035995
3135,namao.csv,0.05,0.0827703333333327,0.002,100,0.0844992933333333,1.7472756688346538,0.0807703333333327
3136,namao.csv,0.1,0.0633729999999993,0.0139999999999999,100,0.1062975511111111,1.9543249070331068,0.049372999999999403
3137,namao.csv,0.15,0.0362346666666654,0.062,100,0.1213210333777777,1.5903946632452908,-0.025765333333334597
3138,namao.csv,0.2,0.0361999999999982,0.073,100,0.1428910266666666,1.8702293594323305,-0.0368000000000018
3139,namao.csv,0.25,0.0474379999999994,0.071,100,0.1609888211111111,2.0662828512849547,-0.023562000000000596
3140,namao.csv,0.3,0.0657326666666676,0.0699999999999999,100,0.1821148888888889,1.9843587219089829,-0.0042673333333322905
3141,namao.csv,0.35,0.0395053333333315,0.1119999999999999,100,0.1895552826222222,1.8706888494757488,-0.0724946666666684
3142,namao.csv,0.4,0.0370326666666677,0.1169999999999999,100,0.1861112266666666,1.989343089558287,-0.0799673333333322
3143,namao.csv,0.44,0.0349336666666653,0.0989999999999999,100,0.2051497011111111,1.6957984773204684,-0.06406633333333459
3144,namao.csv,0.49,0.0693696666666676,0.1059999999999999,100,0.1978924397774943,1.7824455487415758,-0.03663033333333229
3145,namao.csv,0.54,0.0543683333333329,0.105,100,0.1961091418222222,1.7497178515939158,-0.050631666666667095
3146,namao.csv,0.6,0.0392040000000027,0.1159999999999999,100,0.1897638888888888,1.656987927077277,-0.0767959999999972
3147,namao.csv,0.65,0.0135549999999996,0.122,100,0.1880433455555555,1.6058749957696643,-0.1084450000000004
3148,namao.csv,0.7,0.0060656666666711,0.121,100,0.1695397899999999,1.6842956861437837,-0.11493433333332889
3149,namao.csv,0.75,0.0379919999999951,0.0859999999999999,100,0.1554998788888889,1.311508632500126,-0.0480080000000048
3150,namao.csv,0.8,0.0110840000000052,0.1169999999999999,100,0.1394054166666667,1.4811031593996142,-0.1059159999999947
3151,namao.csv,0.85,0.0177443333333314,0.1129999999999999,100,0.1179535233333333,1.5418999404955325,-0.0952556666666685
3152,namao.csv,0.9,0.0075716666666676,0.023,100,0.0683018266666666,1.168794531326013,-0.015428333333332399
3153,namao.csv,0.95,0.0108856666666697,0.0259999999999999,100,0.0527572177777777,0.917496110616794,-0.015114333333330201
3154,occupancy.csv,0.05,0.0201726666666667,0.001,100,0.0552573155555555,0.6270762106072016,0.0191726666666667
3155,occupancy.csv,0.1,0.0139309999999993,0.001,100,0.0985447233333333,0.680929998332718,0.0129309999999993
3156,occupancy.csv,0.15,0.001730333333333,0.005,100,0.1267243322222222,0.6933413481047761,-0.0032696666666670003
3157,occupancy.csv,0.2,0.0108326666666656,0.002,100,0.1560791944444444,1.1989508873520045,0.0088326666666656
3158,occupancy.csv,0.25,0.0138840000000017,0.0189999999999999,100,0.1770978399999999,0.9402136585442418,-0.005115999999998198
3159,occupancy.csv,0.3,0.0119209999999991,0.006,100,0.2067525733333333,0.9092628545489032,0.005920999999999101
3160,occupancy.csv,0.35,0.0007559999999996,0.0049999999999999,100,0.2181915766666667,0.9589201061007222,-0.0042440000000003005
3161,occupancy.csv,0.4,0.0059596666666685,0.005,100,0.2319822933333333,0.9287457069500356,0.0009596666666684996
3162,occupancy.csv,0.44,0.0015449999999989,0.008,100,0.2318907499999999,1.0179796899339693,-0.0064550000000011005
3163,occupancy.csv,0.49,0.0277000000000007,0.0279999999999999,100,0.2348574344444444,1.0616823051710909,-0.0002999999999992002
3164,occupancy.csv,0.54,0.0222143333333344,0.011,100,0.2400587499999999,0.8199398075089327,0.011214333333334402
3165,occupancy.csv,0.6,0.0068003333333345,0.008,100,0.2293276388888888,0.9502896439271972,-0.0011996666666655
3166,occupancy.csv,0.65,0.0042696666666648,0.017,100,0.22138579,0.8205865801544245,-0.012730333333335201
3167,occupancy.csv,0.7,0.0117523333333303,0.0219999999999999,100,0.2062918611111111,0.8028876836416212,-0.010247666666669602
3168,occupancy.csv,0.75,0.0135490000000028,0.001,100,0.1834753511111111,0.6540663924634795,0.012549000000002801
3169,occupancy.csv,0.8,0.0084106666666636,0.009,100,0.1566803511111111,0.6866703847713709,-0.0005893333333363993
3170,occupancy.csv,0.85,0.0163189999999967,0.005,100,0.1214904266666666,0.5680644553947288,0.0113189999999967
3171,occupancy.csv,0.9,0.0039753333333334,0.002,100,0.0885285011111111,0.4125336049917025,0.0019753333333334
3172,occupancy.csv,0.95,0.0218460000000003,0.0089999999999998,100,0.0568084844444444,0.2823470892288546,0.0128460000000005
3173,occupancy.csv,0.05,0.0103,0.003,100,0.0469725011111111,0.504169998027842,0.0073
3174,occupancy.csv,0.1,0.0171993333333329,0.002,100,0.0980792122222222,0.8638261785464816,0.0151993333333329
3175,occupancy.csv,0.15,0.0096239999999999,0.006,100,0.1312097155555556,0.6806121051949579,0.0036239999999999
3176,occupancy.csv,0.2,0.0138490000000012,0.005,100,0.1578211677777777,0.6817080240247579,0.0088490000000012
3177,occupancy.csv,0.25,0.0115510000000002,0.009,100,0.1829870844444444,0.931583196371999,0.0025510000000002007
3178,occupancy.csv,0.3,0.0107473333333324,0.007,100,0.2037507677777778,0.9696723462121272,0.0037473333333323993
3179,occupancy.csv,0.35,0.0103776666666677,0.0059999999999999,100,0.2217950622222222,0.9220929039245404,0.004377666666667799
3180,occupancy.csv,0.4,0.0099073333333352,0.02,100,0.2273640655555555,0.9858958247749086,-0.0100926666666648
3181,occupancy.csv,0.44,0.0024653333333322,0.006,100,0.2393131066666666,0.9638200829572748,-0.0035346666666678
3182,occupancy.csv,0.49,0.0063066666666665,0.003,100,0.2425406844444444,0.929728345095932,0.0033066666666664996
3183,occupancy.csv,0.54,0.0007120000000006,0.008,100,0.2396436211111111,0.9178581220310408,-0.0072879999999994
3184,occupancy.csv,0.6,0.0106633333333352,0.001,100,0.2276078611111111,0.9450087412915518,0.0096633333333352
3185,occupancy.csv,0.65,0.0056040000000003,0.006,100,0.2188260711111111,0.7896375173776617,-0.0003959999999997004
3186,occupancy.csv,0.7,0.0156996666666644,0.0199999999999999,100,0.2145171677777778,0.6789906421267424,-0.0043003333333355015
3187,occupancy.csv,0.75,0.0136326666666695,0.005,100,0.1825067766666667,0.6043211815789455,0.008632666666669501
3188,occupancy.csv,0.8,0.0135979999999975,0.003,100,0.1569963155555555,0.500402423566243,0.010597999999997498
3189,occupancy.csv,0.85,0.0095389999999969,0.01,100,0.1298950344444444,0.5313249513769179,-0.00046100000000309956
3190,occupancy.csv,0.9,0.0238030000000032,0.02,100,0.1000681733333333,0.5441730019333081,0.0038030000000031997
3191,occupancy.csv,0.95,0.0297106666666664,0.0119999999999999,100,0.06093851,0.5027782487941556,0.0177106666666665
3192,page-blocks.csv,0.05,0.1001476666666665,0.01,100,0.0821473066666667,2.066857558859869,0.0901476666666665
3193,page-blocks.csv,0.1,0.1413873333333317,0.031,100,0.13287024,2.168893129733392,0.1103873333333317
3194,page-blocks.csv,0.15,0.1013436666666656,0.006,100,0.1406349455555555,2.1456955448802213,0.09534366666666559
3195,page-blocks.csv,0.2,0.1493329999999997,0.0149999999999999,100,0.1523143233333333,2.2981583816436943,0.13433299999999979
3196,page-blocks.csv,0.25,0.1271956666666659,0.015,100,0.1607434622222222,2.190786474960559,0.1121956666666659
3197,page-blocks.csv,0.3,0.085816666666665,0.009,100,0.1816364844444444,2.0042098110608326,0.076816666666665
3198,page-blocks.csv,0.35,0.0919690000000008,0.054,100,0.1989379999999999,1.8610737390738583,0.0379690000000008
3199,page-blocks.csv,0.4,0.1231420000000005,0.009,100,0.1898473455555555,2.0082421180125287,0.11414200000000051
3200,page-blocks.csv,0.44,0.1507566666666658,0.063,100,0.1885325277777778,1.955109521772583,0.08775666666666579
3201,page-blocks.csv,0.49,0.0970659999999992,0.005,100,0.1909935555555555,1.8755253640046676,0.09206599999999919
3202,page-blocks.csv,0.54,0.0655400000000006,0.012,100,0.1903276566666666,1.7981345978805323,0.0535400000000006
3203,page-blocks.csv,0.6,0.0628833333333329,0.051,100,0.1837116566666666,1.547447862636738,0.011883333333332906
3204,page-blocks.csv,0.65,0.0682833333333362,0.047,100,0.161268,1.5162955248490766,0.021283333333336193
3205,page-blocks.csv,0.7,0.0634653333333361,0.037,100,0.1611999766666666,1.35719791212443,0.026465333333336095
3206,page-blocks.csv,0.75,0.0138000000000029,0.015,100,0.1584235766666667,1.048304771322864,-0.0011999999999970992
3207,page-blocks.csv,0.8,0.0463403333333345,0.0449999999999999,100,0.1077368266666666,1.0328849737569417,0.001340333333334602
3208,page-blocks.csv,0.85,0.0241859999999972,0.027,100,0.0909929011111111,1.089188993844234,-0.0028140000000028004
3209,page-blocks.csv,0.9,0.0055640000000006,0.021,100,0.0655171766666666,0.8087368754801543,-0.015435999999999402
3210,page-blocks.csv,0.95,0.0124639999999998,0.019,100,0.0423815233333333,0.6721584245124494,-0.0065360000000002
3211,page-blocks.csv,0.05,0.0920883333333329,0.006,100,0.0812798888888889,1.9955586505316345,0.08608833333333289
3212,page-blocks.csv,0.1,0.1109173333333322,0.018,100,0.1165797377777778,2.152935267982452,0.0929173333333322
3213,page-blocks.csv,0.15,0.0861996666666649,0.008,100,0.133724,2.197961661806131,0.07819966666666489
3214,page-blocks.csv,0.2,0.0953563333333335,0.0249999999999999,100,0.1626813011111111,1.891786416545091,0.0703563333333336
3215,page-blocks.csv,0.25,0.1587396666666649,0.038,100,0.1763802044444444,2.08219728392546,0.12073966666666489
3216,page-blocks.csv,0.3,0.1399610000000007,0.013,100,0.1621094844444444,2.176646335435116,0.12696100000000068
3217,page-blocks.csv,0.35,0.0957340000000004,0.013,100,0.1847494877777778,2.005543745041201,0.0827340000000004
3218,page-blocks.csv,0.4,0.1313553333333338,0.01,100,0.1864250433333333,2.0410843323832144,0.1213553333333338
3219,page-blocks.csv,0.44,0.1258966666666677,0.029,100,0.1853173155555555,1.952040966127305,0.09689666666666771
3220,page-blocks.csv,0.49,0.0756446666666675,0.018,100,0.2029781011111111,1.7538964959776335,0.057644666666667496
3221,page-blocks.csv,0.54,0.0568009999999997,0.0,100,0.1807951733333333,1.7387804708699997,0.0568009999999997
3222,page-blocks.csv,0.6,0.0784200000000017,0.014,100,0.17679675,1.5616564994228466,0.0644200000000017
3223,page-blocks.csv,0.65,0.0857716666666638,0.0559999999999999,100,0.165828101111111,1.415213012473761,0.029771666666663907
3224,page-blocks.csv,0.7,0.0638000000000029,0.02,100,0.1509676711111111,1.4590192698237194,0.04380000000000289
3225,page-blocks.csv,0.75,0.0630959999999976,0.032,100,0.1318047822222222,1.258846906651128,0.031095999999997598
3226,page-blocks.csv,0.8,0.0390336666666699,0.0329999999999999,100,0.1215102844444444,1.1067258460641758,0.006033666666670004
3227,page-blocks.csv,0.85,0.0097076666666634,0.002,100,0.1144540211111111,0.8549773540343257,0.0077076666666634
3228,page-blocks.csv,0.9,0.0069023333333341,0.024,100,0.0682301111111111,0.7612233485213544,-0.0170976666666659
3229,page-blocks.csv,0.95,0.0148999999999999,0.023,100,0.0335857955555555,0.6116323399343334,-0.0081000000000001
3230,pageblocks.5.csv,0.05,0.0351473333333334,0.05,100,0.0263723233333333,0.4035358642914274,-0.014852666666666604
3231,pageblocks.5.csv,0.1,0.0391979999999999,0.03,100,0.0516698488888888,0.7180130690992794,0.0091979999999999
3232,pageblocks.5.csv,0.15,0.0692016666666666,0.0699999999999999,100,0.0596417988888888,0.9032502601388146,-0.0007983333333332898
3233,pageblocks.5.csv,0.2,0.0663823333333339,0.021,100,0.0751276666666666,1.06307538363014,0.0453823333333339
3234,pageblocks.5.csv,0.25,0.1188933333333338,0.0169999999999999,100,0.0733818344444444,1.3827517620354328,0.10189333333333389
3235,pageblocks.5.csv,0.3,0.1216476666666675,0.0499999999999999,100,0.0947375322222222,1.433403303527964,0.07164766666666761
3236,pageblocks.5.csv,0.35,0.1824420000000007,0.0369999999999999,100,0.0937909722222222,1.6301975583823929,0.1454420000000008
3237,pageblocks.5.csv,0.4,0.1965073333333346,0.1169999999999999,100,0.1186834166666666,1.6368751321483312,0.07950733333333469
3238,pageblocks.5.csv,0.44,0.2149869999999998,0.078,100,0.1264537011111111,1.777667290016934,0.1369869999999998
3239,pageblocks.5.csv,0.49,0.1973286666666669,0.066,100,0.1249852122222222,1.9078422487427864,0.1313286666666669
3240,pageblocks.5.csv,0.54,0.2605350000000005,0.025,100,0.1212746666666666,2.061335037057337,0.23553500000000052
3241,pageblocks.5.csv,0.6,0.2727083333333347,0.0769999999999999,100,0.1255514166666666,2.203735285625965,0.19570833333333482
3242,pageblocks.5.csv,0.65,0.2154890000000001,0.015,100,0.1292927955555555,2.394439578338053,0.20048900000000008
3243,pageblocks.5.csv,0.7,0.3443953333333346,0.0669999999999999,100,0.1169219066666666,2.3661069353631703,0.2773953333333347
3244,pageblocks.5.csv,0.75,0.2939806666666678,0.042,100,0.1234374344444444,2.4846530563657736,0.2519806666666678
3245,pageblocks.5.csv,0.8,0.2140686666666661,0.024,100,0.11357464,2.522343719318488,0.1900686666666661
3246,pageblocks.5.csv,0.85,0.1743449999999976,0.002,100,0.1005960566666667,2.650721857236808,0.1723449999999976
3247,pageblocks.5.csv,0.9,0.1818066666666659,0.01,100,0.0965201511111111,2.61219701143925,0.17180666666666589
3248,pageblocks.5.csv,0.95,0.2231056666666682,0.0269999999999999,100,0.0847396388888888,2.689052175733585,0.1961056666666683
3249,pageblocks.5.csv,0.05,0.0398326666666667,0.05,100,0.0213015677777777,0.431261751510859,-0.010167333333333306
3250,pageblocks.5.csv,0.1,0.0702546666666667,0.06,100,0.0286704711111111,0.8438898569878195,0.010254666666666704
3251,pageblocks.5.csv,0.15,0.0426733333333336,0.0979999999999999,100,0.0714316388888888,0.7016234100961538,-0.05532666666666631
3252,pageblocks.5.csv,0.2,0.0988706666666672,0.087,100,0.0644353066666666,1.1119724399958153,0.01187066666666721
3253,pageblocks.5.csv,0.25,0.1026160000000002,0.0499999999999999,100,0.0869205544444444,1.224473074303746,0.052616000000000294
3254,pageblocks.5.csv,0.3,0.1346186666666674,0.0129999999999999,100,0.0995784566666667,1.4839126369010418,0.12161866666666751
3255,pageblocks.5.csv,0.35,0.1305843333333346,0.0079999999999999,100,0.1162667155555555,1.6042961517433585,0.12258433333333471
3256,pageblocks.5.csv,0.4,0.1947566666666678,0.084,100,0.1112467777777777,1.7302963947792422,0.1107566666666678
3257,pageblocks.5.csv,0.44,0.2119663333333333,0.029,100,0.1187640655555555,1.8933985077848896,0.18296633333333331
3258,pageblocks.5.csv,0.49,0.267999,0.0379999999999999,100,0.1197192222222222,1.9569362650345044,0.2299990000000001
3259,pageblocks.5.csv,0.54,0.2891026666666671,0.059,100,0.1276502711111111,1.963171207859657,0.23010266666666712
3260,pageblocks.5.csv,0.6,0.2289800000000011,0.0689999999999999,100,0.1289403377777777,2.130802010815213,0.1599800000000012
3261,pageblocks.5.csv,0.65,0.2127256666666669,0.021,100,0.1355413455555555,2.3306197423486554,0.1917256666666669
3262,pageblocks.5.csv,0.7,0.2504286666666676,0.1029999999999999,100,0.1288317455555555,2.233547377636813,0.14742866666666768
3263,pageblocks.5.csv,0.75,0.2747933333333334,0.011,100,0.1129884122222222,2.496493633537357,0.2637933333333334
3264,pageblocks.5.csv,0.8,0.312151333333333,0.075,100,0.1208046433333333,2.4862362000030807,0.237151333333333
3265,pageblocks.5.csv,0.85,0.2628956666666658,0.0289999999999999,100,0.1100334933333333,2.676711045305984,0.2338956666666659
3266,pageblocks.5.csv,0.9,0.1784670000000013,0.024,100,0.0877736388888889,2.6090279777715573,0.1544670000000013
3267,pageblocks.5.csv,0.95,0.2162306666666645,0.0109999999999998,100,0.0919627733333333,2.655273801795501,0.2052306666666647
3268,pendigits.csv,0.05,0.013976,0.011,100,0.0407882433333333,0.513752651876973,0.002976000000000001
3269,pendigits.csv,0.1,0.0088313333333327,0.0129999999999999,100,0.0812944122222222,0.5697534687347772,-0.0041686666666672
3270,pendigits.csv,0.15,0.0170753333333338,0.0139999999999999,100,0.10655275,0.7698533054717431,0.0030753333333339
3271,pendigits.csv,0.2,0.0145183333333346,0.001,100,0.1304178611111111,0.8769187756783455,0.0135183333333346
3272,pendigits.csv,0.25,0.0138840000000017,0.002,100,0.1573361111111111,1.1566239485944572,0.0118840000000017
3273,pendigits.csv,0.3,0.0330929999999998,0.01,100,0.1566698611111111,1.248134649587006,0.0230929999999998
3274,pendigits.csv,0.35,0.0165766666666685,0.003,100,0.18769299,1.23776734785094,0.0135766666666685
3275,pendigits.csv,0.4,0.0109140000000017,0.0279999999999999,100,0.1976531766666666,1.4332379994133877,-0.0170859999999982
3276,pendigits.csv,0.44,0.0514183333333351,0.017,100,0.1969176566666666,1.5888740242808197,0.0344183333333351
3277,pendigits.csv,0.49,0.0339750000000002,0.013,100,0.2132915733333333,1.3952822962381752,0.020975000000000202
3278,pendigits.csv,0.54,0.068048666666666,0.008,100,0.1957331111111111,1.8154437982670688,0.060048666666665994
3279,pendigits.csv,0.6,0.0130173333333343,0.011,100,0.2106370788888889,1.4647887631087648,0.0020173333333343008
3280,pendigits.csv,0.65,0.0227619999999977,0.014,100,0.191510671111111,1.790526002555847,0.0087619999999977
3281,pendigits.csv,0.7,0.0362760000000002,0.017,100,0.1760788655555555,1.8613505798681675,0.019276000000000196
3282,pendigits.csv,0.75,0.0140610000000026,0.016,100,0.1625190877777777,1.7984586269840517,-0.0019389999999974011
3283,pendigits.csv,0.8,0.0110003333333384,0.018,100,0.13376411,1.991690223266689,-0.006999666666661599
3284,pendigits.csv,0.85,0.0122219999999967,0.01,100,0.1143906344444444,1.7554888533177853,0.0022219999999967006
3285,pendigits.csv,0.9,0.0148536666666683,0.009,100,0.0840997455555555,1.5208537730313525,0.005853666666668301
3286,pendigits.csv,0.95,0.0106346666666701,0.0050000000000001,100,0.0515520833333333,1.6649292404300884,0.0056346666666700004
3287,pendigits.csv,0.05,0.012884,0.015,100,0.0419104177777777,0.4121663264644071,-0.002116
3288,pendigits.csv,0.1,0.0050689999999996,0.016,100,0.0769154344444444,0.5437452775036647,-0.0109310000000004
3289,pendigits.csv,0.15,0.0172433333333338,0.0239999999999999,100,0.1095631511111111,0.8086061130866916,-0.006756666666666099
3290,pendigits.csv,0.2,0.0146020000000012,0.01,100,0.1307016488888888,1.174294443840166,0.004602000000001201
3291,pendigits.csv,0.25,0.0321956666666678,0.001,100,0.148021271111111,1.0436554874343942,0.0311956666666678
3292,pendigits.csv,0.3,0.0114256666666665,0.005,100,0.1764821899999999,1.323050530882058,0.006425666666666501
3293,pendigits.csv,0.35,0.0132206666666686,0.016,100,0.1882631944444444,1.4535299051377588,-0.002779333333331401
3294,pendigits.csv,0.4,0.0124256666666685,0.0,100,0.2029927066666666,1.338867146595567,0.0124256666666685
3295,pendigits.csv,0.44,0.0269840000000016,0.029,100,0.2042714877777778,1.5798509194807495,-0.002015999999998401
3296,pendigits.csv,0.49,0.0279510000000006,0.027,100,0.2145143511111111,1.46404855033199,0.0009510000000006007
3297,pendigits.csv,0.54,0.067713666666666,0.027,100,0.1981733988888888,1.7137348568599888,0.04071366666666601
3298,pendigits.csv,0.6,0.0146093333333344,0.011,100,0.20112004,1.5988726751311837,0.003609333333334401
3299,pendigits.csv,0.65,0.0128876666666638,0.007,100,0.1902596488888889,1.7435894550988336,0.005887666666663799
3300,pendigits.csv,0.7,0.037283666666667,1.1102230246251563e-16,100,0.1744419511111111,1.8915190967233,0.03728366666666689
3301,pendigits.csv,0.75,0.0169893333333354,0.016,100,0.1642728122222222,1.7602748421230654,0.0009893333333353994
3302,pendigits.csv,0.8,0.0109163333333386,0.019,100,0.1353722177777777,1.8254713256189985,-0.0080836666666614
3303,pendigits.csv,0.85,0.0359836666666689,0.01,100,0.1217914433333333,1.7090272707016532,0.025983666666668896
3304,pendigits.csv,0.9,0.0248950000000026,0.009,100,0.0831015555555555,1.819732524296032,0.0158950000000026
3305,pendigits.csv,0.95,0.0301289999999986,0.0060000000000001,100,0.0542646711111111,1.7394733740591826,0.024128999999998502
3306,phoneme.csv,0.05,0.009964,0.038,100,0.0442562399999999,1.811232724103796,-0.028036
3307,phoneme.csv,0.1,0.0775196666666656,0.064,100,0.0791301011111111,2.214089258786004,0.013519666666665597
3308,phoneme.csv,0.15,0.0291253333333336,0.076,100,0.0685546844444444,1.9966545661680224,-0.0468746666666664
3309,phoneme.csv,0.2,0.0744263333333337,0.096,100,0.0711215233333333,2.090043179337466,-0.021573666666666297
3310,phoneme.csv,0.25,0.0148423333333342,0.0509999999999999,100,0.1121282844444444,2.3163974598687425,-0.0361576666666657
3311,phoneme.csv,0.3,0.0682603333333346,0.004,100,0.1096099599999999,2.23930223680372,0.0642603333333346
3312,phoneme.csv,0.35,0.1220509999999999,0.01,100,0.1085125277777777,2.404520487638909,0.1120509999999999
3313,phoneme.csv,0.4,0.0551136666666677,0.003,100,0.1294106433333333,2.352409840211905,0.052113666666667696
3314,phoneme.csv,0.44,0.0777746666666679,0.065,100,0.1205796566666666,2.602005325210412,0.012774666666667892
3315,phoneme.csv,0.49,0.0937673333333347,0.0229999999999999,100,0.1285221544444444,2.578135649949433,0.0707673333333348
3316,phoneme.csv,0.54,0.0710900000000009,0.0499999999999999,100,0.1269217455555555,2.7044466027844103,0.021090000000001004
3317,phoneme.csv,0.6,0.1239506666666661,0.006,100,0.1252781066666666,2.6869587307861185,0.11795066666666609
3318,phoneme.csv,0.65,0.1702729999999996,0.037,100,0.1172706044444444,2.648873879303344,0.1332729999999996
3319,phoneme.csv,0.7,0.0916166666666651,0.008,100,0.1168743333333333,2.7375501765778774,0.08361666666666509
3320,phoneme.csv,0.75,0.0280436666666673,0.038,100,0.1008689288888888,2.74385343483777,-0.0099563333333327
3321,phoneme.csv,0.8,0.0682456666666685,0.029,100,0.0973889988888888,2.7478314963109782,0.0392456666666685
3322,phoneme.csv,0.85,0.0418443333333359,0.066,100,0.0776737733333333,2.67402440850581,-0.024155666666664105
3323,phoneme.csv,0.9,0.1007100000000037,0.011,100,0.0824631111111111,2.6749793291162285,0.0897100000000037
3324,phoneme.csv,0.95,0.0292839999999998,0.0080000000000001,100,0.0611636933333333,2.7153647562757963,0.0212839999999997
3325,phoneme.csv,0.05,0.0102996666666666,0.0259999999999999,100,0.0496996177777777,1.9913958245524317,-0.015700333333333302
3326,phoneme.csv,0.1,0.0584349999999995,0.012,100,0.080443,1.839314781256109,0.046434999999999504
3327,phoneme.csv,0.15,0.0010410000000004,0.072,100,0.0750760833333333,2.090735132178601,-0.07095899999999959
3328,phoneme.csv,0.2,0.016205000000001,0.0099999999999999,100,0.0925698844444444,2.0321221822447058,0.0062050000000011
3329,phoneme.csv,0.25,0.0686333333333342,0.059,100,0.1056358344444444,2.0489329776393976,0.009633333333334201
3330,phoneme.csv,0.3,0.0619210000000008,0.008,100,0.0933889511111111,2.467553307209927,0.0539210000000008
3331,phoneme.csv,0.35,0.1014483333333335,0.033,100,0.1150002711111111,2.3921861152275934,0.0684483333333335
3332,phoneme.csv,0.4,0.1644316666666666,0.0,100,0.1073517988888889,2.6048792821139632,0.1644316666666666
3333,phoneme.csv,0.44,0.1141300000000007,0.029,100,0.1188881544444444,2.5923394952176104,0.0851300000000007
3334,phoneme.csv,0.49,0.0653656666666663,0.0169999999999999,100,0.1275345988888888,2.559758637150585,0.04836566666666639
3335,phoneme.csv,0.54,0.1280383333333343,0.014,100,0.1213888044444444,2.585109560320235,0.11403833333333431
3336,phoneme.csv,0.6,0.1209369999999994,0.027,100,0.1271593899999999,2.642963633261055,0.09393699999999941
3337,phoneme.csv,0.65,0.1268933333333325,0.027,100,0.1142193155555555,2.676925963773645,0.0998933333333325
3338,phoneme.csv,0.7,0.1101279999999985,0.018,100,0.1069999733333333,2.7033772670888574,0.0921279999999985
3339,phoneme.csv,0.75,0.0436856666666619,0.042,100,0.1156425555555555,2.547644421875,0.0016856666666618947
3340,phoneme.csv,0.8,0.0472429999999997,0.032,100,0.0981072711111111,2.7611957259708797,0.015242999999999701
3341,phoneme.csv,0.85,0.1474576666666627,0.0529999999999999,100,0.1040631322222222,2.740225245110805,0.0944576666666628
3342,phoneme.csv,0.9,0.0673143333333329,0.012,100,0.0723274166666666,2.6844426186235677,0.05531433333333291
3343,phoneme.csv,0.95,0.0588260000000013,0.0089999999999998,100,0.0633880399999999,2.5894440433881005,0.0498260000000015
3344,php50jXam.csv,0.05,0.010216,0.009,100,0.0460932399999999,1.075821295301778,0.001216
3345,php50jXam.csv,0.1,0.0263379999999995,0.02,100,0.0727736388888889,0.9656491939400634,0.0063379999999995
3346,php50jXam.csv,0.15,0.0031413333333338,0.018,100,0.1157849155555555,1.13401217062034,-0.0148586666666662
3347,php50jXam.csv,0.2,0.0139326666666679,0.0169999999999999,100,0.1416077011111111,1.2602592969854676,-0.003067333333332001
3348,php50jXam.csv,0.25,0.0138000000000017,0.015,100,0.1718928888888889,1.0475146081415003,-0.0011999999999982996
3349,php50jXam.csv,0.3,0.011751999999999,0.042,100,0.1906357511111111,1.3615908740414704,-0.030248000000001003
3350,php50jXam.csv,0.35,0.0009173333333339,0.032,100,0.2044034788888889,1.3489526085094332,-0.0310826666666661
3351,php50jXam.csv,0.4,0.0061276666666685,0.0439999999999999,100,0.2221573544444444,1.2208490425256708,-0.0378723333333314
3352,php50jXam.csv,0.44,0.0030509999999988,0.0409999999999999,100,0.2142055377777777,1.5296792846536873,-0.0379490000000011
3353,php50jXam.csv,0.49,0.0026000000000014,0.055,100,0.2182118622222222,1.5203976971024282,-0.0523999999999986
3354,php50jXam.csv,0.54,0.0014633333333325,0.0589999999999999,100,0.2257482344444444,1.2684678007456405,-0.0575366666666674
3355,php50jXam.csv,0.6,0.0073883333333344,0.077,100,0.2148541455555555,1.2585266865153075,-0.0696116666666656
3356,php50jXam.csv,0.65,0.014309999999997,0.031,100,0.2091393988888888,1.2422982278759676,-0.016690000000003
3357,php50jXam.csv,0.7,0.0109143333333302,0.051,100,0.1873675677777777,1.14653843082256,-0.040085666666669795
3358,php50jXam.csv,0.75,0.0116346666666702,0.017,100,0.1807783322222221,1.0136619520437349,-0.005365333333329801
3359,php50jXam.csv,0.8,0.0105816666666718,0.026,100,0.1519175766666666,1.126002818413619,-0.0154183333333282
3360,php50jXam.csv,0.85,0.0109663333333299,0.021,100,0.1205193333333333,1.076230920965111,-0.010033666666670101
3361,php50jXam.csv,0.9,0.0253953333333362,0.017,100,0.0952538888888888,0.9983047604381492,0.0083953333333362
3362,php50jXam.csv,0.95,0.0103000000000034,0.022,100,0.0486145511111111,0.8340861281047526,-0.011699999999996599
3363,php50jXam.csv,0.05,0.0103,0.001,100,0.04746584,0.8126963085156216,0.0093
3364,php50jXam.csv,0.1,0.0089149999999994,0.0049999999999999,100,0.0811274877777777,1.009235169469056,0.0039149999999995005
3365,php50jXam.csv,0.15,0.0138903333333338,0.0,100,0.1140496488888889,1.019747957655378,0.0138903333333338
3366,php50jXam.csv,0.2,0.0130123333333346,0.0189999999999999,100,0.1364616044444444,1.4688663397992394,-0.0059876666666652985
3367,php50jXam.csv,0.25,0.013214333333335,0.036,100,0.1635800655555555,1.490572576898023,-0.022785666666664997
3368,php50jXam.csv,0.3,0.0111656666666657,0.038,100,0.1945460488888888,1.1811723069733768,-0.0268343333333343
3369,php50jXam.csv,0.35,0.0102940000000011,0.043,100,0.1990541011111111,1.3897003010281148,-0.032705999999998896
3370,php50jXam.csv,0.4,0.0123426666666685,0.0239999999999999,100,0.2229057777777777,1.0667171437868883,-0.0116573333333314
3371,php50jXam.csv,0.44,0.0022143333333322,0.029,100,0.2179212655555555,1.4383700802970778,-0.0267856666666678
3372,php50jXam.csv,0.49,0.0136440000000013,0.046,100,0.2214591822222222,1.4393426950246746,-0.0323559999999987
3373,php50jXam.csv,0.54,0.000377333333334,0.0519999999999999,100,0.21958619,1.4134643889598937,-0.0516226666666659
3374,php50jXam.csv,0.6,0.0087320000000016,0.072,100,0.2179376844444445,1.2280528030111888,-0.0632679999999984
3375,php50jXam.csv,0.65,0.0173219999999972,0.047,100,0.2084333066666666,1.2975451436902792,-0.0296780000000028
3376,php50jXam.csv,0.7,0.0096723333333301,0.053,100,0.1922018433333333,1.078081800556305,-0.0433276666666699
3377,php50jXam.csv,0.75,0.0087800000000015,0.051,100,0.1674383055555555,1.2683112139224637,-0.042219999999998495
3378,php50jXam.csv,0.8,0.0001276666666628,0.0329999999999999,100,0.1498718888888889,1.0361781717681762,-0.0328723333333371
3379,php50jXam.csv,0.85,0.01004333333333,0.017,100,0.1233090344444444,1.0006525326078828,-0.006956666666670001
3380,php50jXam.csv,0.9,0.0046446666666671,0.02,100,0.0817406844444444,1.0038378854713566,-0.0153553333333329
3381,php50jXam.csv,0.95,0.0103000000000034,0.023,100,0.0453790433333333,0.7460931433690005,-0.0126999999999966
3382,phpGUrE90.csv,0.05,0.0346469999999999,0.05,100,0.0548905544444444,2.1150390507446835,-0.015353000000000103
3383,phpGUrE90.csv,0.1,0.0704946666666659,0.0759999999999999,100,0.0836943677777777,2.4731622692922506,-0.0055053333333340004
3384,phpGUrE90.csv,0.15,0.0108656666666663,0.0399999999999999,100,0.0767603677777777,2.3770984894550145,-0.029134333333333595
3385,phpGUrE90.csv,0.2,0.0139386666666676,0.052,100,0.0857816266666666,2.4071787872047947,-0.0380613333333324
3386,phpGUrE90.csv,0.25,0.0137163333333351,0.0179999999999999,100,0.1010852622222222,2.509664362455597,-0.004283666666664802
3387,phpGUrE90.csv,0.3,0.0696766666666681,0.0379999999999999,100,0.0978727733333333,2.589527698657352,0.03167666666666819
3388,phpGUrE90.csv,0.35,0.0392390000000008,0.01,100,0.1112381988888888,2.6612251349958846,0.0292390000000008
3389,phpGUrE90.csv,0.4,0.1004646666666669,0.004,100,0.0986565455555555,2.7292686536094184,0.09646466666666689
3390,phpGUrE90.csv,0.44,0.0787853333333332,0.0429999999999999,100,0.1022722622222222,2.834958740759675,0.035785333333333294
3391,phpGUrE90.csv,0.49,0.0946053333333347,0.0409999999999999,100,0.1224129899999999,2.630893469603518,0.05360533333333481
3392,phpGUrE90.csv,0.54,0.1111756666666661,0.029,100,0.1241250788888888,2.6749314321183544,0.0821756666666661
3393,phpGUrE90.csv,0.6,0.1382020000000008,0.0519999999999999,100,0.1313017155555555,2.631717257959361,0.08620200000000089
3394,phpGUrE90.csv,0.65,0.1100409999999991,0.014,100,0.1217662844444444,2.745395778073884,0.0960409999999991
3395,phpGUrE90.csv,0.7,0.1034463333333334,0.028,100,0.1215803766666666,2.685714058873325,0.0754463333333334
3396,phpGUrE90.csv,0.75,0.1334919999999987,0.006,100,0.1058622877777777,2.786264888387203,0.1274919999999987
3397,phpGUrE90.csv,0.8,0.1424579999999988,0.019,100,0.1028065377777777,2.752392325610025,0.1234579999999988
3398,phpGUrE90.csv,0.85,0.1137263333333359,0.005,100,0.0993057288888888,2.65628453553971,0.1087263333333359
3399,phpGUrE90.csv,0.9,0.1079176666666695,0.0,100,0.0792042844444444,2.5494715806909505,0.1079176666666695
3400,phpGUrE90.csv,0.95,0.1403346666666693,0.0169999999999999,100,0.0803860211111111,2.6196681673148565,0.1233346666666694
3401,phpGUrE90.csv,0.05,0.0105506666666666,0.033,100,0.0503941155555555,2.3801048990959446,-0.0224493333333334
3402,phpGUrE90.csv,0.1,0.0595989999999995,0.0049999999999999,100,0.0740093333333333,2.4270502372165943,0.0545989999999996
3403,phpGUrE90.csv,0.15,0.010453333333333,0.0419999999999999,100,0.0858974166666666,2.370893097072681,-0.031546666666666896
3404,phpGUrE90.csv,0.2,0.0119293333333344,0.0289999999999999,100,0.0877864122222222,2.5263743399304097,-0.0170706666666655
3405,phpGUrE90.csv,0.25,0.0136326666666684,0.027,100,0.1063469455555555,2.492552865832505,-0.0133673333333316
3406,phpGUrE90.csv,0.3,0.0434723333333335,0.033,100,0.1059064488888889,2.4631179177134026,0.0104723333333335
3407,phpGUrE90.csv,0.35,0.1039283333333346,0.0489999999999999,100,0.1018741822222222,2.614035323702812,0.054928333333334696
3408,phpGUrE90.csv,0.4,0.0562820000000008,0.025,100,0.1090694166666666,2.6803897169668227,0.031282000000000795
3409,phpGUrE90.csv,0.44,0.0468700000000013,0.025,100,0.1294538344444444,2.596166442354911,0.021870000000001298
3410,phpGUrE90.csv,0.49,0.1436900000000007,0.0529999999999999,100,0.1145827155555555,2.635855240838203,0.0906900000000008
3411,phpGUrE90.csv,0.54,0.1218846666666675,0.007,100,0.1125984622222222,2.788810623479156,0.1148846666666675
3412,phpGUrE90.csv,0.6,0.1281359999999995,0.062,100,0.1087487499999999,2.7908047565240373,0.0661359999999995
3413,phpGUrE90.csv,0.65,0.1231766666666658,0.03,100,0.1237050266666666,2.734931788055213,0.0931766666666658
3414,phpGUrE90.csv,0.7,0.1366143333333322,0.0149999999999999,100,0.1158962933333333,2.73811972374152,0.1216143333333323
3415,phpGUrE90.csv,0.75,0.1606563333333333,0.0569999999999999,100,0.1129004444444444,2.8106308342732453,0.10365633333333339
3416,phpGUrE90.csv,0.8,0.0853959999999955,0.0389999999999999,100,0.0976809988888888,2.751458776962374,0.0463959999999956
3417,phpGUrE90.csv,0.85,0.1349776666666622,0.011,100,0.1035427511111111,2.638620362285077,0.1239776666666622
3418,phpGUrE90.csv,0.9,0.1500043333333338,0.033,100,0.0884683055555555,2.7692651271107818,0.1170043333333338
3419,phpGUrE90.csv,0.95,0.152801000000004,0.0219999999999999,100,0.0836582622222222,2.452591751997446,0.13080100000000408
3420,phpMD2hR6.csv,0.05,0.0103,0.008,100,0.0463829455555555,0.4396037791980476,0.0023
3421,phpMD2hR6.csv,0.1,0.009751666666666,0.0079999999999999,100,0.0900552266666666,0.6790980136966005,0.0017516666666660997
3422,phpMD2hR6.csv,0.15,0.0073393333333338,0.011,100,0.1240738711111111,0.7561124691916039,-0.0036606666666661996
3423,phpMD2hR6.csv,0.2,0.0008806666666678,0.0119999999999999,100,0.1527532711111111,0.8807330192676198,-0.0111193333333321
3424,phpMD2hR6.csv,0.25,0.0116346666666669,0.029,100,0.1827836388888888,0.965964381998335,-0.0173653333333331
3425,phpMD2hR6.csv,0.3,0.0107473333333324,0.024,100,0.2032631677777777,0.9716582054148386,-0.013252666666667601
3426,phpMD2hR6.csv,0.35,0.0043486666666678,0.009,100,0.2114710844444444,0.9607757527448216,-0.004651333333332199
3427,phpMD2hR6.csv,0.4,0.0069673333333351,0.0249999999999999,100,0.2258277988888889,1.0331805341291456,-0.018032666666664803
3428,phpMD2hR6.csv,0.44,0.0023816666666655,0.037,100,0.2277260655555555,1.238385815421879,-0.0346183333333345
3429,phpMD2hR6.csv,0.49,0.0236883333333342,0.039,100,0.2361799322222222,1.049644324147007,-0.0153116666666658
3430,phpMD2hR6.csv,0.54,0.0217123333333345,0.036,100,0.2361983155555554,1.0179796899339693,-0.014287666666665498
3431,phpMD2hR6.csv,0.6,0.0104956666666684,0.033,100,0.2233980566666666,1.0736430490130289,-0.0225043333333316
3432,phpMD2hR6.csv,0.65,0.011125333333333,0.044,100,0.2088924655555555,1.081382921902863,-0.032874666666666996
3433,phpMD2hR6.csv,0.7,0.0093239999999968,0.025,100,0.2012757822222222,0.8931178498112595,-0.0156760000000032
3434,phpMD2hR6.csv,0.75,0.0116346666666702,0.018,100,0.1836053288888889,0.8843646780022203,-0.006365333333329799
3435,phpMD2hR6.csv,0.8,0.0129286666666641,0.026,100,0.1479605277777778,1.0027354809900313,-0.013071333333335898
3436,phpMD2hR6.csv,0.85,0.0148123333333298,0.027,100,0.1166694444444444,0.9201804201035282,-0.0121876666666702
3437,phpMD2hR6.csv,0.9,0.004644666666667,0.012,100,0.0886740833333333,0.6670670547228486,-0.0073553333333330004
3438,phpMD2hR6.csv,0.95,0.0103000000000034,0.013,100,0.0446727677777777,0.3344008829350083,-0.0026999999999965992
3439,phpMD2hR6.csv,0.05,0.0204236666666667,0.0069999999999999,100,0.0554100566666666,0.6679728267476794,0.0134236666666668
3440,phpMD2hR6.csv,0.1,0.0095843333333327,0.0079999999999999,100,0.0884665988888888,0.7470888790195532,0.0015843333333328009
3441,phpMD2hR6.csv,0.15,0.009876,0.019,100,0.1280280655555555,0.8784280839237384,-0.009124
3442,phpMD2hR6.csv,0.2,0.0109163333333322,0.0179999999999999,100,0.1565905277777778,0.9249383434407396,-0.007083666666667701
3443,phpMD2hR6.csv,0.25,0.0115510000000002,0.03,100,0.1853896211111111,0.7739485170940796,-0.0184489999999998
3444,phpMD2hR6.csv,0.3,0.0112493333333324,0.026,100,0.2019625511111111,0.9310753105052658,-0.014750666666667599
3445,phpMD2hR6.csv,0.35,0.0050180000000012,0.014,100,0.2135681455555555,0.9885016399645584,-0.0089819999999988
3446,phpMD2hR6.csv,0.4,0.0124263333333351,0.0169999999999999,100,0.2192185455555556,1.129039225383079,-0.0045736666666648
3447,phpMD2hR6.csv,0.44,0.0146810000000002,0.022,100,0.2276904211111111,1.1047697875148377,-0.007318999999999798
3448,phpMD2hR6.csv,0.49,0.0026000000000014,0.029,100,0.2346076566666666,1.0703127673446151,-0.0263999999999986
3449,phpMD2hR6.csv,0.54,0.0151026666666675,0.024,100,0.2334474933333333,1.0635116223567065,-0.0088973333333325
3450,phpMD2hR6.csv,0.6,0.0095720000000016,0.027,100,0.2236811322222222,1.1172060294392774,-0.0174279999999984
3451,phpMD2hR6.csv,0.65,0.0142263333333304,0.002,100,0.2176585899999999,0.9669900661692477,0.0122263333333304
3452,phpMD2hR6.csv,0.7,0.000879666666663,0.036,100,0.1972685822222221,0.903349423284246,-0.035120333333337
3453,phpMD2hR6.csv,0.75,0.0135490000000028,0.023,100,0.178154111111111,0.8048069106538204,-0.0094509999999972
3454,phpMD2hR6.csv,0.8,0.0130959999999974,0.026,100,0.1524558788888889,0.7992082102418361,-0.0129040000000026
3455,phpMD2hR6.csv,0.85,0.0108823333333299,0.014,100,0.1289110788888889,0.823606331431133,-0.003117666666670101
3456,phpMD2hR6.csv,0.9,0.0091636666666677,0.02,100,0.0877831288888889,0.9835179263964676,-0.010836333333332301
3457,phpMD2hR6.csv,0.95,0.0103000000000034,0.015,100,0.0470928844444444,0.6807888866859739,-0.004699999999996599
3458,phpWfYmlu.csv,0.05,0.0336429999999999,0.043,100,0.0569553377777777,2.0388672641766656,-0.009357000000000094
3459,phpWfYmlu.csv,0.1,0.0100820000000001,0.1,100,0.0611234266666666,2.147882481100873,-0.0899179999999999
3460,phpWfYmlu.csv,0.15,0.0139599999999994,0.0319999999999999,100,0.085701,2.051760401614987,-0.018040000000000497
3461,phpWfYmlu.csv,0.2,0.013209333333332,0.006,100,0.1023783233333333,2.244197925116513,0.007209333333331999
3462,phpWfYmlu.csv,0.25,0.0703329999999989,0.0189999999999999,100,0.1245740488888889,2.245664601470352,0.051332999999999
3463,phpWfYmlu.csv,0.3,0.0824679999999988,0.0539999999999999,100,0.1323993066666667,2.467528175045481,0.028467999999998904
3464,phpWfYmlu.csv,0.35,0.0551283333333317,0.021,100,0.1349039233333333,2.482479474053308,0.03412833333333169
3465,phpWfYmlu.csv,0.4,0.030167666666667,0.0369999999999999,100,0.1480548211111111,2.3686767008654037,-0.006832333333332902
3466,phpWfYmlu.csv,0.44,0.0115806666666659,0.024,100,0.1329853733333333,2.5067704853818107,-0.012419333333334101
3467,phpWfYmlu.csv,0.49,0.0097649999999995,0.038,100,0.1546812566666666,2.343419430225869,-0.0282350000000005
3468,phpWfYmlu.csv,0.54,0.0608466666666676,0.0749999999999999,100,0.1401031733333333,2.457402184233057,-0.014153333333332303
3469,phpWfYmlu.csv,0.6,0.0381876666666679,0.04,100,0.1371600044444444,2.3898559462615694,-0.0018123333333321043
3470,phpWfYmlu.csv,0.65,0.0066903333333332,0.024,100,0.13350619,2.4771564179690424,-0.0173096666666668
3471,phpWfYmlu.csv,0.7,0.0479033333333321,0.08,100,0.1083284211111111,2.3879356322860725,-0.032096666666667904
3472,phpWfYmlu.csv,0.75,0.0399989999999955,0.039,100,0.1038445544444444,2.423441107507519,0.0009989999999955035
3473,phpWfYmlu.csv,0.8,0.0114226666666641,0.015,100,0.0979915677777777,2.303858226591541,-0.003577333333335899
3474,phpWfYmlu.csv,0.85,0.017634999999999,0.075,100,0.0719858433333333,2.087844671289019,-0.057365000000001
3475,phpWfYmlu.csv,0.9,0.018200666666668,0.04,100,0.0590212488888888,2.1633942075631047,-0.021799333333332
3476,phpWfYmlu.csv,0.95,0.038996000000004,0.04,100,0.0235328888888888,1.987464670499611,-0.0010039999999960011
3477,phpWfYmlu.csv,0.05,0.0102976666666666,0.038,100,0.0521368844444444,2.098963681876962,-0.027702333333333398
3478,phpWfYmlu.csv,0.1,0.0661356666666659,0.017,100,0.0896503322222222,1.8471420390234023,0.0491356666666659
3479,phpWfYmlu.csv,0.15,0.0331259999999989,0.0169999999999999,100,0.0894515766666666,2.234941020709833,0.016125999999999
3480,phpWfYmlu.csv,0.2,0.0101936666666653,0.006,100,0.1051849455555555,2.175747294545974,0.0041936666666653
3481,phpWfYmlu.csv,0.25,0.0044300000000014,0.0219999999999999,100,0.1250345277777778,2.12812766724952,-0.017569999999998503
3482,phpWfYmlu.csv,0.3,0.0337499999999989,0.0169999999999999,100,0.1120998611111111,2.566448108696995,0.016749999999999
3483,phpWfYmlu.csv,0.35,0.0266916666666658,0.02,100,0.1311733899999999,2.40222114139081,0.006691666666665801
3484,phpWfYmlu.csv,0.4,0.0303350000000005,0.016,100,0.1506512211111111,2.3157393679015352,0.0143350000000005
3485,phpWfYmlu.csv,0.44,0.0080746666666663,0.0569999999999999,100,0.1482,2.2381898384234145,-0.0489253333333336
3486,phpWfYmlu.csv,0.49,0.0105219999999998,0.056,100,0.1493518266666667,2.4097709935799285,-0.0454780000000002
3487,phpWfYmlu.csv,0.54,0.0866430000000016,0.1129999999999999,100,0.1181734166666666,2.617961676611216,-0.026356999999998312
3488,phpWfYmlu.csv,0.6,0.0012730000000018,0.04,100,0.1442418344444444,2.3297310047573143,-0.0387269999999982
3489,phpWfYmlu.csv,0.65,0.0102066666666663,0.0569999999999999,100,0.1384038877777778,2.291748245513556,-0.046793333333333596
3490,phpWfYmlu.csv,0.7,0.0212123333333349,0.063,100,0.1314737899999999,2.21010837697911,-0.0417876666666651
3491,phpWfYmlu.csv,0.75,0.0140516666666694,0.029,100,0.1159686177777777,2.199220267585643,-0.014948333333330602
3492,phpWfYmlu.csv,0.8,0.0376943333333364,0.0799999999999999,100,0.0901115288888888,2.137101701793532,-0.04230566666666351
3493,phpWfYmlu.csv,0.85,0.0050803333333325,0.033,100,0.0783857733333333,2.241204798446358,-0.0279196666666675
3494,phpWfYmlu.csv,0.9,0.0330963333333321,0.048,100,0.0536786788888888,2.016891825027971,-0.014903666666667904
3495,phpWfYmlu.csv,0.95,0.0138033333333333,0.0050000000000001,100,0.0421811377777777,2.222602023144272,0.0088033333333332
3496,phphQEck0.csv,0.05,0.0103,0.05,100,0.0473345155555555,0.2540011950595945,-0.0397
3497,phphQEck0.csv,0.1,0.0057343333333327,0.091,100,0.0896674735416666,0.4348552799733137,-0.0852656666666673
3498,phphQEck0.csv,0.15,0.0160670000000005,0.124,100,0.1272715822222222,0.4227090878341354,-0.1079329999999995
3499,phphQEck0.csv,0.2,0.0142673333333346,0.148,100,0.1595013333333333,0.5004024235662434,-0.1337326666666654
3500,phphQEck0.csv,0.25,0.0138000000000017,0.164,100,0.1870615733333333,0.6154430608265378,-0.1501999999999983
3501,phphQEck0.csv,0.3,0.0106636666666658,0.178,100,0.20794864,0.7155457319948183,-0.1673363333333342
3502,phphQEck0.csv,0.35,0.0020893333333341,0.189,100,0.2242769288888888,0.8202069386859975,-0.1869106666666659
3503,phphQEck0.csv,0.4,0.0081433333333352,0.1899999999999999,100,0.2375936388888889,0.7745614582506541,-0.1818566666666647
3504,phphQEck0.csv,0.44,0.0025489999999988,0.187,100,0.2448189066666665,0.6859298002802212,-0.1844510000000012
3505,phphQEck0.csv,0.49,0.0027673333333347,0.178,100,0.2473974444444444,0.7417626280893392,-0.1752326666666653
3506,phphQEck0.csv,0.54,0.0187003333333343,0.1799999999999999,100,0.2446402222222222,0.8199398075089326,-0.16129966666666562
3507,phphQEck0.csv,0.6,0.0090673333333349,0.161,100,0.2384630883527021,0.7238713124646035,-0.1519326666666651
3508,phphQEck0.csv,0.65,0.0005879999999983,0.15,100,0.2252290163742971,0.6928558822129276,-0.14941200000000168
3509,phphQEck0.csv,0.7,0.0108306666666635,0.133,100,0.20908899,0.6108643020828245,-0.1221693333333365
3510,phphQEck0.csv,0.75,0.0135490000000028,0.118,100,0.1848447066666667,0.6043211815789455,-0.1044509999999972
3511,phphQEck0.csv,0.8,0.0135979999999975,0.0949999999999999,100,0.1597594877777777,0.500402423566243,-0.0814020000000024
3512,phphQEck0.csv,0.85,0.0164029999999966,0.074,100,0.12749011,0.4227090878341349,-0.057597000000003395
3513,phphQEck0.csv,0.9,0.003808,0.051,100,0.0896463055555555,0.3250829734197074,-0.047192
3514,phphQEck0.csv,0.95,0.0103000000000034,0.029,100,0.0458228266666666,0.2235353645498347,-0.0186999999999966
3515,phphQEck0.csv,0.05,0.0103,0.051,100,0.0473761865930134,0.3868577708014842,-0.0407
3516,phphQEck0.csv,0.1,0.0056506666666661,0.092,100,0.0896678877777777,0.3800253076539363,-0.0863493333333339
3517,phphQEck0.csv,0.15,0.0160670000000005,0.124,100,0.1272267322222222,0.4227090878341354,-0.1079329999999995
3518,phphQEck0.csv,0.2,0.0142673333333346,0.148,100,0.1591983511111111,0.5004024235662434,-0.1337326666666654
3519,phphQEck0.csv,0.25,0.0138000000000017,0.166,100,0.1865209822222222,0.6154430608265378,-0.1521999999999983
3520,phphQEck0.csv,0.3,0.0107473333333324,0.182,100,0.2081655555555556,0.8057758981644565,-0.1712526666666676
3521,phphQEck0.csv,0.35,0.0026753333333342,0.181,100,0.2260073711555556,0.692855882212928,-0.1783246666666658
3522,phphQEck0.csv,0.4,0.0078073333333351,0.1869999999999999,100,0.2366638611111111,0.7706340521182196,-0.17919266666666478
3523,phphQEck0.csv,0.44,0.0025489999999988,0.187,100,0.2458175322222222,0.6859298002802212,-0.1844510000000012
3524,phphQEck0.csv,0.49,0.003353666666668,0.183,100,0.2491554166666666,0.6929471672523186,-0.179646333333332
3525,phphQEck0.csv,0.54,0.0158556666666676,0.1699999999999999,100,0.2473495288888889,0.7754854663559407,-0.1541443333333323
3526,phphQEck0.csv,0.6,0.009235333333335,0.163,100,0.2377749822222222,0.7662807079838737,-0.153764666666665
3527,phphQEck0.csv,0.65,0.0008393333333316,0.149,100,0.2268732566666666,0.6474466390625229,-0.14816066666666838
3528,phphQEck0.csv,0.7,0.0108306666666635,0.135,100,0.2075936622222223,0.6547077258840002,-0.1241693333333365
3529,phphQEck0.csv,0.75,0.0134653333333361,0.1119999999999999,100,0.1850725955555555,0.7212516241032564,-0.0985346666666638
3530,phphQEck0.csv,0.8,0.0135979999999975,0.0949999999999999,100,0.1596467511111111,0.500402423566243,-0.0814020000000024
3531,phphQEck0.csv,0.85,0.0164029999999966,0.074,100,0.1272659822222222,0.4227090878341349,-0.057597000000003395
3532,phphQEck0.csv,0.9,0.003808,0.051,100,0.0890722266666666,0.3250829734197074,-0.047192
3533,phphQEck0.csv,0.95,0.0103000000000034,0.026,100,0.0474368266666666,0.3093807617594639,-0.0156999999999966
3534,phplE7q6h.csv,0.05,0.0206630000000001,0.0579999999999999,100,0.0465181099999999,2.763146930239666,-0.0373369999999998
3535,phplE7q6h.csv,0.1,0.0225569999999999,0.0139999999999999,100,0.0605422711111111,2.639362692796948,0.008557
3536,phplE7q6h.csv,0.15,0.0966893333333334,0.0689999999999999,100,0.0544521111111111,2.727753816204236,0.02768933333333351
3537,phplE7q6h.csv,0.2,0.0523459999999985,0.022,100,0.0780642177777777,2.8010885516451625,0.0303459999999985
3538,phplE7q6h.csv,0.25,0.0016683333333326,0.001,100,0.0796003955555555,2.8883528908329104,0.0006683333333325999
3539,phplE7q6h.csv,0.3,0.0005696666666665,0.031,100,0.0818162622222222,2.8861903103641966,-0.0304303333333335
3540,phplE7q6h.csv,0.35,0.0064430000000004,0.0239999999999999,100,0.0912576044444444,2.877428295923504,-0.0175569999999995
3541,phplE7q6h.csv,0.4,0.0530393333333342,0.078,100,0.0842033955555555,2.8914858845180134,-0.0249606666666658
3542,phplE7q6h.csv,0.44,0.061099666666667,0.025,100,0.0938271111111111,2.903431816399777,0.036099666666667
3543,phplE7q6h.csv,0.49,0.1052166666666675,0.033,100,0.0912760711111111,2.8728701537181247,0.0722166666666675
3544,phplE7q6h.csv,0.54,0.0464859999999992,0.011,100,0.1006259733333333,2.8741329901567143,0.0354859999999992
3545,phplE7q6h.csv,0.6,0.0268220000000021,0.005,100,0.1004242266666666,2.8347391349955484,0.0218220000000021
3546,phplE7q6h.csv,0.65,0.0286633333333342,0.014,100,0.0848876655555555,2.815685409300436,0.0146633333333342
3547,phplE7q6h.csv,0.7,0.0760689999999985,0.0029999999999998,100,0.0806025455555555,2.8163944248631827,0.0730689999999987
3548,phplE7q6h.csv,0.75,0.0470193333333305,0.023,100,0.0756713455555555,2.735261012065079,0.0240193333333305
3549,phplE7q6h.csv,0.8,0.0926806666666651,0.0419999999999999,100,0.0650523055555555,2.672191052044316,0.05068066666666521
3550,phplE7q6h.csv,0.85,0.0947396666666647,0.034,100,0.0525618622222222,2.622082748751336,0.06073966666666469
3551,phplE7q6h.csv,0.9,0.020378000000001,0.006,100,0.0564488888888888,2.598133262351988,0.014378000000001
3552,phplE7q6h.csv,0.95,0.0324700000000028,0.04,100,0.0278024933333333,2.470861691601168,-0.007529999999997199
3553,phplE7q6h.csv,0.05,0.0324686666666667,0.01,100,0.0419342433333333,2.65027064167277,0.0224686666666667
3554,phplE7q6h.csv,0.1,0.0445680000000001,0.025,100,0.0496790177777777,2.61648270701918,0.0195680000000001
3555,phplE7q6h.csv,0.15,0.0148003333333338,0.062,100,0.0687840833333333,2.639503704054532,-0.047199666666666196
3556,phplE7q6h.csv,0.2,0.0235166666666652,0.0,100,0.0811971733333333,2.787977397535002,0.0235166666666652
3557,phplE7q6h.csv,0.25,0.0689613333333333,0.007,100,0.0784491944444444,2.8460049286113414,0.061961333333333306
3558,phplE7q6h.csv,0.3,0.0785919999999997,0.0209999999999999,100,0.0845257822222222,2.853987249110822,0.0575919999999998
3559,phplE7q6h.csv,0.35,0.0128886666666658,0.008,100,0.0776879377777777,2.9223375875670543,0.0048886666666658005
3560,phplE7q6h.csv,0.4,0.0652253333333318,0.009,100,0.0873973066666666,2.8779320009740337,0.0562253333333318
3561,phplE7q6h.csv,0.44,0.0749093333333337,0.0569999999999999,100,0.0999924211111111,2.8655310066695607,0.017909333333333805
3562,phplE7q6h.csv,0.49,0.011640000000001,0.0319999999999999,100,0.1030190711111111,2.84721030733884,-0.020359999999998896
3563,phplE7q6h.csv,0.54,0.2060876666666667,0.031,100,0.0811240655555555,2.8799265326292898,0.1750876666666667
3564,phplE7q6h.csv,0.6,0.0224596666666686,0.009,100,0.1045913099999999,2.766276662584956,0.0134596666666686
3565,phplE7q6h.csv,0.65,0.0671983333333374,0.003,100,0.0858154788888889,2.8448436229002176,0.0641983333333374
3566,phplE7q6h.csv,0.7,0.1130176666666642,0.031,100,0.0741203322222222,2.784758467452426,0.0820176666666642
3567,phplE7q6h.csv,0.75,0.053296999999998,0.033,100,0.0757800566666666,2.72349650450061,0.020296999999997997
3568,phplE7q6h.csv,0.8,0.0407323333333335,0.0399999999999999,100,0.0735984655555555,2.559333783177559,0.0007323333333336055
3569,phplE7q6h.csv,0.85,0.0903073333333324,0.016,100,0.0537521988888888,2.641129421626875,0.0743073333333324
3570,phplE7q6h.csv,0.9,0.0445693333333309,0.054,100,0.0440774166666666,2.4431284624889003,-0.0094306666666691
3571,phplE7q6h.csv,0.95,0.0056546666666654,0.0029999999999998,100,0.0438091155555555,2.475923327582183,0.0026546666666656
3572,phpmPOD5A.csv,0.05,0.7080603333333344,0.272,100,0.0879912122222222,2.7027621737112097,0.4360603333333344
3573,phpmPOD5A.csv,0.1,0.6670066666666661,0.393,100,0.0887164266666666,2.372140504105758,0.27400666666666607
3574,phpmPOD5A.csv,0.15,0.6556516666666636,0.289,100,0.088383111111111,2.4948039909456496,0.36665166666666366
3575,phpmPOD5A.csv,0.2,0.5982863333333297,0.291,100,0.0787349544444444,2.445690998451686,0.3072863333333297
3576,phpmPOD5A.csv,0.25,0.6307986666666647,0.442,100,0.0677608566666666,1.985533417600718,0.18879866666666473
3577,phpmPOD5A.csv,0.3,0.5814536666666663,0.422,100,0.0702324655555555,1.8834467089454623,0.15945366666666633
3578,phpmPOD5A.csv,0.35,0.4476899999999977,0.213,100,0.0893211766666666,2.284655576467381,0.2346899999999977
3579,phpmPOD5A.csv,0.4,0.4797109999999979,0.2229999999999999,100,0.0671959288888889,2.118691484953839,0.256710999999998
3580,phpmPOD5A.csv,0.44,0.4244516666666656,0.208,100,0.0725896655555555,2.098485412198117,0.21645166666666563
3581,phpmPOD5A.csv,0.49,0.3923036666666649,0.177,100,0.0692753899999999,2.007523255090676,0.2153036666666649
3582,phpmPOD5A.csv,0.54,0.341299666666665,0.135,100,0.0691698711111111,2.0243351579868127,0.206299666666665
3583,phpmPOD5A.csv,0.6,0.2917589999999992,0.102,100,0.0662866666666666,1.9143915262505369,0.18975899999999923
3584,phpmPOD5A.csv,0.65,0.2938159999999972,0.2199999999999999,100,0.0439760488888888,1.6145059061827134,0.0738159999999973
3585,phpmPOD5A.csv,0.7,0.2648999999999999,0.208,100,0.0385075555555555,1.4478170233797183,0.05689999999999992
3586,phpmPOD5A.csv,0.75,0.2300436666666689,0.145,100,0.0283281066666666,1.4591909785915156,0.0850436666666689
3587,phpmPOD5A.csv,0.8,0.1392819999999968,0.1109999999999999,100,0.0513315377777777,1.3842634477802558,0.028281999999996893
3588,phpmPOD5A.csv,0.85,0.1152346666666667,0.084,100,0.0293588211111111,1.297077459140639,0.03123466666666669
3589,phpmPOD5A.csv,0.9,0.089749000000004,0.017,100,0.0172271377777777,1.484639864482804,0.072749000000004
3590,phpmPOD5A.csv,0.95,0.0396653333333374,0.032,100,0.0166660566666666,1.1600305443124848,0.007665333333337403
3591,phpmPOD5A.csv,0.05,0.7449309999999967,0.386,100,0.0824058488888888,2.4910909165269555,0.35893099999999667
3592,phpmPOD5A.csv,0.1,0.6931693333333304,0.492,100,0.0911730622222222,2.2658751623966142,0.20116933333333042
3593,phpmPOD5A.csv,0.15,0.6403159999999978,0.3359999999999999,100,0.0927242177777777,2.386194176181732,0.30431599999999787
3594,phpmPOD5A.csv,0.2,0.5915749999999975,0.3899999999999999,100,0.0957769155555555,2.223150373967637,0.20157499999999762
3595,phpmPOD5A.csv,0.25,0.5554053333333296,0.287,100,0.0772769988888888,2.3257783420003983,0.26840533333332967
3596,phpmPOD5A.csv,0.3,0.4836926666666648,0.2,100,0.1016054399999999,2.3742519958898622,0.28369266666666476
3597,phpmPOD5A.csv,0.35,0.4884683333333336,0.323,100,0.0785132566666666,1.9967659835104363,0.1654683333333336
3598,phpmPOD5A.csv,0.4,0.4204729999999976,0.1779999999999999,100,0.0826155555555555,2.2209013149273638,0.2424729999999977
3599,phpmPOD5A.csv,0.44,0.4571136666666662,0.298,100,0.06587491,1.887425487027764,0.1591136666666662
3600,phpmPOD5A.csv,0.49,0.4087869999999994,0.2189999999999999,100,0.0622076666666666,1.8492575709373105,0.1897869999999995
3601,phpmPOD5A.csv,0.54,0.3996999999999965,0.261,100,0.0493157455555555,1.772964354077351,0.1386999999999965
3602,phpmPOD5A.csv,0.6,0.3396163333333299,0.273,100,0.0466892222222222,1.4548610644838382,0.06661633333332989
3603,phpmPOD5A.csv,0.65,0.2039789999999991,0.182,100,0.0740158611111111,1.7918199040986398,0.02197899999999911
3604,phpmPOD5A.csv,0.7,0.2394489999999965,0.19,100,0.0516929099999999,1.41451605039446,0.049448999999996496
3605,phpmPOD5A.csv,0.75,0.2148999999999998,0.129,100,0.0339263055555555,1.4985241146968291,0.08589999999999981
3606,phpmPOD5A.csv,0.8,0.1650673333333332,0.1679999999999999,100,0.0311537988888888,1.3795829503198211,-0.0029326666666666945
3607,phpmPOD5A.csv,0.85,0.1148999999999998,0.096,100,0.0352945733333333,1.3617481989901,0.018899999999999792
3608,phpmPOD5A.csv,0.9,0.0895816666666706,0.0609999999999999,100,0.0201855955555555,1.098425690796698,0.028581666666670696
3609,phpmPOD5A.csv,0.95,0.0397490000000041,0.022,100,0.0157501455555555,1.3216132133997642,0.017749000000004102
3610,phpwRjVjk.csv,0.05,0.0103836666666666,0.021,100,0.0498748844444444,1.4078991395739058,-0.010616333333333401
3611,phpwRjVjk.csv,0.1,0.0518249999999998,0.001,100,0.0946307322222222,1.8863151441780517,0.0508249999999998
3612,phpwRjVjk.csv,0.15,0.056732999999999,0.0199999999999999,100,0.1122533155555555,1.908677112528004,0.0367329999999991
3613,phpwRjVjk.csv,0.2,0.0361159999999982,0.0109999999999999,100,0.1366954044444444,1.8766101923630925,0.0251159999999983
3614,phpwRjVjk.csv,0.25,0.0146466666666669,0.003,100,0.1493427066666666,1.948277604499683,0.011646666666666899
3615,phpwRjVjk.csv,0.3,0.0361946666666646,0.035,100,0.1649541066666666,2.042234708159142,0.0011946666666645955
3616,phpwRjVjk.csv,0.35,0.011381666666668,0.004,100,0.18297299,1.8959155926175209,0.007381666666668001
3617,phpwRjVjk.csv,0.4,0.0400446666666676,0.068,100,0.1909323677777777,1.9237439065726287,-0.027955333333332402
3618,phpwRjVjk.csv,0.44,0.0245533333333348,0.018,100,0.1836485277777777,2.0307613753738054,0.006553333333334802
3619,phpwRjVjk.csv,0.49,0.0063650000000012,0.015,100,0.2004299066666666,1.8215449932608352,-0.0086349999999988
3620,phpwRjVjk.csv,0.54,0.0299433333333328,0.019,100,0.1792340566666666,2.0697850849741664,0.010943333333332802
3621,phpwRjVjk.csv,0.6,0.034354333333332,0.003,100,0.1777618888888888,2.043598412083213,0.031354333333332
3622,phpwRjVjk.csv,0.65,0.0601666666666675,0.001,100,0.1723289099999999,2.0667416652976063,0.0591666666666675
3623,phpwRjVjk.csv,0.7,0.0475766666666656,0.0059999999999998,100,0.1693060833333333,1.9309624466106752,0.041576666666665804
3624,phpwRjVjk.csv,0.75,0.0861093333333337,0.038,100,0.1733345455555556,1.7450126753355255,0.048109333333333705
3625,phpwRjVjk.csv,0.8,0.1323309999999998,0.068,100,0.1551467288888889,2.1160334518802726,0.0643309999999998
3626,phpwRjVjk.csv,0.85,0.0610006666666717,0.006,100,0.1215525544444444,1.920884519974407,0.0550006666666717
3627,phpwRjVjk.csv,0.9,0.0880633333333366,0.025,100,0.1195901066666666,1.7546243012633431,0.06306333333333661
3628,phpwRjVjk.csv,0.95,0.0991423333333311,0.0039999999999998,100,0.0871879955555555,1.611485679218941,0.0951423333333313
3629,phpwRjVjk.csv,0.05,0.0885579999999994,0.0039999999999999,100,0.07486644,1.6388067139550695,0.0845579999999995
3630,phpwRjVjk.csv,0.1,0.0464313333333326,0.0069999999999999,100,0.0923802788888888,1.7486475154072871,0.0394313333333327
3631,phpwRjVjk.csv,0.15,0.0861999999999982,0.071,100,0.1321251377777778,2.0946462769504164,0.015199999999998201
3632,phpwRjVjk.csv,0.2,0.0617183333333335,0.0489999999999999,100,0.1511911377777777,1.829842314127736,0.012718333333333602
3633,phpwRjVjk.csv,0.25,0.0701539999999991,0.0509999999999999,100,0.1502869722222222,2.071189322807678,0.019153999999999206
3634,phpwRjVjk.csv,0.3,0.1097466666666648,0.106,100,0.1645245733333333,2.255630756743793,0.0037466666666648024
3635,phpwRjVjk.csv,0.35,0.0319643333333321,0.02,100,0.1671627322222222,2.138266943525968,0.011964333333332102
3636,phpwRjVjk.csv,0.4,0.0096626666666648,0.0329999999999999,100,0.1818306933333333,2.013456273323028,-0.023337333333335097
3637,phpwRjVjk.csv,0.44,0.0530950000000017,0.06,100,0.1813137777777778,1.9453828690852428,-0.0069049999999982944
3638,phpwRjVjk.csv,0.49,0.0277000000000007,0.009,100,0.1869098711111111,1.983239342776914,0.018700000000000702
3639,phpwRjVjk.csv,0.54,0.059466666666668,0.039,100,0.1926052844444444,1.960920742173676,0.020466666666668
3640,phpwRjVjk.csv,0.6,0.1593696666666658,0.1149999999999999,100,0.1635041455555555,2.3361936709213773,0.044369666666665905
3641,phpwRjVjk.csv,0.65,0.0376596666666646,0.027,100,0.1782758344444444,2.046975009446601,0.0106596666666646
3642,phpwRjVjk.csv,0.7,0.0423893333333331,0.006,100,0.17222416,1.82730493051798,0.0363893333333331
3643,phpwRjVjk.csv,0.75,0.0398323333333284,0.004,100,0.1547608655555555,1.921834335603334,0.0358323333333284
3644,phpwRjVjk.csv,0.8,0.1349346666666668,0.056,100,0.1598451944444444,2.115355778919388,0.07893466666666682
3645,phpwRjVjk.csv,0.85,0.1043556666666685,0.006,100,0.1351192622222222,1.7774237186268025,0.09835566666666849
3646,phpwRjVjk.csv,0.9,0.0654666666666667,0.008,100,0.0993865155555555,1.907324544109904,0.0574666666666667
3647,phpwRjVjk.csv,0.95,0.0935179999999991,0.0219999999999999,100,0.0898472655555555,1.7651840586900245,0.0715179999999992
3648,phpxijhaP.csv,0.05,0.012295,0.016,100,0.04248259,2.3661427345422763,-0.003705
3649,phpxijhaP.csv,0.1,0.0388633333333332,0.0289999999999999,100,0.0513594399999999,2.2365738335929115,0.0098633333333333
3650,phpxijhaP.csv,0.15,0.0119686666666667,0.0219999999999999,100,0.0787801511111111,2.4518723986012896,-0.010031333333333201
3651,phpxijhaP.csv,0.2,0.0063183333333345,0.02,100,0.0874885455555555,2.619755622200946,-0.0136816666666655
3652,phpxijhaP.csv,0.25,0.0153970000000016,0.0449999999999999,100,0.0945532266666666,2.6238458176272523,-0.0296029999999983
3653,phpxijhaP.csv,0.3,0.0033076666666662,0.0169999999999999,100,0.1144858344444444,2.6345315305070263,-0.0136923333333337
3654,phpxijhaP.csv,0.35,0.0640790000000005,0.0289999999999999,100,0.1057609822222222,2.6477225329159144,0.035079000000000596
3655,phpxijhaP.csv,0.4,0.0048759999999981,0.019,100,0.12401651,2.67494823299202,-0.014124000000001899
3656,phpxijhaP.csv,0.44,0.0063139999999992,0.0379999999999999,100,0.1258643822222222,2.6979318665993794,-0.0316860000000007
3657,phpxijhaP.csv,0.49,0.0224263333333338,0.001,100,0.1292848933333333,2.697675694630547,0.0214263333333338
3658,phpxijhaP.csv,0.54,0.0013796666666658,0.007,100,0.1140618344444444,2.781380548932629,-0.0056203333333342004
3659,phpxijhaP.csv,0.6,0.0004113333333336,0.015,100,0.1114097377777777,2.7473887668771297,-0.0145886666666664
3660,phpxijhaP.csv,0.65,0.0207523333333305,0.007,100,0.1127215555555555,2.675339804089391,0.0137523333333305
3661,phpxijhaP.csv,0.7,0.0225943333333319,0.0149999999999999,100,0.1079363055555555,2.734538099860856,0.007594333333332001
3662,phpxijhaP.csv,0.75,0.001343333333332,0.017,100,0.1150536666666666,2.564015061177221,-0.015656666666668
3663,phpxijhaP.csv,0.8,0.0124266666666641,0.027,100,0.0800179766666666,2.6300212528002165,-0.0145733333333359
3664,phpxijhaP.csv,0.85,0.0079366666666637,0.006,100,0.0691387066666666,2.6553702396932435,0.0019366666666637
3665,phpxijhaP.csv,0.9,0.0399526666666634,0.059,100,0.0500378044444444,2.4744308807622053,-0.019047333333336594
3666,phpxijhaP.csv,0.95,0.0177446666666672,0.034,100,0.0338876655555555,2.334567587240353,-0.016255333333332803
3667,phpxijhaP.csv,0.05,0.0155693333333334,0.047,100,0.0334351377777777,2.1951192123705483,-0.0314306666666666
3668,phpxijhaP.csv,0.1,0.0395326666666666,0.039,100,0.0487391766666666,2.499110201844247,0.000532666666666598
3669,phpxijhaP.csv,0.15,0.0015580000000006,0.0269999999999999,100,0.0727869011111111,2.414080094358995,-0.0254419999999993
3670,phpxijhaP.csv,0.2,0.0141000000000011,0.019,100,0.0795244566666666,2.605374570694313,-0.0048999999999989
3671,phpxijhaP.csv,0.25,0.0102870000000017,0.0159999999999999,100,0.09983676,2.688851333103622,-0.0057129999999982
3672,phpxijhaP.csv,0.3,0.0203116666666659,0.002,100,0.1009756177777777,2.781491538645363,0.0183116666666659
3673,phpxijhaP.csv,0.35,0.0154010000000019,0.0269999999999999,100,0.1242031233333333,2.5691376971425184,-0.011598999999998
3674,phpxijhaP.csv,0.4,0.0058006666666649,0.007,100,0.1141458711111111,2.736786452698401,-0.0011993333333351003
3675,phpxijhaP.csv,0.44,0.0151883333333328,0.008,100,0.1177296388888889,2.812784998270367,0.0071883333333328005
3676,phpxijhaP.csv,0.49,0.0263613333333341,0.0469999999999999,100,0.1223547288888888,2.659369120282737,-0.020638666666665802
3677,phpxijhaP.csv,0.54,0.0022999999999993,0.021,100,0.1349941955555555,2.6587587614452834,-0.018700000000000702
3678,phpxijhaP.csv,0.6,0.0103323333333339,0.016,100,0.11810164,2.7272741219555425,-0.005667666666666101
3679,phpxijhaP.csv,0.65,0.011883666666664,0.012,100,0.1101461544444444,2.73441976826108,-0.00011633333333600088
3680,phpxijhaP.csv,0.7,0.0392086666666664,0.0289999999999999,100,0.1063945155555555,2.694616396891072,0.010208666666666498
3681,phpxijhaP.csv,0.75,0.0155650000000021,0.013,100,0.0971669722222221,2.6381406680335724,0.0025650000000021003
3682,phpxijhaP.csv,0.8,0.0100833333333377,0.0,100,0.0936006933333333,2.5989390841931046,0.0100833333333377
3683,phpxijhaP.csv,0.85,0.0212573333333324,0.016,100,0.07925811,2.5370271572708223,0.005257333333332399
3684,phpxijhaP.csv,0.9,0.0144326666666686,0.01,100,0.0589642933333333,2.503127345229511,0.004432666666668601
3685,phpxijhaP.csv,0.95,0.0174936666666671,0.032,100,0.03332851,2.2907840372990824,-0.0145063333333329
3686,pol.csv,0.05,0.0629323333333329,0.006,100,0.0701475288888888,1.6652687718679244,0.0569323333333329
3687,pol.csv,0.1,0.0298339999999994,0.049,100,0.0935705988888889,1.445618075348816,-0.019166000000000603
3688,pol.csv,0.15,0.025106666666666,0.043,100,0.1102125455555555,1.59735126757104,-0.017893333333333997
3689,pol.csv,0.2,0.0110003333333322,0.062,100,0.1386187233333333,1.6593516568706177,-0.0509996666666678
3690,pol.csv,0.25,0.0112163333333327,0.07,100,0.1555213733333333,1.7965221554535684,-0.0587836666666673
3691,pol.csv,0.3,0.0372003333333312,0.0529999999999999,100,0.1791755766666667,1.790437154319392,-0.015799666666668703
3692,pol.csv,0.35,0.0312109999999989,0.0699999999999999,100,0.1901025555555555,1.7343653804560852,-0.038789000000000996
3693,pol.csv,0.4,0.0360286666666677,0.063,100,0.1772111322222222,2.100846883122614,-0.0269713333333323
3694,pol.csv,0.44,0.0295789999999989,0.0439999999999999,100,0.19104539,1.9829880645604256,-0.014421000000000999
3695,pol.csv,0.49,0.047616333333334,0.064,100,0.2056321111111111,1.6779325016319389,-0.016383666666666
3696,pol.csv,0.54,0.0427963333333326,0.061,100,0.2063542877777777,1.6212466685286255,-0.018203666666667402
3697,pol.csv,0.6,0.0104186666666674,0.0869999999999999,100,0.20543836,1.603714723513998,-0.0765813333333325
3698,pol.csv,0.65,0.0005826666666677,0.0979999999999999,100,0.1906,1.58751128890298,-0.0974173333333322
3699,pol.csv,0.7,0.0142693333333383,0.0559999999999999,100,0.1673005544444444,1.4951755358751986,-0.0417306666666616
3700,pol.csv,0.75,0.0137163333333362,0.0539999999999999,100,0.1386724444444444,1.8405751150866887,-0.040283666666663706
3701,pol.csv,0.8,0.013765333333331,0.044,100,0.1343433544444444,1.2181690435568953,-0.030234666666668998
3702,pol.csv,0.85,0.0053396666666647,0.0409999999999999,100,0.1123625988888889,1.2385473672590646,-0.035660333333335195
3703,pol.csv,0.9,0.0111713333333347,0.005,100,0.0794278611111111,1.3290305573937244,0.0061713333333347
3704,pol.csv,0.95,0.0065839999999988,0.0040000000000001,100,0.0433827511111111,1.1612931373384765,0.0025839999999987
3705,pol.csv,0.05,0.0465276666666663,0.008,100,0.0654357155555555,1.2145619380077102,0.0385276666666663
3706,pol.csv,0.1,0.0296683333333327,0.025,100,0.0927568266666666,1.414307878479474,0.0046683333333326985
3707,pol.csv,0.15,0.0361509999999987,0.0339999999999999,100,0.1239153955555555,1.6606139997086538,0.0021509999999987997
3708,pol.csv,0.2,0.0401323333333316,0.054,100,0.1393011233333333,1.7795181721841118,-0.013867666666668402
3709,pol.csv,0.25,0.0076086666666682,0.088,100,0.1525255955555555,1.6520622654888804,-0.08039133333333179
3710,pol.csv,0.3,0.0532660000000003,0.0359999999999999,100,0.1686509955555555,2.0602498554984274,0.0172660000000004
3711,pol.csv,0.35,0.0169876666666674,0.0629999999999999,100,0.1897630344444444,1.642411476824163,-0.0460123333333325
3712,pol.csv,0.4,0.0109233333333315,0.079,100,0.1958433333333333,1.8002457847114963,-0.0680766666666685
3713,pol.csv,0.44,0.0406229999999985,0.0559999999999999,100,0.1874201455555555,2.053240284388536,-0.015377000000001396
3714,pol.csv,0.49,0.0480346666666673,0.07,100,0.1969348566666666,1.8566897437647665,-0.021965333333332705
3715,pol.csv,0.54,0.0231346666666678,0.073,100,0.1997475955555555,1.7339368026232502,-0.04986533333333219
3716,pol.csv,0.6,0.0124276666666687,0.0799999999999999,100,0.1985928488888888,1.5265798790411174,-0.06757233333333121
3717,pol.csv,0.65,0.002596666666665,0.0789999999999999,100,0.1958860833333333,1.4822426449875008,-0.0764033333333349
3718,pol.csv,0.7,0.0140183333333384,0.0489999999999999,100,0.1666594444444444,1.638775067154875,-0.0349816666666615
3719,pol.csv,0.75,0.0138000000000029,0.0529999999999999,100,0.1564700833333333,1.320607152580103,-0.039199999999997
3720,pol.csv,0.8,0.014267333333331,0.023,100,0.1287047955555555,1.4869459812450887,-0.008732666666669
3721,pol.csv,0.85,0.0110496666666632,0.0319999999999999,100,0.1130209955555555,1.2801529365175257,-0.020950333333336697
3722,pol.csv,0.9,0.0148590000000012,0.006,100,0.0767871377777777,1.252806919998328,0.0088590000000012
3723,pol.csv,0.95,0.0103000000000034,0.0089999999999998,100,0.0503243322222222,1.0310363605633406,0.0013000000000036004
3724,pollen.csv,0.05,0.3193333333333339,0.94,100,0.01925091,2.6827575456465333,-0.620666666666666
3725,pollen.csv,0.1,0.0898326666666667,0.274,100,0.0182147777777777,2.600059834793841,-0.18416733333333332
3726,pollen.csv,0.15,0.3468170000000002,0.85,100,0.0184307777777777,2.6140034900159868,-0.5031829999999997
3727,pollen.csv,0.2,0.1694170000000006,0.544,100,0.0175764711111111,2.757793898375496,-0.37458299999999944
3728,pollen.csv,0.25,0.3056169999999998,0.75,100,0.0138020833333333,2.562589421511105,-0.4443830000000002
3729,pollen.csv,0.3,0.1445503333333331,0.3,100,0.0191796566666666,2.6058600639774454,-0.1554496666666669
3730,pollen.csv,0.35,0.6400000000000042,0.65,100,0.0201536488888888,2.499539689215176,-0.00999999999999579
3731,pollen.csv,0.4,0.5900000000000042,0.107,100,0.0183508622222222,2.855758258484588,0.4830000000000042
3732,pollen.csv,0.44,0.1156169999999998,0.5489999999999999,100,0.0196244566666666,2.6158870319562677,-0.43338300000000013
3733,pollen.csv,0.49,0.4798326666666667,0.174,100,0.0153099155555555,2.591602054245205,0.3058326666666667
3734,pollen.csv,0.54,0.5266496666666668,0.299,100,0.0155468044444444,2.814890519640202,0.2276496666666668
3735,pollen.csv,0.6,0.2038000000000019,0.069,100,0.0169342266666666,2.6527090470028005,0.1348000000000019
3736,pollen.csv,0.65,0.2812000000000032,0.2089999999999999,100,0.0153567733333333,2.6257492344437385,0.07220000000000332
3737,pollen.csv,0.7,0.103800000000002,0.3709999999999999,100,0.0145835233333333,2.654416963659512,-0.2671999999999979
3738,pollen.csv,0.75,0.2532666666666663,0.192,100,0.0223161455555555,2.700750421773839,0.0612666666666663
3739,pollen.csv,0.8,0.4305829999999994,0.1999999999999999,100,0.0128561099999999,2.6236652484853566,0.23058299999999948
3740,pollen.csv,0.85,0.4805829999999993,0.15,100,0.0173284655555555,2.60957461159422,0.3305829999999993
3741,pollen.csv,0.9,0.0900000000000041,0.0999999999999999,100,0.0194814444444444,2.587367399317993,-0.00999999999999579
3742,pollen.csv,0.95,0.5804993333333327,0.05,100,0.0271036388888888,2.6605541802314505,0.5304993333333327
3743,pollen.csv,0.05,0.0399163333333334,0.254,100,0.0147620177777777,2.8287534632506643,-0.21408366666666662
3744,pollen.csv,0.1,0.0898326666666667,0.1139999999999999,100,0.0142694488888888,2.79186952260801,-0.024167333333333194
3745,pollen.csv,0.15,0.807333333333337,0.85,100,0.0217481511111111,2.66824146925955,-0.04266666666666297
3746,pollen.csv,0.2,0.1694170000000006,0.375,100,0.02129544,2.713179638201214,-0.2055829999999994
3747,pollen.csv,0.25,0.2398326666666667,0.471,100,0.0167211377777777,2.697833209872245,-0.23116733333333328
3748,pollen.csv,0.3,0.5724000000000025,0.017,100,0.0199719233333333,2.744613967032512,0.5554000000000024
3749,pollen.csv,0.35,0.6400000000000042,0.345,100,0.0159826933333333,2.7263623014989022,0.29500000000000426
3750,pollen.csv,0.4,0.0305829999999994,0.396,100,0.0172836388888888,2.6709070091495364,-0.3654170000000006
3751,pollen.csv,0.44,0.549749000000004,0.56,100,0.0172135677777777,2.576014626787522,-0.010250999999996013
3752,pollen.csv,0.49,0.1407503333333341,0.49,100,0.0127285277777777,2.6110294755771597,-0.3492496666666659
3753,pollen.csv,0.54,0.4500000000000042,0.4599999999999999,100,0.0189289722222222,2.609184441304724,-0.009999999999995735
3754,pollen.csv,0.6,0.2305829999999993,0.4,100,0.0229358344444444,2.6141635209707514,-0.16941700000000073
3755,pollen.csv,0.65,0.0193333333333326,0.432,100,0.0149180844444444,2.8038348728012834,-0.4126666666666674
3756,pollen.csv,0.7,0.103800000000002,0.221,100,0.0176549988888888,2.706934880166898,-0.117199999999998
3757,pollen.csv,0.75,0.2400000000000042,0.25,100,0.0205311766666666,2.665663994140189,-0.00999999999999579
3758,pollen.csv,0.8,0.1900000000000041,0.1999999999999999,100,0.0181085011111111,2.5409796140576053,-0.00999999999999579
3759,pollen.csv,0.85,0.2193333333333326,0.7949999999999999,100,0.0169959677777777,2.825878207265107,-0.5756666666666673
3760,pollen.csv,0.9,0.0900000000000041,0.0999999999999999,100,0.0153584711111111,2.564427769070388,-0.00999999999999579
3761,pollen.csv,0.95,0.5055333333333334,0.3959999999999999,100,0.0202635555555555,2.776559056900732,0.10953333333333348
3762,puma32H.csv,0.05,0.0398326666666667,0.05,100,0.0156630044444444,2.677843583263777,-0.010167333333333306
3763,puma32H.csv,0.1,0.089749,0.083,100,0.0254706488888888,2.637188035906437,0.006748999999999991
3764,puma32H.csv,0.15,0.1396653333333334,0.0579999999999999,100,0.0259698433333333,2.660704251858502,0.08166533333333349
3765,puma32H.csv,0.2,0.1885776666666667,0.038,100,0.03116531,2.7964873092811366,0.1505776666666667
3766,puma32H.csv,0.25,0.2387450000000001,0.025,100,0.0344844211111111,2.840502469020993,0.2137450000000001
3767,puma32H.csv,0.3,0.2786936666666668,0.0579999999999999,100,0.0404952566666666,2.854635390785676,0.2206936666666669
3768,puma32H.csv,0.35,0.2605963333333329,0.0079999999999999,100,0.0477174433333333,2.8245234008123425,0.252596333333333
3769,puma32H.csv,0.4,0.3382376666666665,0.079,100,0.0442647066666666,2.865551569222615,0.2592376666666665
3770,puma32H.csv,0.44,0.4004340000000002,0.0349999999999999,100,0.0429309011111111,2.8432991625657635,0.36543400000000026
3771,puma32H.csv,0.49,0.4829980000000037,0.064,100,0.0414614177777777,2.8179984600090213,0.4189980000000037
3772,puma32H.csv,0.54,0.3713510000000026,0.158,100,0.0473313455555555,2.815796399013114,0.2133510000000026
3773,puma32H.csv,0.6,0.3414210000000029,0.031,100,0.0467321544444444,2.8046677001348312,0.31042100000000294
3774,puma32H.csv,0.65,0.3233336666666702,0.015,100,0.0450294711111111,2.8283524331702714,0.30833366666667017
3775,puma32H.csv,0.7,0.2884100000000039,0.025,100,0.0425590177777777,2.8292571683012544,0.26341000000000386
3776,puma32H.csv,0.75,0.2388286666666705,0.0,100,0.0355591066666666,2.7155664865812383,0.2388286666666705
3777,puma32H.csv,0.8,0.1883266666666704,0.1009999999999999,100,0.0361020211111111,2.6658961781857813,0.0873266666666705
3778,puma32H.csv,0.85,0.1377410000000037,0.133,100,0.0278474344444444,2.624609464142896,0.004741000000003687
3779,puma32H.csv,0.9,0.0879916666666703,0.022,100,0.0314085455555555,2.7125958975137,0.0659916666666703
3780,puma32H.csv,0.95,0.0395816666666707,0.0109999999999998,100,0.0235782788888888,2.5752329577922426,0.028581666666670898
3781,puma32H.csv,0.05,0.039749,0.003,100,0.0183269988888888,2.595610137254464,0.036749
3782,puma32H.csv,0.1,0.089749,0.0209999999999999,100,0.0236232844444444,2.6369732055826773,0.06874900000000009
3783,puma32H.csv,0.15,0.1373226666666667,0.0099999999999999,100,0.0321156844444444,2.6438733366160125,0.1273226666666668
3784,puma32H.csv,0.2,0.1884103333333334,0.0239999999999999,100,0.0331599766666666,2.7868675067281194,0.1644103333333335
3785,puma32H.csv,0.25,0.2286936666666668,0.017,100,0.0351654266666666,2.8210362223386776,0.21169366666666678
3786,puma32H.csv,0.3,0.2886613333333334,0.0139999999999999,100,0.0346310877777777,2.821798615067029,0.2746613333333335
3787,puma32H.csv,0.35,0.3286936666666668,0.0249999999999999,100,0.0399968888888888,2.8866936168029707,0.30369366666666686
3788,puma32H.csv,0.4,0.339913,0.0569999999999999,100,0.0467590433333333,2.839237445825796,0.28291300000000014
3789,puma32H.csv,0.44,0.2494143333333336,0.031,100,0.047851,2.814522959346345,0.2184143333333336
3790,puma32H.csv,0.49,0.0019610000000003,0.019,100,0.0429550711111111,2.829044647859768,-0.0170389999999997
3791,puma32H.csv,0.54,0.4208530000000033,0.0629999999999999,100,0.0402046344444444,2.8013405526137323,0.3578530000000034
3792,puma32H.csv,0.6,0.2605090000000022,0.092,100,0.0457243766666666,2.839639620148855,0.1685090000000022
3793,puma32H.csv,0.65,0.3205690000000036,0.008,100,0.0424617288888888,2.759640333453538,0.3125690000000036
3794,puma32H.csv,0.7,0.2885773333333371,0.055,100,0.0347041988888888,2.687520936062576,0.23357733333333713
3795,puma32H.csv,0.75,0.2388286666666705,0.004,100,0.0366396388888888,2.757212274786596,0.2348286666666705
3796,puma32H.csv,0.8,0.1885776666666704,0.0679999999999999,100,0.0325218611111111,2.717428610794023,0.1205776666666705
3797,puma32H.csv,0.85,0.1383263333333372,0.0499999999999999,100,0.0328771322222222,2.739191575149051,0.08832633333333728
3798,puma32H.csv,0.9,0.0888283333333371,0.022,100,0.0271068844444444,2.671428659313622,0.0668283333333371
3799,puma32H.csv,0.95,0.0396650000000041,0.0069999999999998,100,0.0220785988888888,2.643631938877277,0.0326650000000043
3800,puma8NH.csv,0.05,0.044931333333333,0.088,100,0.0655998044444444,2.6321170586169047,-0.043068666666667
3801,puma8NH.csv,0.1,0.0024623333333329,0.0829999999999999,100,0.0663394488888888,2.6594599246556445,-0.080537666666667
3802,puma8NH.csv,0.15,0.1210073333333336,0.077,100,0.0835063066666666,2.7749488241095817,0.044007333333333606
3803,puma8NH.csv,0.2,0.0281666666666673,0.011,100,0.0734695733333333,2.7524542740832336,0.017166666666667302
3804,puma8NH.csv,0.25,0.0605483333333323,0.0579999999999999,100,0.0870475766666666,2.729907980198816,0.002548333333332403
3805,puma8NH.csv,0.3,0.0339179999999985,0.0339999999999999,100,0.0961320833333333,2.7390410031825905,-8.20000000014004e-05
3806,puma8NH.csv,0.35,0.0784093333333338,0.01,100,0.0845288122222222,2.8727474165342244,0.06840933333333381
3807,puma8NH.csv,0.4,0.0166050000000013,0.027,100,0.0923890788888888,2.813157549665388,-0.0103949999999987
3808,puma8NH.csv,0.44,0.0450103333333335,0.034,100,0.0996493955555555,2.765494594978488,0.011010333333333497
3809,puma8NH.csv,0.49,0.0780950000000009,0.062,100,0.0896955733333333,2.9107113189806606,0.0160950000000009
3810,puma8NH.csv,0.54,0.029179333333333,0.052,100,0.0904191944444444,2.8321514439866817,-0.022820666666667
3811,puma8NH.csv,0.6,0.0682346666666661,0.1249999999999999,100,0.0954969722222222,2.7973300959386145,-0.056765333333333806
3812,puma8NH.csv,0.65,0.0382556666666649,0.024,100,0.0900208566666666,2.820984807435661,0.014255666666664897
3813,puma8NH.csv,0.7,0.0221689999999984,0.042,100,0.0975263322222222,2.63998472945211,-0.019831000000001604
3814,puma8NH.csv,0.75,0.014305333333333,0.007,100,0.08319075,2.6682694374825378,0.007305333333333
3815,puma8NH.csv,0.8,0.0351023333333313,0.006,100,0.0814245277777777,2.6363635019204184,0.0291023333333313
3816,puma8NH.csv,0.85,0.0263550000000009,0.0269999999999999,100,0.0728540844444444,2.7194838290013275,-0.0006449999999990005
3817,puma8NH.csv,0.9,0.0855650000000021,0.0729999999999999,100,0.0729789722222222,2.7926776952357506,0.0125650000000022
3818,puma8NH.csv,0.95,0.0300416666666656,0.0070000000000001,100,0.0562645277777777,2.5912861053845853,0.0230416666666655
3819,puma8NH.csv,0.05,0.0050966666666665,0.01,100,0.0496661111111111,2.434928653323193,-0.0049033333333335
3820,puma8NH.csv,0.1,0.1482323333333327,0.102,100,0.0785347822222222,2.6982630077055325,0.046232333333332695
3821,puma8NH.csv,0.15,0.0621989999999988,0.06,100,0.07553411,2.627575318673602,0.002198999999998799
3822,puma8NH.csv,0.2,0.0008026666666668,0.03,100,0.0807484566666666,2.666677080151519,-0.0291973333333332
3823,puma8NH.csv,0.25,0.0366313333333333,0.008,100,0.0881822344444444,2.745728747214672,0.0286313333333333
3824,puma8NH.csv,0.3,0.1067833333333331,0.139,100,0.0911560122222222,2.776767730482517,-0.03221666666666691
3825,puma8NH.csv,0.35,0.1059426666666664,0.1,100,0.1035425277777777,2.713717998185644,0.005942666666666388
3826,puma8NH.csv,0.4,0.0484049999999998,0.063,100,0.0944691377777777,2.8240737281031554,-0.014595000000000198
3827,puma8NH.csv,0.44,0.0530306666666657,0.025,100,0.0968541822222222,2.8447945816607167,0.028030666666665698
3828,puma8NH.csv,0.49,0.0521329999999996,0.073,100,0.0918500266666666,2.813990775609525,-0.020867000000000392
3829,puma8NH.csv,0.54,0.0107520000000007,0.005,100,0.0944721955555555,2.7868651330633587,0.0057520000000007
3830,puma8NH.csv,0.6,0.0407956666666684,0.059,100,0.0860724488888888,2.818537985633282,-0.018204333333331595
3831,puma8NH.csv,0.65,0.0460603333333323,0.03,100,0.10072784,2.7308800306401046,0.016060333333332302
3832,puma8NH.csv,0.7,0.0383683333333326,0.033,100,0.0947909822222222,2.6785942981795223,0.0053683333333326005
3833,puma8NH.csv,0.75,0.0166796666666662,0.045,100,0.0828685822222222,2.673704635662322,-0.028320333333333798
3834,puma8NH.csv,0.8,0.0377019999999979,0.0399999999999999,100,0.0856459155555555,2.55060400910122,-0.002298000000002
3835,puma8NH.csv,0.85,1.9000000001989648e-05,0.041,100,0.0709924566666666,2.667622306611914,-0.04098099999999801
3836,puma8NH.csv,0.9,0.0276520000000038,0.056,100,0.0681899511111111,2.688041441988004,-0.028347999999996203
3837,puma8NH.csv,0.95,0.0165733333333336,0.025,100,0.0346265155555555,2.214543278696882,-0.008426666666666402
3838,quake.csv,0.05,0.9349753333333364,0.493,100,0.054825549549074,2.8355399657372318,0.4419753333333364
3839,quake.csv,0.1,0.8874050000000036,0.422,100,0.0472888023861111,2.837176396084617,0.46540500000000357
3840,quake.csv,0.15,0.482509333333334,0.215,100,0.0399925011111111,2.808225711823296,0.26750933333333404
3841,quake.csv,0.2,0.7811216666666696,0.409,100,0.0580445080864197,2.853943176094434,0.3721216666666696
3842,quake.csv,0.25,0.7384100000000039,0.0459999999999999,100,0.0424196618814814,2.8066227512640496,0.692410000000004
3843,quake.csv,0.3,0.6856460000000038,0.2,100,0.0477150123861111,2.825119075877135,0.48564600000000374
3844,quake.csv,0.35,0.6355653333333368,0.073,100,0.0438632433861111,2.8854680741340726,0.5625653333333368
3845,quake.csv,0.4,0.587907333333337,0.0519999999999999,100,0.0452744754679012,2.862103403005608,0.5359073333333371
3846,quake.csv,0.44,0.5471536666666703,0.206,100,0.0450898491555555,2.8056214765063747,0.34115366666667035
3847,quake.csv,0.49,0.4989123333333373,0.1009999999999999,100,0.0375971347888888,2.8331052203581137,0.3979123333333374
3848,quake.csv,0.54,0.447321333333337,0.067,100,0.0480684328444444,2.8264883095407853,0.380321333333337
3849,quake.csv,0.6,0.3883263333333372,0.0659999999999999,100,0.0423917104629629,2.8130856418658485,0.3223263333333373
3850,quake.csv,0.65,0.3387450000000038,0.132,100,0.0418569988888888,2.805360313435965,0.2067450000000038
3851,quake.csv,0.7,0.2888286666666706,0.1739999999999999,100,0.0410363055555555,2.9042103660992944,0.11482866666667071
3852,quake.csv,0.75,0.2389123333333372,0.3,100,0.0400544444444444,2.87389084678714,-0.06108766666666279
3853,quake.csv,0.8,0.1875723333333371,0.378,100,0.0466340711111111,2.792517664282204,-0.19042766666666291
3854,quake.csv,0.85,0.1364846666666704,0.422,100,0.0439727080938271,2.7889920477964028,-0.28551533333332957
3855,quake.csv,0.9,0.0863163333333368,0.3269999999999999,100,0.045346289220679,2.7820336817083686,-0.2406836666666631
3856,quake.csv,0.95,0.0389123333333373,0.4069999999999999,100,0.0402718941777777,2.851068962623799,-0.3680876666666626
3857,quake.csv,0.05,0.9388286666666704,0.405,100,0.041593,2.8809909001030407,0.5338286666666704
3858,quake.csv,0.1,0.8884103333333372,0.349,100,0.0343771772222222,2.746950771978029,0.5394103333333372
3859,quake.csv,0.15,0.4992613333333336,0.294,100,0.0447489363888888,2.865182466076086,0.20526133333333363
3860,quake.csv,0.2,0.7874050000000035,0.2249999999999999,100,0.0497850958824074,2.856298182720272,0.5624050000000036
3861,quake.csv,0.25,0.7384100000000039,0.12,100,0.0423241804061728,2.834407138711245,0.6184100000000039
3862,quake.csv,0.3,0.6882426666666706,0.2,100,0.0421972687564814,2.775557383530662,0.48824266666667054
3863,quake.csv,0.35,0.6389123333333373,0.106,100,0.0398444919555555,2.7896339918262325,0.5329123333333373
3864,quake.csv,0.4,0.3886613333333334,0.0559999999999999,100,0.0371566046222222,2.863086802305015,0.33266133333333353
3865,quake.csv,0.44,0.5468186666666701,0.1679999999999999,100,0.0480570885712962,2.816395499448884,0.3788186666666702
3866,quake.csv,0.49,0.4989123333333373,0.0769999999999999,100,0.0400097544058641,2.8177492313159886,0.4219123333333374
3867,quake.csv,0.54,0.4489123333333372,0.169,100,0.0399251466901234,2.8346983233202767,0.2799123333333372
3868,quake.csv,0.6,0.3870700000000038,0.0989999999999999,100,0.0470188933333333,2.7646807873481936,0.28807000000000393
3869,quake.csv,0.65,0.3389123333333372,0.126,100,0.0398892230814814,2.8105829372765005,0.2129123333333372
3870,quake.csv,0.7,0.0626326666666657,0.2739999999999999,100,0.0382153494675925,2.701649510630395,-0.2113673333333342
3871,quake.csv,0.75,0.237740333333337,0.2319999999999999,100,0.045842042349074,2.8637599972956407,0.005740333333337094
3872,quake.csv,0.8,0.1882426666666704,0.198,100,0.0432065078222222,2.817035224651304,-0.00975733333332962
3873,quake.csv,0.85,0.1363993333333369,0.265,100,0.0461689988888888,2.839460569496733,-0.12860066666666312
3874,quake.csv,0.9,0.2128793333333325,0.41,100,0.0354166622222222,2.7479520467380416,-0.19712066666666747
3875,quake.csv,0.95,0.0364833333333369,0.365,100,0.0480256868749999,2.8731305711574526,-0.32851666666666307
3876,sonar.csv,0.05,0.039749,0.111,100,0.0199994877777777,2.538296527665254,-0.07125100000000001
3877,sonar.csv,0.1,0.0896653333333334,0.128,100,0.0225472044444444,2.370444242383837,-0.0383346666666666
3878,sonar.csv,0.15,0.1313820000000001,0.19,100,0.0321833011111111,2.4072509196650382,-0.05861799999999989
3879,sonar.csv,0.2,0.1865683333333334,0.079,100,0.0432041011111111,2.578741928245972,0.10756833333333339
3880,sonar.csv,0.25,0.2367363333333334,0.003,100,0.0416181111111111,2.584993629557054,0.2337363333333334
3881,sonar.csv,0.3,0.2892470000000001,0.08,100,0.0388686433333333,2.5903073682347197,0.20924700000000007
3882,sonar.csv,0.35,0.3346410000000001,0.024,100,0.0467503066666666,2.66727984053985,0.31064100000000006
3883,sonar.csv,0.4,0.3858996666666668,0.0509999999999999,100,0.0423332177777777,2.612664717409334,0.33489966666666693
3884,sonar.csv,0.44,0.4274056666666667,0.283,100,0.0443427766666666,2.7408960664382667,0.1444056666666667
3885,sonar.csv,0.49,0.4679433333333335,0.2199999999999999,100,0.0479272566666666,2.7673006169938272,0.2479433333333336
3886,sonar.csv,0.54,0.5266516666666669,0.216,100,0.0440585455555555,2.676309726156898,0.3106516666666669
3887,sonar.csv,0.6,0.5858146666666667,0.2599999999999999,100,0.0446288655555555,2.62069946361317,0.3258146666666668
3888,sonar.csv,0.65,0.6277726666666669,0.138,100,0.0432342344444444,2.7692020343953767,0.48977266666666686
3889,sonar.csv,0.7,0.6822113333333334,0.2269999999999999,100,0.0480712122222222,2.71263645262478,0.4552113333333335
3890,sonar.csv,0.75,0.2335516666666702,0.265,100,0.0464282266666666,2.8048696870053997,-0.0314483333333298
3891,sonar.csv,0.8,0.187237333333337,0.259,100,0.0477806044444444,2.7101907750652363,-0.071762666666663
3892,sonar.csv,0.85,0.1384936666666706,0.3359999999999999,100,0.0430448266666666,2.702554644373915,-0.19750633333332931
3893,sonar.csv,0.9,0.0889123333333372,0.524,100,0.0372125277777777,2.7215810356231374,-0.4350876666666628
3894,sonar.csv,0.95,0.2844893333333327,0.4259999999999999,100,0.0358823155555555,2.6995555766193453,-0.14151066666666717
3895,sonar.csv,0.05,0.0398326666666667,0.0259999999999999,100,0.0185573066666666,2.521342045945482,0.013832666666666795
3896,sonar.csv,0.1,0.0852306666666667,0.082,100,0.0295301988888888,2.4088121437181984,0.003230666666666701
3897,sonar.csv,0.15,0.1369876666666667,0.1159999999999999,100,0.0324511233333333,2.505625801344725,0.020987666666666807
3898,sonar.csv,0.2,0.1877406666666667,0.126,100,0.0337731822222222,2.500813527494356,0.061740666666666694
3899,sonar.csv,0.25,0.2090906666666667,0.103,100,0.04758291,2.4771800759188585,0.10609066666666671
3900,sonar.csv,0.3,0.2882426666666667,0.1979999999999999,100,0.0355825544444444,2.6138333241025773,0.0902426666666668
3901,sonar.csv,0.35,0.3338010000000001,0.065,100,0.0529498933333333,2.6614158848636857,0.2688010000000001
3902,sonar.csv,0.4,0.3884936666666668,0.197,100,0.0409330177777777,2.6828089605512457,0.19149366666666678
3903,sonar.csv,0.44,0.4279920000000001,0.188,100,0.04021496,2.6581786807089247,0.2399920000000001
3904,sonar.csv,0.49,0.4783266666666667,0.235,100,0.0350339733333333,2.6747261839077585,0.2433266666666667
3905,sonar.csv,0.54,0.5290796666666668,0.176,100,0.0391629955555555,2.5534473137890545,0.35307966666666685
3906,sonar.csv,0.6,0.5868180000000001,0.367,100,0.0492171944444444,2.7026371554015864,0.21981800000000007
3907,sonar.csv,0.65,0.6102660000000002,0.199,100,0.0510723055555555,2.702394613420405,0.4112660000000002
3908,sonar.csv,0.7,0.2478276666666667,0.3379999999999999,100,0.0424107322222222,2.707676136097543,-0.09017233333333322
3909,sonar.csv,0.75,0.2370696666666705,0.0649999999999999,100,0.0447766344444444,2.7089713677409364,0.17206966666667062
3910,sonar.csv,0.8,0.1199139999999996,0.378,100,0.0498941511111111,2.6347509168653795,-0.25808600000000037
3911,sonar.csv,0.85,0.2102873333333326,0.4359999999999999,100,0.0408216488888888,2.649808635974678,-0.22571266666666728
3912,sonar.csv,0.9,0.0889960000000039,0.281,100,0.0397358488888888,2.706894325055362,-0.19200399999999612
3913,sonar.csv,0.95,0.038996000000004,0.353,100,0.0364508211111111,2.686359630354979,-0.31400399999999595
3914,space_ga.csv,0.05,0.0346453333333332,0.0239999999999999,100,0.0601719233333333,2.6092012050225337,0.010645333333333302
3915,space_ga.csv,0.1,0.0331736666666661,0.001,100,0.06856,2.624918524210668,0.0321736666666661
3916,space_ga.csv,0.15,0.0794843333333316,0.047,100,0.0890273455555555,2.626796125069588,0.0324843333333316
3917,space_ga.csv,0.2,0.0541026666666661,0.0169999999999999,100,0.0871135766666666,2.7210593854574734,0.0371026666666662
3918,space_ga.csv,0.25,0.0568139999999993,0.0469999999999999,100,0.09500075,2.752960329920273,0.0098139999999994
3919,space_ga.csv,0.3,0.034757666666665,0.0,100,0.1060851822222222,2.743410705403881,0.034757666666665
3920,space_ga.csv,0.35,0.0269459999999994,0.024,100,0.1040105544444444,2.837314891627185,0.0029459999999994005
3921,space_ga.csv,0.4,0.0316766666666675,0.01,100,0.1122356177777777,2.800328276015411,0.021676666666667496
3922,space_ga.csv,0.44,0.0059796666666657,0.001,100,0.1171265988888888,2.7650328458448614,0.0049796666666657
3923,space_ga.csv,0.49,0.0603343333333328,0.0769999999999999,100,0.11844075,2.7600545842011663,-0.0166656666666671
3924,space_ga.csv,0.54,0.0169423333333328,0.0,100,0.1169794266666666,2.766815931645761,0.0169423333333328
3925,space_ga.csv,0.6,0.1054519999999999,0.0689999999999999,100,0.1154025011111111,2.7644481029642063,0.03645200000000001
3926,space_ga.csv,0.65,0.0061966666666676,0.0839999999999999,100,0.1023825555555555,2.765533032991053,-0.0778033333333323
3927,space_ga.csv,0.7,0.070928999999998,0.0379999999999999,100,0.1068291599999999,2.7651749316831404,0.03292899999999809
3928,space_ga.csv,0.75,0.0830793333333326,0.019,100,0.1033614166666666,2.570334028225922,0.0640793333333326
3929,space_ga.csv,0.8,0.0193206666666685,0.0409999999999999,100,0.0862452222222222,2.641616168696545,-0.0216793333333314
3930,space_ga.csv,0.85,0.1113836666666703,0.011,100,0.0966534044444444,2.562752045536061,0.1003836666666703
3931,space_ga.csv,0.9,0.0591853333333329,0.04,100,0.0724665988888888,2.5781078151676446,0.019185333333332902
3932,space_ga.csv,0.95,0.0814183333333367,0.0209999999999999,100,0.0692741988888888,2.4887310522402304,0.0604183333333368
3933,space_ga.csv,0.05,0.0595796666666659,0.021,100,0.0621711766666666,2.470256675226848,0.0385796666666659
3934,space_ga.csv,0.1,0.0707559999999998,0.0259999999999999,100,0.0764465277777777,2.554992629298333,0.04475599999999991
3935,space_ga.csv,0.15,0.027032666666666,0.0119999999999999,100,0.0794417777777777,2.611922276333131,0.015032666666666101
3936,space_ga.csv,0.2,0.037118666666665,0.014,100,0.1002064488888889,2.5569156838354727,0.023118666666665004
3937,space_ga.csv,0.25,0.0918003333333322,0.068,100,0.11332724,2.6581205790948044,0.023800333333332202
3938,space_ga.csv,0.3,0.084902333333332,0.105,100,0.1070987777777777,2.795428678539277,-0.020097666666668
3939,space_ga.csv,0.35,0.0251896666666665,0.014,100,0.1081991944444444,2.740566443817169,0.011189666666666499
3940,space_ga.csv,0.4,0.1358549999999997,0.147,100,0.0969773733333333,2.7287064483328525,-0.011145000000000294
3941,space_ga.csv,0.44,0.0210449999999991,0.015,100,0.1278822488888888,2.7326031430174837,0.0060449999999991
3942,space_ga.csv,0.49,0.0016436666666666,0.024,100,0.1285407766666666,2.6485747785610987,-0.0223563333333334
3943,space_ga.csv,0.54,0.0054810000000007,0.01,100,0.1112168844444444,2.7873662206760192,-0.0045189999999993005
3944,space_ga.csv,0.6,0.0350246666666659,0.0309999999999999,100,0.1046478399999999,2.8690890183589874,0.004024666666666
3945,space_ga.csv,0.65,0.0180946666666668,0.04,100,0.0989783055555555,2.781873650753604,-0.0219053333333332
3946,space_ga.csv,0.7,0.1198726666666666,0.0729999999999999,100,0.1185431322222222,2.723584847065154,0.0468726666666667
3947,space_ga.csv,0.75,0.0621019999999974,0.037,100,0.1102023322222222,2.595377688040113,0.025101999999997404
3948,space_ga.csv,0.8,0.1131089999999975,0.015,100,0.0997938844444444,2.7006905207443808,0.0981089999999975
3949,space_ga.csv,0.85,0.0854399999999977,0.0249999999999999,100,0.0916482399999999,2.603784893100552,0.0604399999999978
3950,space_ga.csv,0.9,0.1069990000000027,0.007,100,0.0844156666666666,2.477048360748612,0.0999990000000027
3951,space_ga.csv,0.95,0.0944296666666667,0.0619999999999999,100,0.0715632122222222,2.638830773761542,0.0324296666666668
3952,spambase(1).csv,0.05,0.0336429999999999,0.008,100,0.0572718266666666,1.817042817826936,0.025642999999999902
3953,spambase(1).csv,0.1,0.0151869999999994,0.017,100,0.0696103055555555,2.0840506286898526,-0.0018130000000006006
3954,spambase(1).csv,0.15,0.026195666666666,0.013,100,0.1010286877777777,2.059159203802383,0.013195666666666
3955,spambase(1).csv,0.2,0.0110846666666656,0.008,100,0.1168155066666666,2.074027496299621,0.0030846666666655993
3956,spambase(1).csv,0.25,0.0138003333333351,0.009,100,0.1273986788888889,2.240912886268527,0.004800333333335101
3957,spambase(1).csv,0.3,0.063214333333335,0.0129999999999999,100,0.1303348122222222,2.2612165640498207,0.050214333333335096
3958,spambase(1).csv,0.35,0.0523836666666665,0.0219999999999999,100,0.1417011155555555,2.314696713717104,0.0303836666666666
3959,spambase(1).csv,0.4,0.0329289999999993,0.004,100,0.1622595155555555,2.207979899883657,0.0289289999999993
3960,spambase(1).csv,0.44,0.0253090000000014,0.032,100,0.1728323677777778,2.1339185071024533,-0.006690999999998601
3961,spambase(1).csv,0.49,0.0541386666666655,0.006,100,0.1683182344444444,2.303268492607799,0.048138666666665504
3962,spambase(1).csv,0.54,0.003136666666666,0.033,100,0.1656235155555555,2.337065425328085,-0.029863333333334
3963,spambase(1).csv,0.6,0.0618816666666659,0.022,100,0.1688823155555555,2.2862106297156712,0.0398816666666659
3964,spambase(1).csv,0.65,0.0611743333333344,0.023,100,0.1733935233333333,2.196721191587844,0.0381743333333344
3965,spambase(1).csv,0.7,0.0355906666666656,0.056,100,0.1376252655555555,2.3599253487293232,-0.020409333333334403
3966,spambase(1).csv,0.75,0.033971666666662,0.029,100,0.13524475,2.3483970929635185,0.0049716666666619995
3967,spambase(1).csv,0.8,0.0978653333333295,0.036,100,0.1404020266666666,2.2635287839454605,0.061865333333329504
3968,spambase(1).csv,0.85,0.0608333333333384,0.008,100,0.1142275322222222,2.064989116253056,0.0528333333333384
3969,spambase(1).csv,0.9,0.0534989999999977,0.005,100,0.0885957777777777,2.104784304300376,0.048498999999997704
3970,spambase(1).csv,0.95,0.0802490000000033,0.0169999999999999,100,0.0796956666666666,1.8055703062727853,0.0632490000000034
3971,spambase(1).csv,0.05,0.0326389999999999,0.002,100,0.0547049722222222,1.8313830069077075,0.030638999999999895
3972,spambase(1).csv,0.1,0.0162733333333333,0.0279999999999999,100,0.0574725555555555,1.8496908644916463,-0.0117266666666666
3973,spambase(1).csv,0.15,0.0132030000000006,0.0129999999999999,100,0.0909625511111111,1.9402473870023296,0.00020300000000069915
3974,spambase(1).csv,0.2,0.0140163333333346,0.006,100,0.1099203333333333,2.064925122762643,0.0080163333333346
3975,spambase(1).csv,0.25,0.0137163333333351,0.007,100,0.1281614444444444,2.160294284014156,0.0067163333333351
3976,spambase(1).csv,0.3,0.0275719999999997,0.008,100,0.1349638711111111,2.2005393663190658,0.0195719999999997
3977,spambase(1).csv,0.35,0.0154020000000019,0.002,100,0.1426687822222222,2.398382650047464,0.0134020000000019
3978,spambase(1).csv,0.4,0.0189563333333345,0.009,100,0.1501255155555555,2.423435362958426,0.009956333333334502
3979,spambase(1).csv,0.44,0.0219653333333326,0.102,100,0.1772456655555555,2.2110685236660874,-0.08003466666666739
3980,spambase(1).csv,0.49,0.0543059999999989,0.008,100,0.1741557011111111,2.2193205348092344,0.0463059999999989
3981,spambase(1).csv,0.54,0.0022999999999993,0.026,100,0.1665599155555555,2.3975653941649564,-0.0237000000000007
3982,spambase(1).csv,0.6,0.0354429999999986,0.02,100,0.1784833333333333,2.137372801307833,0.0154429999999986
3983,spambase(1).csv,0.65,0.0130549999999972,0.026,100,0.1701900266666666,2.0827386813546296,-0.012945000000002798
3984,spambase(1).csv,0.7,0.0838899999999976,0.0159999999999999,100,0.1484193511111111,2.389185093056505,0.0678899999999977
3985,spambase(1).csv,0.75,0.0213426666666681,0.032,100,0.1492606344444444,1.9721987373560168,-0.010657333333331902
3986,spambase(1).csv,0.8,0.0172160000000031,0.0639999999999999,100,0.1179426488888888,2.119774842663628,-0.0467839999999968
3987,spambase(1).csv,0.85,0.0213240000000014,0.047,100,0.0939754444444444,2.220685473804939,-0.0256759999999986
3988,spambase(1).csv,0.9,0.0609536666666649,0.018,100,0.0894239288888888,2.283640906695566,0.042953666666664905
3989,spambase(1).csv,0.95,0.0494560000000002,0.0020000000000001,100,0.06187171,1.9259922512716985,0.0474560000000001
3990,spambase.csv,0.05,0.0335593333333332,0.017,100,0.0571904111388259,1.910116097004037,0.016559333333333197
3991,spambase.csv,0.1,0.0425069999999996,0.026,100,0.0797957799787037,2.0906173540297863,0.016506999999999602
3992,spambase.csv,0.15,0.0606663333333322,0.003,100,0.1020677591925926,2.3324838659771903,0.057666333333332195
3993,spambase.csv,0.2,0.0603796666666667,0.0219999999999999,100,0.1309877452083333,2.252581252819013,0.0383796666666668
3994,spambase.csv,0.25,0.0645313333333327,0.027,100,0.1425743290882527,2.3517287106155456,0.03753133333333271
3995,spambase.csv,0.3,0.0479106666666661,0.004,100,0.1509853135382716,2.2268830720817245,0.0439106666666661
3996,spambase.csv,0.35,0.0021783333333335,0.0169999999999999,100,0.1657551255787036,2.1572057220874115,-0.0148216666666664
3997,spambase.csv,0.4,0.0070613333333316,0.04,100,0.1539605925925926,2.436424471028771,-0.0329386666666684
3998,spambase.csv,0.44,0.0222163333333325,0.004,100,0.1715808367543209,2.3178379375508884,0.018216333333332498
3999,spambase.csv,0.49,0.0226000000000008,0.01,100,0.1713271747222222,2.268853248133609,0.0126000000000008
4000,spambase.csv,0.54,0.0458943333333324,0.017,100,0.1735438919444444,2.2092255137900003,0.028894333333332398
4001,spambase.csv,0.6,0.0069773333333337,0.013,100,0.1453532367712963,2.473056667269381,-0.0060226666666663
4002,spambase.csv,0.65,0.0196846666666672,0.013,100,0.1518825941666667,2.141669621384381,0.006684666666667201
4003,spambase.csv,0.7,0.0208790000000026,0.04,100,0.1491551506481481,1.9999109610910628,-0.0191209999999974
4004,spambase.csv,0.75,0.0134653333333361,0.006,100,0.1423545336111111,2.0250334844437377,0.007465333333336099
4005,spambase.csv,0.8,0.0132633333333308,0.027,100,0.1135777511111111,2.003017203767154,-0.0137366666666692
4006,spambase.csv,0.85,0.0271986666666669,0.01,100,0.1113408179012345,1.9562993061740608,0.017198666666666897
4007,spambase.csv,0.9,0.0094963333333346,0.021,100,0.0611986958024691,2.069585571194952,-0.011503666666665401
4008,spambase.csv,0.95,0.096523333333334,0.0549999999999999,100,0.0744833655555555,1.864450490473111,0.0415233333333341
4009,spambase.csv,0.05,0.052551666666666,0.004,100,0.0658635677777777,1.9228451484755824,0.048551666666665994
4010,spambase.csv,0.1,0.063289666666666,0.0079999999999999,100,0.088785045909549,2.147179764906767,0.0552896666666661
4011,spambase.csv,0.15,0.0344766666666654,0.005,100,0.1069283207638888,2.1292509335586094,0.0294766666666654
4012,spambase.csv,0.2,0.0134366666666655,0.035,100,0.1166960540972222,2.1828546064977727,-0.021563333333334503
4013,spambase.csv,0.25,0.0638523333333323,0.015,100,0.1496356908621504,2.2249357595248096,0.048852333333332304
4014,spambase.csv,0.3,0.0330873333333314,0.0179999999999999,100,0.1510778141666666,2.232986818861778,0.0150873333333315
4015,spambase.csv,0.35,0.0361493333333316,0.013,100,0.1587068396527777,2.3418708983722314,0.0231493333333316
4016,spambase.csv,0.4,0.0105876666666647,0.002,100,0.1697083513638889,2.278245948255531,0.0085876666666647
4017,spambase.csv,0.44,0.0030509999999988,0.016,100,0.1738900464429012,2.203140217173514,-0.012949000000001201
4018,spambase.csv,0.49,0.0026000000000014,0.0289999999999999,100,0.160162414845679,2.428233559338535,-0.0263999999999985
4019,spambase.csv,0.54,0.002383666666666,0.038,100,0.185013669529321,2.1498466463642125,-0.035616333333334
4020,spambase.csv,0.6,0.0040366666666669,0.02,100,0.1622212135416666,2.275717433444278,-0.0159633333333331
4021,spambase.csv,0.65,0.0312116666666641,0.073,100,0.1500647238888889,2.441733031265632,-0.0417883333333359
4022,spambase.csv,0.7,0.0124286666666719,1.1102230246251563e-16,100,0.1486031337268518,2.1064938489934133,0.012428666666671789
4023,spambase.csv,0.75,0.0064373333333342,0.026,100,0.1379456064873456,2.202261802723525,-0.0195626666666658
4024,spambase.csv,0.8,0.0086616666666636,0.006,100,0.1214040057021604,2.0042861434783457,0.0026616666666635994
4025,spambase.csv,0.85,0.0126383333333305,0.003,100,0.0974775766666666,2.0583387972789904,0.009638333333330501
4026,spambase.csv,0.9,0.0467819999999995,0.025,100,0.0871996052777777,2.101538042736417,0.021781999999999496
4027,spambase.csv,0.95,0.0323043333333313,0.0119999999999999,100,0.0586894476774691,1.665969995711314,0.020304333333331398
4028,spectf.csv,0.05,0.0399163333333334,0.062,100,0.0172033822222222,2.555957337850796,-0.0220836666666666
4029,spectf.csv,0.1,0.0898326666666667,0.021,100,0.0227811944444444,2.602113941259513,0.0688326666666667
4030,spectf.csv,0.15,0.1393306666666667,0.138,100,0.0271914933333333,2.619189617308056,0.0013306666666667022
4031,spectf.csv,0.2,0.1895816666666667,0.051,100,0.0264647511111111,2.587128773851981,0.13858166666666671
4032,spectf.csv,0.25,0.2384103333333334,0.2329999999999999,100,0.0320192211111111,2.7585386025549776,0.005410333333333489
4033,spectf.csv,0.3,0.2883266666666667,0.09,100,0.031923,2.730851153342954,0.19832666666666668
4034,spectf.csv,0.35,0.3384103333333333,0.111,100,0.0334692711111111,2.6660861610218327,0.22741033333333333
4035,spectf.csv,0.4,0.3884940000000001,0.0869999999999999,100,0.0389145277777777,2.798312350997292,0.3014940000000002
4036,spectf.csv,0.44,0.4291633333333334,0.118,100,0.0287111322222222,2.634163681150182,0.3111633333333334
4037,spectf.csv,0.49,0.4795816666666667,0.06,100,0.0284631766666666,2.74930577860554,0.4195816666666667
4038,spectf.csv,0.54,0.5285776666666668,0.055,100,0.0309022877777777,2.7624356958512832,0.47357766666666684
4039,spectf.csv,0.6,0.5887450000000001,0.2639999999999999,100,0.0320857777777777,2.7410739728496454,0.3247450000000002
4040,spectf.csv,0.65,0.6396653333333334,0.207,100,0.0277061111111111,2.701271745720957,0.43266533333333346
4041,spectf.csv,0.7,0.688745,0.2479999999999999,100,0.0329687677777777,2.7472408123471683,0.44074500000000016
4042,spectf.csv,0.75,0.7389960000000001,0.17,100,0.0349014344444444,2.7437318418980823,0.5689960000000001
4043,spectf.csv,0.8,0.5144226666666661,0.121,100,0.0331969455555555,2.7407433773714547,0.39342266666666614
4044,spectf.csv,0.85,0.8394980000000001,0.015,100,0.0299656388888888,2.5824859338641635,0.8244980000000001
4045,spectf.csv,0.9,0.8899163333333334,0.2129999999999999,100,0.0265603233333333,2.7119932791752337,0.6769163333333335
4046,spectf.csv,0.95,0.9399163333333334,0.2619999999999999,100,0.0255652211111111,2.6013949663706244,0.6779163333333335
4047,spectf.csv,0.05,0.0371553333333334,0.034,100,0.0258665011111111,2.4756012906215754,0.003155333333333399
4048,spectf.csv,0.1,0.089749,0.135,100,0.0239167677777777,2.6331362784902907,-0.04525100000000001
4049,spectf.csv,0.15,0.1373226666666667,0.019,100,0.0314085288888888,2.6559733583712477,0.1183226666666667
4050,spectf.csv,0.2,0.1898326666666667,0.0989999999999999,100,0.0244012622222222,2.824242819431477,0.09083266666666681
4051,spectf.csv,0.25,0.2395816666666667,0.104,100,0.02719291,2.761553827278082,0.1355816666666667
4052,spectf.csv,0.3,0.2899163333333334,0.118,100,0.0220167822222222,2.6469501808628086,0.1719163333333334
4053,spectf.csv,0.35,0.3398326666666667,0.0639999999999999,100,0.0269429955555555,2.8051083124695846,0.27583266666666684
4054,spectf.csv,0.4,0.3812056666666668,0.0239999999999999,100,0.0283613822222222,2.752041167578035,0.35720566666666687
4055,spectf.csv,0.44,0.4289123333333334,0.0489999999999999,100,0.0297384266666666,2.6247885147992167,0.3799123333333335
4056,spectf.csv,0.49,0.4785776666666667,0.027,100,0.0353217988888888,2.7935105225690693,0.45157766666666666
4057,spectf.csv,0.54,0.5289123333333334,0.051,100,0.0339440044444444,2.6684730094028266,0.47791233333333344
4058,spectf.csv,0.6,0.5890796666666668,0.0369999999999999,100,0.0330820833333333,2.6969619445304938,0.5520796666666669
4059,spectf.csv,0.65,0.6395816666666667,0.1069999999999999,100,0.0277816266666666,2.754822102764397,0.5325816666666668
4060,spectf.csv,0.7,0.688745,0.1479999999999999,100,0.0303028211111111,2.7633594506829997,0.5407450000000001
4061,spectf.csv,0.75,0.7398326666666667,0.1929999999999999,100,0.0258697777777777,2.7255400773958574,0.5468326666666667
4062,spectf.csv,0.8,0.4660119999999992,0.002,100,0.0225325955555555,2.5876380213717654,0.4640119999999992
4063,spectf.csv,0.85,0.5176869999999991,0.136,100,0.0249969544444444,2.5945253089544984,0.3816869999999991
4064,spectf.csv,0.9,0.8899163333333334,0.433,100,0.0270373899999999,2.6733333380567417,0.4569163333333334
4065,spectf.csv,0.95,0.939749,0.0939999999999999,100,0.0276311377777777,2.600128868591932,0.8457490000000001
4066,sylva_prior.csv,0.05,0.0149,0.016,100,0.0331421011111111,0.2651241953792266,-0.0011000000000000003
4067,sylva_prior.csv,0.1,0.0079899999999997,0.015,100,0.0671975377777777,0.8564289478703462,-0.007010000000000299
4068,sylva_prior.csv,0.15,0.0225926666666671,0.0359999999999999,100,0.0959423955555555,0.7693426574987583,-0.0134073333333328
4069,sylva_prior.csv,0.2,0.0385343333333333,0.06,100,0.0996347322222221,1.1239867704106012,-0.021465666666666695
4070,sylva_prior.csv,0.25,0.0654400000000011,0.0259999999999999,100,0.1160374166666666,1.2943416189358783,0.039440000000001196
4071,sylva_prior.csv,0.3,0.0427160000000002,0.0179999999999999,100,0.1422996388888888,1.3239958438579087,0.024716000000000297
4072,sylva_prior.csv,0.35,0.0639346666666663,0.0569999999999999,100,0.152469671111111,1.5427483637358497,0.006934666666666409
4073,sylva_prior.csv,0.4,0.0386193333333326,0.019,100,0.1714446711111111,1.7155986047526348,0.019619333333332604
4074,sylva_prior.csv,0.44,0.0611320000000011,0.006,100,0.1620298344444444,1.8950736941439323,0.055132000000001104
4075,sylva_prior.csv,0.49,0.086128333333335,0.0199999999999999,100,0.1606516711111111,1.9558620823508732,0.0661283333333351
4076,sylva_prior.csv,0.54,0.0900843333333338,0.023,100,0.1702039233333333,1.988000296327885,0.0670843333333338
4077,sylva_prior.csv,0.6,0.0551046666666656,0.019,100,0.1839608655555555,1.8287870518888576,0.036104666666665605
4078,sylva_prior.csv,0.65,0.1582186666666666,0.031,100,0.1585355155555555,2.223222172227074,0.1272186666666666
4079,sylva_prior.csv,0.7,0.0613099999999988,0.0039999999999998,100,0.1506522711111111,2.226937000772332,0.057309999999999
4080,sylva_prior.csv,0.75,0.0865186666666664,0.009,100,0.1384234788888888,2.3679614371042,0.0775186666666664
4081,sylva_prior.csv,0.8,0.0400479999999981,0.003,100,0.1276303055555555,2.2466108008014944,0.037047999999998096
4082,sylva_prior.csv,0.85,0.0595813333333378,0.001,100,0.1061603377777777,2.4400563426938526,0.0585813333333378
4083,sylva_prior.csv,0.9,0.072260666666666,0.0,100,0.0849588122222222,2.378183422289617,0.072260666666666
4084,sylva_prior.csv,0.95,0.0343119999999981,0.0030000000000001,100,0.0549647733333333,2.312107488339051,0.031311999999998
4085,sylva_prior.csv,0.05,0.0149,0.023,100,0.0329703055555555,0.5085201704386351,-0.0081
4086,sylva_prior.csv,0.1,0.0047273333333329,0.027,100,0.0690842433333333,0.6070920731874572,-0.0222726666666671
4087,sylva_prior.csv,0.15,0.0170753333333338,0.0419999999999999,100,0.0929451677777777,0.9628158482759192,-0.0249246666666661
4088,sylva_prior.csv,0.2,0.0354566666666674,0.0269999999999999,100,0.1078665511111111,1.1601007973204158,0.0084566666666675
4089,sylva_prior.csv,0.25,0.0321953333333345,0.0209999999999999,100,0.1355771111111111,1.3807682848456149,0.011195333333334598
4090,sylva_prior.csv,0.3,0.0314209999999996,0.001,100,0.1402739677777777,1.5494356223975667,0.0304209999999996
4091,sylva_prior.csv,0.35,0.0374063333333342,0.0179999999999999,100,0.1568305955555556,1.5705890630756385,0.0194063333333343
4092,sylva_prior.csv,0.4,0.0651483333333353,0.034,100,0.1446043055555555,1.6998731315880888,0.031148333333335304
4093,sylva_prior.csv,0.44,0.0607136666666678,0.0289999999999999,100,0.1640966177777777,1.7580477121957168,0.031713666666667896
4094,sylva_prior.csv,0.49,0.059163666666666,0.0349999999999999,100,0.1699981377777778,1.8606154226636105,0.024163666666666098
4095,sylva_prior.csv,0.54,0.0802903333333332,0.034,100,0.1737551955555555,1.935479514960774,0.0462903333333332
4096,sylva_prior.csv,0.6,0.1162506666666665,0.016,100,0.1730253377777777,2.062045274286844,0.1002506666666665
4097,sylva_prior.csv,0.65,0.0652720000000004,0.017,100,0.1696411377777777,2.1467764247835026,0.0482720000000004
4098,sylva_prior.csv,0.7,0.0397926666666667,0.0010000000000001,100,0.1529045277777778,2.017548856149601,0.0387926666666666
4099,sylva_prior.csv,0.75,0.0861839999999999,0.015,100,0.1397806622222222,2.3435935370235,0.0711839999999999
4100,sylva_prior.csv,0.8,0.0368686666666641,0.004,100,0.1269782844444444,2.267290431339948,0.032868666666664104
4101,sylva_prior.csv,0.85,0.0654580000000029,0.008,100,0.1040583333333333,2.5392476865981064,0.0574580000000029
4102,sylva_prior.csv,0.9,0.0600336666666646,0.0,100,0.07736284,2.360339754482875,0.0600336666666646
4103,sylva_prior.csv,0.95,0.0652686666666685,0.0039999999999998,100,0.0663458711111111,2.3751542342382743,0.0612686666666687
4104,tictactoe.csv,0.05,0.0312986666666667,0.05,100,0.0271365277777777,2.137317717264102,-0.018701333333333306
4105,tictactoe.csv,0.1,0.0655693333333334,0.1,100,0.0381180566666666,2.328744686538609,-0.03443066666666661
4106,tictactoe.csv,0.15,0.0873573333333332,0.15,100,0.0529445277777777,2.361740217707187,-0.06264266666666679
4107,tictactoe.csv,0.2,0.0689180000000005,0.125,100,0.0673897066666666,2.457370032015242,-0.05608199999999949
4108,tictactoe.csv,0.25,0.0490340000000009,0.12,100,0.0792056844444444,2.562310569890197,-0.07096599999999909
4109,tictactoe.csv,0.3,0.0612293333333344,0.0999999999999999,100,0.0898061544444444,2.567850381633182,-0.038770666666665496
4110,tictactoe.csv,0.35,0.1169366666666666,0.0569999999999999,100,0.0946210788888888,2.536590330620811,0.05993666666666671
4111,tictactoe.csv,0.4,0.1536986666666668,0.077,100,0.0974256388888888,2.6152367731845416,0.07669866666666679
4112,tictactoe.csv,0.44,0.1915256666666668,0.0559999999999999,100,0.0904425377777777,2.754956580063275,0.13552566666666688
4113,tictactoe.csv,0.49,0.1908580000000004,0.017,100,0.1073019155555555,2.6758479770246413,0.1738580000000004
4114,tictactoe.csv,0.54,0.1300369999999992,0.016,100,0.1080512122222222,2.558581737113125,0.11403699999999921
4115,tictactoe.csv,0.6,0.0363596666666663,0.0249999999999999,100,0.1100678344444444,2.633190029900865,0.011359666666666397
4116,tictactoe.csv,0.65,0.1686739999999992,0.04,100,0.0874145066666666,2.7152456790459545,0.1286739999999992
4117,tictactoe.csv,0.7,0.1308146666666658,0.033,100,0.09239236,2.716188523233292,0.0978146666666658
4118,tictactoe.csv,0.75,0.1143216666666659,0.067,100,0.0798602788888889,2.6977627752695468,0.0473216666666659
4119,tictactoe.csv,0.8,0.1416940000000004,0.0379999999999999,100,0.0824160044444444,2.419547886455301,0.10369400000000051
4120,tictactoe.csv,0.85,0.0411770000000007,0.062,100,0.0650526433333333,2.600639658966014,-0.0208229999999993
4121,tictactoe.csv,0.9,0.0256540000000002,0.034,100,0.0543302622222222,2.384737240394416,-0.008345999999999801
4122,tictactoe.csv,0.95,0.0193343333333343,0.05,100,0.0298945899999999,2.4049735664064014,-0.030665666666665703
4123,tictactoe.csv,0.05,0.015653,0.05,100,0.0300689988888888,2.105062385931406,-0.034347
4124,tictactoe.csv,0.1,0.0400356666666666,0.1,100,0.0458616655555555,2.2649417557986875,-0.059964333333333404
4125,tictactoe.csv,0.15,0.064851,0.135,100,0.0570303766666666,2.405392504447587,-0.070149
4126,tictactoe.csv,0.2,0.0654036666666672,0.112,100,0.0679770266666666,2.486587748037933,-0.046596333333332796
4127,tictactoe.csv,0.25,0.0602526666666676,0.101,100,0.0857210877777777,2.458625438417371,-0.04074733333333241
4128,tictactoe.csv,0.3,0.0601416666666675,0.0969999999999999,100,0.0890300833333333,2.467622597572828,-0.0368583333333324
4129,tictactoe.csv,0.35,0.1201253333333333,0.0519999999999999,100,0.0945331322222222,2.53618500439359,0.0681253333333334
4130,tictactoe.csv,0.4,0.1319343333333339,0.022,100,0.1033771944444444,2.6247576380817583,0.10993433333333391
4131,tictactoe.csv,0.44,0.1739383333333339,0.012,100,0.0920680833333333,2.6808027510836605,0.16193833333333388
4132,tictactoe.csv,0.49,0.1834096666666674,0.0819999999999999,100,0.1009353011111111,2.622913458987762,0.10140966666666748
4133,tictactoe.csv,0.54,0.0716563333333326,0.058,100,0.10254864,2.64220947010112,0.013656333333332597
4134,tictactoe.csv,0.6,0.1017693333333329,0.025,100,0.09751844,2.7971104901757475,0.07676933333333291
4135,tictactoe.csv,0.65,0.0613829999999985,0.028,100,0.1005394788888888,2.688270108127185,0.0333829999999985
4136,tictactoe.csv,0.7,0.1175906666666657,0.043,100,0.0788597544444444,2.717680424422561,0.07459066666666571
4137,tictactoe.csv,0.75,0.1136536666666656,0.043,100,0.0773313544444444,2.6094932448092627,0.0706536666666656
4138,tictactoe.csv,0.8,0.1408570000000005,0.0729999999999999,100,0.0812471322222222,2.5580005121369167,0.06785700000000061
4139,tictactoe.csv,0.85,0.0659440000000003,0.061,100,0.0610214788888888,2.5578193443827573,0.004944000000000295
4140,tictactoe.csv,0.9,0.0269940000000001,0.047,100,0.0545557544444444,2.480877556010474,-0.0200059999999999
4141,tictactoe.csv,0.95,0.018581333333334,0.044,100,0.0347174433333333,2.4083539124891438,-0.025418666666665996
4142,transfusion.csv,0.05,0.0044803333333334,0.016,100,0.043738639752791,2.158795839197201,-0.0115196666666666
4143,transfusion.csv,0.1,0.0332596666666665,0.015,100,0.0536500854564918,2.3090538266031397,0.0182596666666665
4144,transfusion.csv,0.15,0.087047,0.122,100,0.0573949644884905,2.442375130132908,-0.034953
4145,transfusion.csv,0.2,0.0169556666666675,0.076,100,0.0765582462771361,2.482377943326864,-0.0590443333333325
4146,transfusion.csv,0.25,0.0776686666666673,0.02,100,0.0740382644475922,2.544065660722321,0.0576686666666673
4147,transfusion.csv,0.3,0.2811236666666667,0.0729999999999999,100,0.0479408651294268,2.5818163988249863,0.20812366666666682
4148,transfusion.csv,0.35,0.1865520000000006,0.016,100,0.0738175633507373,2.5072683116543977,0.1705520000000006
4149,transfusion.csv,0.4,0.274523666666667,0.225,100,0.0676475205838364,2.292450020914038,0.04952366666666699
4150,transfusion.csv,0.44,0.1819880000000006,0.006,100,0.083033121527199,2.637567672622584,0.1759880000000006
4151,transfusion.csv,0.49,0.2772140000000012,0.1689999999999999,100,0.0864525239019608,2.5479799855746013,0.10821400000000128
4152,transfusion.csv,0.54,0.344805000000001,0.162,100,0.0763851916583332,2.577124415869243,0.18280500000000102
4153,transfusion.csv,0.6,0.4567406666666671,0.2109999999999999,100,0.0706348781520398,2.623225034763633,0.24574066666666716
4154,transfusion.csv,0.65,0.5378126666666667,0.198,100,0.0735970176297964,2.592040426356056,0.3398126666666667
4155,transfusion.csv,0.7,0.465269,0.0939999999999999,100,0.0896675673755944,2.6810422398587384,0.37126900000000007
4156,transfusion.csv,0.75,0.6243280000000004,0.316,100,0.071309243198371,2.5149597737092297,0.30832800000000044
4157,transfusion.csv,0.8,0.7224166666666667,0.336,100,0.0675947130007023,2.725548370743147,0.3864166666666667
4158,transfusion.csv,0.85,0.6266619999999998,0.3119999999999999,100,0.0833579172671211,2.727704774963448,0.31466199999999994
4159,transfusion.csv,0.9,0.6279080000000004,0.317,100,0.0872095132285225,2.55089297488644,0.31090800000000035
4160,transfusion.csv,0.95,0.7341113333333333,0.3289999999999999,100,0.0823370060612974,2.7209674154468177,0.40511133333333343
4161,transfusion.csv,0.05,0.0565673333333325,0.086,100,0.0618333853628724,2.3787706764999457,-0.029432666666667495
4162,transfusion.csv,0.1,0.0068186666666659,0.041,100,0.06581409317169,2.2137001630863287,-0.034181333333334105
4163,transfusion.csv,0.15,0.0100949999999993,0.226,100,0.0725807337805676,2.549074374588032,-0.2159050000000007
4164,transfusion.csv,0.2,0.0815550000000003,0.135,100,0.0680488539924461,2.372262293579414,-0.053444999999999715
4165,transfusion.csv,0.25,0.1651886666666667,0.0539999999999999,100,0.061268893617089,2.4814065480630214,0.1111886666666668
4166,transfusion.csv,0.3,0.1646223333333337,0.091,100,0.0699855606773272,2.554623093950088,0.0736223333333337
4167,transfusion.csv,0.35,0.1938403333333339,0.0829999999999999,100,0.0732254065754745,2.455517498050978,0.110840333333334
4168,transfusion.csv,0.4,0.1956793333333345,0.002,100,0.0772721473006175,2.515099087328992,0.1936793333333345
4169,transfusion.csv,0.44,0.2033470000000007,0.12,100,0.0920334466026977,2.4931479793880653,0.0833470000000007
4170,transfusion.csv,0.49,0.2452950000000007,0.0829999999999999,100,0.0875782606713813,2.5666644440957955,0.1622950000000008
4171,transfusion.csv,0.54,0.312056000000001,0.132,100,0.0791865376706118,2.6279539128775187,0.180056000000001
4172,transfusion.csv,0.6,0.4023016666666666,0.1329999999999999,100,0.0837550286426389,2.5687895678937056,0.2693016666666667
4173,transfusion.csv,0.65,0.4564053333333334,0.325,100,0.0820485202186742,2.4844579424026216,0.13140533333333337
4174,transfusion.csv,0.7,0.4638443333333341,0.2959999999999999,100,0.0902535587809624,2.5903790566225653,0.1678443333333342
4175,transfusion.csv,0.75,0.5361266666666679,0.428,100,0.0806989760713866,2.5071230569537453,0.10812666666666787
4176,transfusion.csv,0.8,0.682050666666667,0.388,100,0.0694983103720538,2.756190082640125,0.294050666666667
4177,transfusion.csv,0.85,0.6105786666666667,0.3279999999999999,100,0.0828154110778459,2.638909237013463,0.2825786666666668
4178,transfusion.csv,0.9,0.5487533333333343,0.422,100,0.0912009759945102,2.720188120116086,0.12675333333333433
4179,transfusion.csv,0.95,0.8156943333333337,0.4749999999999999,100,0.0707840597966934,2.772517504103868,0.3406943333333338
4180,visualizing_soil.csv,0.05,0.0103,0.054,100,0.0474564488888888,0.1985152433742905,-0.0437
4181,visualizing_soil.csv,0.1,0.0053159999999994,0.098,100,0.0897843055555555,0.3250829734197077,-0.0926840000000006
4182,visualizing_soil.csv,0.15,0.0160670000000005,0.132,100,0.1271625277777777,0.4227090878341354,-0.11593299999999951
4183,visualizing_soil.csv,0.2,0.0142673333333346,0.1569999999999999,100,0.1597751066666667,0.5004024235662434,-0.1427326666666653
4184,visualizing_soil.csv,0.25,0.0138000000000017,0.176,100,0.1868913988888889,0.5623351446467941,-0.1621999999999983
4185,visualizing_soil.csv,0.3,0.0105799999999991,0.188,100,0.2097757066666666,0.6108643020828249,-0.1774200000000009
4186,visualizing_soil.csv,0.35,0.0026753333333342,0.195,100,0.22679475,0.6474466390625233,-0.1923246666666658
4187,visualizing_soil.csv,0.4,0.0087310000000018,0.1969999999999999,100,0.2394033333333333,0.673011667037119,-0.1882689999999981
4188,visualizing_soil.csv,0.44,0.0028836666666655,0.196,100,0.2460697777777778,0.6859298002802212,-0.1931163333333345
4189,visualizing_soil.csv,0.49,0.003353666666668,0.191,100,0.2492018788888889,0.6929471672523186,-0.187646333333332
4190,visualizing_soil.csv,0.54,0.0161903333333341,0.1829999999999999,100,0.2482168488888889,0.6899437584862432,-0.1668096666666658
4191,visualizing_soil.csv,0.6,0.008899333333335,0.17,100,0.2397480566666666,0.6730116670371187,-0.161100666666665
4192,visualizing_soil.csv,0.65,0.0008393333333316,0.155,100,0.2270364444444444,0.6474466390625229,-0.1541606666666684
4193,visualizing_soil.csv,0.7,0.0108306666666635,0.139,100,0.2094032222222222,0.6108643020828245,-0.12816933333333652
4194,visualizing_soil.csv,0.75,0.0134653333333361,0.12,100,0.1873172211111111,0.5623351446467935,-0.10653466666666389
4195,visualizing_soil.csv,0.8,0.0135979999999975,0.0989999999999999,100,0.1595760566666667,0.500402423566243,-0.08540200000000239
4196,visualizing_soil.csv,0.85,0.0164029999999966,0.077,100,0.1272397011111111,0.4227090878341349,-0.0605970000000034
4197,visualizing_soil.csv,0.9,0.003808,0.053,100,0.0899073155555555,0.3250829734197074,-0.049192
4198,visualizing_soil.csv,0.95,0.0103000000000034,0.027,100,0.0474590344444444,0.1985152433742903,-0.0166999999999966
4199,visualizing_soil.csv,0.05,0.0103,0.054,100,0.0474124622222222,0.1985152433742905,-0.0437
4200,visualizing_soil.csv,0.1,0.0053159999999994,0.098,100,0.0899297544444444,0.3250829734197077,-0.0926840000000006
4201,visualizing_soil.csv,0.15,0.0160670000000005,0.132,100,0.1274505277777777,0.4227090878341354,-0.11593299999999951
4202,visualizing_soil.csv,0.2,0.0142673333333346,0.1569999999999999,100,0.1597237155555556,0.5004024235662434,-0.1427326666666653
4203,visualizing_soil.csv,0.25,0.0138000000000017,0.176,100,0.1867168711111111,0.5623351446467941,-0.1621999999999983
4204,visualizing_soil.csv,0.3,0.0105799999999991,0.188,100,0.2097481822222222,0.6108643020828249,-0.1774200000000009
4205,visualizing_soil.csv,0.35,0.0025916666666675,0.195,100,0.2272032222222222,0.6474466390625233,-0.19240833333333252
4206,visualizing_soil.csv,0.4,0.0087310000000018,0.1969999999999999,100,0.23928784,0.673011667037119,-0.1882689999999981
4207,visualizing_soil.csv,0.44,0.0028836666666655,0.196,100,0.24589396,0.6859298002802212,-0.1931163333333345
4208,visualizing_soil.csv,0.49,0.003353666666668,0.191,100,0.2493708844444445,0.6929471672523186,-0.187646333333332
4209,visualizing_soil.csv,0.54,0.0161903333333341,0.1829999999999999,100,0.2480079955555555,0.6899437584862432,-0.1668096666666658
4210,visualizing_soil.csv,0.6,0.0084796666666682,0.167,100,0.2383541111111111,0.7238713124646037,-0.15852033333333182
4211,visualizing_soil.csv,0.65,0.0008393333333316,0.155,100,0.2268889722222222,0.6474466390625229,-0.1541606666666684
4212,visualizing_soil.csv,0.7,0.0108306666666635,0.139,100,0.2095700833333333,0.6108643020828245,-0.12816933333333652
4213,visualizing_soil.csv,0.75,0.0134653333333361,0.12,100,0.1873838788888888,0.5623351446467935,-0.10653466666666389
4214,visualizing_soil.csv,0.8,0.0135979999999975,0.0989999999999999,100,0.1596819822222222,0.500402423566243,-0.08540200000000239
4215,visualizing_soil.csv,0.85,0.0164029999999966,0.077,100,0.1274606488888889,0.4227090878341349,-0.0605970000000034
4216,visualizing_soil.csv,0.9,0.003808,0.053,100,0.0898105988888889,0.3250829734197074,-0.049192
4217,visualizing_soil.csv,0.95,0.0103000000000034,0.027,100,0.0474577822222222,0.1985152433742903,-0.0166999999999966
4218,wind.csv,0.05,0.1402519999999987,0.082,100,0.0833962433333333,2.589175233480742,0.05825199999999871
4219,wind.csv,0.1,0.0559263333333332,0.009,100,0.0772336388888888,2.366483201195684,0.0469263333333332
4220,wind.csv,0.15,0.0430923333333321,0.0219999999999999,100,0.1022634788888888,2.3901265364404,0.0210923333333322
4221,wind.csv,0.2,0.0615503333333333,0.012,100,0.0998613288888888,2.6519912786571584,0.049550333333333293
4222,wind.csv,0.25,0.0139686666666684,0.0769999999999999,100,0.0993011322222222,2.5197059870387024,-0.0630313333333315
4223,wind.csv,0.3,0.0871649999999986,0.038,100,0.1177323333333333,2.709099003487338,0.049164999999998606
4224,wind.csv,0.35,0.0695259999999999,0.049,100,0.1268306788888888,2.667277089659093,0.02052599999999989
4225,wind.csv,0.4,0.0370326666666677,0.0189999999999999,100,0.1272118611111111,2.7625886414816696,0.0180326666666678
4226,wind.csv,0.44,0.0094146666666659,0.0429999999999999,100,0.1285717455555555,2.71774712984825,-0.033585333333334
4227,wind.csv,0.49,0.0545569999999991,0.0749999999999999,100,0.11917219,2.7984914016497213,-0.0204430000000008
4228,wind.csv,0.54,0.003138333333334,0.019,100,0.1260778844444444,2.747560475642109,-0.015861666666666
4229,wind.csv,0.6,0.0632360000000006,0.07,100,0.1090229155555555,2.778392303815996,-0.006763999999999409
4230,wind.csv,0.65,0.0409476666666652,0.038,100,0.1279054877777778,2.6961980414470483,0.0029476666666652038
4231,wind.csv,0.7,0.0379496666666666,0.0009999999999998,100,0.12925684,2.482341304733729,0.0369496666666668
4232,wind.csv,0.75,0.0557319999999973,0.023,100,0.1099454622222222,2.624821984583694,0.0327319999999973
4233,wind.csv,0.8,0.0377879999999977,0.026,100,0.0985889544444444,2.696861488384836,0.0117879999999977
4234,wind.csv,0.85,0.0856123333333306,0.0679999999999999,100,0.0967970344444444,2.616911360611618,0.017612333333330704
4235,wind.csv,0.9,0.0978683333333363,0.067,100,0.0893796666666666,2.5175880198254017,0.0308683333333363
4236,wind.csv,0.95,0.1190646666666676,0.0829999999999999,100,0.0770041377777777,2.576261856062389,0.0360646666666677
4237,wind.csv,0.05,0.1272733333333324,0.0239999999999999,100,0.0767269722222222,2.442001279494462,0.10327333333333251
4238,wind.csv,0.1,0.0796989999999988,0.006,100,0.0792124566666666,2.420559860389904,0.0736989999999988
4239,wind.csv,0.15,0.0564946666666655,0.0369999999999999,100,0.0832520833333333,2.628117873079429,0.0194946666666656
4240,wind.csv,0.2,0.0419729999999985,0.038,100,0.1084314166666666,2.4509044601937173,0.0039729999999984986
4241,wind.csv,0.25,0.0636203333333322,0.024,100,0.1076710788888888,2.715338231785277,0.039620333333332196
4242,wind.csv,0.3,0.0371936666666652,0.0379999999999999,100,0.1172123677777777,2.6434053898383976,-0.0008063333333346995
4243,wind.csv,0.35,0.048161666666665,0.018,100,0.1231176666666667,2.7508692586380667,0.030161666666665
4244,wind.csv,0.4,0.0591346666666678,0.061,100,0.1281000211111111,2.5861095539773378,-0.001865333333332199
4245,wind.csv,0.44,0.0100839999999996,0.0249999999999999,100,0.1234833544444444,2.760101227413293,-0.0149160000000003
4246,wind.csv,0.49,0.0312130000000001,0.007,100,0.1268966433333333,2.6947223955033803,0.0242130000000001
4247,wind.csv,0.54,0.017443666666666,0.033,100,0.1166721544444444,2.841382549448136,-0.015556333333334001
4248,wind.csv,0.6,0.0104756666666681,0.036,100,0.1328079766666666,2.645166439886005,-0.025524333333331897
4249,wind.csv,0.65,0.0524419999999996,0.041,100,0.1278641455555555,2.67616202819237,0.011441999999999598
4250,wind.csv,0.7,0.0859856666666646,0.0949999999999999,100,0.1275127233333333,2.6213406376461137,-0.009014333333335303
4251,wind.csv,0.75,0.0539793333333298,0.042,100,0.1252651766666666,2.5452017730947443,0.011979333333329796
4252,wind.csv,0.8,0.1029636666666636,0.1089999999999999,100,0.1048825555555555,2.7368723890971465,-0.006036333333336308
4253,wind.csv,0.85,0.008676333333333,0.056,100,0.0739269722222222,2.470909588594868,-0.047323666666667
4254,wind.csv,0.9,0.109846000000003,0.0909999999999999,100,0.0923547822222222,2.606768715624728,0.018846000000003096
4255,wind.csv,0.95,0.0082010000000032,0.011,100,0.0499541066666666,2.4094086739571927,-0.002798999999996799
4256,wine-q-red.csv,0.05,0.0640913333333331,0.082,100,0.0674873066666666,2.763611451651426,-0.017908666666666906
4257,wine-q-red.csv,0.1,0.1832320000000001,0.134,100,0.0767741011111111,2.8018213214476253,0.04923200000000008
4258,wine-q-red.csv,0.15,0.0496386666666666,0.0369999999999999,100,0.0684683766666666,2.717200799830765,0.0126386666666667
4259,wine-q-red.csv,0.2,0.134506999999999,0.13,100,0.0961267066666666,2.755078673344019,0.004506999999998984
4260,wine-q-red.csv,0.25,0.0513343333333335,0.009,100,0.0822556388888889,2.836123564377686,0.0423343333333335
4261,wine-q-red.csv,0.3,0.1453146666666668,0.138,100,0.0920338611111111,2.903093133404617,0.007314666666666775
4262,wine-q-red.csv,0.35,0.0140770000000007,0.018,100,0.0865521511111111,2.835148394641232,-0.003922999999999299
4263,wine-q-red.csv,0.4,0.0422083333333345,0.066,100,0.0896940622222222,2.883856697102089,-0.023791666666665504
4264,wine-q-red.csv,0.44,0.0570713333333331,0.004,100,0.0863423288888888,2.900116346691564,0.053071333333333096
4265,wine-q-red.csv,0.49,0.0376353333333332,0.034,100,0.1049932711111111,2.829306209540817,0.003635333333333199
4266,wine-q-red.csv,0.54,0.0088450000000002,0.023,100,0.0928372399999999,2.871185080741699,-0.0141549999999998
4267,wine-q-red.csv,0.6,0.3632000000000021,0.008,100,0.0698984211111111,2.877399817237154,0.35520000000000207
4268,wine-q-red.csv,0.65,0.1243913333333347,0.0639999999999999,100,0.0792770177777777,2.8060905675260184,0.060391333333334796
4269,wine-q-red.csv,0.7,0.1435836666666656,0.0289999999999999,100,0.0730247066666666,2.866986269265261,0.11458366666666571
4270,wine-q-red.csv,0.75,0.0139666666666652,0.01,100,0.0857841455555555,2.8041545360968048,0.003966666666665199
4271,wine-q-red.csv,0.8,0.0096746666666701,0.0999999999999999,100,0.0827140211111111,2.553330492536377,-0.09032533333332979
4272,wine-q-red.csv,0.85,0.0183323333333296,0.1070000000000001,100,0.0683501111111111,2.630822083539234,-0.0886676666666705
4273,wine-q-red.csv,0.9,0.0087430000000013,0.0999999999999999,100,0.0647389988888888,2.6938730238602413,-0.09125699999999859
4274,wine-q-red.csv,0.95,0.017716666666666,0.0759999999999999,100,0.0614119822222222,2.772721864635783,-0.0582833333333339
4275,wine-q-red.csv,0.05,0.0630896666666664,0.0099999999999999,100,0.0690374488888889,2.7461464233344706,0.05308966666666651
4276,wine-q-red.csv,0.1,0.0103383333333332,0.119,100,0.0672634177777777,2.76484319196328,-0.1086616666666668
4277,wine-q-red.csv,0.15,0.1038329999999997,0.102,100,0.0789551677777777,2.7746576395018483,0.0018329999999997099
4278,wine-q-red.csv,0.2,0.085998,0.008,100,0.07744531,2.7960668608883856,0.07799800000000001
4279,wine-q-red.csv,0.25,0.1691743333333329,0.2,100,0.0780608566666666,2.9303248762896565,-0.030825666666667112
4280,wine-q-red.csv,0.3,0.148180333333333,0.127,100,0.0947893544444444,2.872830673191888,0.021180333333332996
4281,wine-q-red.csv,0.35,0.017071666666667,0.0099999999999999,100,0.0964296622222222,2.8179007761408656,0.007071666666667099
4282,wine-q-red.csv,0.4,0.0366953333333338,0.077,100,0.0761791766666666,2.850366144705213,-0.0403046666666662
4283,wine-q-red.csv,0.44,0.0720616666666667,0.099,100,0.0883072177777777,2.831832924932999,-0.0269383333333333
4284,wine-q-red.csv,0.49,0.0471836666666661,0.008,100,0.0839026177777777,2.9363617063733893,0.0391836666666661
4285,wine-q-red.csv,0.54,0.1060823333333349,0.0689999999999999,100,0.0836766177777777,2.9100966242160995,0.03708233333333501
4286,wine-q-red.csv,0.6,0.1119043333333347,0.1059999999999999,100,0.0934239322222221,2.8427000621312724,0.005904333333334802
4287,wine-q-red.csv,0.65,0.0701186666666685,0.002,100,0.0858848488888888,2.85832341188812,0.06811866666666849
4288,wine-q-red.csv,0.7,0.0864676666666637,0.142,100,0.0773530877777777,2.7133158238625894,-0.05553233333333629
4289,wine-q-red.csv,0.75,0.008305,0.032,100,0.0775631944444444,2.809636502791001,-0.023695
4290,wine-q-red.csv,0.8,0.0841419999999962,0.021,100,0.0892067322222222,2.729034597756857,0.0631419999999962
4291,wine-q-red.csv,0.85,0.0191536666666662,0.013,100,0.0738245377777777,2.6196860427729804,0.006153666666666202
4292,wine-q-red.csv,0.9,0.0053950000000009,0.048,100,0.0623076388888888,2.6316369657552223,-0.0426049999999991
4293,wine-q-red.csv,0.95,0.0033873333333338,0.0449999999999999,100,0.05824571,2.702767164814253,-0.041612666666666104
4294,wine-q-white.csv,0.05,0.0763363333333329,0.045,100,0.0708608655555555,2.836552242334818,0.0313363333333329
4295,wine-q-white.csv,0.1,0.3654176666666656,0.183,100,0.0861363066666666,2.8709760085487104,0.1824176666666656
4296,wine-q-white.csv,0.15,0.1128663333333334,0.062,100,0.0664344711111111,2.8523412580489884,0.0508663333333334
4297,wine-q-white.csv,0.2,0.1691723333333324,0.072,100,0.0791001988888888,2.849513899061258,0.0971723333333324
4298,wine-q-white.csv,0.25,0.4570570000000005,0.158,100,0.0895105988888888,2.888106923481925,0.29905700000000046
4299,wine-q-white.csv,0.3,0.4122453333333335,0.025,100,0.0755083955555555,2.8834366473208606,0.3872453333333335
4300,wine-q-white.csv,0.35,0.0835049999999991,0.0819999999999999,100,0.0810472655555555,2.8991340916337576,0.0015049999999991875
4301,wine-q-white.csv,0.4,0.1605543333333329,0.045,100,0.0868011322222222,2.9007154471261,0.11555433333333291
4302,wine-q-white.csv,0.44,0.3307943333333343,0.012,100,0.0886507777777777,2.8690593954309453,0.3187943333333343
4303,wine-q-white.csv,0.49,0.2597720000000012,0.032,100,0.0866909955555555,2.8338354744481205,0.22777200000000122
4304,wine-q-white.csv,0.54,0.214191666666666,0.0959999999999999,100,0.0881369988888888,2.7152204144547745,0.1181916666666661
4305,wine-q-white.csv,0.6,0.2875826666666641,0.03,100,0.0693509377777777,2.791627379238631,0.2575826666666641
4306,wine-q-white.csv,0.65,0.1339486666666643,0.002,100,0.07859936,2.716900567577805,0.1319486666666643
4307,wine-q-white.csv,0.7,0.1539816666666655,0.0329999999999999,100,0.0699404622222222,2.7119252182333318,0.1209816666666656
4308,wine-q-white.csv,0.75,0.0872146666666665,0.0529999999999999,100,0.0734565277777777,2.678579708067577,0.034214666666666595
4309,wine-q-white.csv,0.8,0.0433146666666688,0.088,100,0.0719759066666666,2.7226513441779523,-0.0446853333333312
4310,wine-q-white.csv,0.85,0.0333923333333312,0.0719999999999999,100,0.0661802433333333,2.640785693629738,-0.0386076666666687
4311,wine-q-white.csv,0.9,0.0866530000000036,0.018,100,0.0399919511111111,2.549631611641185,0.0686530000000036
4312,wine-q-white.csv,0.95,0.002157000000002,0.1369999999999999,100,0.04695251,2.5256606622187805,-0.1348429999999979
4313,wine-q-white.csv,0.05,0.0227423333333334,0.089,100,0.0568223233333333,2.8171462143642394,-0.0662576666666666
4314,wine-q-white.csv,0.1,0.138598333333333,0.0799999999999999,100,0.0701085555555555,2.8280327698740733,0.058598333333333086
4315,wine-q-white.csv,0.15,0.2100443333333324,0.115,100,0.0743583155555555,2.871315090155563,0.09504433333333238
4316,wine-q-white.csv,0.2,0.3170069999999993,0.149,100,0.0858736488888888,2.8535850747877967,0.16800699999999932
4317,wine-q-white.csv,0.25,0.3763033333333336,0.065,100,0.0811335677777777,2.8349108437630584,0.3113033333333336
4318,wine-q-white.csv,0.3,0.3748916666666668,0.098,100,0.0774845277777777,2.821638584113562,0.27689166666666676
4319,wine-q-white.csv,0.35,0.3854480000000017,0.089,100,0.0850941066666666,2.8648197722793274,0.2964480000000017
4320,wine-q-white.csv,0.4,0.293985000000001,0.0339999999999999,100,0.0880907322222222,2.8292521771995203,0.2599850000000011
4321,wine-q-white.csv,0.44,0.3043216666666674,0.077,100,0.089085,2.8364206900663422,0.22732166666666737
4322,wine-q-white.csv,0.49,0.2966309999999978,0.034,100,0.0747369455555555,2.8476677205467524,0.26263099999999784
4323,wine-q-white.csv,0.54,0.1798076666666686,0.1049999999999999,100,0.083598,2.72510902577542,0.07480766666666869
4324,wine-q-white.csv,0.6,0.1445793333333344,0.008,100,0.0819940122222222,2.8369722921147176,0.13657933333333439
4325,wine-q-white.csv,0.65,0.246446999999999,0.1009999999999999,100,0.0626881988888889,2.705993436783927,0.1454469999999991
4326,wine-q-white.csv,0.7,0.1677463333333295,0.057,100,0.0688366044444444,2.687458987589348,0.1107463333333295
4327,wine-q-white.csv,0.75,0.1083190000000015,0.1009999999999999,100,0.0700988488888889,2.739931686836485,0.007319000000001602
4328,wine-q-white.csv,0.8,0.1358796666666677,0.09,100,0.0606069722222222,2.6590878837231275,0.04587966666666771
4329,wine-q-white.csv,0.85,0.1366530000000037,0.049,100,0.0396206711111111,2.49809216711725,0.08765300000000369
4330,wine-q-white.csv,0.9,0.0163586666666685,0.014,100,0.0570336566666666,2.5025677573907665,0.0023586666666684988
4331,wine-q-white.csv,0.95,0.0066556666666655,0.0439999999999999,100,0.0522106177777777,2.56856575194996,-0.0373443333333344
4332,wine.1.csv,0.05,0.0149,0.046,100,0.0315399322222222,1.293033546384133,-0.0311
4333,wine.1.csv,0.1,0.0097473333333334,0.078,100,0.0616803333333333,1.5555665244975156,-0.0682526666666666
4334,wine.1.csv,0.15,0.0197466666666672,0.0379999999999999,100,0.0801493544444444,1.6287126484981935,-0.018253333333332702
4335,wine.1.csv,0.2,0.037444,0.152,100,0.0937841111111111,1.767799053752215,-0.11455599999999999
4336,wine.1.csv,0.25,0.0390823333333343,0.146,100,0.10779131,1.825665878063771,-0.10691766666666569
4337,wine.1.csv,0.3,0.0362736666666664,0.0249999999999999,100,0.1344220399999999,1.886291930607442,0.011273666666666498
4338,wine.1.csv,0.35,0.0345296666666677,0.0669999999999999,100,0.13318339,2.150955186419512,-0.032470333333332206
4339,wine.1.csv,0.4,0.0425513333333325,0.041,100,0.1513340488888889,2.011649557740254,0.0015513333333324955
4340,wine.1.csv,0.44,0.0772796666666659,0.1119999999999999,100,0.1473687677777777,2.145161727337946,-0.034720333333334005
4341,wine.1.csv,0.49,0.1035020000000011,0.1709999999999999,100,0.1308801066666666,2.3258598617042265,-0.06749799999999881
4342,wine.1.csv,0.54,0.0739360000000008,0.08,100,0.1588863155555555,2.0694279836988594,-0.006063999999999195
4343,wine.1.csv,0.6,0.0642243333333324,0.0769999999999999,100,0.1413184711111111,2.4390633612855264,-0.012775666666667504
4344,wine.1.csv,0.65,0.0661886666666665,0.062,100,0.13444131,2.3961604022362666,0.004188666666666507
4345,wine.1.csv,0.7,0.0882573333333315,0.0589999999999999,100,0.1327323322222222,2.242792371675198,0.029257333333331595
4346,wine.1.csv,0.75,0.0810699999999993,0.0929999999999999,100,0.1228971944444444,2.393176805687294,-0.011930000000000607
4347,wine.1.csv,0.8,0.0630570000000029,0.1039999999999999,100,0.1193388711111111,2.2085960688650728,-0.040942999999996996
4348,wine.1.csv,0.85,0.1039370000000018,0.0899999999999999,100,0.1081519766666666,2.104526584728705,0.013937000000001906
4349,wine.1.csv,0.9,0.0700003333333323,0.0879999999999999,100,0.0827473733333333,2.1949258745339963,-0.017999666666667594
4350,wine.1.csv,0.95,0.0353163333333313,0.0429999999999999,100,0.0591852211111111,2.09647105404584,-0.007683666666668601
4351,wine.1.csv,0.05,0.010216,0.0119999999999999,100,0.0460785277777777,1.2631809086943495,-0.0017839999999999002
4352,wine.1.csv,0.1,0.0165243333333333,0.012,100,0.0595860122222222,1.455695049360426,0.0045243333333333
4353,wine.1.csv,0.15,0.0192453333333338,0.0479999999999999,100,0.0889422622222222,1.541030947410087,-0.028754666666666095
4354,wine.1.csv,0.2,0.0395410000000001,0.08,100,0.0897930433333333,1.802603870756886,-0.040458999999999905
4355,wine.1.csv,0.25,0.0138000000000017,0.064,100,0.1307197011111111,1.722108611694539,-0.0501999999999983
4356,wine.1.csv,0.3,0.0638840000000017,0.0659999999999999,100,0.1156572933333333,2.083309230716282,-0.0021159999999982027
4357,wine.1.csv,0.35,0.038061000000001,0.0289999999999999,100,0.1387023333333333,2.0425658885084284,0.009061000000001096
4358,wine.1.csv,0.4,0.0667443333333352,0.164,100,0.14373411,2.1496614732658723,-0.09725566666666481
4359,wine.1.csv,0.44,0.0506613333333351,0.002,100,0.1615185377777778,2.049812622720048,0.0486613333333351
4360,wine.1.csv,0.49,0.0361503333333336,0.0169999999999999,100,0.1650327322222222,2.0149324381400526,0.019150333333333696
4361,wine.1.csv,0.54,0.0862343333333336,0.122,100,0.1563683511111111,2.2203605030187794,-0.035765666666666404
4362,wine.1.csv,0.6,0.0573636666666655,0.0539999999999999,100,0.1584936388888889,2.194325031244217,0.003363666666665599
4363,wine.1.csv,0.65,0.1088696666666656,0.155,100,0.1372252655555555,2.339611559039376,-0.0461303333333344
4364,wine.1.csv,0.7,0.0846486666666644,0.1029999999999999,100,0.1428650177777778,2.286888486854823,-0.018351333333335496
4365,wine.1.csv,0.75,0.0842506666666658,0.121,100,0.1324205066666666,2.3040050154833494,-0.0367493333333342
4366,wine.1.csv,0.8,0.0427256666666656,0.045,100,0.1189883822222222,2.231368957548073,-0.002274333333334398
4367,wine.1.csv,0.85,0.0579046666666714,0.121,100,0.0942427677777778,2.333957883579114,-0.06309533333332859
4368,wine.1.csv,0.9,0.0730126666666665,0.127,100,0.0818454844444444,2.20826276975032,-0.0539873333333335
4369,wine.1.csv,0.95,0.0597470000000013,0.0999999999999999,100,0.0653889377777777,2.112585868397548,-0.040252999999998595
4370,wine.2.csv,0.05,0.015151,0.029,100,0.0368452266666666,1.9870277299905756,-0.013849000000000002
4371,wine.2.csv,0.1,0.0147669999999994,0.003,100,0.0676813377777777,1.914398574423404,0.0117669999999994
4372,wine.2.csv,0.15,0.0061560000000004,0.001,100,0.0784483322222222,2.009494833528544,0.0051560000000004
4373,wine.2.csv,0.2,0.0136816666666679,0.0489999999999999,100,0.1095226399999999,1.9375099826585416,-0.035318333333331994
4374,wine.2.csv,0.25,0.036647000000001,0.075,100,0.1119839733333333,2.1712001541860304,-0.038352999999999
4375,wine.2.csv,0.3,0.026400333333333,0.088,100,0.1407113155555555,2.0836704404507,-0.061599666666667
4376,wine.2.csv,0.35,0.0557376666666668,0.117,100,0.1376866044444444,2.2385990980693564,-0.0612623333333332
4377,wine.2.csv,0.4,0.0348533333333332,0.0879999999999999,100,0.1513928655555555,2.3144006822203136,-0.053146666666666696
4378,wine.2.csv,0.44,0.0254763333333347,0.1389999999999999,100,0.1533904177777778,2.3399471408568737,-0.1135236666666652
4379,wine.2.csv,0.49,0.0549753333333322,0.063,100,0.15630496,2.369111227907496,-0.008024666666667797
4380,wine.2.csv,0.54,0.0732650000000005,0.0569999999999999,100,0.1469039766666666,2.44956173016533,0.0162650000000006
4381,wine.2.csv,0.6,0.0622999999999992,0.061,100,0.1608192122222222,2.317443891068101,0.0012999999999992046
4382,wine.2.csv,0.65,0.0568926666666669,0.0,100,0.1427491944444444,2.429767416446017,0.0568926666666669
4383,wine.2.csv,0.7,0.0417073333333321,0.039,100,0.1264037511111111,2.245459218706042,0.0027073333333320973
4384,wine.2.csv,0.75,0.0076090000000011,0.071,100,0.1158033822222222,2.214035004035857,-0.06339099999999889
4385,wine.2.csv,0.8,0.0130173333333376,0.0359999999999999,100,0.1135066788888888,2.1234133180723367,-0.0229826666666623
4386,wine.2.csv,0.85,0.0253460000000013,0.054,100,0.0991051322222222,1.9792011644922112,-0.028653999999998698
4387,wine.2.csv,0.9,0.0541699999999976,0.053,100,0.0783769999999999,1.97710297356786,0.0011699999999976035
4388,wine.2.csv,0.95,0.0107183333333366,0.012,100,0.0515602711111111,1.732830281908779,-0.0012816666666634006
4389,wine.2.csv,0.05,0.0143116666666667,0.025,100,0.0406563055555555,1.7097236512375182,-0.010688333333333301
4390,wine.2.csv,0.1,0.0090776666666659,0.031,100,0.0663534166666666,1.969391999957403,-0.0219223333333341
4391,wine.2.csv,0.15,0.0006080000000001,0.001,100,0.0805119955555555,2.0477284947158814,-0.0003919999999999
4392,wine.2.csv,0.2,0.0351200000000006,0.005,100,0.0973909066666666,2.0900181115453424,0.0301200000000006
4393,wine.2.csv,0.25,0.0598330000000012,0.011,100,0.1109031066666666,2.092944076076459,0.048833000000001195
4394,wine.2.csv,0.3,0.0522540000000012,0.033,100,0.14218091,2.026533887991941,0.0192540000000012
4395,wine.2.csv,0.35,0.0176680000000019,0.044,100,0.1506705555555555,2.040041515300364,-0.026331999999998097
4396,wine.2.csv,0.4,0.0195420000000012,0.0549999999999999,100,0.14696611,2.3316164164830986,-0.0354579999999987
4397,wine.2.csv,0.44,0.0303390000000017,0.011,100,0.1433735555555555,2.365356852748194,0.019339000000001702
4398,wine.2.csv,0.49,0.0517959999999989,0.054,100,0.1516055322222222,2.385618563335828,-0.002204000000001101
4399,wine.2.csv,0.54,0.0133439999999994,0.0789999999999999,100,0.1564752488888888,2.4162490384157387,-0.0656560000000005
4400,wine.2.csv,0.6,0.0380366666666655,0.07,100,0.1585359733333333,2.297944064033385,-0.03196333333333451
4401,wine.2.csv,0.65,0.0412716666666653,0.038,100,0.1494509377777777,2.2813422832014614,0.003271666666665299
4402,wine.2.csv,0.7,0.0413829999999997,0.049,100,0.1332247288888888,2.338792783179877,-0.007617000000000304
4403,wine.2.csv,0.75,0.0116343333333294,0.061,100,0.1286499677777777,2.2862465428249164,-0.049365666666670596
4404,wine.2.csv,0.8,0.0245240000000011,0.019,100,0.1088432222222222,2.1884495763535443,0.005524000000001101
4405,wine.2.csv,0.85,0.0596616666666717,0.034,100,0.0966443733333333,2.213861923802713,0.025661666666671697
4406,wine.2.csv,0.9,0.0526606666666643,0.021,100,0.0780231288888888,1.941449279184342,0.0316606666666643
4407,wine.2.csv,0.95,0.0353999999999978,0.0049999999999998,100,0.0597209011111111,1.903587070375428,0.030399999999998
4408,wine.3.csv,0.05,0.0137236666666667,0.031,100,0.0413869733333333,1.6660521368445278,-0.0172763333333333
4409,wine.3.csv,0.1,0.035623666666666,0.039,100,0.0752615322222222,1.4751684431541174,-0.0033763333333340015
4410,wine.3.csv,0.15,0.0139776666666665,0.104,100,0.0995961011111111,1.7814838760540517,-0.0900223333333335
4411,wine.3.csv,0.2,0.0108329999999989,0.106,100,0.1193825455555555,1.8363855216465936,-0.0951670000000011
4412,wine.3.csv,0.25,0.000506999999999,0.162,100,0.1409128888888889,1.777855429762683,-0.161493000000001
4413,wine.3.csv,0.3,0.0115846666666658,0.1689999999999999,100,0.1554557777777778,1.8651388235517896,-0.1574153333333341
4414,wine.3.csv,0.35,0.032717333333332,0.2019999999999999,100,0.1621044211111111,2.0870874946724243,-0.1692826666666679
4415,wine.3.csv,0.4,0.0084879999999982,0.171,100,0.1599459511111111,2.0219897972604706,-0.16251200000000182
4416,wine.3.csv,0.44,0.0038039999999988,0.1609999999999999,100,0.1726350344444444,2.028853351478023,-0.15719600000000108
4417,wine.3.csv,0.49,0.0094246666666661,0.196,100,0.1818334622222223,2.046247354327015,-0.1865753333333339
4418,wine.3.csv,0.54,0.0126746666666657,0.2,100,0.1688634877777778,2.1028231497410523,-0.18732533333333432
4419,wine.3.csv,0.6,0.0066320000000009,0.3359999999999999,100,0.1773956122222222,1.8765488053509027,-0.329367999999999
4420,wine.3.csv,0.65,0.0096186666666664,0.21,100,0.1627513333333333,1.9808628007452616,-0.20038133333333358
4421,wine.3.csv,0.7,0.0004603333333295,0.2119999999999999,100,0.14947096,2.065225798532398,-0.2115396666666704
4422,wine.3.csv,0.75,0.0243839999999994,0.0649999999999999,100,0.1260122344444444,2.057297886488806,-0.040616000000000506
4423,wine.3.csv,0.8,0.0130959999999975,0.053,100,0.1190779733333333,1.8088714501848924,-0.0399040000000025
4424,wine.3.csv,0.85,0.0070926666666647,0.0399999999999999,100,0.0806538611111111,1.9988735848334995,-0.0329073333333352
4425,wine.3.csv,0.9,0.0138526666666676,0.0649999999999999,100,0.0716285099999999,1.760916480078322,-0.05114733333333231
4426,wine.3.csv,0.95,0.0148999999999999,0.043,100,0.0384652655555555,1.671769650656444,-0.028100000000000097
4427,wine.3.csv,0.05,0.0103,0.04,100,0.0478883766666666,1.4587787841507485,-0.0297
4428,wine.3.csv,0.1,0.031440666666666,0.074,100,0.0752228622222222,1.4358263074653614,-0.042559333333334
4429,wine.3.csv,0.15,0.0255249999999994,0.12,100,0.1028076388888889,1.7199072067570853,-0.0944750000000006
4430,wine.3.csv,0.2,0.0107489999999989,0.132,100,0.1249145555555555,1.471357001613994,-0.12125100000000111
4431,wine.3.csv,0.25,0.0062799999999996,0.16,100,0.1369793455555555,1.7607534782425902,-0.1537200000000004
4432,wine.3.csv,0.3,0.0458153333333327,0.1569999999999999,100,0.1363486788888889,2.0233298508201454,-0.11118466666666718
4433,wine.3.csv,0.35,0.0089500000000014,0.1869999999999999,100,0.1685486177777777,1.86119249210178,-0.1780499999999985
4434,wine.3.csv,0.4,0.0094953333333314,0.162,100,0.1738410877777778,1.9782764253577996,-0.1525046666666686
4435,wine.3.csv,0.44,0.0017129999999994,0.206,100,0.1692391944444444,2.0506218827214644,-0.20428700000000058
4436,wine.3.csv,0.49,0.0210073333333341,0.1459999999999999,100,0.17291275,2.0274254105961327,-0.12499266666666581
4437,wine.3.csv,0.54,0.0216286666666677,0.098,100,0.1583543333333333,2.3011389833168416,-0.0763713333333323
4438,wine.3.csv,0.6,0.0026893333333339,0.244,100,0.1802800211111111,1.911757909538916,-0.2413106666666661
4439,wine.3.csv,0.65,0.0082799999999999,0.222,100,0.1672182788888888,1.9990252456641209,-0.2137200000000001
4440,wine.3.csv,0.7,0.0047270000000045,0.2209999999999999,100,0.1564716044444444,1.8628657616776327,-0.21627299999999539
4441,wine.3.csv,0.75,0.0138000000000029,0.127,100,0.1321016666666666,2.059771939083942,-0.11319999999999711
4442,wine.3.csv,0.8,0.0012153333333294,0.134,100,0.1161136388888888,1.8810868956612068,-0.1327846666666706
4443,wine.3.csv,0.85,0.0056646666666652,0.0929999999999999,100,0.0930589155555555,1.9324839788587675,-0.08733533333333471
4444,wine.3.csv,0.9,0.0128426666666682,0.054,100,0.0690478611111111,1.689959537307727,-0.0411573333333318
4445,wine.3.csv,0.95,0.013808,0.05,100,0.0413272122222222,1.6059687924251411,-0.036192
4446,winetype.csv,0.05,0.0209256666666667,0.0259999999999999,100,0.0547240711111111,1.0542066062024065,-0.005074333333333202
4447,winetype.csv,0.1,0.0121779999999994,0.033,100,0.0852844044444444,1.0783482275781036,-0.020822000000000604
4448,winetype.csv,0.15,0.0066680000000005,0.046,100,0.1159992146527777,1.214469588603826,-0.0393319999999995
4449,winetype.csv,0.2,0.0361159999999982,0.0919999999999999,100,0.1569959822222222,1.3344058576527902,-0.0558840000000017
4450,winetype.csv,0.25,0.0072740000000015,0.096,100,0.1693160985416666,1.5024070352890986,-0.0887259999999985
4451,winetype.csv,0.3,0.0116679999999991,0.098,100,0.19419219,1.3164555269576304,-0.08633200000000091
4452,winetype.csv,0.35,0.0107123333333345,0.087,100,0.1992166491777777,1.5135756286459925,-0.07628766666666549
4453,winetype.csv,0.4,0.0149446666666652,0.125,100,0.2138109726222222,1.51516895887169,-0.1100553333333348
4454,winetype.csv,0.44,0.001963333333332,0.096,100,0.2161083763194443,1.4624411521521117,-0.094036666666668
4455,winetype.csv,0.49,0.006139,0.131,100,0.2289775174594907,1.1803073144126364,-0.124861
4456,winetype.csv,0.54,0.0239713333333343,0.1169999999999999,100,0.2231441441777778,1.3759661154271698,-0.0930286666666656
4457,winetype.csv,0.6,0.0159436666666689,0.1099999999999999,100,0.2053230370666666,1.2859885170153769,-0.09405633333333101
4458,winetype.csv,0.65,0.005687666666667,0.0979999999999999,100,0.2029808117851851,1.273009166063395,-0.09231233333333291
4459,winetype.csv,0.7,0.0110816666666635,0.081,100,0.191921601386111,1.1663260705617604,-0.0699183333333365
4460,winetype.csv,0.75,0.0119593333333357,0.0849999999999999,100,0.1726096721925926,1.0926590549058863,-0.0730406666666642
4461,winetype.csv,0.8,0.011673666666664,0.0619999999999999,100,0.1462055252777777,1.0552735968156708,-0.0503263333333359
4462,winetype.csv,0.85,0.0045003333333315,0.065,100,0.1241119052777777,0.8246328602589015,-0.060499666666668506
4463,winetype.csv,0.9,0.0077410000000008,0.038,100,0.0852806433333333,0.7573142145883278,-0.0302589999999992
4464,winetype.csv,0.95,0.0143116666666667,0.027,100,0.0407039963259259,0.5516835249867791,-0.0126883333333333
4465,winetype.csv,0.05,0.0103836666666666,0.001,100,0.0511001011111111,1.1393225238251348,0.0093836666666666
4466,winetype.csv,0.1,0.0156083333333329,0.0279999999999999,100,0.0860220622222222,1.1385896465929974,-0.012391666666667
4467,winetype.csv,0.15,0.0127226666666665,0.074,100,0.1274596700305555,1.2083520581842897,-0.061277333333333496
4468,winetype.csv,0.2,0.0115043333333322,0.0959999999999999,100,0.1573455233333333,1.246062239987905,-0.0844956666666677
4469,winetype.csv,0.25,0.0356470000000003,0.1119999999999999,100,0.1752297941666666,1.536420730556111,-0.0763529999999996
4470,winetype.csv,0.3,0.0115003333333324,0.098,100,0.19097444,1.364304203086494,-0.0864996666666676
4471,winetype.csv,0.35,0.0117163333333346,0.114,100,0.2059967499999999,1.4447268100976711,-0.1022836666666654
4472,winetype.csv,0.4,0.0074713333333352,0.127,100,0.2221762399999999,1.1951522677926305,-0.1195286666666648
4473,winetype.csv,0.44,0.0024653333333322,0.107,100,0.2249972933333333,1.281829983099662,-0.1045346666666678
4474,winetype.csv,0.49,0.0139546666666672,0.12,100,0.2223293417888888,1.4231763905474752,-0.1060453333333328
4475,winetype.csv,0.54,0.0162740000000009,0.0989999999999999,100,0.2230347402083333,1.389397965026386,-0.082725999999999
4476,winetype.csv,0.6,0.0125106666666688,0.1149999999999999,100,0.2153725599246914,1.22834093797808,-0.1024893333333311
4477,winetype.csv,0.65,0.001173666666665,0.0919999999999999,100,0.2060956103703703,1.1680516801422898,-0.0908263333333349
4478,winetype.csv,0.7,0.0148550000000049,0.09,100,0.1802017851851852,1.257219417553581,-0.07514499999999509
4479,winetype.csv,0.75,0.0061026666666675,0.0969999999999999,100,0.1770874444444444,0.9975477432957942,-0.0908973333333324
4480,winetype.csv,0.8,0.0145183333333309,0.0739999999999999,100,0.1357247795111111,1.0621890341315194,-0.059481666666669
4481,winetype.csv,0.85,0.0174113333333296,0.059,100,0.1147798098965277,0.7208881846750961,-0.041588666666670396
4482,winetype.csv,0.9,0.0038086666666669,0.047,100,0.0778946697222222,0.8984006855695477,-0.0431913333333331
4483,winetype.csv,0.95,0.0096280000000033,0.025,100,0.0441268626372685,0.6123245546260394,-0.0153719999999967
4484,yeast.csv,0.05,0.0309640000000001,0.081,100,0.0354063677777777,2.635132528632852,-0.0500359999999999
4485,yeast.csv,0.1,0.0869043333333334,0.044,100,0.0351997155555555,2.6158060394171265,0.042904333333333405
4486,yeast.csv,0.15,0.1337223333333334,0.008,100,0.0429527777777777,2.6820938096427804,0.12572233333333338
4487,yeast.csv,0.2,0.1825503333333334,0.0219999999999999,100,0.0427914266666666,2.6973221629338253,0.1605503333333335
4488,yeast.csv,0.25,0.2355640000000001,0.181,100,0.0479713455555555,2.818260021689099,0.05456400000000011
4489,yeast.csv,0.3,0.2876563333333334,0.013,100,0.0443570344444444,2.7237546179340524,0.2746563333333334
4490,yeast.csv,0.35,0.3359826666666667,0.0119999999999999,100,0.0473648211111111,2.718340687812128,0.3239826666666668
4491,yeast.csv,0.4,0.3596730000000001,0.077,100,0.0569061511111111,2.718498056035421,0.28267300000000006
4492,yeast.csv,0.44,0.4204543333333335,0.0949999999999999,100,0.0524312222222222,2.775978577554605,0.32545433333333357
4493,yeast.csv,0.49,0.4741403333333334,0.0439999999999999,100,0.0523153899999999,2.810388690903689,0.43014033333333346
4494,yeast.csv,0.54,0.5155950000000001,0.023,100,0.0585146666666666,2.8554864921871164,0.4925950000000001
4495,yeast.csv,0.6,0.5764326666666668,0.0679999999999999,100,0.0578865555555555,2.821206786862474,0.508432666666667
4496,yeast.csv,0.65,0.6259306666666669,0.0739999999999999,100,0.0575130788888888,2.788840246408252,0.551930666666667
4497,yeast.csv,0.7,0.6801190000000001,0.2259999999999999,100,0.0543950877777777,2.6851527087729794,0.4541190000000003
4498,yeast.csv,0.75,0.7276060000000001,0.124,100,0.0546384266666666,2.831604833040136,0.6036060000000001
4499,yeast.csv,0.8,0.3614776666666663,0.09,100,0.0564249099999999,2.8321229653002824,0.2714776666666663
4500,yeast.csv,0.85,0.8324640000000001,0.2129999999999999,100,0.0530447288888888,2.8530334727393845,0.6194640000000002
4501,yeast.csv,0.9,0.8768506666666668,0.297,100,0.05593739,2.836130649698939,0.5798506666666667
4502,yeast.csv,0.95,0.5838496666666662,0.0369999999999999,100,0.0481940566666666,2.804818272100823,0.5468496666666662
4503,yeast.csv,0.05,0.0357330000000001,0.02,100,0.0376477955555555,2.496419937592372,0.015733000000000098
4504,yeast.csv,0.1,0.0884940000000001,0.005,100,0.0265158433333333,2.5899254673958487,0.0834940000000001
4505,yeast.csv,0.15,0.1104310000000001,0.06,100,0.0484800399999999,2.6447936431992085,0.0504310000000001
4506,yeast.csv,0.2,0.1691513333333334,0.033,100,0.0483042488888888,2.611456899746942,0.1361513333333334
4507,yeast.csv,0.25,0.2110176666666668,0.009,100,0.0488230344444444,2.6234650610334835,0.2020176666666668
4508,yeast.csv,0.3,0.285899,0.098,100,0.0473208177777777,2.78444940738621,0.187899
4509,yeast.csv,0.35,0.3372376666666667,0.1669999999999999,100,0.0432912266666666,2.564655860962631,0.17023766666666681
4510,yeast.csv,0.4,0.3843070000000001,0.007,100,0.0505679377777777,2.765223972923631,0.3773070000000001
4511,yeast.csv,0.44,0.4186943333333334,0.0449999999999999,100,0.0495650877777777,2.823451948015954,0.37369433333333346
4512,yeast.csv,0.49,0.4659293333333335,0.0829999999999999,100,0.0579098044444444,2.817136755377616,0.38292933333333357
4513,yeast.csv,0.54,0.5219613333333335,0.0399999999999999,100,0.0519046877777777,2.8714260798695683,0.4819613333333336
4514,yeast.csv,0.6,0.5573350000000001,0.1129999999999999,100,0.0647903955555555,2.847219766325368,0.44433500000000026
4515,yeast.csv,0.65,0.6274380000000002,0.04,100,0.0569424122222222,2.8870315541682428,0.5874380000000001
4516,yeast.csv,0.7,0.6626133333333334,0.2739999999999999,100,0.0606888399999999,2.7453872919461086,0.3886133333333335
4517,yeast.csv,0.75,0.7307053333333334,0.156,100,0.0541900211111111,2.820124145318901,0.5747053333333334
4518,yeast.csv,0.8,0.7799503333333335,0.1139999999999999,100,0.0484394711111111,2.818420052643643,0.6659503333333336
4519,yeast.csv,0.85,0.513917999999999,0.0289999999999999,100,0.0431310877777777,2.854396765320846,0.48491799999999907
4520,yeast.csv,0.9,0.8771873333333335,0.2269999999999999,100,0.0510163766666666,2.786264489776568,0.6501873333333337
4521,yeast.csv,0.95,0.9273546666666668,0.2149999999999999,100,0.0499018611111111,2.8287249845655658,0.7123546666666669
