dataset,prevalencia_real,erro_moss,erro_dys,n_amostras,var_scores,entropy
1460_banana.csv,0.05,0.08268799999999939,0.003999999999999997,100,0.08034486555555555,1.6689199242081125
1460_banana.csv,0.1,0.11074966666666558,0.010000000000000009,100,0.11127441222222219,1.7875826699233064
1460_banana.csv,0.15,0.0957379999999986,0.061,100,0.13612153222222223,2.1251528662060033
1460_banana.csv,0.2,0.06498133333333356,0.021999999999999992,100,0.1526768488888889,1.74418457292294
1460_banana.csv,0.25,0.03598166666666702,0.012999999999999984,100,0.15809769333333334,1.8311327667195714
1460_banana.csv,0.3,0.03325566666666474,0.01100000000000001,100,0.16990011111111109,1.8825834293354018
1460_banana.csv,0.35,0.03723933333333157,0.006000000000000005,100,0.18196438222222228,1.9408148196654897
1460_banana.csv,0.4,0.03627966666666782,0.02699999999999997,100,0.18097802666666662,2.1566485989654174
1460_banana.csv,0.44,0.05717200000000067,0.03300000000000003,100,0.17617978999999995,2.208055005655359
1460_banana.csv,0.49,0.04795100000000074,0.013000000000000012,100,0.18576757666666666,2.019108336107492
1460_banana.csv,0.54,0.0024690000000004986,0.0040000000000000036,100,0.18698916000000004,1.8474267412726204
1460_banana.csv,0.6,0.034184000000002546,0.041000000000000036,100,0.17663431555555553,1.9339645895636062
1460_banana.csv,0.65,0.005941333333334464,0.04600000000000004,100,0.15542406222222221,2.1687794602781523
1460_banana.csv,0.7,0.0330026666666664,0.006999999999999895,100,0.16108239555555556,2.033906106210342
1460_banana.csv,0.75,0.07049199999999789,0.031000000000000028,100,0.15161371555555556,1.886184764868576
1460_banana.csv,0.8,0.01108433333333847,0.018000000000000016,100,0.1306527288888889,1.76873368164135
1460_banana.csv,0.85,0.06699499999999958,0.019999999999999907,100,0.11486353222222224,2.068067565114487
1460_banana.csv,0.9,0.06002799999999908,0.02200000000000002,100,0.0977374488888889,2.012727924626815
1460_banana.csv,0.95,0.09568600000000071,0.018999999999999906,100,0.07391533777777776,1.7413618215986804
1460_banana.csv,0.05,0.09233099999999948,0.009000000000000001,100,0.07428186222222223,1.6951220205223565
1460_banana.csv,0.1,0.0500639999999998,0.024000000000000007,100,0.09634408333333337,1.7796718322167273
1460_banana.csv,0.15,0.06108466666666565,0.017999999999999988,100,0.1249488122222222,1.7175737180978377
1460_banana.csv,0.2,0.11856633333333216,0.036000000000000004,100,0.15635697222222222,1.8303498358032708
1460_banana.csv,0.25,0.10293133333333349,0.04099999999999998,100,0.15647495444444445,2.142518995626388
1460_banana.csv,0.3,0.01974133333333211,0.013999999999999957,100,0.14434662666666667,2.265947676942921
1460_banana.csv,0.35,0.034642333333331776,0.01200000000000001,100,0.17887867888888886,2.0035730612838907
1460_banana.csv,0.4,0.062048999999999244,0.02899999999999997,100,0.17236036000000002,2.2490567199429794
1460_banana.csv,0.44,0.02188166666666591,0.006000000000000005,100,0.18535641222222224,2.025002978789238
1460_banana.csv,0.49,0.02260000000000084,0.0010000000000000009,100,0.18456658999999997,1.9812999648231995
1460_banana.csv,0.54,0.004140666666666126,0.0040000000000000036,100,0.17140562666666667,2.266793514557537
1460_banana.csv,0.6,0.03176099999999904,0.03299999999999992,100,0.16527233333333335,2.2018924701822042
1460_banana.csv,0.65,0.03572999999999782,0.027000000000000024,100,0.1723719511111111,2.142922369952966
1460_banana.csv,0.7,0.03585766666666679,0.0129999999999999,100,0.1646108844444444,2.065707497597144
1460_banana.csv,0.75,0.03079533333333051,0.006000000000000005,100,0.16170076777777775,1.7241971237651694
1460_banana.csv,0.8,0.1117529999999971,0.06400000000000006,100,0.15632386111111113,1.9238838442941135
1460_banana.csv,0.85,0.08619999999999706,0.03199999999999992,100,0.1293949722222222,1.828314597799049
1460_banana.csv,0.9,0.06464866666666402,0.02200000000000002,100,0.11343897222222221,1.498524114698927
1460_banana.csv,0.95,0.08563033333333459,0.010000000000000009,100,0.07306511111111112,1.9788630098111453
1462_banknote-authentication.csv,0.05,0.010300000000000017,0.006000000000000005,100,0.04927477777777777,0.892326179622568
1462_banknote-authentication.csv,0.1,0.009918999999999442,0.0049999999999999906,100,0.08399881222222223,0.9138664209014739
1462_banknote-authentication.csv,0.15,0.010616000000000514,0.008000000000000007,100,0.10911984000000002,1.143813438082507
1462_banknote-authentication.csv,0.2,0.014183666666667955,0.0010000000000000009,100,0.14304911555555555,1.0858543990170233
1462_banknote-authentication.csv,0.25,0.013800000000001755,0.028000000000000025,100,0.1597766433333333,1.1932120150949013
1462_banknote-authentication.csv,0.3,0.01468766666666621,0.02300000000000002,100,0.18033901777777778,1.2186485980354915
1462_banknote-authentication.csv,0.35,0.012130000000001973,0.020000000000000018,100,0.20199823444444445,1.3468871802254403
1462_banknote-authentication.csv,0.4,0.005959666666668584,0.05399999999999999,100,0.21634533333333333,1.387740383419667
1462_banknote-authentication.csv,0.44,0.002716333333332155,0.056999999999999995,100,0.2210458344444444,1.32802149445758
1462_banknote-authentication.csv,0.49,0.013644000000001377,0.031000000000000028,100,0.22009664333333334,1.3745208247941565
1462_banknote-authentication.csv,0.54,0.005397333333334031,0.06099999999999994,100,0.2264072655555556,1.3000431434339021
1462_banknote-authentication.csv,0.6,0.010082333333334192,0.04500000000000004,100,0.21081393222222217,1.5014830259579057
1462_banknote-authentication.csv,0.65,0.013138666666663634,0.041000000000000036,100,0.20683222222222228,1.3353565556727578
1462_banknote-authentication.csv,0.7,0.01091433333333025,0.06000000000000005,100,0.18969466666666668,1.2030855470525927
1462_banknote-authentication.csv,0.75,0.012055000000003258,0.04200000000000004,100,0.16892188777777778,1.1359257399524174
1462_banknote-authentication.csv,0.8,0.01409999999999767,0.050999999999999934,100,0.13897055444444448,1.042844123827456
1462_banknote-authentication.csv,0.85,0.011049999999996674,0.009000000000000008,100,0.1266178888888889,0.9278920085063889
1462_banknote-authentication.csv,0.9,0.008242666666667842,0.026000000000000023,100,0.08027308777777778,0.953871558564739
1462_banknote-authentication.csv,0.95,0.010300000000003418,0.020000000000000018,100,0.04945095444444445,0.8310995188714096
1462_banknote-authentication.csv,0.05,0.011053000000000056,0.0029999999999999957,100,0.052858056666666674,1.0851514235073059
1462_banknote-authentication.csv,0.1,0.006738333333332749,0.006999999999999992,100,0.08493624888888887,0.7804301545447798
1462_banknote-authentication.csv,0.15,0.015066666666667172,0.00899999999999998,100,0.10764326555555553,1.1677106915582214
1462_banknote-authentication.csv,0.2,0.009498333333334608,0.028999999999999998,100,0.14709423444444444,1.1953175364668223
1462_banknote-authentication.csv,0.25,0.008696333333334916,0.03500000000000003,100,0.1705421111111111,1.2698607693609032
1462_banknote-authentication.csv,0.3,0.011249333333332445,0.05199999999999999,100,0.19518157666666666,1.1641327445363954
1462_banknote-authentication.csv,0.35,0.0040130000000010435,0.03700000000000003,100,0.20249046555555558,1.2386829180038532
1462_banknote-authentication.csv,0.4,0.010999333333335193,0.04299999999999998,100,0.2149546844444444,1.3247231062660358
1462_banknote-authentication.csv,0.44,0.002883666666665452,0.029000000000000026,100,0.2203904622222222,1.4075453049609112
1462_banknote-authentication.csv,0.49,0.0026000000000014345,0.08600000000000008,100,0.22608871555555557,1.2439370933080638
1462_banknote-authentication.csv,0.54,0.0017979999999993002,0.050999999999999934,100,0.22984831555555552,1.193256584922063
1462_banknote-authentication.csv,0.6,0.012684000000000917,0.02200000000000002,100,0.21392586111111112,1.4608296202507105
1462_banknote-authentication.csv,0.65,0.002178333333331506,0.039000000000000035,100,0.20401896000000005,1.2853746889410074
1462_banknote-authentication.csv,0.7,0.022755333333331906,0.027000000000000024,100,0.18857533333333332,1.525428538970645
1462_banknote-authentication.csv,0.75,0.013549000000002809,0.06700000000000006,100,0.16728926222222223,1.2433475980656117
1462_banknote-authentication.csv,0.8,0.0010479999999961631,0.039999999999999925,100,0.1505537988888889,0.9363889458386461
1462_banknote-authentication.csv,0.85,0.008598666666665311,0.03400000000000003,100,0.11643277777777776,0.8407551218251497
1462_banknote-authentication.csv,0.9,0.008745000000001113,0.038000000000000034,100,0.08613363888888888,0.8997324566214479
1462_banknote-authentication.csv,0.95,0.010300000000003418,0.017000000000000015,100,0.04922030555555554,0.8425660042609276
1466_cardiotocography.csv,0.05,0.01490000000000008,0.009000000000000001,100,0.03596120444444444,0.44191121843301795
1466_cardiotocography.csv,0.1,0.011009999999999437,0.086,100,0.07684816,0.6735054201120023
1466_cardiotocography.csv,0.15,0.012462666666667205,0.11200000000000002,100,0.11643746222222222,0.8502828982332851
1466_cardiotocography.csv,0.2,0.01460200000000128,0.12,100,0.13600851,0.8883308415237425
1466_cardiotocography.csv,0.25,0.013800000000001755,0.10999999999999999,100,0.16290266666666675,0.8975389654208603
1466_cardiotocography.csv,0.3,0.009007999999999627,0.20600000000000002,100,0.18603028777777778,1.091757202571746
1466_cardiotocography.csv,0.35,0.00451866666666767,0.21700000000000008,100,0.20265451,1.093158870863955
1466_cardiotocography.csv,0.4,0.012090000000001877,0.21899999999999997,100,0.20698131,1.2968474834090284
1466_cardiotocography.csv,0.44,0.01484866666666701,0.24000000000000005,100,0.2202116266666667,1.191039849710935
1466_cardiotocography.csv,0.49,0.027951000000000725,0.20900000000000007,100,0.22205976000000002,1.3120629294649073
1466_cardiotocography.csv,0.54,0.0022999999999993026,0.18799999999999994,100,0.21507952333333333,1.4870821774056422
1466_cardiotocography.csv,0.6,0.01008266666666735,0.17500000000000004,100,0.21321810666666663,1.3279399719410763
1466_cardiotocography.csv,0.65,0.005441333333331411,0.17600000000000005,100,0.20218064000000002,1.45797032530425
1466_cardiotocography.csv,0.7,0.011081666666663548,0.16200000000000003,100,0.19093183444444445,1.1727751898433763
1466_cardiotocography.csv,0.75,0.010118666666668497,0.135,100,0.16551608333333337,1.3831776285655588
1466_cardiotocography.csv,0.8,0.011840999999997326,0.10999999999999999,100,0.14654614555555556,1.2198385312199354
1466_cardiotocography.csv,0.85,0.010546333333330105,0.07900000000000007,100,0.11987420444444444,1.2120071938351777
1466_cardiotocography.csv,0.9,0.012008333333334953,0.06399999999999995,100,0.08384482666666669,1.1588018262404236
1466_cardiotocography.csv,0.95,0.010300000000003418,0.03500000000000003,100,0.04813559555555555,1.287431465061227
1466_cardiotocography.csv,0.05,0.008432000000000106,0.021000000000000005,100,0.043319960000000005,0.4855173244495299
1466_cardiotocography.csv,0.1,0.005817999999999421,0.057999999999999996,100,0.08086836,0.6510120143289704
1466_cardiotocography.csv,0.15,0.0122950000000005,0.069,100,0.11702450111111114,0.9036835778639067
1466_cardiotocography.csv,0.2,0.014183666666667982,0.09199999999999997,100,0.14359267111111113,0.8948001150076876
1466_cardiotocography.csv,0.25,0.013800000000001755,0.16500000000000004,100,0.16939373777777778,0.9203489612890787
1466_cardiotocography.csv,0.3,0.013857000000000064,0.17300000000000004,100,0.17961370111111108,1.1788066029576565
1466_cardiotocography.csv,0.35,0.012969333333335276,0.19900000000000007,100,0.1912683322222222,1.3479268986279336
1466_cardiotocography.csv,0.4,0.00990766666666859,0.18699999999999994,100,0.21934008333333335,1.0157938489862195
1466_cardiotocography.csv,0.44,0.007401999999999409,0.194,100,0.2194307066666667,1.2641803211751133
1466_cardiotocography.csv,0.49,0.027951000000000725,0.16200000000000003,100,0.21780576,1.287562042401663
1466_cardiotocography.csv,0.54,0.0022999999999993026,0.22199999999999998,100,0.22203188888888892,1.1710846487224156
1466_cardiotocography.csv,0.6,0.00503633333333442,0.16000000000000003,100,0.2178951822222222,1.2440806963463695
1466_cardiotocography.csv,0.65,0.009457333333330653,0.16600000000000004,100,0.2002111944444445,1.4219648205059208
1466_cardiotocography.csv,0.7,0.011500333333330226,0.14300000000000002,100,0.18487186111111112,1.4197376482839876
1466_cardiotocography.csv,0.75,0.011959333333335764,0.131,100,0.17004146222222222,1.2480216965989717
1466_cardiotocography.csv,0.8,0.011840999999997326,0.10499999999999998,100,0.14264864,1.3952659612329505
1466_cardiotocography.csv,0.85,0.010462333333330132,0.08600000000000008,100,0.11711392333333333,1.3611005335499802
1466_cardiotocography.csv,0.9,0.014434333333335103,0.05500000000000005,100,0.08121138222222223,1.4212637511695232
1466_cardiotocography.csv,0.95,0.010300000000003418,0.03400000000000003,100,0.045615062222222225,1.1558481931558402
1475_first-order-theorem-proving.csv,0.05,0.058575666666665915,0.046,100,0.06285562769475309,2.399695570240499
1475_first-order-theorem-proving.csv,0.1,0.03386266666666629,0.013999999999999999,100,0.07181182797805491,2.4302097345359037
1475_first-order-theorem-proving.csv,0.15,0.04267699999999888,0.07800000000000001,100,0.09673121941861929,2.547647683212183
1475_first-order-theorem-proving.csv,0.2,0.032752333333331746,0.04899999999999999,100,0.09687679621488413,2.6116512556642575
1475_first-order-theorem-proving.csv,0.25,0.013884666666668377,0.0020000000000000018,100,0.10250733829176116,2.5763273468099577
1475_first-order-theorem-proving.csv,0.3,0.010663999999999119,0.07900000000000001,100,0.10036215657376545,2.81839003110302
1475_first-order-theorem-proving.csv,0.35,0.05514899999999978,0.004999999999999949,100,0.10377160297342529,2.785141622077009
1475_first-order-theorem-proving.csv,0.4,0.11552399999999963,0.06,100,0.09531524521445861,2.785283777572374
1475_first-order-theorem-proving.csv,0.44,0.08263933333333345,0.01100000000000001,100,0.10938550959104937,2.7771208635649303
1475_first-order-theorem-proving.csv,0.49,0.07993766666666785,0.014999999999999958,100,0.11341556296009166,2.7332178377820435
1475_first-order-theorem-proving.csv,0.54,0.09803099999999959,0.07200000000000001,100,0.11578346455133953,2.824366142134521
1475_first-order-theorem-proving.csv,0.6,0.12548466666666797,0.07599999999999996,100,0.10957747977101283,2.791364844699782
1475_first-order-theorem-proving.csv,0.65,0.05201333333333269,0.04400000000000004,100,0.12798976292438274,2.7170072294307013
1475_first-order-theorem-proving.csv,0.7,0.12515199999999993,0.1439999999999999,100,0.1131783699744856,2.8116142335726604
1475_first-order-theorem-proving.csv,0.75,0.040413999999996175,0.04500000000000004,100,0.09702307150663618,2.7514431417274325
1475_first-order-theorem-proving.csv,0.8,0.0664809999999999,0.06400000000000006,100,0.0969782967926729,2.7674582499187164
1475_first-order-theorem-proving.csv,0.85,0.17871333333333173,0.16599999999999993,100,0.10477307525046102,2.762484800872595
1475_first-order-theorem-proving.csv,0.9,0.12183900000000158,0.11399999999999999,100,0.09339825081167509,2.692951487854783
1475_first-order-theorem-proving.csv,0.95,0.16135233333333632,0.1409999999999999,100,0.08448308610550648,2.6945652385507652
1475_first-order-theorem-proving.csv,0.05,0.03439599999999994,0.020000000000000004,100,0.05911130190709877,2.266727159613362
1475_first-order-theorem-proving.csv,0.1,0.015520666666666738,0.044999999999999984,100,0.05699942540469524,2.6173193583343397
1475_first-order-theorem-proving.csv,0.15,0.016983999999999583,0.015000000000000013,100,0.07982453949164563,2.4866724992865925
1475_first-order-theorem-proving.csv,0.2,0.0985346666666666,0.09699999999999998,100,0.11504460243459311,2.620973371014209
1475_first-order-theorem-proving.csv,0.25,0.011383666666666792,0.027000000000000024,100,0.1038367102626543,2.6631778338592955
1475_first-order-theorem-proving.csv,0.3,0.005735999999999353,0.02400000000000002,100,0.11879460950573822,2.662114275799118
1475_first-order-theorem-proving.csv,0.35,0.10995200000000152,0.11299999999999996,100,0.10366706722813682,2.5812961494670827
1475_first-order-theorem-proving.csv,0.4,0.0320079999999997,0.020000000000000018,100,0.11783563758673102,2.7178499143627675
1475_first-order-theorem-proving.csv,0.44,0.12478566666666796,0.04299999999999998,100,0.10086981272719461,2.8298193735779087
1475_first-order-theorem-proving.csv,0.49,0.05321899999999913,0.061,100,0.1277563484563555,2.6453772499781514
1475_first-order-theorem-proving.csv,0.54,0.04545200000000005,0.02200000000000002,100,0.12016929589223356,2.8163324067315747
1475_first-order-theorem-proving.csv,0.6,0.11098233333333363,0.06999999999999995,100,0.10385832482802554,2.8835141672467137
1475_first-order-theorem-proving.csv,0.65,0.09983366666666582,0.062000000000000055,100,0.10014834678464567,2.902177396432802
1475_first-order-theorem-proving.csv,0.7,0.05585466666666439,0.050999999999999934,100,0.11263812011604149,2.8335062504395347
1475_first-order-theorem-proving.csv,0.75,0.1782346666666661,0.14400000000000002,100,0.1026149837750706,2.8028632209718323
1475_first-order-theorem-proving.csv,0.8,0.06782633333333421,0.062000000000000055,100,0.09755277352355694,2.7318334083998748
1475_first-order-theorem-proving.csv,0.85,0.11411766666666545,0.10999999999999999,100,0.10015894787788328,2.735644166687008
1475_first-order-theorem-proving.csv,0.9,0.1049073333333358,0.07399999999999995,100,0.09016539908904006,2.484882968306307
1475_first-order-theorem-proving.csv,0.95,0.20155033333333205,0.11999999999999988,100,0.08784496489957165,2.6563430357644835
1479_hill-valley.csv,0.05,0.033552666666666786,0.029,100,0.051630998888888884,2.7697151984327872
1479_hill-valley.csv,0.1,0.08439266666666678,0.091,100,0.04688855444444446,2.7588001642366424
1479_hill-valley.csv,0.15,0.13774066666666676,0.263,100,0.04142363888888889,2.6781375401477834
1479_hill-valley.csv,0.2,0.18623233333333344,0.064,100,0.049450493333333324,2.746719488402366
1479_hill-valley.csv,0.25,0.23564566666666678,0.09400000000000003,100,0.04905196777777778,2.7918360528224664
1479_hill-valley.csv,0.3,0.2828020000000001,0.3,100,0.04857868777777778,2.7889227574360693
1479_hill-valley.csv,0.35,0.014754999999999241,0.14700000000000002,100,0.04809744333333334,2.9077645538072834
1479_hill-valley.csv,0.4,0.5882423333333372,0.265,100,0.04230499888888889,2.7087778669981506
1479_hill-valley.csv,0.44,0.07862366666666615,0.05299999999999999,100,0.04597028777777777,2.761523875395911
1479_hill-valley.csv,0.49,0.4762323333333334,0.10299999999999998,100,0.05518832333333333,2.923481017819996
1479_hill-valley.csv,0.54,0.17049933333333278,0.22499999999999998,100,0.035963848888888886,2.80418800588493
1479_hill-valley.csv,0.6,0.04480133333333347,0.10599999999999998,100,0.041742750000000016,2.7746861181881175
1479_hill-valley.csv,0.65,0.6363166666666668,0.34700000000000003,100,0.05377386111111111,2.877109776869768
1479_hill-valley.csv,0.7,0.20326666666666632,0.18599999999999994,100,0.03935121222222222,2.706802753654336
1479_hill-valley.csv,0.75,0.19446666666666634,0.126,100,0.04793037666666667,2.7875156484025636
1479_hill-valley.csv,0.8,0.4299126666666663,0.44500000000000006,100,0.050840083333333334,2.8106889358888028
1479_hill-valley.csv,0.85,0.13757233333333696,0.125,100,0.044440426666666664,2.877220766583785
1479_hill-valley.csv,0.9,0.8852263333333334,0.487,100,0.049817826666666676,2.8091389330851526
1479_hill-valley.csv,0.95,0.5088803333333326,0.5419999999999999,100,0.04833646555555556,2.8787648283064726
1479_hill-valley.csv,0.05,0.03623333333333344,0.247,100,0.04438082111111111,2.779808754153408
1479_hill-valley.csv,0.1,0.08112566666666679,0.089,100,0.05266651000000001,2.7797300899859807
1479_hill-valley.csv,0.15,0.21966900000000053,0.58,100,0.043908305555555555,2.845172745182104
1479_hill-valley.csv,0.2,0.1873210000000001,0.05000000000000002,100,0.04441882666666666,2.743339126560225
1479_hill-valley.csv,0.25,0.23698600000000009,0.044999999999999984,100,0.04496768444444444,2.815713887985507
1479_hill-valley.csv,0.3,0.2879920000000001,0.02799999999999997,100,0.038272643333333335,2.7025261656875874
1479_hill-valley.csv,0.35,0.6384103333333372,0.504,100,0.037041373333333336,2.6293707374632147
1479_hill-valley.csv,0.4,0.38497933333333345,0.131,100,0.04380887111111111,2.7501981807494658
1479_hill-valley.csv,0.44,0.42514366666666675,0.15599999999999997,100,0.036431328888888885,2.7090511064907137
1479_hill-valley.csv,0.49,0.47531433333333345,0.15099999999999997,100,0.043599576666666674,2.896867395069282
1479_hill-valley.csv,0.54,0.4485776666666704,0.039999999999999925,100,0.04213058222222223,2.8833241147534774
1479_hill-valley.csv,0.6,0.38799133333333713,0.07300000000000006,100,0.043011684444444455,2.8161054590803904
1479_hill-valley.csv,0.65,0.33841033333333714,0.18899999999999995,100,0.03297415111111111,2.716335076957432
1479_hill-valley.csv,0.7,0.06916599999999928,0.10899999999999999,100,0.03846851,2.795054982902585
1479_hill-valley.csv,0.75,0.3047800000000003,0.457,100,0.04108362111111111,2.773611893117269
1479_hill-valley.csv,0.8,0.13716866666666627,0.126,100,0.04110541666666667,2.8120258668822498
1479_hill-valley.csv,0.85,0.8363166666666667,0.48,100,0.04396122666666666,2.8040530053693105
1479_hill-valley.csv,0.9,0.3447176666666668,0.352,100,0.03648179888888889,2.7522132749565293
1479_hill-valley.csv,0.95,0.03882866666667062,0.30699999999999994,100,0.041408417777777776,2.819595409831674
1485_madelon.csv,0.05,0.03983266666666674,0.109,100,0.008641448888888887,2.5546908200611074
1485_madelon.csv,0.1,0.08974900000000008,0.745,100,0.007733532222222223,2.464023774207594
1485_madelon.csv,0.15,0.13983266666666674,0.11399999999999999,100,0.008603043333333334,2.65755575637861
1485_madelon.csv,0.2,0.18983266666666676,0.133,100,0.008652666666666668,2.6813837194934345
1485_madelon.csv,0.25,0.23983266666666675,0.238,100,0.007002234444444444,2.7289151219130696
1485_madelon.csv,0.3,0.28983266666666674,0.17800000000000005,100,0.009800749999999999,2.7179716090312884
1485_madelon.csv,0.35,0.3398326666666667,0.26899999999999996,100,0.009205071111111112,2.596392950489638
1485_madelon.csv,0.4,0.3899163333333334,0.09200000000000003,100,0.008767221111111112,2.708919952834233
1485_madelon.csv,0.44,0.42983266666666675,0.218,100,0.00947787888888889,2.6306306998962263
1485_madelon.csv,0.49,0.43736600000000014,0.118,100,0.007431638888888889,2.675722958710284
1485_madelon.csv,0.54,0.09544966666666688,0.016000000000000014,100,0.009572728888888889,2.7853089949160026
1485_madelon.csv,0.6,0.15553333333333347,0.02100000000000002,100,0.010397173333333332,2.7718957240140707
1485_madelon.csv,0.65,0.2055333333333335,0.478,100,0.008868527777777777,2.6875373383249115
1485_madelon.csv,0.7,0.06933333333333258,0.028999999999999915,100,0.010694305555555554,2.8524427887763086
1485_madelon.csv,0.75,0.11933333333333263,0.253,100,0.010025351111111112,2.740876648124434
1485_madelon.csv,0.8,0.16933333333333267,0.020000000000000018,100,0.010188395555555554,2.7431315972195733
1485_madelon.csv,0.85,0.40553333333333347,0.15000000000000002,100,0.008122222222222222,2.722591769368132
1485_madelon.csv,0.9,0.26933333333333265,0.09999999999999998,100,0.009632021111111111,2.7028235479399063
1485_madelon.csv,0.95,0.3193333333333326,0.001000000000000112,100,0.009084222222222221,2.7999868207444045
1485_madelon.csv,0.05,0.03983266666666674,0.051000000000000004,100,0.005087982222222223,2.539377696009811
1485_madelon.csv,0.1,0.08974900000000008,0.036000000000000004,100,0.006831106666666667,2.681331416912675
1485_madelon.csv,0.15,0.13983266666666674,0.169,100,0.008697576666666665,2.676511713026398
1485_madelon.csv,0.2,0.18974900000000008,0.026999999999999996,100,0.008734666666666665,2.7376086768023407
1485_madelon.csv,0.25,0.23974900000000007,0.14100000000000001,100,0.008325087777777778,2.7564809781819664
1485_madelon.csv,0.3,0.28983266666666674,0.145,100,0.0076668122222222235,2.638380437740391
1485_madelon.csv,0.35,0.3399163333333334,0.172,100,0.009385648888888886,2.7328753079250827
1485_madelon.csv,0.4,0.3899163333333334,0.383,100,0.011104749999999998,2.726216697754167
1485_madelon.csv,0.44,0.004550333333333156,0.14400000000000002,100,0.00890051,2.545701048556385
1485_madelon.csv,0.49,0.47983266666666674,0.065,100,0.009343132222222222,2.7050111817246267
1485_madelon.csv,0.54,0.03186666666666704,0.38,100,0.010280732222222224,2.717669890851243
1485_madelon.csv,0.6,0.15553333333333347,0.013000000000000012,100,0.012473328888888887,2.756641009135679
1485_madelon.csv,0.65,0.019333333333332647,0.138,100,0.00936176,2.6750853277293207
1485_madelon.csv,0.7,0.25553333333333345,0.30000000000000004,100,0.011426554444444448,2.795495595237305
1485_madelon.csv,0.75,0.11933333333333263,0.25,100,0.010172012222222223,2.6517256477026554
1485_madelon.csv,0.8,0.16933333333333267,0.49800000000000005,100,0.009334545555555553,2.643245358883767
1485_madelon.csv,0.85,0.2193333333333326,0.014000000000000012,100,0.009463478888888889,2.798271795885981
1485_madelon.csv,0.9,0.09000000000000419,0.09999999999999998,100,0.012077754444444444,2.7967975135898664
1485_madelon.csv,0.95,0.3193333333333326,0.02400000000000002,100,0.009163595555555553,2.823501563501496
1489_phoneme.csv,0.05,0.09603433333333304,0.017,100,0.07097001222222223,2.638330321916386
1489_phoneme.csv,0.1,0.06983633333333308,0.0,100,0.08065001222222222,2.5359953505097215
1489_phoneme.csv,0.15,0.1397483333333336,0.033,100,0.10257627888888889,2.7757293488614483
1489_phoneme.csv,0.2,0.14396666666666508,0.034,100,0.1055510433333333,2.675719042196663
1489_phoneme.csv,0.25,0.06109766666666622,0.044999999999999984,100,0.10651830555555558,2.7097304991268154
1489_phoneme.csv,0.3,0.057870333333332136,0.057999999999999996,100,0.10938541666666668,2.7026751948001455
1489_phoneme.csv,0.35,0.10426799999999958,0.01100000000000001,100,0.13168859555555557,2.656282693925624
1489_phoneme.csv,0.4,0.09463099999999958,0.0030000000000000027,100,0.13314090666666664,2.52191488651973
1489_phoneme.csv,0.44,0.05320899999999967,0.04899999999999999,100,0.13137804888888888,2.6735024293840732
1489_phoneme.csv,0.49,0.07825733333333418,0.02799999999999997,100,0.12138485666666664,2.632921407261916
1489_phoneme.csv,0.54,0.17417166666666806,0.018000000000000016,100,0.11430004,2.5524385098017843
1489_phoneme.csv,0.6,0.05635966666666781,0.029000000000000026,100,0.12949577333333334,2.399633326804797
1489_phoneme.csv,0.65,0.016919333333334285,0.01200000000000001,100,0.13340099888888887,2.36374981163655
1489_phoneme.csv,0.7,0.005480333333330423,0.009999999999999898,100,0.11088119444444447,2.4100879814102036
1489_phoneme.csv,0.75,0.02892133333333191,0.020000000000000018,100,0.09466397333333333,2.3524326031172826
1489_phoneme.csv,0.8,0.037629666666667116,0.07099999999999995,100,0.07800283999999999,2.083847504929979
1489_phoneme.csv,0.85,0.04209366666666603,0.09100000000000008,100,0.06634281777777778,1.872399586474486
1489_phoneme.csv,0.9,0.01635666666666835,0.038000000000000034,100,0.06741187111111112,1.9278835272894108
1489_phoneme.csv,0.95,0.02987799999999874,0.05399999999999994,100,0.054571271111111125,1.905456145989683
1489_phoneme.csv,0.05,0.16128366666666544,0.048,100,0.07537943999999999,2.7593083371707396
1489_phoneme.csv,0.1,0.10799233333333219,0.02099999999999999,100,0.08523997333333332,2.7001173832838012
1489_phoneme.csv,0.15,0.11322500000000027,0.04600000000000001,100,0.09789962111111113,2.6759387813990063
1489_phoneme.csv,0.2,0.1392676666666663,0.037000000000000005,100,0.09603984333333333,2.758948118763265
1489_phoneme.csv,0.25,0.07946333333333283,0.0040000000000000036,100,0.11329567111111113,2.677763734964468
1489_phoneme.csv,0.3,0.18777066666666659,0.05299999999999999,100,0.11410602111111114,2.751956745281133
1489_phoneme.csv,0.35,0.16055099999999944,0.006000000000000005,100,0.1131105822222222,2.678489443809034
1489_phoneme.csv,0.4,0.18566766666666756,0.08999999999999997,100,0.11712895444444445,2.738611494414826
1489_phoneme.csv,0.44,0.09744900000000062,0.01100000000000001,100,0.1197994788888889,2.6803618821837425
1489_phoneme.csv,0.49,0.08820933333333392,0.03600000000000003,100,0.14115644444444445,2.43060537490251
1489_phoneme.csv,0.54,0.1683020000000004,0.05999999999999994,100,0.11828139555555557,2.493688074658271
1489_phoneme.csv,0.6,0.024391666666669143,0.019000000000000017,100,0.1273253988888889,2.4054458889758754
1489_phoneme.csv,0.65,0.044857333333336635,0.009000000000000008,100,0.1241540655555556,2.3824374376729307
1489_phoneme.csv,0.7,0.0033006666666630657,0.02399999999999991,100,0.1208504488888889,2.4201803928892116
1489_phoneme.csv,0.75,0.08202866666666553,0.06300000000000006,100,0.07584786111111111,2.3975463744636087
1489_phoneme.csv,0.8,0.034533333333333194,0.03699999999999992,100,0.08292700444444442,2.135329569386339
1489_phoneme.csv,0.85,0.028019666666668885,0.009000000000000008,100,0.08206444888888889,2.110120859443878
1489_phoneme.csv,0.9,0.019216000000000566,0.03500000000000003,100,0.07016930111111112,1.9617426981058266
1489_phoneme.csv,0.95,0.010300000000003418,0.006000000000000116,100,0.051094137777777784,2.0021029307964504
1494_qsar-biodeg.csv,0.05,0.08703799999999944,0.012999999999999998,100,0.06963344333333334,2.7255664389821797
1494_qsar-biodeg.csv,0.1,0.26020833333333393,0.145,100,0.09836947888888892,2.7515841529824003
1494_qsar-biodeg.csv,0.15,0.23877166666666536,0.098,100,0.0924192211111111,2.907652419851636
1494_qsar-biodeg.csv,0.2,0.16430733333333303,0.05199999999999999,100,0.10111454555555556,2.837083281828784
1494_qsar-biodeg.csv,0.25,0.15854133333333198,0.06,100,0.10439466666666669,2.7987218672065093
1494_qsar-biodeg.csv,0.3,0.09823499999999857,0.0020000000000000018,100,0.10736600444444443,2.8056549234161143
1494_qsar-biodeg.csv,0.35,0.20276133333333435,0.10900000000000004,100,0.1120456388888889,2.745609271373215
1494_qsar-biodeg.csv,0.4,0.14414066666666725,0.032999999999999974,100,0.11849322666666667,2.6426438604229174
1494_qsar-biodeg.csv,0.44,0.19970900000000152,0.07900000000000001,100,0.09941424888888889,2.6806508800374735
1494_qsar-biodeg.csv,0.49,0.08820933333333414,0.05700000000000005,100,0.1189809722222222,2.6851911467846543
1494_qsar-biodeg.csv,0.54,0.2183113333333343,0.07999999999999996,100,0.09282254555555555,2.687950444833129
1494_qsar-biodeg.csv,0.6,0.1821866666666644,0.051000000000000045,100,0.09602230555555558,2.6256833923291545
1494_qsar-biodeg.csv,0.65,0.15791499999999692,0.126,100,0.09115464333333331,2.404677678742862
1494_qsar-biodeg.csv,0.7,0.07562700000000111,0.06000000000000005,100,0.10053375444444444,2.4249428956302412
1494_qsar-biodeg.csv,0.75,0.08319333333333334,0.09699999999999998,100,0.08404322111111112,2.2995603304402383
1494_qsar-biodeg.csv,0.8,0.009172333333330007,0.04399999999999993,100,0.09001430555555556,2.1772335515406276
1494_qsar-biodeg.csv,0.85,0.06535300000000199,0.09100000000000008,100,0.05961678222222222,1.9997392410475747
1494_qsar-biodeg.csv,0.9,0.07141799999999987,0.04200000000000004,100,0.0807516388888889,2.45060707793525
1494_qsar-biodeg.csv,0.95,0.010300000000003418,0.006000000000000116,100,0.04642476000000001,2.066717972179356
1494_qsar-biodeg.csv,0.05,0.15875833333333217,0.06,100,0.08593809333333334,2.557230777518041
1494_qsar-biodeg.csv,0.1,0.1996126666666659,0.055999999999999994,100,0.09065130999999998,2.7526629476646023
1494_qsar-biodeg.csv,0.15,0.14016700000000018,0.05000000000000002,100,0.09571832333333333,2.69311037456537
1494_qsar-biodeg.csv,0.2,0.20017066666666505,0.10899999999999999,100,0.11563807111111114,2.7941731143306385
1494_qsar-biodeg.csv,0.25,0.09439566666666571,0.020000000000000018,100,0.12214718222222222,2.650069799043032
1494_qsar-biodeg.csv,0.3,0.19445399999999902,0.019000000000000017,100,0.10019917666666667,2.8739193254735462
1494_qsar-biodeg.csv,0.35,0.14848066666666654,0.07200000000000001,100,0.12123439555555557,2.676101052576971
1494_qsar-biodeg.csv,0.4,0.17259600000000108,0.138,100,0.12243741777777777,2.6683788205609598
1494_qsar-biodeg.csv,0.44,0.12790600000000102,0.07300000000000001,100,0.13155371555555556,2.6622548884411237
1494_qsar-biodeg.csv,0.49,0.08444100000000077,0.0030000000000000027,100,0.1316178611111111,2.59903774091692
1494_qsar-biodeg.csv,0.54,0.18195866666666682,0.051999999999999935,100,0.10027784333333332,2.670258867473981
1494_qsar-biodeg.csv,0.6,0.040961000000002135,0.030999999999999917,100,0.10820740444444445,2.7423474125159335
1494_qsar-biodeg.csv,0.65,0.13151333333333148,0.052000000000000046,100,0.09458664888888889,2.5653382180562234
1494_qsar-biodeg.csv,0.7,0.09435266666666253,0.08100000000000007,100,0.0995284211111111,2.4321407748619723
1494_qsar-biodeg.csv,0.75,0.08084266666666706,0.06800000000000006,100,0.08271605666666668,2.4203089610133652
1494_qsar-biodeg.csv,0.8,0.01661866666666434,0.08699999999999997,100,0.07879479555555556,2.256139493905312
1494_qsar-biodeg.csv,0.85,0.0011313333333324849,0.028000000000000025,100,0.07611302666666667,2.2143240214942743
1494_qsar-biodeg.csv,0.9,0.0030536666666673984,0.03600000000000003,100,0.06553133333333333,2.0923323788859305
1494_qsar-biodeg.csv,0.95,0.011722333333336388,0.005999999999999894,100,0.05241373777777778,2.2368287565310543
1496_ringnorm.csv,0.05,0.016069666666666753,0.019000000000000003,100,0.039877416666666665,2.131395138232095
1496_ringnorm.csv,0.1,0.025070999999999982,0.034,100,0.056213093333333325,2.1034222182662723
1496_ringnorm.csv,0.15,0.011213333333333297,0.00899999999999998,100,0.08417850111111111,2.2769696345875823
1496_ringnorm.csv,0.2,0.0028886666666678718,0.007000000000000006,100,0.10736599555555555,2.224287219244268
1496_ringnorm.csv,0.25,0.01380300000000162,0.008000000000000007,100,0.10766808333333336,2.438384342893757
1496_ringnorm.csv,0.3,0.0058196666666668895,0.010000000000000009,100,0.13450063444444443,2.303906869220714
1496_ringnorm.csv,0.35,0.010794666666668451,0.0019999999999999463,100,0.13409169333333334,2.3860967585021333
1496_ringnorm.csv,0.4,0.03701700000000002,0.008000000000000007,100,0.12855739000000002,2.5193790090272756
1496_ringnorm.csv,0.44,0.052246666666667996,0.043999999999999984,100,0.14128895444444442,2.414669923146523
1496_ringnorm.csv,0.49,0.03598300000000043,0.03699999999999998,100,0.1393667822222222,2.5479673465088704
1496_ringnorm.csv,0.54,0.041770666666666845,0.007000000000000006,100,0.13772386222222224,2.523087194073338
1496_ringnorm.csv,0.6,0.02832366666666586,0.0050000000000000044,100,0.13991427888888888,2.4231727739361224
1496_ringnorm.csv,0.65,0.05102600000000035,0.040000000000000036,100,0.12703688444444441,2.562012626120789
1496_ringnorm.csv,0.7,0.04546766666666513,0.0019999999999998908,100,0.1178692222222222,2.55673663317946
1496_ringnorm.csv,0.75,0.040917999999995236,0.02300000000000002,100,0.11824687111111111,2.4143545828836075
1496_ringnorm.csv,0.8,0.011029666666668603,0.025000000000000022,100,0.09355125666666667,2.4484302424224733
1496_ringnorm.csv,0.85,0.031461333333335006,0.026000000000000023,100,0.09517210999999999,1.9841106293352357
1496_ringnorm.csv,0.9,0.05733800000000011,0.007000000000000006,100,0.07437797333333333,2.305878568308028
1496_ringnorm.csv,0.95,0.010718333333336716,0.030000000000000027,100,0.05233459888888889,2.083398070159819
1496_ringnorm.csv,0.05,0.013551333333333429,0.013999999999999999,100,0.04234491,2.0478701738791107
1496_ringnorm.csv,0.1,0.01226500000000015,0.013999999999999999,100,0.06150326555555556,2.176423344205682
1496_ringnorm.csv,0.15,0.05222533333333383,0.07799999999999999,100,0.06254104333333334,2.1653764884455975
1496_ringnorm.csv,0.2,0.015104000000001172,0.024999999999999994,100,0.10653330111111113,2.13680455322471
1496_ringnorm.csv,0.25,0.040420000000001094,0.011999999999999983,100,0.09880028777777777,2.4940365857176654
1496_ringnorm.csv,0.3,0.030832999999999833,0.030999999999999972,100,0.1263103322222222,2.2189382307672982
1496_ringnorm.csv,0.35,0.02741566666666795,0.07199999999999995,100,0.13335344444444444,2.2995802063347384
1496_ringnorm.csv,0.4,0.013423333333334897,0.006000000000000005,100,0.13856931555555557,2.400095627465217
1496_ringnorm.csv,0.44,0.022133333333334726,0.04099999999999998,100,0.1418535677777778,2.4244541297376316
1496_ringnorm.csv,0.49,0.03589933333333373,0.02799999999999997,100,0.14685561222222224,2.4648003120764153
1496_ringnorm.csv,0.54,0.00029199999999940385,0.010000000000000009,100,0.15142117666666668,2.2519417923218588
1496_ringnorm.csv,0.6,0.029162666666665893,0.017000000000000015,100,0.14180509333333335,2.4055165913690333
1496_ringnorm.csv,0.65,0.031296333333330706,0.0010000000000000009,100,0.13444041222222222,2.3197804901793053
1496_ringnorm.csv,0.7,0.03316633333333252,0.03200000000000003,100,0.12647450666666665,2.289709007251571
1496_ringnorm.csv,0.75,0.034636999999997475,0.03400000000000003,100,0.11222627888888889,2.2630584066368953
1496_ringnorm.csv,0.8,0.027887333333333375,0.0020000000000000018,100,0.09869223444444444,2.467479856555948
1496_ringnorm.csv,0.85,0.05097033333333545,0.016000000000000014,100,0.08954766555555554,2.2496281740986332
1496_ringnorm.csv,0.9,0.02222633333333457,0.010000000000000009,100,0.07181215444444444,2.235475190118862
1496_ringnorm.csv,0.95,0.032136999999998195,0.01200000000000001,100,0.05603129333333334,2.1123085576028133
1497_wall-robot-navigation.csv,0.05,0.010383666666666694,0.010000000000000002,100,0.05105881222222222,1.092799630622996
1497_wall-robot-navigation.csv,0.1,0.010086333333332753,0.0020000000000000018,100,0.08477644,0.9701502278540116
1497_wall-robot-navigation.csv,0.15,0.003745666666666425,0.0050000000000000044,100,0.10957430555555556,1.305634806830685
1497_wall-robot-navigation.csv,0.2,0.01435100000000128,0.028999999999999998,100,0.12613544444444444,1.551274653290196
1497_wall-robot-navigation.csv,0.25,0.013800000000001755,0.012999999999999984,100,0.1579979377777778,1.5226816838939987
1497_wall-robot-navigation.csv,0.3,0.009072666666665896,0.014000000000000012,100,0.1778364444444444,1.4827460934762722
1497_wall-robot-navigation.csv,0.35,0.0125493333333353,0.008000000000000007,100,0.18466951555555558,1.6347861335352627
1497_wall-robot-navigation.csv,0.4,0.03276133333333264,0.0010000000000000009,100,0.18587668444444444,1.6852579900894995
1497_wall-robot-navigation.csv,0.44,0.0036366666666654557,0.02100000000000002,100,0.2077285011111111,1.6660347658429466
1497_wall-robot-navigation.csv,0.49,0.0026836666666681386,0.026000000000000023,100,0.20764890111111106,1.676083368357722
1497_wall-robot-navigation.csv,0.54,0.0019653333333327083,0.030000000000000027,100,0.2199317988888889,1.3749732497899971
1497_wall-robot-navigation.csv,0.6,0.012600333333334324,0.010000000000000009,100,0.20536266666666667,1.5640534872963707
1497_wall-robot-navigation.csv,0.65,0.01146533333333044,0.0050000000000000044,100,0.20109348444444441,1.4369165026019108
1497_wall-robot-navigation.csv,0.7,0.011165333333330252,0.02100000000000002,100,0.1770131233333333,1.6231457933279292
1497_wall-robot-navigation.csv,0.75,0.020085000000000908,0.0010000000000000009,100,0.16168970666666665,1.6883767194699437
1497_wall-robot-navigation.csv,0.8,0.009577666666671703,0.02200000000000002,100,0.13965686222222223,1.522030558240035
1497_wall-robot-navigation.csv,0.85,0.011301333333329944,0.010000000000000009,100,0.11262016,1.5232235059610282
1497_wall-robot-navigation.csv,0.9,0.028157333333336365,0.01100000000000001,100,0.09076361222222222,1.2981908678549394
1497_wall-robot-navigation.csv,0.95,0.03037999999999852,0.01200000000000001,100,0.0553620122222222,1.4789397164004774
1497_wall-robot-navigation.csv,0.05,0.014480000000000083,0.012000000000000004,100,0.04022708777777778,1.14574946951167
1497_wall-robot-navigation.csv,0.1,0.007912666666666318,0.023000000000000007,100,0.07163193222222222,1.330646174040288
1497_wall-robot-navigation.csv,0.15,0.0021330000000005234,0.0,100,0.11120882111111112,1.3736538045761664
1497_wall-robot-navigation.csv,0.2,0.013012333333334597,0.014000000000000012,100,0.1462183066666667,1.126057210093628
1497_wall-robot-navigation.csv,0.25,0.013800000000001755,0.006000000000000005,100,0.15555370999999998,1.4554514864799133
1497_wall-robot-navigation.csv,0.3,0.011343666666666807,0.008000000000000007,100,0.18008187111111112,1.378491467309544
1497_wall-robot-navigation.csv,0.35,0.001425333333333112,0.02300000000000002,100,0.19916526222222225,1.4573509814987164
1497_wall-robot-navigation.csv,0.4,0.010915000000001895,0.019999999999999962,100,0.21525999999999992,1.308850856772989
1497_wall-robot-navigation.csv,0.44,0.01434599999999997,0.009000000000000008,100,0.19503339888888888,1.8191991425273408
1497_wall-robot-navigation.csv,0.49,0.026277666666667476,0.02300000000000002,100,0.21651601777777774,1.4685166762977417
1497_wall-robot-navigation.csv,0.54,0.02070833333333455,0.03200000000000003,100,0.20341130111111114,1.7108149650520645
1497_wall-robot-navigation.csv,0.6,0.0008366666666670408,0.014000000000000012,100,0.21084508777777775,1.4700753982173753
1497_wall-robot-navigation.csv,0.65,0.008369666666664166,0.030000000000000027,100,0.1914632222222222,1.669755598956574
1497_wall-robot-navigation.csv,0.7,0.03703266666666716,1.1102230246251565e-16,100,0.18035458999999998,1.7140232137582723
1497_wall-robot-navigation.csv,0.75,0.013810000000002987,0.006000000000000005,100,0.1663637988888889,1.4682673947881622
1497_wall-robot-navigation.csv,0.8,0.011000000000005228,0.018000000000000016,100,0.14356466222222225,1.3991385985278257
1497_wall-robot-navigation.csv,0.85,0.010629999999996809,0.018000000000000016,100,0.11442815444444447,1.4336006269268398
1497_wall-robot-navigation.csv,0.9,0.011589666666668164,0.016000000000000014,100,0.08049004000000001,1.2489724175968524
1497_wall-robot-navigation.csv,0.95,0.031467666666665006,0.008000000000000118,100,0.05966924888888889,1.4342818471298049
1504_steel-plates-fault.csv,0.05,0.017326333333333423,0.012000000000000004,100,0.029404376666666666,2.0321069822576847
1504_steel-plates-fault.csv,0.1,0.027413666666666628,0.027999999999999997,100,0.054448915555555547,2.1777432215727446
1504_steel-plates-fault.csv,0.15,0.007325333333333628,0.03399999999999999,100,0.07014055444444446,2.2384070623892187
1504_steel-plates-fault.csv,0.2,0.017196000000001016,0.024999999999999994,100,0.09038988888888888,2.3789220236289634
1504_steel-plates-fault.csv,0.25,0.013550333333335052,0.0010000000000000009,100,0.10657423444444443,2.30000551238882
1504_steel-plates-fault.csv,0.3,0.0017980000000001883,0.006000000000000005,100,0.12581408444444442,2.3547982129766454
1504_steel-plates-fault.csv,0.35,0.005692333333333632,0.04700000000000004,100,0.13984719444444443,2.3400517646949592
1504_steel-plates-fault.csv,0.4,0.001169999999998561,0.045999999999999985,100,0.14173909333333334,2.392567869053896
1504_steel-plates-fault.csv,0.44,0.0028056666666672614,0.01200000000000001,100,0.1379501111111111,2.4099849078360105
1504_steel-plates-fault.csv,0.49,0.008145666666666607,0.049000000000000044,100,0.1478106666666667,2.462323199440277
1504_steel-plates-fault.csv,0.54,0.01895366666666687,0.06799999999999995,100,0.14804783999999999,2.307992801111313
1504_steel-plates-fault.csv,0.6,0.005215333333333794,0.026000000000000023,100,0.1381974488888889,2.5124934593424086
1504_steel-plates-fault.csv,0.65,0.0083696666666645,0.050000000000000044,100,0.1387618844444444,2.2598415936577543
1504_steel-plates-fault.csv,0.7,0.02459766666666463,0.016000000000000014,100,0.11805777777777778,2.3412123328391314
1504_steel-plates-fault.csv,0.75,0.038807333333331195,0.006000000000000005,100,0.10156972888888888,2.4118337490755626
1504_steel-plates-fault.csv,0.8,0.01453266666666364,0.03499999999999992,100,0.08977075,2.307111678166593
1504_steel-plates-fault.csv,0.85,0.003664999999997809,0.04200000000000004,100,0.08160516,2.089446088992141
1504_steel-plates-fault.csv,0.9,0.01476733333333502,0.03700000000000003,100,0.05778719444444444,2.14824603590598
1504_steel-plates-fault.csv,0.95,0.013808000000000042,0.03700000000000003,100,0.04113859888888889,1.845662394114365
1504_steel-plates-fault.csv,0.05,0.016489666666666757,0.027000000000000003,100,0.03490630555555556,1.9531336122958176
1504_steel-plates-fault.csv,0.1,0.025239333333333336,0.012999999999999998,100,0.05680775111111111,2.0999729560714844
1504_steel-plates-fault.csv,0.15,0.025109666666666558,0.017999999999999988,100,0.07657610999999999,2.2727892070474427
1504_steel-plates-fault.csv,0.2,0.01794933333333429,0.014000000000000012,100,0.08586922111111112,2.4991603176670742
1504_steel-plates-fault.csv,0.25,0.014220333333335056,0.017999999999999988,100,0.10528116000000001,2.397627342642089
1504_steel-plates-fault.csv,0.3,0.0019693333333338225,0.0030000000000000027,100,0.1213243822222222,2.417837475484804
1504_steel-plates-fault.csv,0.35,0.008949666666668354,0.0040000000000000036,100,0.13590864333333333,2.3185302061463964
1504_steel-plates-fault.csv,0.4,0.01166633333333189,0.046999999999999986,100,0.13264688444444445,2.5019126409535346
1504_steel-plates-fault.csv,0.44,0.0008813333333337892,0.0010000000000000009,100,0.1407336488888889,2.4811760825079214
1504_steel-plates-fault.csv,0.49,0.0033763333333329815,0.033999999999999975,100,0.13878903444444443,2.5123895468125923
1504_steel-plates-fault.csv,0.54,0.03301633333333387,0.02200000000000002,100,0.1380039822222222,2.432574713218799
1504_steel-plates-fault.csv,0.6,0.005551000000000639,0.007000000000000006,100,0.13551088888888885,2.4170105678336427
1504_steel-plates-fault.csv,0.65,0.0008336666666679537,0.04200000000000004,100,0.13429386111111113,2.341254165635113
1504_steel-plates-fault.csv,0.7,0.019060333333331125,0.002000000000000113,100,0.12029647111111112,2.4271043643592627
1504_steel-plates-fault.csv,0.75,0.03704066666666539,0.02100000000000002,100,0.10304346222222223,2.3134650703745443
1504_steel-plates-fault.csv,0.8,0.0009636666666631433,0.018000000000000016,100,0.09897073777777779,2.2055884611748273
1504_steel-plates-fault.csv,0.85,0.03238666666666479,0.05400000000000005,100,0.06945675999999999,2.1089722769154626
1504_steel-plates-fault.csv,0.9,0.03852866666666366,0.06799999999999995,100,0.052602101111111105,2.1713456835132297
1504_steel-plates-fault.csv,0.95,0.014983666666666617,0.03400000000000003,100,0.03758697222222222,1.8468988292132664
1507_twonorm.csv,0.05,0.01363466666666676,0.010000000000000002,100,0.04216877777777778,2.401455976385964
1507_twonorm.csv,0.1,0.014851000000000072,0.05500000000000001,100,0.05858260444444444,2.3477553364414065
1507_twonorm.csv,0.15,0.018918000000000545,0.041999999999999996,100,0.06856050111111112,2.4446585365160343
1507_twonorm.csv,0.2,0.008410666666667843,0.018000000000000016,100,0.08679578222222223,2.602777396334185
1507_twonorm.csv,0.25,0.013299000000001754,0.024999999999999994,100,0.1021133333333333,2.498496581663007
1507_twonorm.csv,0.3,0.033094333333333115,0.024999999999999967,100,0.09038557666666663,2.716406984755875
1507_twonorm.csv,0.35,0.002340666666667268,0.03999999999999998,100,0.12214711555555556,2.659411894219818
1507_twonorm.csv,0.4,0.011329333333331915,0.0050000000000000044,100,0.11166663444444441,2.767265604353687
1507_twonorm.csv,0.44,0.01694133333333392,0.02799999999999997,100,0.12606842111111113,2.597885250293069
1507_twonorm.csv,0.49,0.015150000000001385,0.01899999999999996,100,0.1318871677777778,2.622795525997511
1507_twonorm.csv,0.54,0.027399999999999203,0.016000000000000014,100,0.12579846222222224,2.7428890552407466
1507_twonorm.csv,0.6,0.01166633333333511,0.0010000000000000009,100,0.12777624333333334,2.6736039601129127
1507_twonorm.csv,0.65,0.009535999999999989,0.007000000000000006,100,0.10238459555555558,2.7434808834427122
1507_twonorm.csv,0.7,0.038448999999996625,0.031000000000000028,100,0.10044344333333333,2.6551711268251705
1507_twonorm.csv,0.75,0.010957000000002104,0.0050000000000000044,100,0.09559357666666667,2.6086409991630424
1507_twonorm.csv,0.8,0.008323000000004854,0.029000000000000026,100,0.09551519555555554,2.496305380462037
1507_twonorm.csv,0.85,0.010864999999997238,0.02400000000000002,100,0.06926890111111111,2.4574021842330307
1507_twonorm.csv,0.9,0.014432666666668648,0.03300000000000003,100,0.05782341666666666,2.4469348151933183
1507_twonorm.csv,0.95,0.015485666666666842,0.031000000000000028,100,0.03432122111111111,2.219774664156284
1507_twonorm.csv,0.05,0.014899333333333417,0.028000000000000004,100,0.038724715555555546,2.3026314301367394
1507_twonorm.csv,0.1,0.01476733333333341,0.05,100,0.058775221111111116,2.335371935885354
1507_twonorm.csv,0.15,0.009178333333332789,0.03199999999999999,100,0.07403016000000001,2.4100980869108017
1507_twonorm.csv,0.2,0.017201000000000993,0.04400000000000001,100,0.08311455555555555,2.503375930017111
1507_twonorm.csv,0.25,0.01139233333333442,0.0030000000000000027,100,0.10103388444444446,2.5796394320506533
1507_twonorm.csv,0.3,0.0006266666666664422,0.01799999999999996,100,0.10131760444444442,2.744424056585929
1507_twonorm.csv,0.35,0.002338333333334053,0.006999999999999951,100,0.11168877666666666,2.675089920219922
1507_twonorm.csv,0.4,0.008571333333331599,0.026000000000000023,100,0.13125255999999996,2.646076541855387
1507_twonorm.csv,0.44,0.001628666666665668,0.02799999999999997,100,0.13772613777777776,2.6500402457721224
1507_twonorm.csv,0.49,0.02801700000000029,0.022999999999999965,100,0.13315977333333331,2.61442360945672
1507_twonorm.csv,0.54,0.0020489999999993014,0.009000000000000008,100,0.11413659555555554,2.801921777589301
1507_twonorm.csv,0.6,0.009829333333334134,0.014000000000000012,100,0.12588852888888888,2.684258576869752
1507_twonorm.csv,0.65,0.018242333333330585,0.0010000000000000009,100,0.11126156777777778,2.7430502304333015
1507_twonorm.csv,0.7,0.038448999999996514,0.026000000000000023,100,0.11010122111111112,2.639875001659985
1507_twonorm.csv,0.75,0.011792666666669005,0.039000000000000035,100,0.10201282111111111,2.5966128128193957
1507_twonorm.csv,0.8,0.007913666666670371,0.014000000000000012,100,0.0800598611111111,2.5673939126679346
1507_twonorm.csv,0.85,0.0193329999999986,0.05800000000000005,100,0.07882682666666667,2.4755819818581193
1507_twonorm.csv,0.9,0.013930666666668423,0.027000000000000024,100,0.059993,2.435289526908373
1507_twonorm.csv,0.95,0.014815000000000023,0.02100000000000002,100,0.04059250111111111,2.306613445217772
1526_wall-robot-navigation.csv,0.05,0.010300000000000017,0.013999999999999999,100,0.04736659888888891,0.25400119505959456
1526_wall-robot-navigation.csv,0.1,0.006319999999999409,0.022000000000000006,100,0.08797193222222222,0.5628183556612064
1526_wall-robot-navigation.csv,0.15,0.016067000000000553,0.03799999999999999,100,0.1266153011111111,0.4227090878341354
1526_wall-robot-navigation.csv,0.2,0.013932666666667953,0.04500000000000001,100,0.15861141666666667,0.5541599278549975
1526_wall-robot-navigation.csv,0.25,0.013800000000001755,0.057999999999999996,100,0.18573358222222222,0.5623351446467941
1526_wall-robot-navigation.csv,0.3,0.00940766666666587,0.06899999999999998,100,0.20436259,0.7071209071450404
1526_wall-robot-navigation.csv,0.35,0.003513333333334312,0.07499999999999996,100,0.22364297222222224,0.692855882212928
1526_wall-robot-navigation.csv,0.4,0.008395000000001818,0.069,100,0.2363727499999999,0.7706340521182196
1526_wall-robot-navigation.csv,0.44,0.002967333333332267,0.07500000000000001,100,0.24280468444444442,0.7360934952126452
1526_wall-robot-navigation.csv,0.49,0.006198333333334749,0.07599999999999996,100,0.24650904333333334,0.8058057022799829
1526_wall-robot-navigation.csv,0.54,0.017780000000000906,0.069,100,0.24421074999999995,0.7879173514338684
1526_wall-robot-navigation.csv,0.6,0.008311666666668271,0.07999999999999996,100,0.23599799999999996,0.7706340521182193
1526_wall-robot-navigation.csv,0.65,0.0008393333333316377,0.07799999999999996,100,0.22496208333333334,0.6474466390625229
1526_wall-robot-navigation.csv,0.7,0.010830666666663546,0.06599999999999995,100,0.2063505988888889,0.701682788384949
1526_wall-robot-navigation.csv,0.75,0.013465333333336105,0.05999999999999994,100,0.1851215677777778,0.6882932554458933
1526_wall-robot-navigation.csv,0.8,0.013263333333330851,0.050000000000000044,100,0.15755876777777775,0.6474938951524445
1526_wall-robot-navigation.csv,0.85,0.013300333333330472,0.04399999999999993,100,0.12622810111111113,0.5715899294801335
1526_wall-robot-navigation.csv,0.9,0.0038080000000000336,0.03200000000000003,100,0.08955388777777779,0.3250829734197074
1526_wall-robot-navigation.csv,0.95,0.010300000000003418,0.016999999999999904,100,0.04870752888888889,0.2540011950595943
1526_wall-robot-navigation.csv,0.05,0.010300000000000017,0.013999999999999999,100,0.04732282111111112,0.25400119505959456
1526_wall-robot-navigation.csv,0.1,0.005315999999999418,0.02700000000000001,100,0.0896195766666667,0.32508297341970777
1526_wall-robot-navigation.csv,0.15,0.012545333333333852,0.03599999999999999,100,0.1266013733333333,0.5715899294801341
1526_wall-robot-navigation.csv,0.2,0.014267333333334659,0.048000000000000015,100,0.15899568444444445,0.5004024235662434
1526_wall-robot-navigation.csv,0.25,0.013800000000001755,0.04999999999999999,100,0.18425491555555562,0.7104018746900467
1526_wall-robot-navigation.csv,0.3,0.00873799999999919,0.07099999999999998,100,0.2060185277777778,0.6547077258840008
1526_wall-robot-navigation.csv,0.35,0.0023406666666675457,0.061,100,0.22345290111111113,0.7445224342935003
1526_wall-robot-navigation.csv,0.4,0.007387666666668569,0.066,100,0.23576004888888893,0.8615585139432238
1526_wall-robot-navigation.csv,0.44,0.002883666666665563,0.08000000000000002,100,0.2446757777777778,0.6859298002802212
1526_wall-robot-navigation.csv,0.49,0.003353666666668087,0.08199999999999996,100,0.24870709333333338,0.6929471672523186
1526_wall-robot-navigation.csv,0.54,0.014433333333334297,0.08000000000000002,100,0.24339391555555562,0.9047082239203876
1526_wall-robot-navigation.csv,0.6,0.0072196666666679565,0.08399999999999996,100,0.2362211511111111,0.7238713124646035
1526_wall-robot-navigation.csv,0.65,8.133333333470993e-05,0.062000000000000055,100,0.22289513777777775,0.782169786405754
1526_wall-robot-navigation.csv,0.7,0.010830666666663546,0.07299999999999995,100,0.20881333333333338,0.6108643020828245
1526_wall-robot-navigation.csv,0.75,0.0017519999999996427,0.07099999999999995,100,0.18521779,0.6684158377578937
1526_wall-robot-navigation.csv,0.8,0.013597999999997556,0.04200000000000004,100,0.15624939555555556,0.5938629765227831
1526_wall-robot-navigation.csv,0.85,0.013132333333330415,0.04299999999999993,100,0.1263837011111111,0.5715899294801334
1526_wall-robot-navigation.csv,0.9,0.007992000000000776,0.030000000000000027,100,0.09021445666666668,0.5303100583234394
1526_wall-robot-navigation.csv,0.95,0.010300000000003418,0.014999999999999902,100,0.047087132222222196,0.2540011950595943
1535_volcanoes-b5.csv,0.05,0.677324000000001,0.34700000000000003,100,0.11052645666666666,2.5150547305772575
1535_volcanoes-b5.csv,0.1,0.6281596666666676,0.357,100,0.11891141666666666,2.4033049271771096
1535_volcanoes-b5.csv,0.15,0.4832530000000015,0.38,100,0.12579684,2.203785730272977
1535_volcanoes-b5.csv,0.2,0.5707190000000013,0.466,100,0.1164872266666667,1.9314300435405605
1535_volcanoes-b5.csv,0.25,0.4990146666666673,0.249,100,0.11391534555555555,2.251780751034894
1535_volcanoes-b5.csv,0.3,0.4639230000000007,0.27999999999999997,100,0.11492121777777778,2.140719459675598
1535_volcanoes-b5.csv,0.35,0.409483333333334,0.20900000000000007,100,0.11651965666666668,2.1393909451499877
1535_volcanoes-b5.csv,0.4,0.3999536666666642,0.28,100,0.09141455444444445,1.8785354996268728
1535_volcanoes-b5.csv,0.44,0.35526300000000083,0.20800000000000002,100,0.1044073988888889,1.9354196004502908
1535_volcanoes-b5.csv,0.49,0.3210986666666634,0.20700000000000007,100,0.09247539555555555,1.8311563940824716
1535_volcanoes-b5.csv,0.54,0.27377933333333015,0.20799999999999996,100,0.09453229333333332,1.6652591615109085
1535_volcanoes-b5.csv,0.6,0.25052066666666906,0.23399999999999999,100,0.07811689333333334,1.407463545887713
1535_volcanoes-b5.csv,0.65,0.187549333333333,0.18399999999999994,100,0.08752252777777779,1.3933861473330442
1535_volcanoes-b5.csv,0.7,0.23961633333333,0.20800000000000007,100,0.049233043333333344,1.154239373023921
1535_volcanoes-b5.csv,0.75,0.213808,0.15600000000000003,100,0.041177728888888904,1.2707738188317075
1535_volcanoes-b5.csv,0.8,0.1396999999999965,0.131,100,0.04830544333333334,1.1149062369157532
1535_volcanoes-b5.csv,0.85,0.08969999999999656,0.061000000000000054,100,0.04959907111111111,1.1104541337062592
1535_volcanoes-b5.csv,0.9,0.08782466666667044,0.06099999999999994,100,0.02500446555555556,1.0813033714438463
1535_volcanoes-b5.csv,0.95,0.03974900000000414,0.049000000000000044,100,0.016202239999999993,0.5925369148840959
1535_volcanoes-b5.csv,0.05,0.47168499999999963,0.389,100,0.11987497333333334,2.2928986190387755
1535_volcanoes-b5.csv,0.1,0.6043690000000012,0.33699999999999997,100,0.1173702711111111,2.3856490852108956
1535_volcanoes-b5.csv,0.15,0.6122463333333341,0.47,100,0.11679606555555555,2.03582081393376
1535_volcanoes-b5.csv,0.2,0.5644230000000003,0.339,100,0.10128297333333332,2.212270852754756
1535_volcanoes-b5.csv,0.25,0.5073946666666677,0.33599999999999997,100,0.10734508444444442,2.1584863702000536
1535_volcanoes-b5.csv,0.3,0.4614926666666674,0.195,100,0.10770560444444448,2.255244112967929
1535_volcanoes-b5.csv,0.35,0.41442400000000046,0.11600000000000005,100,0.10437046222222221,2.2661968837551676
1535_volcanoes-b5.csv,0.4,0.46227399999999896,0.267,100,0.07365352333333335,1.7930365132681245
1535_volcanoes-b5.csv,0.44,0.35283199999999754,0.315,100,0.10375542666666668,1.6460527467469208
1535_volcanoes-b5.csv,0.49,0.2893983333333342,0.22999999999999998,100,0.11056925666666664,1.7933647343294454
1535_volcanoes-b5.csv,0.54,0.26975533333333046,0.21199999999999997,100,0.09566186111111108,1.6501352089548473
1535_volcanoes-b5.csv,0.6,0.21662666666666375,0.15600000000000003,100,0.08998690111111111,1.6470350018048923
1535_volcanoes-b5.csv,0.65,0.20202900000000235,0.22899999999999998,100,0.07954674999999999,1.29484386849302
1535_volcanoes-b5.csv,0.7,0.23969999999999658,0.2390000000000001,100,0.04822432888888887,1.0057891084880772
1535_volcanoes-b5.csv,0.75,0.172130000000001,0.18300000000000005,100,0.05933344,0.964317422884462
1535_volcanoes-b5.csv,0.8,0.1396999999999965,0.132,100,0.04931353222222221,1.1827949707652459
1535_volcanoes-b5.csv,0.85,0.115151,0.11499999999999999,100,0.03088788888888889,1.0062450155638265
1535_volcanoes-b5.csv,0.9,0.08573300000000339,0.06299999999999994,100,0.026901754444444443,0.7820953057115747
1535_volcanoes-b5.csv,0.95,0.0378246666666705,0.01200000000000001,100,0.025345878888888892,0.7457389563184179
1538_volcanoes-d1.csv,0.05,0.9365693333333369,0.35100000000000003,100,0.03900908777777777,2.535628801015747
1538_volcanoes-d1.csv,0.1,0.8891633333333372,0.41800000000000004,100,0.026678305555555556,2.312754319716384
1538_volcanoes-d1.csv,0.15,0.819836333333334,0.551,100,0.03433297222222222,1.9853114805581895
1538_volcanoes-d1.csv,0.2,0.769083333333334,0.5309999999999999,100,0.03955924,1.9760316900794628
1538_volcanoes-d1.csv,0.25,0.7317170000000025,0.373,100,0.028336998888888888,2.1776233230828197
1538_volcanoes-d1.csv,0.3,0.6679956666666669,0.36500000000000005,100,0.03128763888888889,2.0618741368010234
1538_volcanoes-d1.csv,0.35,0.6312986666666691,0.273,100,0.03938444,2.152687041482131
1538_volcanoes-d1.csv,0.4,0.5815496666666693,0.31199999999999994,100,0.028360367777777777,2.068503830249566
1538_volcanoes-d1.csv,0.44,0.5300036666666674,0.174,100,0.03683059555555556,2.1867038565782377
1538_volcanoes-d1.csv,0.49,0.49305566666666967,0.22299999999999998,100,0.027621626666666663,2.029257471853748
1538_volcanoes-d1.csv,0.54,0.44916333333333736,0.21899999999999997,100,0.02401272333333333,1.9495789806751476
1538_volcanoes-d1.csv,0.6,0.3893306666666708,0.3360000000000001,100,0.02255633777777778,1.5530560587885496
1538_volcanoes-d1.csv,0.65,0.3359003333333368,0.14200000000000002,100,0.026551839999999993,1.859149948093431
1538_volcanoes-d1.csv,0.7,0.28974900000000414,0.05800000000000005,100,0.016704856666666667,1.8875369043686785
1538_volcanoes-d1.csv,0.75,0.2397490000000041,0.10399999999999998,100,0.02125688888888889,1.7096727094331625
1538_volcanoes-d1.csv,0.8,0.18974900000000405,0.15200000000000002,100,0.014024915555555557,1.5361041945083018
1538_volcanoes-d1.csv,0.85,0.13941433333333753,0.01100000000000001,100,0.022673710000000003,1.6941824080169554
1538_volcanoes-d1.csv,0.9,0.08974900000000408,0.018000000000000016,100,0.01919352333333333,1.5876051658886445
1538_volcanoes-d1.csv,0.95,0.03974900000000414,0.05999999999999994,100,0.011858417777777776,1.704999312810286
1538_volcanoes-d1.csv,0.05,0.9313823333333356,0.41500000000000004,100,0.036017221111111115,2.4320176815524084
1538_volcanoes-d1.csv,0.1,0.8838900000000032,0.4630000000000001,100,0.04184813777777777,2.355927522091505
1538_volcanoes-d1.csv,0.15,0.834729000000003,0.384,100,0.03229335444444444,2.290686361562481
1538_volcanoes-d1.csv,0.2,0.7867370000000036,0.273,100,0.033931706666666665,2.41293291880712
1538_volcanoes-d1.csv,0.25,0.7296253333333355,0.37,100,0.035306154444444446,2.151552885911837
1538_volcanoes-d1.csv,0.3,0.6692506666666673,0.333,100,0.033174751111111116,2.189984681350246
1538_volcanoes-d1.csv,0.35,0.6399163333333375,0.277,100,0.021466826666666664,2.1565591641696615
1538_volcanoes-d1.csv,0.4,0.5678283333333335,0.251,100,0.03526725666666666,2.146651355641137
1538_volcanoes-d1.csv,0.44,0.5273263333333336,0.302,100,0.03258850666666667,2.0041996142048184
1538_volcanoes-d1.csv,0.49,0.47799566666666693,0.30200000000000005,100,0.030709444444444452,1.86347387777449
1538_volcanoes-d1.csv,0.54,0.4290833333333339,0.256,100,0.037043106666666666,1.7600781446075036
1538_volcanoes-d1.csv,0.6,0.3891633333333374,0.18800000000000006,100,0.023377151111111116,1.8602205333573274
1538_volcanoes-d1.csv,0.65,0.3397490000000041,0.21799999999999997,100,0.017613265555555556,1.7688189766352906
1538_volcanoes-d1.csv,0.7,0.2880756666666706,0.14700000000000002,100,0.025565416666666663,1.6849454218884756
1538_volcanoes-d1.csv,0.75,0.2397490000000041,0.038000000000000034,100,0.01159627888888889,1.8427197339782304
1538_volcanoes-d1.csv,0.8,0.18807566666667053,0.07599999999999996,100,0.024298528888888886,1.6875585417558003
1538_volcanoes-d1.csv,0.85,0.13974900000000412,0.03600000000000003,100,0.015936493333333333,1.579810209205526
1538_volcanoes-d1.csv,0.9,0.08974900000000408,0.0040000000000000036,100,0.011011995555555553,1.5764213418174438
1538_volcanoes-d1.csv,0.95,0.03974900000000414,0.050000000000000044,100,0.010254465555555554,1.1981204847068394
1539_volcanoes-d2.csv,0.05,0.8964149999999974,0.391,100,0.04944870666666667,2.406311039930205
1539_volcanoes-d2.csv,0.1,0.8228066666666686,0.399,100,0.05554771,2.4124211960602056
1539_volcanoes-d2.csv,0.15,0.8364860000000035,0.506,100,0.026791573333333332,2.0690547883965023
1539_volcanoes-d2.csv,0.2,0.7419663333333302,0.37000000000000005,100,0.04480944,2.217437952993457
1539_volcanoes-d2.csv,0.25,0.7299600000000023,0.20700000000000002,100,0.031348678888888884,2.3807925016903977
1539_volcanoes-d2.csv,0.3,0.6528026666666651,0.433,100,0.04376970111111111,1.9978106170768102
1539_volcanoes-d2.csv,0.35,0.6155693333333335,0.3430000000000001,100,0.030843062222222228,1.978689297278168
1539_volcanoes-d2.csv,0.4,0.5192016666666681,0.28200000000000003,100,0.05477811111111111,1.9574061595961436
1539_volcanoes-d2.csv,0.44,0.5303383333333342,0.25200000000000006,100,0.028629532222222226,1.933078253109163
1539_volcanoes-d2.csv,0.49,0.4748999999999999,0.28800000000000003,100,0.03249844444444444,1.7626895096702577
1539_volcanoes-d2.csv,0.54,0.39986799999999656,0.10099999999999998,100,0.04550852777777777,2.0613635948699063
1539_volcanoes-d2.csv,0.6,0.3650673333333333,0.14400000000000002,100,0.03622884888888889,1.8978835925140056
1539_volcanoes-d2.csv,0.65,0.33815933333333703,0.04300000000000004,100,0.02415355555555555,1.925771841962999
1539_volcanoes-d2.csv,0.7,0.28966533333333744,0.17000000000000004,100,0.019434973333333334,1.6005958512856047
1539_volcanoes-d2.csv,0.75,0.23790833333333716,0.18500000000000005,100,0.02441661777777778,1.387118979042603
1539_volcanoes-d2.csv,0.8,0.18891233333333723,0.038999999999999924,100,0.023263888888888883,1.5818027459565223
1539_volcanoes-d2.csv,0.85,0.13974900000000412,0.07900000000000007,100,0.017946084444444444,1.4573150073429668
1539_volcanoes-d2.csv,0.9,0.08974900000000408,0.03400000000000003,100,0.016926598888888887,1.4635521946834231
1539_volcanoes-d2.csv,0.95,0.03974900000000414,0.04699999999999993,100,0.010995333333333334,1.5736851615968628
1539_volcanoes-d2.csv,0.05,0.8724733333333347,0.35700000000000004,100,0.05899685666666667,2.506433727388722
1539_volcanoes-d2.csv,0.1,0.8808803333333358,0.29500000000000004,100,0.03495579888888889,2.460079182526182
1539_volcanoes-d2.csv,0.15,0.79137933333333,0.31900000000000006,100,0.04612584888888889,2.310119630658103
1539_volcanoes-d2.csv,0.2,0.7404559999999967,0.277,100,0.044189444444444455,2.3798304105745633
1539_volcanoes-d2.csv,0.25,0.7152346666666667,0.378,100,0.03655030555555555,2.0471889690893987
1539_volcanoes-d2.csv,0.3,0.665402,0.289,100,0.03779122111111111,2.144693433108606
1539_volcanoes-d2.csv,0.35,0.6184140000000005,0.30700000000000005,100,0.030370732222222217,2.067754457106659
1539_volcanoes-d2.csv,0.4,0.5679120000000002,0.21299999999999997,100,0.034938598888888894,2.051009621709733
1539_volcanoes-d2.csv,0.44,0.49969999999999654,0.316,100,0.05046119555555555,1.8643926570301388
1539_volcanoes-d2.csv,0.49,0.4749836666666666,0.28200000000000003,100,0.03518386222222223,1.7871964668056042
1539_volcanoes-d2.csv,0.54,0.42540200000000006,0.125,100,0.03049990666666667,1.9829489826453666
1539_volcanoes-d2.csv,0.6,0.36397533333333343,0.11499999999999999,100,0.04168140444444444,1.9394150023715686
1539_volcanoes-d2.csv,0.65,0.31489999999999985,0.20199999999999996,100,0.034553487777777774,1.605716666843532
1539_volcanoes-d2.csv,0.7,0.2648999999999999,0.275,100,0.03672907888888889,1.305417880946802
1539_volcanoes-d2.csv,0.75,0.2202546666666675,0.19100000000000006,100,0.028734795555555553,1.4483238413896715
1539_volcanoes-d2.csv,0.8,0.18974900000000405,0.19099999999999995,100,0.015713151111111115,1.3935740375111918
1539_volcanoes-d2.csv,0.85,0.13924700000000412,0.135,100,0.022618848888888893,1.1855007368086812
1539_volcanoes-d2.csv,0.9,0.08974900000000408,0.02400000000000002,100,0.016559315555555558,1.439693379214706
1539_volcanoes-d2.csv,0.95,0.03974900000000414,0.010999999999999899,100,0.013295309999999998,1.4077916725788113
1540_volcanoes-d3.csv,0.05,0.9256830000000014,0.574,100,0.04370184333333332,2.2075166263655865
1540_volcanoes-d3.csv,0.1,0.8811313333333357,0.515,100,0.03831533333333333,2.2757695759129417
1540_volcanoes-d3.csv,0.15,0.8362350000000034,0.346,100,0.034907612222222224,2.390047840365188
1540_volcanoes-d3.csv,0.2,0.7523686666666647,0.35400000000000004,100,0.04889287111111111,2.2372909739290217
1540_volcanoes-d3.csv,0.25,0.7179956666666669,0.495,100,0.030972323333333333,2.013671017257191
1540_volcanoes-d3.csv,0.3,0.6710913333333344,0.316,100,0.03252991555555555,2.2087679379035268
1540_volcanoes-d3.csv,0.35,0.6032909999999981,0.266,100,0.04868205666666667,2.2351949115461656
1540_volcanoes-d3.csv,0.4,0.5886613333333371,0.21499999999999997,100,0.026673337777777778,2.2543074664235885
1540_volcanoes-d3.csv,0.44,0.5254856666666667,0.317,100,0.03200952888888889,1.8656247235635428
1540_volcanoes-d3.csv,0.49,0.47866500000000045,0.253,100,0.029167284444444448,2.029620765463264
1540_volcanoes-d3.csv,0.54,0.42515099999999995,0.253,100,0.03850595111111112,1.8772996057601166
1540_volcanoes-d3.csv,0.6,0.3893306666666706,0.19500000000000006,100,0.023480582222222223,1.7673097440004102
1540_volcanoes-d3.csv,0.65,0.3397490000000041,0.18999999999999995,100,0.02083836777777778,1.6860017978961626
1540_volcanoes-d3.csv,0.7,0.28974900000000414,0.19400000000000006,100,0.021263416666666667,1.5376871997347903
1540_volcanoes-d3.csv,0.75,0.23012733333333568,0.11699999999999999,100,0.028522111111111116,1.5688210878106839
1540_volcanoes-d3.csv,0.8,0.18974900000000405,0.134,100,0.016545345555555556,1.6644160763855045
1540_volcanoes-d3.csv,0.85,0.1388286666666706,0.02499999999999991,100,0.02361254555555556,1.8196032334181962
1540_volcanoes-d3.csv,0.9,0.08974900000000408,0.03700000000000003,100,0.01167130111111111,1.3936679930923948
1540_volcanoes-d3.csv,0.95,0.03966533333333744,0.04200000000000004,100,0.012363834444444442,1.1406031979421796
1540_volcanoes-d3.csv,0.05,0.9361513333333369,0.47000000000000003,100,0.03736370111111111,2.382540245892389
1540_volcanoes-d3.csv,0.1,0.871175000000001,0.5700000000000001,100,0.03624451555555555,2.226218658180468
1540_volcanoes-d3.csv,0.15,0.831541000000002,0.23500000000000001,100,0.04594539555555555,2.615818971015921
1540_volcanoes-d3.csv,0.2,0.7844780000000031,0.39299999999999996,100,0.03476410111111111,2.2215281484177196
1540_volcanoes-d3.csv,0.25,0.7360676666666702,0.43300000000000005,100,0.040455262222222226,2.0563643976274477
1540_volcanoes-d3.csv,0.3,0.6725136666666678,0.411,100,0.03646319555555556,2.0072962498089972
1540_volcanoes-d3.csv,0.35,0.6341400000000031,0.237,100,0.04215026222222222,2.1977344113440367
1540_volcanoes-d3.csv,0.4,0.5628699999999998,0.274,100,0.04294112888888889,2.115335203573249
1540_volcanoes-d3.csv,0.44,0.5324300000000011,0.22100000000000003,100,0.03411575444444445,2.193029582787522
1540_volcanoes-d3.csv,0.49,0.4992470000000041,0.41800000000000004,100,0.021804545555555558,1.717970709458315
1540_volcanoes-d3.csv,0.54,0.42556933333333347,0.266,100,0.03077205666666667,1.7911120235809705
1540_volcanoes-d3.csv,0.6,0.373852333333335,0.14600000000000002,100,0.028718510000000003,1.9739942720367767
1540_volcanoes-d3.csv,0.65,0.33815933333333703,0.12,100,0.024316145555555554,1.9498774283221416
1540_volcanoes-d3.csv,0.7,0.2881593333333373,0.1250000000000001,100,0.02497475,1.7747372011063989
1540_volcanoes-d3.csv,0.75,0.23799200000000387,0.14400000000000002,100,0.02456757333333333,1.526239981801262
1540_volcanoes-d3.csv,0.8,0.18933066666667075,0.14100000000000001,100,0.021702271111111112,1.4758706779587731
1540_volcanoes-d3.csv,0.85,0.13966533333333742,0.122,100,0.01520686222222222,1.2571030897133795
1540_volcanoes-d3.csv,0.9,0.08974900000000408,0.040000000000000036,100,0.015892234444444445,1.4539394774495933
1540_volcanoes-d3.csv,0.95,0.03974900000000414,0.0119999999999999,100,0.011124109999999998,1.442450560163999
1541_volcanoes-d4.csv,0.05,0.937155333333337,0.311,100,0.02872663444444445,2.5183515367095937
1541_volcanoes-d4.csv,0.1,0.8880756666666704,0.364,100,0.02847282111111111,2.401705306637944
1541_volcanoes-d4.csv,0.15,0.8399163333333375,0.33499999999999996,100,0.019649043333333335,2.4327554696241624
1541_volcanoes-d4.csv,0.2,0.7896653333333374,0.238,100,0.025321728888888888,2.3031027771357038
1541_volcanoes-d4.csv,0.25,0.7362350000000034,0.266,100,0.03405763888888889,2.350865379874598
1541_volcanoes-d4.csv,0.3,0.6825536666666694,0.2700000000000001,100,0.03062955555555555,2.2847487500636516
1541_volcanoes-d4.csv,0.35,0.6399163333333375,0.132,100,0.022763448888888885,2.4588356223505334
1541_volcanoes-d4.csv,0.4,0.5885776666666704,0.21299999999999997,100,0.02693876,2.1644209239248022
1541_volcanoes-d4.csv,0.44,0.5499163333333374,0.13400000000000006,100,0.022433893333333333,2.176009398402212
1541_volcanoes-d4.csv,0.49,0.4992470000000039,0.11599999999999999,100,0.023731932222222224,2.205747160878623
1541_volcanoes-d4.csv,0.54,0.44907966666667065,0.17899999999999994,100,0.02275707888888889,1.9442453094880627
1541_volcanoes-d4.csv,0.6,0.3898326666666708,0.10999999999999999,100,0.01973316777777778,2.0381069885421987
1541_volcanoes-d4.csv,0.65,0.3397490000000041,0.19299999999999995,100,0.021013239999999996,1.6712879721538927
1541_volcanoes-d4.csv,0.7,0.2879083333333372,0.12300000000000011,100,0.024619638888888885,1.6504480353883932
1541_volcanoes-d4.csv,0.75,0.2397490000000041,0.16600000000000004,100,0.014891656666666668,1.423838727253751
1541_volcanoes-d4.csv,0.8,0.18974900000000405,0.127,100,0.012160376666666669,1.6429559706657673
1541_volcanoes-d4.csv,0.85,0.13974900000000412,0.121,100,0.014554351111111112,1.36463936171009
1541_volcanoes-d4.csv,0.9,0.08966533333333737,0.06099999999999994,100,0.015623354444444444,1.2879969256452366
1541_volcanoes-d4.csv,0.95,0.03974900000000414,0.03300000000000003,100,0.011563532222222221,1.4443588211369238
1541_volcanoes-d4.csv,0.05,0.9368206666666702,0.343,100,0.03136524888888889,2.445945218245135
1541_volcanoes-d4.csv,0.1,0.8864860000000035,0.29100000000000004,100,0.03132095111111111,2.4295255377039497
1541_volcanoes-d4.csv,0.15,0.8370716666666701,0.41900000000000004,100,0.02726273777777778,2.2737735895340707
1541_volcanoes-d4.csv,0.2,0.7867370000000036,0.326,100,0.028654589999999994,2.29498324738125
1541_volcanoes-d4.csv,0.25,0.7373226666666702,0.29800000000000004,100,0.02691926555555556,2.281372755407925
1541_volcanoes-d4.csv,0.3,0.6859840000000033,0.15200000000000002,100,0.03153802111111111,2.3676665685360945
1541_volcanoes-d4.csv,0.35,0.6377410000000038,0.236,100,0.02803127111111111,2.2895311601796218
1541_volcanoes-d4.csv,0.4,0.5899163333333375,0.22199999999999998,100,0.021932323333333333,2.113105706407621
1541_volcanoes-d4.csv,0.44,0.549749000000004,0.202,100,0.017430862222222225,2.2066840939898733
1541_volcanoes-d4.csv,0.49,0.4997490000000041,0.29500000000000004,100,0.020891194444444445,1.8356326740133784
1541_volcanoes-d4.csv,0.54,0.44991633333333747,0.123,100,0.019704545555555557,1.9544878731077386
1541_volcanoes-d4.csv,0.6,0.3897490000000041,0.15200000000000002,100,0.021338865555555548,1.8317930106968294
1541_volcanoes-d4.csv,0.65,0.3397490000000041,0.18000000000000005,100,0.019176026666666665,1.727889059173305
1541_volcanoes-d4.csv,0.7,0.28974900000000414,0.09500000000000008,100,0.01891729333333333,1.7046263701656037
1541_volcanoes-d4.csv,0.75,0.2397490000000041,0.02400000000000002,100,0.018385204444444445,1.7057686561754037
1541_volcanoes-d4.csv,0.8,0.18974900000000405,0.041999999999999926,100,0.012938906666666665,1.7773741837809864
1541_volcanoes-d4.csv,0.85,0.13974900000000412,0.08700000000000008,100,0.008291416666666667,1.3991612104049138
1541_volcanoes-d4.csv,0.9,0.08974900000000408,0.10299999999999998,100,0.016256617777777774,1.8234546677515053
1541_volcanoes-d4.csv,0.95,0.03974900000000414,0.027999999999999914,100,0.007514243333333332,1.5766617290413705
1566_hill-valley.csv,0.05,0.5804080000000005,0.595,100,0.06645220444444444,2.922720742190289
1566_hill-valley.csv,0.1,0.8126080000000017,0.556,100,0.06544921777777778,2.856048298852017
1566_hill-valley.csv,0.15,0.791253000000003,0.503,100,0.05669925666666667,2.9230107825576566
1566_hill-valley.csv,0.2,0.725758333333336,0.461,100,0.05685697222222222,2.8384973341375916
1566_hill-valley.csv,0.25,0.6711500000000008,0.537,100,0.07120290666666666,2.8221785083492197
1566_hill-valley.csv,0.3,0.14137199999999978,0.25000000000000006,100,0.07532257333333334,2.8892492094932374
1566_hill-valley.csv,0.35,0.5002060000000002,0.42300000000000004,100,0.06957940444444445,2.8834841457070346
1566_hill-valley.csv,0.4,0.5760976666666691,0.43000000000000005,100,0.06056249333333333,2.7900840631459327
1566_hill-valley.csv,0.44,0.27697166666666684,0.07600000000000001,100,0.06901094555555555,2.8591566378322772
1566_hill-valley.csv,0.49,0.07206400000000068,0.10799999999999998,100,0.07746912333333333,2.8954829656884704
1566_hill-valley.csv,0.54,0.4376890000000029,0.18599999999999994,100,0.06376441222222223,2.903692233839131
1566_hill-valley.csv,0.6,0.3677186666666684,0.31500000000000006,100,0.062480222222222215,2.870622875465148
1566_hill-valley.csv,0.65,0.006198333333333639,0.04300000000000004,100,0.0766058711111111,2.8923381301619657
1566_hill-valley.csv,0.7,0.22835700000000125,0.0029999999999998916,100,0.06987233333333333,2.927310050177
1566_hill-valley.csv,0.75,0.22391966666666896,0.03300000000000003,100,0.06509808333333333,2.8821632076540613
1566_hill-valley.csv,0.8,0.11059599999999925,0.18599999999999994,100,0.06761988444444444,2.8099911787278793
1566_hill-valley.csv,0.85,0.09024166666666722,0.09600000000000009,100,0.06793059,2.879956155557293
1566_hill-valley.csv,0.9,0.08179233333333602,0.374,100,0.05487179888888888,2.8238015631939914
1566_hill-valley.csv,0.95,0.024923666666669564,0.1509999999999999,100,0.057632960000000004,2.8237631251838717
1566_hill-valley.csv,0.05,0.8888256666666691,0.62,100,0.06558348777777777,2.914608412276949
1566_hill-valley.csv,0.1,0.0712393333333335,0.44000000000000006,100,0.05818227888888888,2.8549075556952674
1566_hill-valley.csv,0.15,0.1344863333333338,0.266,100,0.061096315555555565,2.8912923837762863
1566_hill-valley.csv,0.2,0.7827970000000031,0.5920000000000001,100,0.057313715555555554,2.788297459443159
1566_hill-valley.csv,0.25,0.7193993333333365,0.398,100,0.062064693333333344,2.9111613903015487
1566_hill-valley.csv,0.3,0.6534836666666684,0.5090000000000001,100,0.06906763888888888,2.8759067718061817
1566_hill-valley.csv,0.35,0.5391563333333345,0.18000000000000005,100,0.06460553777777778,2.880328706953507
1566_hill-valley.csv,0.4,0.5819603333333363,0.267,100,0.057661398888888896,2.796927921616813
1566_hill-valley.csv,0.44,0.08990066666666646,0.10500000000000004,100,0.06628512333333333,2.885963362713017
1566_hill-valley.csv,0.49,0.4541853333333341,0.41800000000000004,100,0.06972619888888891,2.8492717556917455
1566_hill-valley.csv,0.54,0.44036800000000276,0.19799999999999995,100,0.05824054555555555,2.841333508208617
1566_hill-valley.csv,0.6,0.3843893333333366,0.14200000000000002,100,0.05943549333333333,2.8811999722960637
1566_hill-valley.csv,0.65,0.08343333333333414,0.02400000000000002,100,0.07616738999999999,2.939468502500273
1566_hill-valley.csv,0.7,0.2518900000000027,0.22899999999999993,100,0.05832392333333333,2.849805083671523
1566_hill-valley.csv,0.75,0.14359333333333435,0.09099999999999997,100,0.0702824211111111,2.8755162752958854
1566_hill-valley.csv,0.8,0.1763510000000028,0.14300000000000002,100,0.06205018222222223,2.861634311984936
1566_hill-valley.csv,0.85,0.07005499999999931,0.15000000000000002,100,0.06645777777777778,2.8376751100345006
1566_hill-valley.csv,0.9,0.06688133333333435,0.03300000000000003,100,0.06330544,2.8475003477061778
1566_hill-valley.csv,0.95,0.019898666666669396,0.03399999999999992,100,0.06159988888888889,2.829016169173447
182_satimage.csv,0.05,0.010132000000000023,0.019000000000000003,100,0.04506186111111112,0.796376330029663
182_satimage.csv,0.1,0.009584333333332765,0.046000000000000006,100,0.0882214711111111,0.7349359658033254
182_satimage.csv,0.15,0.014309333333333896,0.057999999999999996,100,0.11520775444444445,0.8408957344671831
182_satimage.csv,0.2,0.014434666666667956,0.062,100,0.1319329988888889,1.1820034573248877
182_satimage.csv,0.25,0.013800000000001755,0.065,100,0.15796935444444446,1.2177435514286705
182_satimage.csv,0.3,0.013856000000000035,0.06999999999999998,100,0.1755776566666667,1.362430393562057
182_satimage.csv,0.35,0.012046333333335268,0.08299999999999996,100,0.19650086555555554,1.4472447555778771
182_satimage.csv,0.4,0.027741000000000127,0.10100000000000003,100,0.19906971,1.5213129047257599
182_satimage.csv,0.44,0.026645666666668455,0.08400000000000002,100,0.20485010999999997,1.6783949779400298
182_satimage.csv,0.49,0.030963000000000407,0.07699999999999996,100,0.19499750666666663,1.83218165676655
182_satimage.csv,0.54,0.016776000000001123,0.08100000000000002,100,0.2162679288888889,1.5420124006781046
182_satimage.csv,0.6,0.0025163333333337867,0.07799999999999996,100,0.20655726555555556,1.5798368883510818
182_satimage.csv,0.65,0.03388833333333108,0.06400000000000006,100,0.19007427111111114,1.8024399297032359
182_satimage.csv,0.7,0.011667999999997014,0.06799999999999995,100,0.1845081544444444,1.5520071851549728
182_satimage.csv,0.75,0.006019000000000885,0.06399999999999995,100,0.1656302222222222,1.5618128342575734
182_satimage.csv,0.8,0.011252000000005147,0.06500000000000006,100,0.14653408333333331,1.5806770891190203
182_satimage.csv,0.85,0.03489600000000226,0.03799999999999992,100,0.12238618999999998,1.6191111956008526
182_satimage.csv,0.9,0.02849200000000318,0.02200000000000002,100,0.08704205666666665,1.5728995869950921
182_satimage.csv,0.95,0.04661133333333256,0.0129999999999999,100,0.06298673777777779,1.4838089254464257
182_satimage.csv,0.05,0.01204400000000009,0.021,100,0.04242208333333333,0.9807011706382459
182_satimage.csv,0.1,0.009919666666666105,0.02700000000000001,100,0.07860769333333333,1.1253711997921032
182_satimage.csv,0.15,0.012881333333333855,0.05199999999999999,100,0.11517539888888889,0.8033736316490658
182_satimage.csv,0.2,0.014351000000001307,0.056999999999999995,100,0.13630245666666668,1.2170107816313702
182_satimage.csv,0.25,0.00661466666666638,0.059,100,0.15678655555555554,1.3737766419021216
182_satimage.csv,0.3,0.008164000000000171,0.07799999999999999,100,0.1891420933333333,1.1286114591663898
182_satimage.csv,0.35,0.012382000000001947,0.06999999999999995,100,0.1868143066666667,1.5914007396729706
182_satimage.csv,0.4,0.015525333333334945,0.10800000000000004,100,0.21341808444444443,1.169215987095858
182_satimage.csv,0.44,0.02597633333333499,0.08500000000000002,100,0.20472252777777775,1.6190133432626699
182_satimage.csv,0.49,0.017493333333334526,0.08499999999999996,100,0.21654393777777772,1.469729225408642
182_satimage.csv,0.54,0.06336233333333308,0.10200000000000004,100,0.21294739888888892,1.544770104972966
182_satimage.csv,0.6,0.014274666666667657,0.08099999999999996,100,0.2053192622222222,1.5943691988493183
182_satimage.csv,0.65,0.016401666666664094,0.08899999999999997,100,0.19969544444444445,1.5549979809525607
182_satimage.csv,0.7,0.0012999999999970813,0.025999999999999912,100,0.17036935444444443,1.7852812817149013
182_satimage.csv,0.75,0.02644366666666509,0.07899999999999996,100,0.16810863444444443,1.5521204916649842
182_satimage.csv,0.8,0.00012333333333713892,0.04600000000000004,100,0.13900077777777778,1.5947720247818173
182_satimage.csv,0.85,0.011719999999996622,0.026999999999999913,100,0.1157512211111111,1.396344454650177
182_satimage.csv,0.9,0.016024666666668463,0.026000000000000023,100,0.08656402111111111,1.3674938444700495
182_satimage.csv,0.95,0.011471333333336498,0.007999999999999896,100,0.0529841288888889,1.344140914783608
23_cmc.csv,0.05,0.03790533333333311,0.14400000000000002,100,0.06244578213293652,2.709890530081645
23_cmc.csv,0.1,0.07836433333333231,0.217,100,0.07285176796368575,2.8252969822901544
23_cmc.csv,0.15,0.12140966666666678,0.096,100,0.05311899478844796,2.7948022363060963
23_cmc.csv,0.2,0.17534200000000014,0.09799999999999998,100,0.05802049112685185,2.7218481397759207
23_cmc.csv,0.25,0.06921100000000086,0.05299999999999999,100,0.07391515397615739,2.7289876736156673
23_cmc.csv,0.3,0.22893999999999998,0.126,100,0.07084059370370371,2.857482168085254
23_cmc.csv,0.35,0.24711199999999983,0.07900000000000001,100,0.07496388071188588,2.8759328768286165
23_cmc.csv,0.4,0.211165000000001,0.19100000000000003,100,0.07524511686541951,2.692061202811271
23_cmc.csv,0.44,0.19655166666666654,0.02300000000000002,100,0.08549716354166667,2.861702372924229
23_cmc.csv,0.49,0.15273333333333455,0.04899999999999999,100,0.08248223086104811,2.885270003780961
23_cmc.csv,0.54,0.02960366666666736,0.06399999999999995,100,0.07993134750249432,2.911612605864108
23_cmc.csv,0.6,0.308644666666667,0.119,100,0.0813410966536848,2.931036110679879
23_cmc.csv,0.65,0.18619466666666762,0.135,100,0.09364870509228393,2.874853683533506
23_cmc.csv,0.7,0.2145000000000003,0.1529999999999999,100,0.08849993759054547,2.9197929967167315
23_cmc.csv,0.75,0.3126509999999999,0.19099999999999995,100,0.08887003967374653,2.8571430864772194
23_cmc.csv,0.8,0.28024233333333415,0.263,100,0.07967894297037037,2.9456642192958995
23_cmc.csv,0.85,0.163617666666665,0.23099999999999998,100,0.0819527081515432,2.8321514439867466
23_cmc.csv,0.9,0.1034090000000003,0.20099999999999996,100,0.07362719434993702,2.822668736169263
23_cmc.csv,0.95,0.14326766666666624,0.2549999999999999,100,0.07420738089379567,2.877120380097968
23_cmc.csv,0.05,0.03355266666666679,0.26,100,0.04808009474197531,2.773592873416213
23_cmc.csv,0.1,0.07552100000000012,0.11299999999999999,100,0.0485118343767621,2.779095976908688
23_cmc.csv,0.15,0.04484999999999999,0.20100000000000004,100,0.07388403037632575,2.764613870648138
23_cmc.csv,0.2,0.12751933333333335,0.178,100,0.06752369956775006,2.8314018733119095
23_cmc.csv,0.25,0.21629966666666678,0.15600000000000003,100,0.06517552429969137,2.8474182352901884
23_cmc.csv,0.3,0.25255933333333347,0.139,100,0.07140192806039777,2.823172441221057
23_cmc.csv,0.35,0.3353950000000001,0.10700000000000004,100,0.0575007949691358,2.916349798722797
23_cmc.csv,0.4,0.23361500000000068,0.013000000000000012,100,0.07272860454349175,2.8868346280567785
23_cmc.csv,0.44,0.4237203333333335,0.09799999999999998,100,0.05694432361000881,2.8042081698264445
23_cmc.csv,0.49,0.08226766666666802,0.02799999999999997,100,0.08611876566234569,2.8478488883009345
23_cmc.csv,0.54,0.2220143333333347,0.16200000000000003,100,0.09065489069916856,2.8444710715051884
23_cmc.csv,0.6,0.16983633333333292,0.13399999999999995,100,0.09226957438611107,2.8345671696648393
23_cmc.csv,0.65,0.13702100000000028,0.07100000000000006,100,0.09204142670871127,2.8449401625258797
23_cmc.csv,0.7,0.11141233333333367,0.09599999999999997,100,0.07611769125771603,2.937634001798551
23_cmc.csv,0.75,0.2702853333333338,0.21599999999999997,100,0.09023018617160496,2.874723674119659
23_cmc.csv,0.8,0.3591189999999995,0.28700000000000003,100,0.09314790794938274,2.879525502547883
23_cmc.csv,0.85,0.12946233333333235,0.22799999999999998,100,0.08095500185061726,2.8993310177452556
23_cmc.csv,0.9,0.18967899999999838,0.19699999999999995,100,0.07987477735081884,2.8562904422215714
23_cmc.csv,0.95,0.3123789999999983,0.2839999999999999,100,0.08752384585494458,2.854035146109981
28_optdigits.csv,0.05,0.03782466666666676,0.038000000000000006,100,0.024695576666666667,0.881851074462493
28_optdigits.csv,0.1,0.039699999999999985,0.0059999999999999915,100,0.047933928888888894,0.9961763912559185
28_optdigits.csv,0.15,0.034222666666667026,0.03900000000000001,100,0.07755376,1.1795760406820506
28_optdigits.csv,0.2,0.05253200000000016,0.09799999999999998,100,0.09578637333333334,1.4013597991071234
28_optdigits.csv,0.25,0.039083333333334386,0.067,100,0.1300538433333333,1.5187534019335698
28_optdigits.csv,0.3,0.116121000000001,0.069,100,0.10872035111111111,1.672169935098477
28_optdigits.csv,0.35,0.057989999999999875,0.11300000000000004,100,0.13363436,1.8677492646366098
28_optdigits.csv,0.4,0.080349333333334,0.10499999999999998,100,0.1391360177777778,1.9378238306885598
28_optdigits.csv,0.44,0.1022296666666676,0.13500000000000006,100,0.13453979,2.027413092340854
28_optdigits.csv,0.49,0.09099466666666811,0.15000000000000002,100,0.14732986111111113,2.087778305956264
28_optdigits.csv,0.54,0.1112589999999995,0.15100000000000002,100,0.15498072333333332,2.1795546274648707
28_optdigits.csv,0.6,0.12244299999999952,0.15800000000000003,100,0.15301732888888886,2.2579187132351954
28_optdigits.csv,0.65,0.15838599999999997,0.11099999999999999,100,0.15056478222222222,2.41305266452922
28_optdigits.csv,0.7,0.12146199999999985,0.1250000000000001,100,0.1389865988888889,2.4937885226667698
28_optdigits.csv,0.75,0.11323399999999828,0.08000000000000007,100,0.13607786111111111,2.536309337895037
28_optdigits.csv,0.8,0.11613366666666425,0.07399999999999995,100,0.11707770111111111,2.628796199196793
28_optdigits.csv,0.85,0.07502900000000079,0.07100000000000006,100,0.10397722666666667,2.518724879028978
28_optdigits.csv,0.9,0.13569599999999726,0.031000000000000028,100,0.09456444444444444,2.6402578672169685
28_optdigits.csv,0.95,0.1261126666666662,0.020000000000000018,100,0.07643014555555555,2.646581366781488
28_optdigits.csv,0.05,0.01490000000000008,0.0010000000000000009,100,0.03248272888888888,0.9154429339553336
28_optdigits.csv,0.1,0.019536333333333322,0.023000000000000007,100,0.05896699,0.9956394400499538
28_optdigits.csv,0.15,0.0413403333333338,0.01899999999999999,100,0.06900129333333332,1.2729243052066992
28_optdigits.csv,0.2,0.07192033333333389,0.05399999999999999,100,0.07719844444444444,1.4174240134502225
28_optdigits.csv,0.25,0.03941833333333439,0.10299999999999998,100,0.12219458999999999,1.402458486224567
28_optdigits.csv,0.3,0.06371700000000169,0.09300000000000003,100,0.12601699999999996,1.4705866810799022
28_optdigits.csv,0.35,0.11740700000000162,0.09000000000000002,100,0.11332575444444445,1.9087559358666875
28_optdigits.csv,0.4,0.1628796666666684,0.04799999999999999,100,0.11522472888888888,2.0574867231539367
28_optdigits.csv,0.44,0.09343000000000068,0.15199999999999997,100,0.14566304000000002,2.009986877768066
28_optdigits.csv,0.49,0.15425766666666674,0.132,100,0.13478744333333334,2.207860292613214
28_optdigits.csv,0.54,0.08648233333333322,0.16100000000000003,100,0.16403702666666667,2.0610957216634045
28_optdigits.csv,0.6,0.12110433333333293,0.15600000000000003,100,0.16049844,2.192850478351002
28_optdigits.csv,0.65,0.17127166666666627,0.133,100,0.14560410111111108,2.414617890219623
28_optdigits.csv,0.7,0.2184263333333329,0.09300000000000008,100,0.13504406222222223,2.597314331655898
28_optdigits.csv,0.75,0.08794466666666645,0.10799999999999998,100,0.1403479288888889,2.4547128204482567
28_optdigits.csv,0.8,0.09360333333332915,0.08699999999999997,100,0.11463072333333332,2.6327077425814736
28_optdigits.csv,0.85,0.05908033333333762,0.08500000000000008,100,0.09393942666666667,2.5552852871037843
28_optdigits.csv,0.9,0.09602866666666954,0.05999999999999994,100,0.08163222222222224,2.688982885370741
28_optdigits.csv,0.95,0.11060999999999965,0.030000000000000027,100,0.07250622222222222,2.597112876840606
294_satellite_image.csv,0.05,0.0086000000000001,0.019000000000000003,100,0.04303491555555554,0.7738829242462107
294_satellite_image.csv,0.1,0.004897666666666134,0.02500000000000001,100,0.0791004211111111,0.678839963944686
294_satellite_image.csv,0.15,0.01732733333333386,0.046999999999999986,100,0.10629748444444446,0.830316207839445
294_satellite_image.csv,0.2,0.023973000000000688,0.055999999999999994,100,0.13333655111111115,1.0262611132146295
294_satellite_image.csv,0.25,0.038495666666667705,0.056999999999999995,100,0.1494204444444444,1.2884772624707268
294_satellite_image.csv,0.3,0.015189666666666213,0.06299999999999997,100,0.17958830666666661,1.268497728656346
294_satellite_image.csv,0.35,0.014309666666668719,0.06499999999999995,100,0.19577800444444443,1.3131670247838052
294_satellite_image.csv,0.4,0.03234266666666613,0.069,100,0.2059696488888889,1.2878340195556675
294_satellite_image.csv,0.44,0.025892333333335016,0.04799999999999999,100,0.21005207111111113,1.5819421824581725
294_satellite_image.csv,0.49,0.032803666666667064,0.069,100,0.20680756,1.6550213900003399
294_satellite_image.csv,0.54,0.0023836666666660067,0.05300000000000005,100,0.2179747766666667,1.4006146102598054
294_satellite_image.csv,0.6,0.042889333333332225,0.05699999999999994,100,0.18956112888888887,1.9558879756705227
294_satellite_image.csv,0.65,0.033723666666664376,0.04800000000000004,100,0.19321837666666666,1.7554277541212178
294_satellite_image.csv,0.7,0.03711600000000037,0.040999999999999925,100,0.18166972888888888,1.712737775979522
294_satellite_image.csv,0.75,0.006102666666667589,0.039000000000000035,100,0.15986815999999998,1.776962907802099
294_satellite_image.csv,0.8,0.03619999999999712,0.026000000000000023,100,0.14570849333333333,1.7929419166219747
294_satellite_image.csv,0.85,0.018162666666664884,0.02499999999999991,100,0.11969664333333334,1.7511259416107725
294_satellite_image.csv,0.9,0.031087000000003195,0.017000000000000015,100,0.08995250666666665,1.7109633021321755
294_satellite_image.csv,0.95,0.03247166666666479,0.009000000000000119,100,0.056996537777777787,1.8376372746616874
294_satellite_image.csv,0.05,0.014480000000000083,0.023000000000000003,100,0.03985162111111111,0.6825279850492539
294_satellite_image.csv,0.1,0.016869666666666158,0.02600000000000001,100,0.07635783444444445,0.9946941236606575
294_satellite_image.csv,0.15,0.012468000000000534,0.06,100,0.09893659555555556,1.187424510219174
294_satellite_image.csv,0.2,0.014351000000001307,0.03900000000000001,100,0.14319544444444446,1.0548725667355836
294_satellite_image.csv,0.25,0.013716333333335107,0.05199999999999999,100,0.15559259,1.4124806560355403
294_satellite_image.csv,0.3,0.015775333333332975,0.06599999999999998,100,0.169401301111111,1.3835493900856821
294_satellite_image.csv,0.35,0.038163000000000835,0.06299999999999994,100,0.17781475,1.6070981839832643
294_satellite_image.csv,0.4,0.012846333333335236,0.025000000000000022,100,0.20012466666666667,1.568984209908191
294_satellite_image.csv,0.44,0.031176666666668462,0.05399999999999999,100,0.19268638222222223,1.7669452499034335
294_satellite_image.csv,0.49,0.05313466666666555,0.08699999999999997,100,0.20370408333333334,1.5775009248519107
294_satellite_image.csv,0.54,0.010331999999999342,0.05700000000000005,100,0.21923282111111114,1.4675500760450464
294_satellite_image.csv,0.6,0.0364469999999989,0.05699999999999994,100,0.20064208333333333,1.732692061382286
294_satellite_image.csv,0.65,0.04160399999999864,0.06600000000000006,100,0.19369504000000004,1.7212799279247184
294_satellite_image.csv,0.7,0.03258299999999981,0.04299999999999993,100,0.18253112888888892,1.762221476777839
294_satellite_image.csv,0.75,0.03355799999999676,0.028000000000000025,100,0.16970401222222223,1.5866468809538434
294_satellite_image.csv,0.8,0.011000000000005228,0.006000000000000005,100,0.1401905277777778,1.5767886899720738
294_satellite_image.csv,0.85,0.03514700000000226,0.029999999999999916,100,0.11797387888888888,1.8037192609421708
294_satellite_image.csv,0.9,0.03142466666666943,0.0040000000000000036,100,0.08904386222222221,1.6277332676963607
294_satellite_image.csv,0.95,0.031718666666664785,0.0039999999999998925,100,0.058437212222222215,1.6905465404174111
30_page-blocks.csv,0.05,0.16125299999999898,0.026999999999999996,100,0.11243948777777776,2.0389093515147834
30_page-blocks.csv,0.1,0.13619999999999824,0.035,100,0.12721231555555554,2.132814856326854
30_page-blocks.csv,0.15,0.13096166666666717,0.02300000000000002,100,0.13603224333333333,2.3268216962522086
30_page-blocks.csv,0.2,0.13678166666666464,0.023999999999999994,100,0.16686584333333335,2.0263505539170303
30_page-blocks.csv,0.25,0.09029599999999843,0.010999999999999982,100,0.1624183055555556,2.101124598983824
30_page-blocks.csv,0.3,0.11569666666666534,0.013000000000000012,100,0.176637,2.014252342353762
30_page-blocks.csv,0.35,0.12451533333333203,0.018000000000000016,100,0.17676519444444444,2.119809791183453
30_page-blocks.csv,0.4,0.07484999999999858,0.01899999999999996,100,0.19610183444444446,1.934305714366182
30_page-blocks.csv,0.44,0.10087933333333404,0.029000000000000026,100,0.1933583322222222,1.742589145061913
30_page-blocks.csv,0.49,0.07790466666666729,0.026000000000000023,100,0.19934744444444444,1.6925687637197329
30_page-blocks.csv,0.54,0.07569300000000234,0.009000000000000008,100,0.19168917666666666,1.7091313956672163
30_page-blocks.csv,0.6,0.05736066666666706,0.009000000000000008,100,0.18405152333333333,1.4631594018443452
30_page-blocks.csv,0.65,0.03858333333333641,0.02100000000000002,100,0.17120344333333334,1.4194153418597226
30_page-blocks.csv,0.7,0.04279966666666535,0.015000000000000013,100,0.1567876211111111,1.1894021791840443
30_page-blocks.csv,0.75,0.038915999999994844,0.0050000000000000044,100,0.14464488888888888,1.237095844210757
30_page-blocks.csv,0.8,0.03878233333333658,0.031000000000000028,100,0.12123830666666667,1.0570159106190489
30_page-blocks.csv,0.85,0.02493899999999738,0.013000000000000012,100,0.09137541666666665,0.864367195352615
30_page-blocks.csv,0.9,0.009663333333334356,0.028000000000000025,100,0.06700016,0.6582954809023899
30_page-blocks.csv,0.95,0.013808000000000042,0.019000000000000017,100,0.04164758222222221,0.6582954809025808
30_page-blocks.csv,0.05,0.18619966666666488,0.023999999999999994,100,0.11158655444444447,2.2404635425151405
30_page-blocks.csv,0.1,0.065299666666666,0.015,100,0.10064277666666664,2.071554612169423
30_page-blocks.csv,0.15,0.15498099999999973,0.014000000000000012,100,0.14237784333333328,2.304055160834918
30_page-blocks.csv,0.2,0.13367533333333137,0.0020000000000000018,100,0.14958126222222223,2.307276488951442
30_page-blocks.csv,0.25,0.13673766666666493,0.025000000000000022,100,0.17716161777777778,2.004734928510291
30_page-blocks.csv,0.3,0.138706000000001,0.008000000000000007,100,0.16675660444444446,2.3127408041891084
30_page-blocks.csv,0.35,0.11179799999999929,0.004999999999999949,100,0.17606482111111113,2.1956079270859328
30_page-blocks.csv,0.4,0.16790633333333427,0.066,100,0.17810027111111107,2.0544231820208094
30_page-blocks.csv,0.44,0.10121400000000075,0.02200000000000002,100,0.19380635999999998,1.9192815697351069
30_page-blocks.csv,0.49,0.1282033333333359,0.039000000000000035,100,0.18025339888888892,1.9279461426368256
30_page-blocks.csv,0.54,0.07837066666666914,0.017000000000000015,100,0.18225445666666665,1.7702266409545653
30_page-blocks.csv,0.6,0.08722400000000285,0.049000000000000044,100,0.16808017333333336,1.5933599718886033
30_page-blocks.csv,0.65,0.034383666666669144,0.0040000000000000036,100,0.1803936388888889,1.3889993238255394
30_page-blocks.csv,0.7,0.08799166666666192,0.05800000000000005,100,0.14391227111111113,1.2168986882653396
30_page-blocks.csv,0.75,0.06384899999999771,0.038000000000000034,100,0.13435747111111113,1.167740625736577
30_page-blocks.csv,0.8,0.03895000000000326,0.026000000000000023,100,0.11889608333333333,1.1762695571826434
30_page-blocks.csv,0.85,0.00675166666666549,0.014000000000000012,100,0.11195112333333332,0.9294074082953783
30_page-blocks.csv,0.9,0.027678000000000424,0.006000000000000005,100,0.07330336,0.8999699524673347
30_page-blocks.csv,0.95,0.015067333333333321,0.030000000000000027,100,0.030047932222222212,0.5825579297213282
312_scene.csv,0.05,0.9389123333333372,0.028999999999999998,100,0.03992013777777778,2.787314805772579
312_scene.csv,0.1,0.5325093333333341,0.028999999999999998,100,0.04072899999999999,2.8105008248604557
312_scene.csv,0.15,0.5923176666666682,0.04000000000000001,100,0.050204906666666674,2.7393025648634666
312_scene.csv,0.2,0.7854813333333368,0.055999999999999994,100,0.04352079555555556,2.767627622177432
312_scene.csv,0.25,0.7378246666666705,0.08700000000000002,100,0.04866646555555556,2.8686093241100474
312_scene.csv,0.3,0.6732513333333363,0.01200000000000001,100,0.05839877777777778,2.8644522119860345
312_scene.csv,0.35,0.6174693333333355,0.02100000000000002,100,0.061693017777777776,2.8165376549430707
312_scene.csv,0.4,0.5870710000000035,0.0030000000000000027,100,0.05321830555555555,2.8070549471268165
312_scene.csv,0.44,0.5427153333333359,0.07100000000000001,100,0.049885715555555564,2.7652904910084946
312_scene.csv,0.49,0.47906100000000185,0.007000000000000006,100,0.05982797666666667,2.8157773793133876
312_scene.csv,0.54,0.4164926666666683,0.028000000000000025,100,0.05903311555555556,2.6819782503162584
312_scene.csv,0.6,0.33579200000000076,0.07300000000000006,100,0.055023034444444445,2.6343041308871293
312_scene.csv,0.65,0.30917233333333205,0.19699999999999995,100,0.049163212222222225,2.3730584370247874
312_scene.csv,0.7,0.26757733333333367,0.2370000000000001,100,0.03460327111111111,2.3815539215628947
312_scene.csv,0.75,0.21924666666666748,0.19000000000000006,100,0.04096541666666665,2.549740085644114
312_scene.csv,0.8,0.18180066666666916,0.12,100,0.03962046555555556,2.517574131253016
312_scene.csv,0.85,0.13656966666667014,0.136,100,0.02631666666666666,2.4275303300771887
312_scene.csv,0.9,0.08991633333333748,0.010000000000000009,100,0.021422634444444446,2.473399010217253
312_scene.csv,0.95,0.03991633333333755,0.050000000000000044,100,0.01528764,2.2052326058688525
312_scene.csv,0.05,0.5871166666666673,0.09400000000000001,100,0.04313242111111111,2.8050402515289026
312_scene.csv,0.1,0.6401393333333351,0.08299999999999999,100,0.04563325666666666,2.791226349157216
312_scene.csv,0.15,0.5909763333333349,0.033,100,0.053491777777777784,2.8749361945611542
312_scene.csv,0.2,0.540474666666668,0.009000000000000008,100,0.05952746222222222,2.7752863628643265
312_scene.csv,0.25,0.7361500000000033,0.09300000000000003,100,0.054102083333333335,2.8326434712244533
312_scene.csv,0.3,0.43461333333333446,0.0020000000000000018,100,0.05671184888888886,2.839388017792784
312_scene.csv,0.35,0.6202343333333358,0.15300000000000002,100,0.060930998888888886,2.7439706008012807
312_scene.csv,0.4,0.5464453333333343,0.059,100,0.06643320444444444,2.767860424241722
312_scene.csv,0.44,0.5404550000000028,0.09100000000000003,100,0.051121337777777776,2.795907228546483
312_scene.csv,0.49,0.4853426666666695,0.043999999999999984,100,0.055839639999999996,2.80825419050964
312_scene.csv,0.54,0.40006566666666754,0.16999999999999993,100,0.0561585511111111,2.589636571271555
312_scene.csv,0.6,0.37769100000000155,0.258,100,0.04436863444444446,2.574089417997394
312_scene.csv,0.65,0.313284666666666,0.10399999999999998,100,0.049605443333333346,2.5084367026869265
312_scene.csv,0.7,0.2696686666666672,0.271,100,0.04024427888888888,2.2654252331261393
312_scene.csv,0.75,0.2156530000000002,0.25,100,0.03944033222222222,2.247972526521699
312_scene.csv,0.8,0.15910266666666584,0.19999999999999996,100,0.04326753777777778,2.2838867645034346
312_scene.csv,0.85,0.1307130000000022,0.01200000000000001,100,0.03235196777777778,2.6054726288079184
312_scene.csv,0.9,0.08991633333333748,0.09599999999999997,100,0.02040233777777778,2.4000461423922257
312_scene.csv,0.95,0.03974900000000414,0.050000000000000044,100,0.021844915555555552,2.38143914877427
375_JapaneseVowels.csv,0.05,0.010718333333333371,0.0030000000000000027,100,0.05223596777777777,0.8774765466827454
375_JapaneseVowels.csv,0.1,0.01928533333333332,0.037000000000000005,100,0.05905541666666667,0.8636136030728224
375_JapaneseVowels.csv,0.15,0.014393333333333924,0.03399999999999999,100,0.11073818222222219,0.8679982731374333
375_JapaneseVowels.csv,0.2,0.0320890000000002,0.024999999999999994,100,0.11767086555555557,1.3806572951317015
375_JapaneseVowels.csv,0.25,0.06251033333333461,0.031,100,0.12262557666666668,1.7144473095884978
375_JapaneseVowels.csv,0.3,0.014771333333332914,0.014000000000000012,100,0.1645757011111111,1.5671505272265234
375_JapaneseVowels.csv,0.35,0.028503333333334713,0.004999999999999949,100,0.17652622222222225,1.6215943060538476
375_JapaneseVowels.csv,0.4,0.013182000000001914,0.01799999999999996,100,0.18802997333333335,1.81110613342151
375_JapaneseVowels.csv,0.44,0.03369500000000175,0.025999999999999968,100,0.1896359511111111,1.7004428318833007
375_JapaneseVowels.csv,0.49,0.05715166666666599,0.021999999999999964,100,0.18220166666666668,1.9488950880871616
375_JapaneseVowels.csv,0.54,0.08573233333333369,0.0030000000000000027,100,0.1767050711111111,2.057769250115326
375_JapaneseVowels.csv,0.6,0.07284199999999907,0.01100000000000001,100,0.17750356000000003,2.12924026607603
375_JapaneseVowels.csv,0.65,0.0706330000000005,0.01200000000000001,100,0.17031100444444444,2.2040749818660252
375_JapaneseVowels.csv,0.7,0.039124666666666696,0.03700000000000003,100,0.16412500000000005,2.032119502511788
375_JapaneseVowels.csv,0.75,0.08317033333333324,0.0,100,0.15199236777777775,2.2059673298653304
375_JapaneseVowels.csv,0.8,0.03619999999999712,0.01200000000000001,100,0.14006335444444443,1.966408118089396
375_JapaneseVowels.csv,0.85,0.036569333333335785,0.025000000000000022,100,0.10840586111111111,2.21097474157449
375_JapaneseVowels.csv,0.9,0.06932599999999922,0.006000000000000005,100,0.09944379000000002,2.0368667982576834
375_JapaneseVowels.csv,0.95,0.018332000000001458,0.018000000000000016,100,0.05361041777777777,1.8432240206367645
375_JapaneseVowels.csv,0.05,0.01490000000000008,0.030000000000000002,100,0.033506323333333345,0.7861127073028252
375_JapaneseVowels.csv,0.1,0.009756999999999696,0.035,100,0.07212955555555559,0.8897994642303582
375_JapaneseVowels.csv,0.15,0.02368133333333375,0.01999999999999999,100,0.09632442666666668,0.9122636291806049
375_JapaneseVowels.csv,0.2,0.015188000000001284,0.009000000000000008,100,0.11791331000000001,1.474676876501231
375_JapaneseVowels.csv,0.25,0.013884000000001756,0.010000000000000009,100,0.1347622788888889,1.486976340082079
375_JapaneseVowels.csv,0.3,0.015775333333332975,0.013999999999999957,100,0.16774473777777776,1.4395003638507713
375_JapaneseVowels.csv,0.35,0.029427333333334693,0.008000000000000007,100,0.16523951555555552,1.8523786062964125
375_JapaneseVowels.csv,0.4,0.03694499999999895,0.009000000000000008,100,0.1787383322222222,1.8577088295144257
375_JapaneseVowels.csv,0.44,0.05125066666666844,0.02100000000000002,100,0.18537297222222227,1.7574196557020372
375_JapaneseVowels.csv,0.49,0.0323853333333336,0.030000000000000027,100,0.17970116000000005,2.1049504735606637
375_JapaneseVowels.csv,0.54,0.07636133333333411,0.01200000000000001,100,0.18666058222222218,2.0076701891230693
375_JapaneseVowels.csv,0.6,0.039040666666665724,0.030000000000000027,100,0.1750402488888889,2.150132962312684
375_JapaneseVowels.csv,0.65,0.0408469999999983,0.006000000000000005,100,0.18348844444444443,2.0222934995195736
375_JapaneseVowels.csv,0.7,0.08732199999999779,0.0129999999999999,100,0.17364024888888885,2.1101173270629516
375_JapaneseVowels.csv,0.75,0.011467333333336938,0.041000000000000036,100,0.1448314788888889,2.058349970637969
375_JapaneseVowels.csv,0.8,0.04372999999999916,0.014000000000000012,100,0.13588377333333332,2.1102307424520697
375_JapaneseVowels.csv,0.85,0.018329999999998292,0.017000000000000015,100,0.10852522666666667,1.86141368083186
375_JapaneseVowels.csv,0.9,0.04106666666666836,0.025000000000000022,100,0.08312604000000003,2.154591567316799
375_JapaneseVowels.csv,0.95,0.0344796666666648,0.019000000000000017,100,0.055061967777777776,2.1467130475554006
40733_yeast.csv,0.05,0.03849400000000009,0.008,100,0.03856052777777778,2.752406377087488
40733_yeast.csv,0.1,0.0884940000000001,0.02500000000000001,100,0.03822153222222222,2.697912846899056
40733_yeast.csv,0.15,0.1387450000000001,0.207,100,0.03756499,2.826848784510191
40733_yeast.csv,0.2,0.1881590000000001,0.045999999999999985,100,0.040947973333333325,2.8128675092979494
40733_yeast.csv,0.25,0.23882866666666674,0.24,100,0.042927132222222227,2.879815542915198
40733_yeast.csv,0.3,0.28849366666666676,0.0050000000000000044,100,0.04235211,2.8122947704512553
40733_yeast.csv,0.35,0.33891233333333337,0.12900000000000006,100,0.03988930666666667,2.8686583653495155
40733_yeast.csv,0.4,0.38740533333333343,0.05299999999999999,100,0.049468812222222214,2.8025625773762495
40733_yeast.csv,0.44,0.42866100000000007,0.014000000000000012,100,0.0421156388888889,2.816453999673749
40733_yeast.csv,0.49,0.47690333333333346,0.07400000000000007,100,0.044171351111111104,2.7997264033052276
40733_yeast.csv,0.54,0.5201173333333335,0.132,100,0.038008026666666674,2.857622780726038
40733_yeast.csv,0.6,0.5886613333333334,0.0050000000000000044,100,0.03653211,2.7692927506203517
40733_yeast.csv,0.65,0.3786619999999997,0.07100000000000006,100,0.04150112333333333,2.8506082880746773
40733_yeast.csv,0.7,0.41902933333333264,0.19699999999999995,100,0.03760876777777778,2.713419664472473
40733_yeast.csv,0.75,0.4301666666666659,0.126,100,0.0412456388888889,2.744944562509935
40733_yeast.csv,0.8,0.5207043333333328,0.124,100,0.04086046222222223,2.8370844260713843
40733_yeast.csv,0.85,0.4921413333333326,0.118,100,0.03804722111111111,2.7597968465015605
40733_yeast.csv,0.9,0.5481713333333325,0.236,100,0.035699782222222226,2.7561719181144744
40733_yeast.csv,0.95,0.5981713333333325,0.30399999999999994,100,0.03347279555555556,2.7575563474963056
40733_yeast.csv,0.05,0.03857766666666676,0.05,100,0.037325222222222225,2.607155039056663
40733_yeast.csv,0.1,0.08774066666666676,0.01100000000000001,100,0.03435503444444444,2.7313427819689937
40733_yeast.csv,0.15,0.1356480000000001,0.01999999999999999,100,0.04765913777777778,2.7443415455581768
40733_yeast.csv,0.2,0.18874466666666675,0.05200000000000002,100,0.04222414555555555,2.74277806552505
40733_yeast.csv,0.25,0.23740566666666676,0.057999999999999996,100,0.04272966666666666,2.7937125094385493
40733_yeast.csv,0.3,0.2884940000000001,0.034999999999999976,100,0.04314988777777778,2.8415577761199105
40733_yeast.csv,0.35,0.07866166666666652,0.16100000000000003,100,0.04799122666666667,2.8980096810805906
40733_yeast.csv,0.4,0.38882866666666677,0.022999999999999965,100,0.042863448888888885,2.8466302266040366
40733_yeast.csv,0.44,0.4215430000000001,0.032999999999999974,100,0.05247195111111111,2.891683954871111
40733_yeast.csv,0.49,0.47882866666666674,0.11099999999999999,100,0.039048910000000006,2.827481167825623
40733_yeast.csv,0.54,0.5288286666666668,0.20900000000000002,100,0.03919717666666666,2.7837187546857174
40733_yeast.csv,0.6,0.5887450000000001,0.03499999999999992,100,0.040257167777777776,2.8868144641152855
40733_yeast.csv,0.65,0.3818453333333332,0.10299999999999998,100,0.045540856666666664,2.7179525893326733
40733_yeast.csv,0.7,0.4276569999999998,0.19199999999999995,100,0.04516623444444444,2.840041794471956
40733_yeast.csv,0.75,0.43200899999999925,0.16200000000000003,100,0.037909887777777776,2.828593432298327
40733_yeast.csv,0.8,0.4304993333333328,0.07899999999999996,100,0.03341079555555555,2.7959368514744596
40733_yeast.csv,0.85,0.4906336666666659,0.10699999999999998,100,0.031668732222222225,2.8229302978501782
40733_yeast.csv,0.9,0.5305829999999994,0.14,100,0.037809194444444444,2.8003856106027536
40733_yeast.csv,0.95,0.9354783333333334,0.1349999999999999,100,0.03364953777777777,2.772774097559302
44_spambase.csv,0.05,0.032889999999999975,0.0040000000000000036,100,0.056686299724937016,1.9752186054784202
44_spambase.csv,0.1,0.08480133333333231,0.024999999999999994,100,0.09916012790123455,2.1570540438204184
44_spambase.csv,0.15,0.04911966666666545,0.015000000000000013,100,0.10983839209876542,2.1447788155412777
44_spambase.csv,0.2,0.011085666666665633,0.017000000000000015,100,0.11362901743055556,2.2205167907614864
44_spambase.csv,0.25,0.007023000000001556,0.021999999999999992,100,0.13582143131944446,2.0579786486638127
44_spambase.csv,0.3,0.0199836666666654,0.020999999999999963,100,0.15412840972222222,2.1881496204333115
44_spambase.csv,0.35,0.018507666666668532,0.07099999999999995,100,0.14732915354166667,2.1628860346240595
44_spambase.csv,0.4,0.011844666666665005,0.019000000000000017,100,0.16179755162808643,2.4332053988989264
44_spambase.csv,0.44,0.022048999999999264,0.0020000000000000018,100,0.16936596648485763,2.1969592428069173
44_spambase.csv,0.49,0.03732533333333421,0.0010000000000000009,100,0.1616421497222222,2.442235217901473
44_spambase.csv,0.54,0.015521000000001006,0.029000000000000026,100,0.1703455453317901,2.3128529877132338
44_spambase.csv,0.6,0.013097000000002357,0.006000000000000005,100,0.16544997172839504,2.220323913934058
44_spambase.csv,0.65,0.01297133333333067,0.016000000000000014,100,0.16781193171611872,2.1561009113563756
44_spambase.csv,0.7,0.003137333333337211,0.0040000000000000036,100,0.1437995331712963,2.2620739199614195
44_spambase.csv,0.75,0.013800000000002921,0.01100000000000001,100,0.12762043009889143,2.1166333937491273
44_spambase.csv,0.8,0.0001276666666628623,0.01100000000000001,100,0.11722722713529857,2.1129817525950387
44_spambase.csv,0.85,0.03523066666666874,0.017999999999999905,100,0.10370638824074074,1.8639012125747112
44_spambase.csv,0.9,0.0023006666666670617,0.010000000000000009,100,0.06562654555555557,2.0371288516705355
44_spambase.csv,0.95,0.03414499999999798,0.0119999999999999,100,0.058614036072530865,2.052677726149109
44_spambase.csv,0.05,0.010300000000000017,0.008,100,0.04793911499999999,1.592589638915796
44_spambase.csv,0.1,0.05065133333333319,0.013999999999999999,100,0.07986531451203703,2.074109363422684
44_spambase.csv,0.15,0.06780466666666546,0.017000000000000015,100,0.11189692055555556,2.239836709020254
44_spambase.csv,0.2,0.043646333333331816,0.007000000000000006,100,0.12241828465277776,2.385348205976126
44_spambase.csv,0.25,0.015651333333333517,0.044999999999999984,100,0.14204037194444447,2.1618296736381217
44_spambase.csv,0.3,0.0392079999999983,0.0050000000000000044,100,0.14487534694444443,2.3861892866436634
44_spambase.csv,0.35,0.03506099999999829,0.0030000000000000027,100,0.14498439844320984,2.440771493598698
44_spambase.csv,0.4,0.023811666666666453,0.013000000000000012,100,0.15770911508981478,2.4328952270919917
44_spambase.csv,0.44,0.00171800000000083,0.01100000000000001,100,0.18380029976666662,2.125980259616726
44_spambase.csv,0.49,0.023353333333334225,0.021999999999999964,100,0.15959340769876543,2.4532727002138683
44_spambase.csv,0.54,0.04648033333333246,0.013000000000000012,100,0.1742269751234568,2.2166294514114706
44_spambase.csv,0.6,0.05267433333333427,0.038000000000000034,100,0.162926735154321,2.2008830675857842
44_spambase.csv,0.65,0.011126333333333238,0.0,100,0.15268830317129628,2.2246372330313813
44_spambase.csv,0.7,0.009755666666664053,0.007999999999999896,100,0.14485415027499998,2.235604358102543
44_spambase.csv,0.75,0.013716333333336217,0.010000000000000009,100,0.13818523922067902,1.9679226162239978
44_spambase.csv,0.8,0.01108466666667185,0.028000000000000025,100,0.11854306465277778,2.215697686423392
44_spambase.csv,0.85,0.0378243333333359,0.03599999999999992,100,0.11650746551697529,1.9897077461536248
44_spambase.csv,0.9,0.03536266666666943,0.018000000000000016,100,0.07831050848765432,2.0723512384078804
44_spambase.csv,0.95,0.010300000000003418,0.009000000000000119,100,0.04474456513516628,1.9056939000073156
4538_GesturePhaseSegmentationProcessed.csv,0.05,0.038075333333333426,0.22400000000000003,100,0.03198835111111111,2.7360050402702085
4538_GesturePhaseSegmentationProcessed.csv,0.1,0.08857733333333342,0.271,100,0.03380619888888889,2.788148031716647
4538_GesturePhaseSegmentationProcessed.csv,0.15,0.13857766666666674,0.047000000000000014,100,0.031928471111111106,2.6718519704382504
4538_GesturePhaseSegmentationProcessed.csv,0.2,0.18732266666666678,0.05500000000000002,100,0.04027619,2.6681606879941553
4538_GesturePhaseSegmentationProcessed.csv,0.25,0.23857766666666674,0.067,100,0.03772570111111111,2.7013912215619436
4538_GesturePhaseSegmentationProcessed.csv,0.3,0.2884940000000001,0.02100000000000002,100,0.042542812222222226,2.78222333559083
4538_GesturePhaseSegmentationProcessed.csv,0.35,0.3387450000000001,0.07700000000000001,100,0.03838139,2.8046392214485536
4538_GesturePhaseSegmentationProcessed.csv,0.4,0.38882866666666677,0.068,100,0.040422776666666674,2.8676270690522188
4538_GesturePhaseSegmentationProcessed.csv,0.44,0.4270710000000001,0.10999999999999999,100,0.044759462222222234,2.7790869165359946
4538_GesturePhaseSegmentationProcessed.csv,0.49,0.4770710000000001,0.10699999999999998,100,0.04923445666666666,2.75958931716306
4538_GesturePhaseSegmentationProcessed.csv,0.54,0.5267363333333335,0.05800000000000005,100,0.05341155555555556,2.8516874813698467
4538_GesturePhaseSegmentationProcessed.csv,0.6,0.5873220000000001,0.09899999999999998,100,0.046277443333333335,2.803666425378621
4538_GesturePhaseSegmentationProcessed.csv,0.65,0.6384936666666667,0.026000000000000023,100,0.04199862666666667,2.7864245207302374
4538_GesturePhaseSegmentationProcessed.csv,0.7,0.6889123333333333,0.18099999999999994,100,0.03995477777777778,2.7442450059350025
4538_GesturePhaseSegmentationProcessed.csv,0.75,0.7384100000000001,0.127,100,0.0425002488888889,2.828884616906279
4538_GesturePhaseSegmentationProcessed.csv,0.8,0.7884100000000002,0.062000000000000055,100,0.04146667111111111,2.7631279105398234
4538_GesturePhaseSegmentationProcessed.csv,0.85,0.8386613333333334,0.03699999999999992,100,0.038483390000000006,2.785330131715554
4538_GesturePhaseSegmentationProcessed.csv,0.9,0.8884940000000001,0.013000000000000012,100,0.032668871111111115,2.7093890438546553
4538_GesturePhaseSegmentationProcessed.csv,0.95,0.9393306666666668,0.038000000000000034,100,0.02734387888888889,2.6566536386858655
4538_GesturePhaseSegmentationProcessed.csv,0.05,0.039498000000000075,0.137,100,0.02848230666666667,2.6527469846761775
4538_GesturePhaseSegmentationProcessed.csv,0.1,0.08949800000000008,0.224,100,0.028452848888888896,2.7497675277392424
4538_GesturePhaseSegmentationProcessed.csv,0.15,0.13723900000000008,0.11199999999999999,100,0.03805729333333334,2.6028642575673864
4538_GesturePhaseSegmentationProcessed.csv,0.2,0.18891233333333343,0.11499999999999999,100,0.03906192333333333,2.7120563718898825
4538_GesturePhaseSegmentationProcessed.csv,0.25,0.23790833333333342,0.07899999999999999,100,0.039875395555555554,2.6512634999587834
4538_GesturePhaseSegmentationProcessed.csv,0.3,0.28857766666666673,0.136,100,0.03641833777777778,2.841396600924754
4538_GesturePhaseSegmentationProcessed.csv,0.35,0.3383263333333334,0.03600000000000003,100,0.040715484444444436,2.7685729124200904
4538_GesturePhaseSegmentationProcessed.csv,0.4,0.3887450000000001,0.14800000000000002,100,0.03821322666666666,2.773132198866988
4538_GesturePhaseSegmentationProcessed.csv,0.44,0.4176046666666668,0.12200000000000005,100,0.05451656,2.844281417623559
4538_GesturePhaseSegmentationProcessed.csv,0.49,0.4751466666666668,0.11299999999999999,100,0.043842848888888876,2.820094123780301
4538_GesturePhaseSegmentationProcessed.csv,0.54,0.5274056666666668,0.019000000000000017,100,0.04936408333333334,2.840473990334704
4538_GesturePhaseSegmentationProcessed.csv,0.6,0.5870703333333334,0.118,100,0.045056865555555554,2.8132887033220455
4538_GesturePhaseSegmentationProcessed.csv,0.65,0.6383260000000002,0.07999999999999996,100,0.04284978222222222,2.777721506854991
4538_GesturePhaseSegmentationProcessed.csv,0.7,0.688745,0.010000000000000009,100,0.040155532222222234,2.839112028902145
4538_GesturePhaseSegmentationProcessed.csv,0.75,0.7384103333333334,0.01200000000000001,100,0.04290409333333334,2.847509806692719
4538_GesturePhaseSegmentationProcessed.csv,0.8,0.7883263333333335,0.051000000000000045,100,0.04226442111111111,2.773422239234649
4538_GesturePhaseSegmentationProcessed.csv,0.85,0.8385776666666668,0.127,100,0.033566145555555565,2.773805393856622
4538_GesturePhaseSegmentationProcessed.csv,0.9,0.8885776666666668,0.10599999999999998,100,0.03959299888888888,2.7521927124034606
4538_GesturePhaseSegmentationProcessed.csv,0.95,0.938745,0.10999999999999999,100,0.03990830555555556,2.736514686403197
60_waveform-5000.csv,0.05,0.026189333333333453,0.009000000000000001,100,0.042766234444444454,2.3433988648670403
60_waveform-5000.csv,0.1,0.0465833333333335,0.1,100,0.05035979888888888,2.318928675056242
60_waveform-5000.csv,0.15,0.0209260000000005,0.009999999999999981,100,0.06765164,2.5673705244821123
60_waveform-5000.csv,0.2,0.06699366666666726,0.013000000000000012,100,0.06720543444444443,2.640836983230829
60_waveform-5000.csv,0.25,0.04233666666666777,0.0030000000000000027,100,0.08037477777777777,2.5520760725694034
60_waveform-5000.csv,0.3,0.09493200000000113,0.124,100,0.08123652777777778,2.502155022325435
60_waveform-5000.csv,0.35,0.10395400000000068,0.035999999999999976,100,0.08379767111111112,2.7117948102090685
60_waveform-5000.csv,0.4,0.1731310000000013,0.067,100,0.08799046222222225,2.6861934640546132
60_waveform-5000.csv,0.44,0.20727900000000005,0.02200000000000002,100,0.10510983444444445,2.6173153714505863
60_waveform-5000.csv,0.49,0.19202533333333355,0.03700000000000003,100,0.09752593222222218,2.8093573946064168
60_waveform-5000.csv,0.54,0.1976283333333344,0.02100000000000002,100,0.10273299999999999,2.791595117475734
60_waveform-5000.csv,0.6,0.38511866666666694,0.061000000000000054,100,0.0803159322222222,2.8836849883357796
60_waveform-5000.csv,0.65,0.24733066666666692,0.06899999999999995,100,0.08264725666666665,2.9077634095656606
60_waveform-5000.csv,0.7,0.07495599999999913,0.029000000000000026,100,0.09573006555555558,2.7912142727328195
60_waveform-5000.csv,0.75,0.12855966666666674,0.06500000000000006,100,0.07931231555555555,2.8755162752959293
60_waveform-5000.csv,0.8,0.006425333333334171,0.039999999999999925,100,0.07310206222222222,2.813749377871244
60_waveform-5000.csv,0.85,0.036155333333330764,0.07000000000000006,100,0.06727547888888888,2.7616733031228224
60_waveform-5000.csv,0.9,0.020130999999999455,0.029000000000000026,100,0.06434622222222222,2.827731727666784
60_waveform-5000.csv,0.95,0.038326666666670506,0.050000000000000044,100,0.038878287777777784,2.6290862395653796
60_waveform-5000.csv,0.05,0.03556566666666677,0.05,100,0.03330448444444444,2.3783430093409943
60_waveform-5000.csv,0.1,0.08631866666666677,0.1,100,0.039017923333333336,2.4301274800742583
60_waveform-5000.csv,0.15,0.06485100000000006,0.059,100,0.058273751111111126,2.4652294094989644
60_waveform-5000.csv,0.2,0.015529666666667774,0.028999999999999998,100,0.0832508888888889,2.401517227490556
60_waveform-5000.csv,0.25,0.04610433333333444,0.022999999999999993,100,0.08143917333333334,2.6141388662643115
60_waveform-5000.csv,0.3,0.09844966666666771,0.06699999999999998,100,0.07935884,2.553456430429581
60_waveform-5000.csv,0.35,0.12690266666666788,0.0010000000000000564,100,0.08789737333333333,2.734231258619807
60_waveform-5000.csv,0.4,0.050172000000000605,0.07999999999999996,100,0.09721258222222222,2.8085029087392748
60_waveform-5000.csv,0.44,0.20325966666666673,0.01200000000000001,100,0.10106547888888891,2.602546711370606
60_waveform-5000.csv,0.49,0.16036033333333344,0.050000000000000044,100,0.09682313777777779,2.8180999907356155
60_waveform-5000.csv,0.54,0.26288633333333367,0.02200000000000002,100,0.09893974555555554,2.750028690808167
60_waveform-5000.csv,0.6,0.20151066666666628,0.05600000000000005,100,0.09195097222222222,2.744733116654369
60_waveform-5000.csv,0.65,0.180149666666666,0.041000000000000036,100,0.09273947888888891,2.81769781641387
60_waveform-5000.csv,0.7,0.12487299999999957,0.04500000000000004,100,0.09202833777777779,2.924574262591835
60_waveform-5000.csv,0.75,0.3470746666666663,0.028000000000000025,100,0.08327082111111112,2.895595099644135
60_waveform-5000.csv,0.8,0.06900466666666949,0.04299999999999993,100,0.08145103444444445,2.8718578771206444
60_waveform-5000.csv,0.85,0.022667333333331152,0.04600000000000004,100,0.06923721222222223,2.8491117247395095
60_waveform-5000.csv,0.9,0.07760166666666857,0.07499999999999996,100,0.05382444444444445,2.7914875122278637
60_waveform-5000.csv,0.95,0.016895333333333817,0.030000000000000027,100,0.050023684444444445,2.7138908725919264
679_rmftsa_sleepdata.csv,0.05,0.11949133333333271,0.03799999999999999,100,0.08215191693676908,2.35328484876387
679_rmftsa_sleepdata.csv,0.1,0.1362833333333316,0.145,100,0.10569625805665442,2.5173666019139382
679_rmftsa_sleepdata.csv,0.15,0.05942833333333211,0.069,100,0.09396621149180424,2.6014045270835053
679_rmftsa_sleepdata.csv,0.2,0.10941899999999916,0.08999999999999997,100,0.12109507182080145,2.3788219579593655
679_rmftsa_sleepdata.csv,0.25,0.0014069999999995475,0.04899999999999999,100,0.1040879402600593,2.5639457708142377
679_rmftsa_sleepdata.csv,0.3,0.06685933333333341,0.009000000000000008,100,0.11349859693567634,2.5105706404421664
679_rmftsa_sleepdata.csv,0.35,0.06701800000000052,0.05700000000000005,100,0.10571742848975756,2.670306654929131
679_rmftsa_sleepdata.csv,0.4,0.06424600000000114,0.038000000000000034,100,0.10797248449204731,2.678836441549202
679_rmftsa_sleepdata.csv,0.44,0.02547866666666576,0.017000000000000015,100,0.129171185631047,2.569190597974313
679_rmftsa_sleepdata.csv,0.49,0.14444800000000096,0.09799999999999998,100,0.10875122917058101,2.5117686300405095
679_rmftsa_sleepdata.csv,0.54,0.32721000000000006,0.20400000000000001,100,0.11188397799381983,2.5836493566725576
679_rmftsa_sleepdata.csv,0.6,0.21097166666666634,0.015000000000000013,100,0.10370273696519985,2.6572766481971337
679_rmftsa_sleepdata.csv,0.65,0.17336233333333306,0.07100000000000006,100,0.117105187096158,2.6813828318186173
679_rmftsa_sleepdata.csv,0.7,0.2634936666666666,0.121,100,0.10767460445355574,2.758848061232023
679_rmftsa_sleepdata.csv,0.75,0.40955766666666754,0.284,100,0.10616622057977551,2.6326587013432885
679_rmftsa_sleepdata.csv,0.8,0.11119699999999655,0.07600000000000007,100,0.09833586707023181,2.718009546704651
679_rmftsa_sleepdata.csv,0.85,0.22485933333333152,0.13,100,0.11073162361345577,2.639534658130289
679_rmftsa_sleepdata.csv,0.9,0.16297333333333675,0.09199999999999997,100,0.09881660776010313,2.6945354924977436
679_rmftsa_sleepdata.csv,0.95,0.3605403333333328,0.30699999999999994,100,0.09359051146010623,2.636885018648245
679_rmftsa_sleepdata.csv,0.05,0.15817233333333214,0.14800000000000002,100,0.09328056654162581,2.5443250781328457
679_rmftsa_sleepdata.csv,0.1,0.11890633333333211,0.143,100,0.09497283089374159,2.584744400862069
679_rmftsa_sleepdata.csv,0.15,0.1072839999999993,0.159,100,0.10799496744813128,2.413778384315943
679_rmftsa_sleepdata.csv,0.2,0.05207499999999926,0.037000000000000005,100,0.105731970351589,2.5162612110606326
679_rmftsa_sleepdata.csv,0.25,0.0020743333333330116,0.07899999999999999,100,0.10803975378882658,2.3826735360588303
679_rmftsa_sleepdata.csv,0.3,0.06657433333333274,0.11200000000000004,100,0.12366488187065341,2.5832381219745773
679_rmftsa_sleepdata.csv,0.35,0.11995900000000004,0.09499999999999997,100,0.10733834676611784,2.4534396345408056
679_rmftsa_sleepdata.csv,0.4,0.1330106666666665,0.08300000000000002,100,0.10420574370698439,2.543169202039879
679_rmftsa_sleepdata.csv,0.44,0.048444000000000376,0.04199999999999998,100,0.1363616959912647,2.524140001415679
679_rmftsa_sleepdata.csv,0.49,0.1556706666666678,0.08699999999999997,100,0.12036416536769586,2.6148523511949655
679_rmftsa_sleepdata.csv,0.54,0.19595533333333431,0.09200000000000003,100,0.11035751234005098,2.636844581218635
679_rmftsa_sleepdata.csv,0.6,0.1835696666666673,0.18899999999999995,100,0.12647094393876812,2.620797609876109
679_rmftsa_sleepdata.csv,0.65,0.20828266666666645,0.14700000000000002,100,0.11070730627485383,2.7213159560392777
679_rmftsa_sleepdata.csv,0.7,0.3684323333333348,0.35699999999999993,100,0.10517314691356457,2.6039373169987976
679_rmftsa_sleepdata.csv,0.75,0.2863600000000002,0.268,100,0.11786426342613229,2.6377026731397617
679_rmftsa_sleepdata.csv,0.8,0.2680729999999991,0.17000000000000004,100,0.11252243386046042,2.7300097674921164
679_rmftsa_sleepdata.csv,0.85,0.16596999999999695,0.06399999999999995,100,0.09920011627669839,2.7604629561709633
679_rmftsa_sleepdata.csv,0.9,0.19136500000000145,0.20499999999999996,100,0.0877887429652431,2.6312838326757437
679_rmftsa_sleepdata.csv,0.95,0.2669819999999987,0.2639999999999999,100,0.09073850245311384,2.6489435468796985
AedesQuinx.csv,0.05,0.0779026666666663,0.005999999999999998,100,0.06682441777777778,2.6094251838675566
AedesQuinx.csv,0.1,0.06890366666666614,0.012999999999999998,100,0.07424371,2.569819027674162
AedesQuinx.csv,0.15,0.0740183333333321,0.04500000000000001,100,0.09252386111111113,2.7100333615472
AedesQuinx.csv,0.2,0.12946666666666612,0.125,100,0.10110284,2.74641973248275
AedesQuinx.csv,0.25,0.1152303333333341,0.07700000000000001,100,0.11765866222222224,2.6777660633373213
AedesQuinx.csv,0.3,0.057783666666667066,0.0,100,0.11605352333333332,2.66115875276576
AedesQuinx.csv,0.35,0.054534666666665677,0.006000000000000005,100,0.10528133333333335,2.779037875294302
AedesQuinx.csv,0.4,0.04430533333333281,0.008000000000000007,100,0.11301780444444443,2.7922276239148256
AedesQuinx.csv,0.44,0.015522999999999565,0.020000000000000018,100,0.10556713777777778,2.856521306390012
AedesQuinx.csv,0.49,0.011527333333333445,0.04299999999999998,100,0.11385944444444447,2.7990151689150675
AedesQuinx.csv,0.54,0.056920000000000026,0.031000000000000028,100,0.11724633333333336,2.786613030368956
AedesQuinx.csv,0.6,0.0077056666666653895,0.03199999999999992,100,0.1053123511111111,2.765092420656739
AedesQuinx.csv,0.65,0.014056999999997766,0.008000000000000007,100,0.10838908777777777,2.826517932467667
AedesQuinx.csv,0.7,0.02074833333333148,0.02399999999999991,100,0.09854844444444444,2.8205157164137793
AedesQuinx.csv,0.75,0.03606666666666236,0.051999999999999935,100,0.09659263444444445,2.802633011979499
AedesQuinx.csv,0.8,0.01982366666666846,0.0,100,0.08564343444444444,2.635072309919205
AedesQuinx.csv,0.85,0.028781333333334214,0.031000000000000028,100,0.07395412888888889,2.579270265120461
AedesQuinx.csv,0.9,0.020463000000000897,0.029000000000000026,100,0.05499099555555555,2.576106596800262
AedesQuinx.csv,0.95,0.0883790000000031,0.08199999999999996,100,0.06867272888888888,2.586198153106302
AedesQuinx.csv,0.05,0.08101533333333298,0.037000000000000005,100,0.07006633333333333,2.354364042056352
AedesQuinx.csv,0.1,0.08054133333333252,0.017,100,0.07640819000000001,2.600700752261576
AedesQuinx.csv,0.15,0.08886233333333199,0.04200000000000001,100,0.08522111111111112,2.7355514510440813
AedesQuinx.csv,0.2,0.10833499999999902,0.04799999999999999,100,0.10531066666666668,2.6572671892066064
AedesQuinx.csv,0.25,0.11523266666666587,0.10299999999999998,100,0.10377184333333334,2.835181864429364
AedesQuinx.csv,0.3,0.11332966666666577,0.07700000000000001,100,0.10845005666666667,2.783288101675418
AedesQuinx.csv,0.35,0.030965333333332568,0.014999999999999958,100,0.10970821777777777,2.713598715123749
AedesQuinx.csv,0.4,0.08357933333333334,0.14,100,0.11077519444444443,2.7793575385909497
AedesQuinx.csv,0.44,0.03144566666666765,0.08500000000000002,100,0.10324444444444446,2.7790663539806633
AedesQuinx.csv,0.49,0.02156766666666604,0.063,100,0.10999279555555556,2.7286753308103275
AedesQuinx.csv,0.54,0.017111000000000987,0.038999999999999924,100,0.10374282666666666,2.851058359395645
AedesQuinx.csv,0.6,0.11691999999999997,0.118,100,0.12022336000000002,2.657898575300672
AedesQuinx.csv,0.65,0.0020109999999980976,0.008000000000000007,100,0.11265054555555556,2.7428591033555128
AedesQuinx.csv,0.7,0.016861666666669328,0.0040000000000000036,100,0.10028095444444445,2.7190017610860395
AedesQuinx.csv,0.75,0.03639999999999488,0.0020000000000000018,100,0.11144153222222224,2.6445561376123434
AedesQuinx.csv,0.8,0.031495999999998525,0.007000000000000006,100,0.08758966666666668,2.68988647625971
AedesQuinx.csv,0.85,0.08484433333333252,0.05799999999999994,100,0.09124906222222222,2.6802811009154297
AedesQuinx.csv,0.9,0.010081333333335163,0.014000000000000012,100,0.06597321222222223,2.6083595626068505
AedesQuinx.csv,0.95,0.03205033333333207,0.004999999999999893,100,0.05830224000000001,2.5176434297522716
AedesSex.csv,0.05,0.01088566666666671,0.0010000000000000009,100,0.052915167777777786,0.9423418296040069
AedesSex.csv,0.1,0.010169999999999416,0.008000000000000007,100,0.08387224333333332,0.9521230377719724
AedesSex.csv,0.15,0.010462333333333351,0.014999999999999986,100,0.11411912333333335,1.3599731725594673
AedesSex.csv,0.2,0.014434666666667983,0.016000000000000014,100,0.13766770666666667,1.0569874795717273
AedesSex.csv,0.25,0.00803699999999985,0.010000000000000009,100,0.16069779888888888,1.3868497645751925
AedesSex.csv,0.3,0.011249333333332445,0.0010000000000000009,100,0.18641659555555554,1.276438598263471
AedesSex.csv,0.35,0.017991666666667183,0.031000000000000028,100,0.20714765666666665,1.3612885597602271
AedesSex.csv,0.4,0.0123426666666685,0.01100000000000001,100,0.21852630555555558,1.1578213832588025
AedesSex.csv,0.44,0.0037203333333321598,0.0020000000000000018,100,0.21713282111111112,1.3407908525957248
AedesSex.csv,0.49,0.0026000000000014345,0.0040000000000000036,100,0.2289868122222222,1.138395573571045
AedesSex.csv,0.54,0.0014633333333325949,0.0020000000000000018,100,0.21728787111111114,1.3195796786823775
AedesSex.csv,0.6,0.024478000000002442,0.027000000000000024,100,0.21223913222222224,1.3228313961621827
AedesSex.csv,0.65,0.010712333333330326,0.0030000000000000027,100,0.2099601111111111,1.1304588271416647
AedesSex.csv,0.7,0.014355999999997482,0.0039999999999998925,100,0.19889667888888887,1.1395284800850147
AedesSex.csv,0.75,0.024383999999999406,0.028000000000000025,100,0.16165863444444448,1.2217243133830369
AedesSex.csv,0.8,0.011000000000005228,0.015000000000000013,100,0.14761141666666666,1.1583749085467496
AedesSex.csv,0.85,0.01607166666666271,0.02400000000000002,100,0.10518597333333334,1.1734714417345666
AedesSex.csv,0.9,0.010586000000001317,0.0050000000000000044,100,0.08765073777777775,1.1033873684547382
AedesSex.csv,0.95,0.010300000000003418,0.007000000000000117,100,0.04750979,0.7069839318708288
AedesSex.csv,0.05,0.010300000000000017,0.009000000000000001,100,0.04873698999999999,0.9043546225319912
AedesSex.csv,0.1,0.013098333333332768,0.0020000000000000018,100,0.08814141666666664,1.0698561535161601
AedesSex.csv,0.15,0.013890666666667245,0.00899999999999998,100,0.11323920444444445,0.9643366836342766
AedesSex.csv,0.2,0.013347000000001302,0.0010000000000000009,100,0.1444897377777778,1.1664529134965784
AedesSex.csv,0.25,0.013895000000000046,0.0040000000000000036,100,0.17037189333333333,1.2882779043137262
AedesSex.csv,0.3,0.01066366666666585,0.0040000000000000036,100,0.1890272122222222,1.193260565941548
AedesSex.csv,0.35,0.003679000000000987,0.0020000000000000018,100,0.20056992333333337,1.212913193307706
AedesSex.csv,0.4,0.008815666666668609,0.015000000000000013,100,0.2192730344444444,1.2062710147034816
AedesSex.csv,0.44,0.0030509999999988047,0.01200000000000001,100,0.2133619677777778,1.304824150140198
AedesSex.csv,0.49,0.009466666666668067,0.008000000000000007,100,0.2274564566666667,1.1234999302521704
AedesSex.csv,0.54,0.007656333333334153,0.01100000000000001,100,0.22686624,1.2081917854249025
AedesSex.csv,0.6,0.011587333333335392,0.029000000000000026,100,0.2159141111111111,1.2129314378632883
AedesSex.csv,0.65,0.008118666666664165,0.008000000000000007,100,0.20076658222222218,1.416566700074776
AedesSex.csv,0.7,0.013516333333338126,0.03600000000000003,100,0.17859264,1.3512039303222525
AedesSex.csv,0.75,0.013977333333336062,0.008000000000000007,100,0.1667405822222222,1.3003204469559695
AedesSex.csv,0.8,0.00096433333332957,0.014000000000000012,100,0.14611304888888887,0.9570513663477191
AedesSex.csv,0.85,0.010546333333330105,0.006000000000000005,100,0.12216719555555555,1.0869487555706343
AedesSex.csv,0.9,0.011255333333334616,0.016000000000000014,100,0.08791244888888888,1.0888322101531636
AedesSex.csv,0.95,0.026782333333332686,0.007000000000000117,100,0.05968312333333334,0.8500158932655604
ArabicDigit.csv,0.05,0.010132000000000023,0.024,100,0.04513829333333334,1.6152394929251968
ArabicDigit.csv,0.1,0.018873333333332923,0.02500000000000001,100,0.07774050999999998,1.5773187288759838
ArabicDigit.csv,0.15,0.007513666666667335,0.04799999999999999,100,0.09133287111111113,1.8113998777386295
ArabicDigit.csv,0.2,0.009414666666667959,0.05300000000000002,100,0.12856207111111112,1.8033848186065322
ArabicDigit.csv,0.25,0.009867666666668384,0.055999999999999994,100,0.13665256,2.1495111822255106
ArabicDigit.csv,0.3,0.005235000000000267,0.03999999999999998,100,0.1490690877777778,2.17448823257767
ArabicDigit.csv,0.35,0.009618666666668163,0.05499999999999999,100,0.16614974555555556,2.0902580070719634
ArabicDigit.csv,0.4,0.007136000000001974,0.07400000000000001,100,0.17597189333333332,2.1042700385117454
ArabicDigit.csv,0.44,0.002883666666665452,0.06,100,0.19537832333333335,1.8722088276175148
ArabicDigit.csv,0.49,0.02862033333333397,0.057999999999999996,100,0.1790189511111111,2.144859875713152
ArabicDigit.csv,0.54,0.020122666666667954,0.03200000000000003,100,0.18048869333333328,2.194403650119419
ArabicDigit.csv,0.6,0.00974766666666771,0.06399999999999995,100,0.18323776000000003,2.0307645268393477
ArabicDigit.csv,0.65,0.0014253333333318352,0.051000000000000045,100,0.17101326555555554,1.978021317890739
ArabicDigit.csv,0.7,0.00037666666667035553,0.04799999999999993,100,0.1582757822222222,1.8889976880454407
ArabicDigit.csv,0.75,0.013214333333335992,0.02400000000000002,100,0.13837940444444446,1.9969054391272465
ArabicDigit.csv,0.8,0.01083266666667193,0.03300000000000003,100,0.12483119444444446,2.031465971124271
ArabicDigit.csv,0.85,0.010798666666663181,0.006000000000000005,100,0.09570823444444444,1.9292037468027479
ArabicDigit.csv,0.9,0.01016600000000123,0.016000000000000014,100,0.06931496000000001,1.6854740899332308
ArabicDigit.csv,0.95,0.014899999999999913,0.01100000000000001,100,0.038712617777777784,1.639995728267049
ArabicDigit.csv,0.05,0.010300000000000017,0.022000000000000002,100,0.04584144444444444,1.5477079962942442
ArabicDigit.csv,0.1,0.01376299999999965,0.036000000000000004,100,0.06667086555555554,1.8148465590127292
ArabicDigit.csv,0.15,0.012555333333333224,0.03599999999999999,100,0.10078620444444443,2.0072933248978564
ArabicDigit.csv,0.2,0.0018846666666679224,0.05200000000000002,100,0.13127704333333332,1.716333072250378
ArabicDigit.csv,0.25,0.010965333333333438,0.04999999999999999,100,0.14254497333333332,1.999517692302456
ArabicDigit.csv,0.3,0.0112493333333325,0.044999999999999984,100,0.1662056666666666,1.8828243943367535
ArabicDigit.csv,0.35,8.666666666629075e-05,0.05399999999999999,100,0.17096675000000006,2.0417407058731243
ArabicDigit.csv,0.4,0.0060519999999981144,0.064,100,0.17739917333333335,2.1067556559713267
ArabicDigit.csv,0.44,0.001216000000000883,0.07500000000000001,100,0.1846959288888889,2.030321078947988
ArabicDigit.csv,0.49,0.009717666666668012,0.04799999999999999,100,0.19203541666666665,1.9440437271076905
ArabicDigit.csv,0.54,0.023051000000001154,0.05500000000000005,100,0.17375973777777776,2.252939377005783
ArabicDigit.csv,0.6,0.007816000000000711,0.05999999999999994,100,0.18165912333333334,2.090231405569682
ArabicDigit.csv,0.65,0.0116273333333331,0.025000000000000022,100,0.1607122344444444,2.1694951944611702
ArabicDigit.csv,0.7,0.011584333333330421,0.052999999999999936,100,0.15390337333333334,2.057573724946556
ArabicDigit.csv,0.75,0.003090666666666797,0.028000000000000025,100,0.1377826488888889,2.1194376384014704
ArabicDigit.csv,0.8,0.012008333333330734,0.01100000000000001,100,0.12050659000000001,1.8562754377446666
ArabicDigit.csv,0.85,0.011635999999996538,0.0010000000000000009,100,0.10094343999999998,1.9488095429476184
ArabicDigit.csv,0.9,0.032184333333336035,0.0010000000000000009,100,0.0764583288888889,1.8944616458420624
ArabicDigit.csv,0.95,0.010300000000003418,0.006000000000000116,100,0.04955966555555555,1.684666401803395
BNG.csv,0.05,0.01490000000000008,0.032,100,0.032990222222222226,0.5414785390969689
BNG.csv,0.1,0.010755666666666122,0.01100000000000001,100,0.09049309333333336,0.7735928838776004
BNG.csv,0.15,0.010378666666666675,0.0,100,0.12762763888888887,0.9110547128625928
BNG.csv,0.2,0.010916333333332251,0.006000000000000005,100,0.14986306222222223,0.919257739855023
BNG.csv,0.25,0.013800333333335107,0.026999999999999996,100,0.16678555999999997,1.0525366428034784
BNG.csv,0.3,0.0083310000000002,0.02799999999999997,100,0.18520831555555553,1.2554139786466543
BNG.csv,0.35,0.00987566666666767,0.0030000000000000027,100,0.2137281455555556,1.1143412905602266
BNG.csv,0.4,0.012174666666668554,0.009000000000000008,100,0.2209931155555555,1.2244303352652346
BNG.csv,0.44,0.0201196666666677,0.016000000000000014,100,0.23444512333333337,0.9858958247749084
BNG.csv,0.49,0.029791666666667105,0.020999999999999963,100,0.2222123155555556,1.3066868378043188
BNG.csv,0.54,0.0023836666666660067,0.03700000000000003,100,0.22658983444444442,1.2293819350064892
BNG.csv,0.6,0.01251133333333554,0.008000000000000007,100,0.2143139066666666,1.3691762240318734
BNG.csv,0.65,0.00778399999999746,0.01100000000000001,100,0.2111854433333334,1.2337186144610333
BNG.csv,0.7,0.006988000000004768,0.019000000000000017,100,0.18259246555555553,1.4909581274791612
BNG.csv,0.75,0.006604666666667591,0.009000000000000008,100,0.17688377333333333,1.2205896177214497
BNG.csv,0.8,0.012091999999997327,0.007000000000000006,100,0.15406558222222227,0.793747751204013
BNG.csv,0.85,0.008950999999997267,0.01200000000000001,100,0.12468811111111112,0.8097433878212643
BNG.csv,0.9,0.01711333333333509,0.0,100,0.09323330666666665,0.9690471746746505
BNG.csv,0.95,0.010300000000003418,0.0009999999999998899,100,0.0475705011111111,0.6919086304694477
BNG.csv,0.05,0.01339566666666675,0.0020000000000000018,100,0.05370666666666666,0.58193612759995
BNG.csv,0.1,0.009918999999999442,0.015,100,0.08417664000000002,0.7069839318711683
BNG.csv,0.15,0.01029499999999997,0.0010000000000000009,100,0.12303863999999999,1.0474260195640248
BNG.csv,0.2,0.009331000000001283,0.01100000000000001,100,0.14535024888888892,1.1346522476627565
BNG.csv,0.25,0.034810333333333776,0.016000000000000014,100,0.1867714788888889,1.1013400728540554
BNG.csv,0.3,0.015942666666666272,0.02799999999999997,100,0.18796141666666666,1.0147412768200168
BNG.csv,0.35,0.0015916666666664359,0.002999999999999947,100,0.20690292888888892,1.152209400592862
BNG.csv,0.4,0.02665333333333364,0.03300000000000003,100,0.20669211000000004,1.3145979968942836
BNG.csv,0.44,0.0038876666666656234,0.01200000000000001,100,0.22614043999999997,1.2266946338036668
BNG.csv,0.49,0.004404333333333177,0.01100000000000001,100,0.22948464888888898,1.2746092839967715
BNG.csv,0.54,0.017696333333334646,0.006000000000000005,100,0.23318421777777773,1.0846168654667574
BNG.csv,0.6,0.00805966666666813,0.0010000000000000009,100,0.21715252777777777,1.360999871328516
BNG.csv,0.65,0.011883666666663628,0.010000000000000009,100,0.21107929333333333,1.2631507308664185
BNG.csv,0.7,0.011332999999996929,0.007999999999999896,100,0.20029079555555554,1.0656336153239157
BNG.csv,0.75,0.013800000000002921,0.016000000000000014,100,0.16794576000000003,1.3095581981226085
BNG.csv,0.8,0.011000000000005228,0.013000000000000012,100,0.1578669288888889,0.8601253956473272
BNG.csv,0.85,0.012807666666663664,0.015000000000000013,100,0.1294172222222222,1.2136287768096794
BNG.csv,0.9,0.0093310000000012,0.0040000000000000036,100,0.08970242666666667,0.9796594067102515
BNG.csv,0.95,0.02611299999999972,0.0019999999999998908,100,0.05503236777777778,1.1628963413141824
BNG_breast-w.csv,0.05,0.020925666666666787,0.0010000000000000009,100,0.057689132222222224,0.6721584245124503
BNG_breast-w.csv,0.1,0.017115666666666154,0.007000000000000006,100,0.09472178222222226,0.7786014407067678
BNG_breast-w.csv,0.15,0.006331333333333827,0.010999999999999982,100,0.12362611111111114,0.7192841495301083
BNG_breast-w.csv,0.2,0.004562000000001204,0.020000000000000018,100,0.14860588888888887,0.9975029995524063
BNG_breast-w.csv,0.25,0.011634666666666904,0.010000000000000009,100,0.18079373777777782,0.9611093242475756
BNG_breast-w.csv,0.3,0.009414666666666571,0.01799999999999996,100,0.18649299555555557,1.123378977728764
BNG_breast-w.csv,0.35,0.001504000000000616,0.01799999999999996,100,0.20786935444444438,1.1564144081354066
BNG_breast-w.csv,0.4,0.025900333333333636,0.03500000000000003,100,0.2122198611111111,1.2422038815892311
BNG_breast-w.csv,0.44,0.0033856666666655655,0.0050000000000000044,100,0.22829737333333333,1.1760675417855193
BNG_breast-w.csv,0.49,0.015150000000001107,0.010000000000000009,100,0.22914507888888885,1.2780866171298566
BNG_breast-w.csv,0.54,0.02137766666666785,0.018000000000000016,100,0.23984948444444437,0.8358720329050795
BNG_breast-w.csv,0.6,0.011510000000000908,0.017000000000000015,100,0.22060753222222224,1.3073855224984112
BNG_breast-w.csv,0.65,0.009122666666663948,0.014000000000000012,100,0.21312386111111115,1.2502873241176726
BNG_breast-w.csv,0.7,0.009169999999996792,0.0030000000000001137,100,0.19430012888888892,1.0717407735953985
BNG_breast-w.csv,0.75,0.014398333333336844,0.01200000000000001,100,0.17604166555555556,1.247710874770882
BNG_breast-w.csv,0.8,0.010083999999997206,0.006000000000000005,100,0.15434797333333333,0.8410299705998326
BNG_breast-w.csv,0.85,0.011384999999996648,0.008000000000000007,100,0.12591266666666664,1.186963307145626
BNG_breast-w.csv,0.9,0.03216966666667065,0.008000000000000007,100,0.09555371000000003,1.0276524923205974
BNG_breast-w.csv,0.95,0.010802000000003309,0.0009999999999998899,100,0.05274002111111112,0.9036624078402846
BNG_breast-w.csv,0.05,0.02812100000000005,0.006000000000000005,100,0.058435728888888885,0.6261874982359088
BNG_breast-w.csv,0.1,0.0089986666666661,0.010000000000000009,100,0.08602689333333333,0.4602071629054709
BNG_breast-w.csv,0.15,0.007003000000000509,0.010999999999999982,100,0.1237725377777778,0.7023549649028498
BNG_breast-w.csv,0.2,0.01343066666666795,0.014000000000000012,100,0.14880133333333334,0.9853157794790814
BNG_breast-w.csv,0.25,0.013884000000001756,0.028999999999999998,100,0.17137876,0.8938657569451959
BNG_breast-w.csv,0.3,0.006237666666666863,0.02699999999999997,100,0.18825431555555558,1.067511164538379
BNG_breast-w.csv,0.35,0.001504000000000616,0.006999999999999951,100,0.20961877666666667,1.0880629695028496
BNG_breast-w.csv,0.4,0.010578666666668513,0.019000000000000017,100,0.23041955555555554,0.8954933326505254
BNG_breast-w.csv,0.44,0.02447033333333487,0.02699999999999997,100,0.23078946222222224,1.0682578609130582
BNG_breast-w.csv,0.49,0.0015926666666680744,0.01899999999999996,100,0.2344552655555556,1.084175710954484
BNG_breast-w.csv,0.54,0.0023836666666660067,0.0050000000000000044,100,0.2252777455555556,1.2534959792748601
BNG_breast-w.csv,0.6,0.012090666666668803,0.006000000000000005,100,0.2215084211111111,1.1064669962596552
BNG_breast-w.csv,0.65,0.0015033333333343002,0.0020000000000000018,100,0.21114894555555555,1.1387558942260432
BNG_breast-w.csv,0.7,0.011165333333330252,0.0119999999999999,100,0.19759470666666665,1.1472948864370993
BNG_breast-w.csv,0.75,0.01071433333333538,0.007000000000000006,100,0.17782408333333324,1.0455206379989108
BNG_breast-w.csv,0.8,0.012091999999997327,0.0030000000000000027,100,0.15380321777777778,1.0094652838852216
BNG_breast-w.csv,0.85,0.01021099999999675,0.006000000000000005,100,0.12402036777777779,1.0333077147593346
BNG_breast-w.csv,0.9,0.015859333333335,0.0050000000000000044,100,0.09317535111111114,1.0789366870092805
BNG_breast-w.csv,0.95,0.014901666666668922,0.0019999999999998908,100,0.05341158222222221,0.877920831141219
HTRU.csv,0.05,0.16074899999999892,0.056999999999999995,100,0.1269298711111111,1.6623453246438054
HTRU.csv,0.1,0.12502833333333194,0.07899999999999999,100,0.1476496211111111,1.6014248443207686
HTRU.csv,0.15,0.14660066666666613,0.08500000000000002,100,0.1786644177777778,1.5308788654671757
HTRU.csv,0.2,0.1324156666666647,0.04799999999999999,100,0.17177988888888895,1.8641891357869513
HTRU.csv,0.25,0.1610066666666648,0.08200000000000002,100,0.1971623766666667,1.7158425878606478
HTRU.csv,0.3,0.11109066666666478,0.056999999999999995,100,0.20107167111111107,1.6120712716711039
HTRU.csv,0.35,0.11229999999999923,0.031000000000000028,100,0.21143477333333333,1.648809784071593
HTRU.csv,0.4,0.06229999999999919,0.027000000000000024,100,0.199721,1.7272884557574102
HTRU.csv,0.44,0.06403266666666713,0.04799999999999999,100,0.2198182877777778,1.3486576366312444
HTRU.csv,0.49,0.09916266666666573,0.050000000000000044,100,0.20632646222222223,1.4035632446379829
HTRU.csv,0.54,0.12053933333333311,0.08399999999999996,100,0.1957697822222222,1.4049374352507633
HTRU.csv,0.6,0.0883316666666697,0.041000000000000036,100,0.1870365988888889,1.3430475502699026
HTRU.csv,0.65,0.06945666666667005,0.05799999999999994,100,0.17462575111111114,1.1460608951497946
HTRU.csv,0.7,0.06380000000000297,0.04700000000000004,100,0.16541630555555556,1.1434225199245696
HTRU.csv,0.75,0.0639326666666643,0.062000000000000055,100,0.13900644444444446,0.9230388752154699
HTRU.csv,0.8,0.06749499999999609,0.07299999999999995,100,0.1062650622222222,0.7068239009163371
HTRU.csv,0.85,0.034894999999998344,0.025000000000000022,100,0.09397641222222224,0.8238592729411318
HTRU.csv,0.9,0.0025526666666667586,0.01200000000000001,100,0.07979408444444445,0.5396118558356361
HTRU.csv,0.95,0.014732000000000078,0.015000000000000013,100,0.040435537777777766,0.6385078411645265
HTRU.csv,0.05,0.13489599999999874,0.06,100,0.11831799999999999,1.3460870753171141
HTRU.csv,0.1,0.11083299999999893,0.022999999999999993,100,0.1321459322222222,1.608665101053302
HTRU.csv,0.15,0.18140766666666483,0.091,100,0.16845442111111109,1.7883450702163846
HTRU.csv,0.2,0.11191999999999908,0.067,100,0.1834515288888889,1.5438526713914769
HTRU.csv,0.25,0.11648566666666754,0.08900000000000002,100,0.20122639555555558,1.3989367234102763
HTRU.csv,0.3,0.0895886666666647,0.018000000000000016,100,0.19719891555555555,1.6880513194414843
HTRU.csv,0.35,0.08812033333333452,0.050000000000000044,100,0.21060293777777775,1.484202883790911
HTRU.csv,0.4,0.0806229999999985,0.04199999999999998,100,0.20638517333333334,1.6548972518789968
HTRU.csv,0.44,0.047399999999998554,0.02200000000000002,100,0.2092430844444444,1.4717638290160604
HTRU.csv,0.49,0.07572833333333429,0.026000000000000023,100,0.21065586111111112,1.4816371828749364
HTRU.csv,0.54,0.07032733333333496,0.04499999999999993,100,0.21299869333333332,1.272184361779256
HTRU.csv,0.6,0.03828366666666971,0.01200000000000001,100,0.20427269333333334,1.3933350455056652
HTRU.csv,0.65,0.06309800000000487,0.03500000000000003,100,0.17712247111111112,1.2731380577202631
HTRU.csv,0.7,0.06363266666666956,0.02200000000000002,100,0.16831464333333337,1.1956314005817734
HTRU.csv,0.75,0.038915999999994844,0.02100000000000002,100,0.15697061777777777,1.041015630125093
HTRU.csv,0.8,0.06766266666666276,0.05899999999999994,100,0.09953188888888889,0.8602098354719518
HTRU.csv,0.85,0.006164666666665597,0.0040000000000000036,100,0.12061274999999999,0.8465246990885951
HTRU.csv,0.9,0.0005380000000011487,0.017000000000000015,100,0.07062000000000002,0.6339675744161645
HTRU.csv,0.95,0.010300000000003418,0.0039999999999998925,100,0.04825662666666667,0.7320040530467119
MagicTelescope.csv,0.05,0.010300000000000017,0.0040000000000000036,100,0.046776083333333315,2.1391316021338773
MagicTelescope.csv,0.1,0.04886999999999947,0.006999999999999992,100,0.0745540211111111,2.1807337069075765
MagicTelescope.csv,0.15,0.027452000000000393,0.04799999999999999,100,0.06698877666666667,2.28880777970974
MagicTelescope.csv,0.2,0.035369666666667215,0.05500000000000002,100,0.08356611111111115,2.2392716962363077
MagicTelescope.csv,0.25,0.07272900000000102,0.07599999999999998,100,0.09872673222222224,2.34500094352376
MagicTelescope.csv,0.3,0.10631933333333454,0.07199999999999998,100,0.08825608333333335,2.628248733073594
MagicTelescope.csv,0.35,0.0635999999999996,0.01799999999999996,100,0.12121609333333333,2.5414892601901746
MagicTelescope.csv,0.4,0.10523266666666681,0.10800000000000004,100,0.1299241822222222,2.3919731056690416
MagicTelescope.csv,0.44,0.006985333333332455,0.06,100,0.14107926555555556,2.606847310136482
MagicTelescope.csv,0.49,0.05924866666666595,0.007000000000000006,100,0.1431189377777778,2.5476003488546715
MagicTelescope.csv,0.54,0.11184366666666623,0.04200000000000004,100,0.11489730111111113,2.7582559040741574
MagicTelescope.csv,0.6,0.11902100000000043,0.0040000000000000036,100,0.1273021988888889,2.774163495163338
MagicTelescope.csv,0.65,0.11506099999999952,0.016000000000000014,100,0.13219586222222224,2.7405760045290997
MagicTelescope.csv,0.7,0.1582839999999992,0.04299999999999993,100,0.12684972888888887,2.761094085697963
MagicTelescope.csv,0.75,0.1609190000000008,0.08499999999999996,100,0.1323879288888889,2.653476383591442
MagicTelescope.csv,0.8,0.15752866666666465,0.015000000000000013,100,0.10934793222222224,2.748364078656957
MagicTelescope.csv,0.85,0.1725013333333315,0.016000000000000014,100,0.11539630555555554,2.54036703639233
MagicTelescope.csv,0.9,0.10967666666666986,0.041000000000000036,100,0.08405237666666666,2.62685569988151
MagicTelescope.csv,0.95,0.22183733333333133,0.09499999999999997,100,0.09962784,2.639421545872912
MagicTelescope.csv,0.05,0.014731333333333416,0.011000000000000003,100,0.039483248888888885,2.1553034709106105
MagicTelescope.csv,0.1,0.03986799999999998,0.066,100,0.04546966666666667,2.2093583381336765
MagicTelescope.csv,0.15,0.014632666666666239,0.009000000000000008,100,0.08181633777777778,2.346736642786622
MagicTelescope.csv,0.2,0.02447900000000075,0.00899999999999998,100,0.08784149333333331,2.523983512731158
MagicTelescope.csv,0.25,0.03891433333333438,0.025999999999999995,100,0.09742577777777778,2.455307632201793
MagicTelescope.csv,0.3,0.0638003333333351,0.030999999999999972,100,0.11905062666666667,2.411344775042612
MagicTelescope.csv,0.35,0.039745000000000474,0.028000000000000025,100,0.11022500444444444,2.6847017822745283
MagicTelescope.csv,0.4,0.0655683333333354,0.059,100,0.12628822222222222,2.5480140992677596
MagicTelescope.csv,0.44,0.09561466666666701,0.045999999999999985,100,0.13014390666666664,2.534261145339013
MagicTelescope.csv,0.49,0.17999233333333375,0.126,100,0.12762677777777776,2.534364421724085
MagicTelescope.csv,0.54,0.10472499999999907,0.0030000000000000027,100,0.12270867888888887,2.80269992867714
MagicTelescope.csv,0.6,0.11335366666666807,0.040999999999999925,100,0.14834329333333332,2.5885004829060305
MagicTelescope.csv,0.65,0.1389376666666663,0.040000000000000036,100,0.12726401222222225,2.754829444650572
MagicTelescope.csv,0.7,0.2028279999999993,0.10399999999999998,100,0.12596904333333334,2.7650734009569704
MagicTelescope.csv,0.75,0.14790566666666616,0.04400000000000004,100,0.12114713222222223,2.7892201396892147
MagicTelescope.csv,0.8,0.2551046666666661,0.125,100,0.11759743444444444,2.831110688702891
MagicTelescope.csv,0.85,0.22870266666666417,0.131,100,0.13262992333333334,2.6408786744449095
MagicTelescope.csv,0.9,0.20499199999999806,0.09299999999999997,100,0.10701035111111111,2.7194315589200895
MagicTelescope.csv,0.95,0.15825633333333622,0.03299999999999992,100,0.09067874999999999,2.5475880387445033
abalone.csv,0.05,0.05272166666666625,0.065,100,0.06308334555555555,2.5942866834902185
abalone.csv,0.1,0.08632466666666616,0.028999999999999998,100,0.07469343444444444,2.6422379487851595
abalone.csv,0.15,0.04694733333333384,0.05099999999999999,100,0.06320635999999999,2.6527459421605055
abalone.csv,0.2,0.02880633333333174,0.0040000000000000036,100,0.08939315111111112,2.685902169900249
abalone.csv,0.25,0.001008999999998983,0.009000000000000008,100,0.10522287111111112,2.6874099463499856
abalone.csv,0.3,0.032340999999999676,0.021999999999999964,100,0.09240525666666669,2.723746131804465
abalone.csv,0.35,0.09304966666666697,0.07199999999999995,100,0.08673515111111112,2.7656250030053533
abalone.csv,0.4,0.012417333333334779,0.02400000000000002,100,0.10900423999999999,2.790131561532094
abalone.csv,0.44,0.05725566666666737,0.07200000000000001,100,0.1092585988888889,2.8621809229315036
abalone.csv,0.49,0.009424999999999961,0.0010000000000000009,100,0.12249975999999999,2.7384803407580023
abalone.csv,0.54,0.003889666666666236,0.027000000000000024,100,0.11412355111111111,2.7444206721223563
abalone.csv,0.6,0.07685799999999943,0.08099999999999996,100,0.10947431555555558,2.8219970840319277
abalone.csv,0.65,0.11878233333333343,0.15800000000000003,100,0.08728848444444445,2.7892987342009596
abalone.csv,0.7,0.019783333333334374,0.04399999999999993,100,0.09612321222222223,2.7547065843442717
abalone.csv,0.75,0.0033723333333343097,0.025000000000000022,100,0.10419959555555555,2.6718044720499003
abalone.csv,0.8,0.030953333333332278,0.06699999999999995,100,0.08712653777777778,2.648986411869387
abalone.csv,0.85,0.08507500000000012,0.052999999999999936,100,0.09582619555555556,2.644662489543842
abalone.csv,0.9,0.1561769999999988,0.118,100,0.0936059288888889,2.6536901578173024
abalone.csv,0.95,0.16379100000000213,0.08099999999999996,100,0.07933007111111111,2.6166606134320665
abalone.csv,0.05,0.01286100000000013,0.032,100,0.04565402111111111,2.5873521169316622
abalone.csv,0.1,0.02070733333333294,0.0040000000000000036,100,0.06633989333333334,2.7158067400784005
abalone.csv,0.15,0.0370683333333324,0.012999999999999984,100,0.07405846222222222,2.6992176392549845
abalone.csv,0.2,0.04481499999999858,0.04799999999999999,100,0.08909008333333332,2.786361428012851
abalone.csv,0.25,0.01532300000000153,0.0030000000000000027,100,0.08540875111111113,2.819484420116506
abalone.csv,0.3,0.03607133333333229,0.007000000000000006,100,0.09210331000000002,2.8303515573161553
abalone.csv,0.35,0.06560466666666576,0.04700000000000004,100,0.1087450433333333,2.7983493158127972
abalone.csv,0.4,0.029495333333333817,0.031000000000000028,100,0.1067331111111111,2.8046091999078677
abalone.csv,0.44,0.05642433333333363,0.08000000000000002,100,0.11122011555555555,2.6305235570459002
abalone.csv,0.49,0.11117833333333338,0.030000000000000027,100,0.08769476777777778,2.8726626243784006
abalone.csv,0.54,0.0880746666666673,0.09400000000000003,100,0.11461885666666669,2.7637714826037922
abalone.csv,0.6,0.04422499999999929,0.020000000000000018,100,0.11406352333333335,2.775330834492543
abalone.csv,0.65,0.00518433333333157,0.038000000000000034,100,0.11070463444444442,2.7150660668760804
abalone.csv,0.7,0.07503466666666603,0.10599999999999998,100,0.10132939555555556,2.8002589856538393
abalone.csv,0.75,0.09111499999999872,0.03300000000000003,100,0.10715924000000002,2.714104537273729
abalone.csv,0.8,0.05307566666666563,0.10199999999999998,100,0.08715419,2.599758934634704
abalone.csv,0.85,0.12016833333332955,0.05999999999999994,100,0.09997603999999999,2.701433588821649
abalone.csv,0.9,0.0058976666666678,0.04500000000000004,100,0.06544162666666667,2.7348101951128756
abalone.csv,0.95,0.19269299999999878,0.11299999999999999,100,0.0833520711111111,2.6739480328188883
ailerons.csv,0.05,0.009880333333333352,0.033,100,0.045492884444444444,2.2768482610519554
ailerons.csv,0.1,0.061027333333332934,0.059,100,0.07621233222222222,2.4598560588534797
ailerons.csv,0.15,0.055989999999998846,0.07200000000000001,100,0.08066273222222226,2.7455279045859236
ailerons.csv,0.2,0.011174333333334313,0.036000000000000004,100,0.08980740444444445,2.540153872046202
ailerons.csv,0.25,0.03665166666666608,0.030000000000000027,100,0.1075629288888889,2.6699682655939094
ailerons.csv,0.3,0.06623466666666733,0.09200000000000003,100,0.12520463444444446,2.676359975421852
ailerons.csv,0.35,0.04015966666666748,0.05499999999999999,100,0.12108142666666667,2.6117745554884526
ailerons.csv,0.4,0.01610633333333472,0.0050000000000000044,100,0.1014574488888889,2.8071469171412002
ailerons.csv,0.44,0.03521500000000066,0.02200000000000002,100,0.11591396777777778,2.7277215544388884
ailerons.csv,0.49,0.014563000000000714,0.03700000000000003,100,0.13572011,2.70476626607981
ailerons.csv,0.54,0.12532733333333435,0.07200000000000001,100,0.11060166666666667,2.816487469461999
ailerons.csv,0.6,0.05903699999999923,0.01200000000000001,100,0.13853415444444445,2.6393961625850997
ailerons.csv,0.65,0.08090499999999934,0.05900000000000005,100,0.10621097222222224,2.8045975220951034
ailerons.csv,0.7,0.05117399999999794,0.015000000000000013,100,0.13123182666666666,2.58533925784975
ailerons.csv,0.75,0.09999733333333172,0.04799999999999993,100,0.10961608333333334,2.726985225827122
ailerons.csv,0.8,0.07033233333333222,0.01200000000000001,100,0.08424433222222222,2.8183254651905956
ailerons.csv,0.85,0.1442593333333304,0.027999999999999914,100,0.09493376000000002,2.683459219326719
ailerons.csv,0.9,0.06807099999999933,0.03500000000000003,100,0.07263875,2.7095214965895624
ailerons.csv,0.95,0.032469666666665176,0.02399999999999991,100,0.059554026666666676,2.584161665532993
ailerons.csv,0.05,0.01690766666666678,0.036000000000000004,100,0.053714999999999985,2.399778081266439
ailerons.csv,0.1,0.052052333333332784,0.018000000000000002,100,0.07422741666666666,2.3481192840213208
ailerons.csv,0.15,0.038906999999998915,0.013999999999999985,100,0.0848732122222222,2.4645848352432793
ailerons.csv,0.2,0.008664333333334495,0.024999999999999994,100,0.08954805666666667,2.5535421948996095
ailerons.csv,0.25,0.06452166666666784,0.10500000000000001,100,0.08012291555555555,2.575735119990986
ailerons.csv,0.3,0.017950666666666282,0.006000000000000005,100,0.11050507888888889,2.6664395831698933
ailerons.csv,0.35,0.03771900000000111,5.551115123125783e-17,100,0.10070060444444444,2.826551402255845
ailerons.csv,0.4,0.0635620000000014,0.010000000000000009,100,0.11462935999999999,2.6307657004115246
ailerons.csv,0.44,0.01628566666666631,0.006000000000000005,100,0.11454424333333335,2.627014586593428
ailerons.csv,0.49,0.05674366666666675,0.006000000000000005,100,0.10481343999999998,2.836194141028156
ailerons.csv,0.54,0.06715866666666787,0.0020000000000000018,100,0.1077193288888889,2.822218664848356
ailerons.csv,0.6,0.11658533333333326,0.04899999999999993,100,0.116768,2.7913062427470754
ailerons.csv,0.65,0.027364666666664483,0.031000000000000028,100,0.12343430555555557,2.667409761803253
ailerons.csv,0.7,0.042963333333332576,0.031000000000000028,100,0.11675827888888887,2.669174683078431
ailerons.csv,0.75,0.1202503333333308,0.06799999999999995,100,0.11765719444444446,2.7905341344668484
ailerons.csv,0.8,0.04967000000000066,0.02300000000000002,100,0.10894424888888889,2.619889585228934
ailerons.csv,0.85,0.0387446666666692,0.03600000000000003,100,0.07765761777777777,2.640650582552099
ailerons.csv,0.9,0.053495333333331674,0.02200000000000002,100,0.07168304333333334,2.697292540007283
ailerons.csv,0.95,0.06058366666666826,0.005999999999999894,100,0.06512297222222223,2.68881117660447
anuranCalls.csv,0.05,0.032304333333333324,0.0029999999999999957,100,0.05854855555555555,1.3824099273816755
anuranCalls.csv,0.1,0.037280666666666046,0.007999999999999993,100,0.09265741666666667,1.3588308865494465
anuranCalls.csv,0.15,0.035481666666665385,0.019000000000000017,100,0.12897233777777778,1.4484877815113455
anuranCalls.csv,0.2,0.011252333333332282,0.026999999999999996,100,0.14760344444444443,1.5514989761485434
anuranCalls.csv,0.25,0.03414100000000042,0.03600000000000003,100,0.16724052777777776,1.6660155724746712
anuranCalls.csv,0.3,0.011667999999999124,0.04700000000000004,100,0.18529730666666663,1.5023975958106828
anuranCalls.csv,0.35,0.003851666666666753,0.040000000000000036,100,0.2089436566666667,1.3199605875861578
anuranCalls.csv,0.4,0.03770200000000118,0.064,100,0.21145934555555557,1.568307293154
anuranCalls.csv,0.44,0.02229999999999921,0.065,100,0.21365486555555557,1.579087267005951
anuranCalls.csv,0.49,0.041355333333333855,0.04700000000000004,100,0.22707494555555552,1.2661702752578101
anuranCalls.csv,0.54,0.025561000000000833,0.020000000000000018,100,0.20877677777777773,1.4572116640166668
anuranCalls.csv,0.6,0.05769466666666678,0.07200000000000006,100,0.18774775444444441,1.567706011641973
anuranCalls.csv,0.65,0.012715999999999616,0.03400000000000003,100,0.1946715288888889,1.2955025718467885
anuranCalls.csv,0.7,0.0033103333333299734,0.062000000000000055,100,0.18951738222222222,1.2703348514820971
anuranCalls.csv,0.75,0.013800000000002921,0.04800000000000004,100,0.1590369822222222,1.3553487404764706
anuranCalls.csv,0.8,0.032841333333335276,0.050999999999999934,100,0.1263986433333333,1.022318480152895
anuranCalls.csv,0.85,0.005423333333331448,0.02100000000000002,100,0.11714734555555556,1.1608240463191084
anuranCalls.csv,0.9,0.010167666666667796,0.02300000000000002,100,0.08493138999999998,1.0416754668852966
anuranCalls.csv,0.95,0.010300000000003418,0.017000000000000015,100,0.04897299,0.8564289478707964
anuranCalls.csv,0.05,0.010132000000000023,0.016,100,0.045192012222222216,1.2605010704526152
anuranCalls.csv,0.1,0.02524466666666622,0.012999999999999998,100,0.07571676777777778,1.5697547778621699
anuranCalls.csv,0.15,0.01816199999999979,0.009000000000000008,100,0.11638553222222223,1.6133165088866555
anuranCalls.csv,0.2,0.012260333333332318,0.025999999999999995,100,0.1465905455555556,1.5931461826000752
anuranCalls.csv,0.25,0.00534966666666814,0.017000000000000015,100,0.16985408333333332,1.4199753165843614
anuranCalls.csv,0.3,0.01511199999999896,0.040000000000000036,100,0.18525533333333336,1.5640680323669496
anuranCalls.csv,0.35,0.04530066666666477,0.07,100,0.19620332888888892,1.7883702448683294
anuranCalls.csv,0.4,0.016785333333332042,0.046999999999999986,100,0.2134300833333333,1.4714493107411575
anuranCalls.csv,0.44,0.0030509999999988047,0.028000000000000025,100,0.2209460622222222,1.2784016281052306
anuranCalls.csv,0.49,0.04127133333333377,0.05400000000000005,100,0.2228318788888889,1.3896541823466955
anuranCalls.csv,0.54,0.022549000000001262,0.04499999999999993,100,0.22545304,1.1596853854188192
anuranCalls.csv,0.6,0.03376566666666925,0.06300000000000006,100,0.20288888444444442,1.357423908291826
anuranCalls.csv,0.65,0.013135666666666324,0.05499999999999994,100,0.18969294555555552,1.5116157808432575
anuranCalls.csv,0.7,0.004901999999996742,0.052000000000000046,100,0.18686370111111109,1.2996520702043581
anuranCalls.csv,0.75,0.025559999999998917,0.05600000000000005,100,0.15746675,1.339234519721145
anuranCalls.csv,0.8,0.013263333333330851,0.031000000000000028,100,0.1418651677777778,1.050448332090466
anuranCalls.csv,0.85,0.01573566666666293,0.029000000000000026,100,0.10793837666666665,1.072263283611048
anuranCalls.csv,0.9,0.024243333333334394,0.025000000000000022,100,0.07599183999999999,1.1348539076082744
anuranCalls.csv,0.95,0.010300000000003418,0.018000000000000016,100,0.04932030555555556,0.870994079550295
balance.1.csv,0.05,0.04937233333333288,0.008,100,0.061778865555555555,1.7707513296745327
balance.1.csv,0.1,0.02515366666666627,0.042,100,0.07154582666666666,2.07318470964094
balance.1.csv,0.15,0.06083366666666562,0.0040000000000000036,100,0.10787499,2.062345849931026
balance.1.csv,0.2,0.012092999999998966,0.0050000000000000044,100,0.11904698999999999,2.1337930901773956
balance.1.csv,0.25,0.010881666666665957,0.0020000000000000018,100,0.13950527111111113,2.2007317581272674
balance.1.csv,0.3,0.048745666666666465,0.03200000000000003,100,0.1481131511111111,2.2162233605711466
balance.1.csv,0.35,0.029621666666665658,5.551115123125783e-17,100,0.15932103999999997,2.169255751138708
balance.1.csv,0.4,0.034773666666667535,0.013000000000000012,100,0.15552035111111112,2.4101058568684897
balance.1.csv,0.44,0.0033856666666654545,0.015000000000000013,100,0.16869125666666673,2.2062710594062236
balance.1.csv,0.49,0.02440733333333389,0.049000000000000044,100,0.16260861777777777,2.2569114048582466
balance.1.csv,0.54,0.023804000000001158,0.015000000000000013,100,0.17755977777777776,2.1189558076430606
balance.1.csv,0.6,0.007899333333333924,0.0030000000000000027,100,0.16366820444444447,2.2812681886427537
balance.1.csv,0.65,0.02543766666666436,0.0010000000000000009,100,0.16254983444444446,2.1255462859261147
balance.1.csv,0.7,0.03215766666666575,0.029000000000000026,100,0.13863139555555556,2.275473512245567
balance.1.csv,0.75,0.0007576666666667675,0.06400000000000006,100,0.1306389288888889,2.210067821865789
balance.1.csv,0.8,0.025616000000000638,0.019000000000000017,100,0.12552622666666668,1.97934431400321
balance.1.csv,0.85,0.016889666666666914,0.015000000000000013,100,0.09695876777777775,2.1437593391013117
balance.1.csv,0.9,0.05266233333333081,0.016000000000000014,100,0.08051446555555558,2.0668629182759295
balance.1.csv,0.95,0.03531633333333162,0.050000000000000044,100,0.06050938222222222,1.890908538002155
balance.1.csv,0.05,0.0333083333333333,0.023000000000000003,100,0.05694893777777779,1.9606634471794917
balance.1.csv,0.1,0.019368666666666312,0.063,100,0.06823851,1.9153676405308704
balance.1.csv,0.15,0.06100099999999897,0.00899999999999998,100,0.10875291,2.0684385581353655
balance.1.csv,0.2,0.012176666666665642,0.02200000000000002,100,0.12325686555555554,2.0666097547380273
balance.1.csv,0.25,0.004094666666668023,0.0020000000000000018,100,0.1250474788888889,2.3149339677114646
balance.1.csv,0.3,0.003392666666666766,0.04199999999999998,100,0.15061844000000002,2.1250789668438412
balance.1.csv,0.35,0.016074666666668458,0.04199999999999998,100,0.15328211000000003,2.161577672672951
balance.1.csv,0.4,0.024645666666667232,0.025000000000000022,100,0.16242576,2.1612959175137494
balance.1.csv,0.44,0.053178000000001724,0.05499999999999999,100,0.15887993777777776,2.3016664969208906
balance.1.csv,0.49,0.007172000000000678,0.0010000000000000009,100,0.1529551677777778,2.40453920441414
balance.1.csv,0.54,0.04453133333333337,0.049000000000000044,100,0.1704433011111112,2.2431856485180246
balance.1.csv,0.6,0.035275333333332215,0.028999999999999915,100,0.16599196777777778,2.278821989346663
balance.1.csv,0.65,0.007531999999997652,0.009000000000000008,100,0.15532343444444444,2.217328107518556
balance.1.csv,0.7,0.0378589999999992,0.0050000000000000044,100,0.1416069988888889,2.3451283669849134
balance.1.csv,0.75,0.010453333333335313,0.05300000000000005,100,0.1263960622222222,2.199116782659667
balance.1.csv,0.8,0.03753866666666417,0.0030000000000000027,100,0.13105808333333333,2.008036361496347
balance.1.csv,0.85,0.06108466666667178,0.007000000000000006,100,0.11469808333333333,2.0920091140208554
balance.1.csv,0.9,0.03469866666666943,0.05400000000000005,100,0.07627099,1.7671976100463964
balance.1.csv,0.95,0.03364299999999798,0.050000000000000044,100,0.057799071111111114,2.1128612745578
balance.3.csv,0.05,0.0940099999999995,0.0010000000000000009,100,0.07344624000000001,2.2334885303885734
balance.3.csv,0.1,0.015855000000000063,0.07100000000000001,100,0.05908410111111111,2.048828324468113
balance.3.csv,0.15,0.025859999999999383,0.011999999999999983,100,0.10606464888888889,1.9615036117313938
balance.3.csv,0.2,0.013351666666665596,0.02100000000000002,100,0.10785910666666668,2.210825562273744
balance.3.csv,0.25,0.0015010000000011403,0.04000000000000001,100,0.11774000000000001,2.453899712988815
balance.3.csv,0.3,0.007496999999999143,0.022999999999999965,100,0.13401326555555554,2.3450458559572795
balance.3.csv,0.35,0.006361333333333552,0.02100000000000002,100,0.14486847111111112,2.325604502996824
balance.3.csv,0.4,0.06466466666666781,0.06,100,0.1338323322222222,2.4658194382844365
balance.3.csv,0.44,0.007571666666665922,0.0020000000000000018,100,0.14055757666666666,2.4907162480339453
balance.3.csv,0.49,0.0015926666666680744,0.04600000000000004,100,0.13676830555555555,2.6529978335828543
balance.3.csv,0.54,0.07175966666666778,0.04500000000000004,100,0.16709852777777778,2.311348356948351
balance.3.csv,0.6,0.03443833333333224,0.039000000000000035,100,0.14879508777777778,2.5447000303629133
balance.3.csv,0.65,0.02979299999999807,0.026000000000000023,100,0.14875540444444446,2.347306807968549
balance.3.csv,0.7,0.06238266666666481,0.005999999999999894,100,0.1321561288888889,2.4815387763008334
balance.3.csv,0.75,0.11363866666666478,0.020000000000000018,100,0.1304917988888889,2.485727209045193
balance.3.csv,0.8,0.061300000000003685,0.02100000000000002,100,0.11211837333333331,2.380910748112156
balance.3.csv,0.85,0.0861159999999972,0.010000000000000009,100,0.10602229333333332,2.457946389015175
balance.3.csv,0.9,0.11001500000000286,0.019000000000000017,100,0.09621986222222223,2.4296319349293576
balance.3.csv,0.95,0.07246666666666879,0.026000000000000023,100,0.06933872333333332,2.2451943124271976
balance.3.csv,0.05,0.055061666666665995,0.023000000000000003,100,0.062431576666666676,1.9147525626796362
balance.3.csv,0.1,0.06814833333333256,0.02099999999999999,100,0.09076326222222222,2.081569503723782
balance.3.csv,0.15,0.014126999999999362,0.030999999999999986,100,0.09230909333333333,2.0973680871610223
balance.3.csv,0.2,0.0007130000000012404,0.07,100,0.1078650788888889,2.078230023213933
balance.3.csv,0.25,0.004345666666668024,0.03,100,0.12478220444444445,2.3195795994833373
balance.3.csv,0.3,0.05426200000000139,0.045999999999999985,100,0.12585166222222222,2.417545034275981
balance.3.csv,0.35,0.009207000000001242,0.08399999999999996,100,0.13450633333333337,2.3564095981406052
balance.3.csv,0.4,0.007480666666664859,0.006000000000000005,100,0.15722539000000002,2.2781637743169507
balance.3.csv,0.44,0.06749033333333349,0.07100000000000001,100,0.13763517666666664,2.4649106338808027
balance.3.csv,0.49,0.05489199999999905,0.0010000000000000009,100,0.14148733333333335,2.490684356709982
balance.3.csv,0.54,0.04782300000000128,0.0010000000000000009,100,0.1422751377777778,2.4944502963507618
balance.3.csv,0.6,0.03268066666666558,0.013000000000000012,100,0.14070761777777777,2.580502123116057
balance.3.csv,0.65,0.05586899999999928,0.0010000000000000009,100,0.12895275,2.506154247768001
balance.3.csv,0.7,0.048244333333331335,0.06000000000000005,100,0.13085471555555556,2.4318425049317485
balance.3.csv,0.75,0.09145833333333209,0.020000000000000018,100,0.13321165666666668,2.442275072600739
balance.3.csv,0.8,0.09970299999999654,0.029000000000000026,100,0.13869685666666665,2.0848453469669206
balance.3.csv,0.85,0.09155033333333229,0.006000000000000005,100,0.1083985988888889,2.473907215055267
balance.3.csv,0.9,0.08915333333333664,0.019000000000000017,100,0.09243503444444444,2.253325211367402
balance.3.csv,0.95,0.05556366666666779,0.050000000000000044,100,0.06264386111111112,2.28189227000344
balloon.csv,0.05,0.010048000000000015,0.0010000000000000009,100,0.04463619555555556,0.4993802680595536
balloon.csv,0.1,0.004643333333332986,0.017,100,0.06894699000000001,0.5378205813769111
balloon.csv,0.15,0.014644333333333898,0.01100000000000001,100,0.11744868444444444,0.63934368356354
balloon.csv,0.2,0.014434666666667983,0.0030000000000000027,100,0.1390018611111111,1.006243007918629
balloon.csv,0.25,0.013800000000001755,0.007000000000000006,100,0.16846704888888892,0.8807330192676197
balloon.csv,0.3,0.01544066666666627,0.009000000000000008,100,0.1801754877777778,1.1472089770137983
balloon.csv,0.35,0.015233666666668644,0.003999999999999948,100,0.2032511733333333,1.133430128216798
balloon.csv,0.4,0.03878566666666544,0.009000000000000008,100,0.20998490999999997,1.174315684904232
balloon.csv,0.44,0.02597633333333499,0.03300000000000003,100,0.22005561222222222,1.2717811930399432
balloon.csv,0.49,0.027951000000000725,0.016000000000000014,100,0.2288337377777778,1.1917505438498441
balloon.csv,0.54,0.06322166666666745,0.018000000000000016,100,0.21995018222222218,1.331713428984828
balloon.csv,0.6,0.008227666666668187,0.03200000000000003,100,0.21172361222222225,1.3512071149301013
balloon.csv,0.65,0.00778399999999746,0.029000000000000026,100,0.2109878711111111,1.2104047224711367
balloon.csv,0.7,0.03358966666666641,0.019000000000000017,100,0.1949128211111111,1.3826819324985191
balloon.csv,0.75,0.036734666666661586,0.0,100,0.18356951555555556,1.259623703550985
balloon.csv,0.8,0.0110840000000052,0.01200000000000001,100,0.15663766555555556,1.0197075972120673
balloon.csv,0.85,0.012891333333330368,0.01100000000000001,100,0.12857544444444444,1.1467398859957552
balloon.csv,0.9,0.028576000000002932,0.010000000000000009,100,0.09971202111111113,1.147260771309556
balloon.csv,0.95,0.044686999999999366,0.006000000000000116,100,0.06225312333333331,1.1980422695905681
balloon.csv,0.05,0.010132000000000023,0.006999999999999999,100,0.04503863444444445,0.48602676465621264
balloon.csv,0.1,0.008245666666666096,0.0020000000000000018,100,0.08077953222222221,0.7880841485242507
balloon.csv,0.15,0.015653000000000555,0.0050000000000000044,100,0.10912504333333332,0.9091849296426774
balloon.csv,0.2,0.01435100000000128,0.01999999999999999,100,0.14492212888888886,0.8097433878212653
balloon.csv,0.25,0.013884000000001756,0.0050000000000000044,100,0.1719462844444444,0.8938657569451959
balloon.csv,0.3,0.0111746666666665,0.031000000000000028,100,0.18743933333333332,1.0858760179421607
balloon.csv,0.35,0.016241333333335273,0.014000000000000012,100,0.1996571677777778,1.152209400592862
balloon.csv,0.4,0.02506366666666704,0.008000000000000007,100,0.2188500266666666,1.03728771790849
balloon.csv,0.44,0.050410666666668436,0.006000000000000005,100,0.21501652777777777,1.1967044480454974
balloon.csv,0.49,0.055393999999999166,0.01899999999999996,100,0.2197918888888889,1.2810200922987007
balloon.csv,0.54,0.06336233333333308,0.008000000000000007,100,0.22530015444444448,1.1979297324876486
balloon.csv,0.6,0.017956666666667287,0.019000000000000017,100,0.21407473222222226,1.4201206471766297
balloon.csv,0.65,0.03816033333333135,0.006000000000000005,100,0.2048944444444444,1.4728712791871805
balloon.csv,0.7,0.01754766666666474,0.017000000000000015,100,0.20115490111111112,1.2283409379780803
balloon.csv,0.75,0.013893666666669358,0.030000000000000027,100,0.17006417333333335,1.3828593677244996
balloon.csv,0.8,0.0110840000000052,0.018000000000000016,100,0.1574825011111111,1.0258549428872417
balloon.csv,0.85,0.03514700000000226,0.010000000000000009,100,0.13106350666666666,1.1816440697700008
balloon.csv,0.9,0.009414666666667681,0.010000000000000009,100,0.0912518177777778,0.9292274576655272
balloon.csv,0.95,0.059998000000000995,0.009000000000000119,100,0.06693517666666667,1.1968369650319208
bank8FM.csv,0.05,0.011387666666666733,0.013000000000000005,100,0.05253975111111111,2.1593576355455206
bank8FM.csv,0.1,0.037623333333332704,0.010000000000000009,100,0.07780704000000001,2.1291328084747994
bank8FM.csv,0.15,0.010288666666666585,0.030999999999999986,100,0.08390763888888887,2.3553915143735376
bank8FM.csv,0.2,0.013932666666667953,0.047000000000000014,100,0.10667193222222222,2.1633463002431452
bank8FM.csv,0.25,0.035063333333333724,0.006000000000000005,100,0.1395988711111111,2.2095187252089934
bank8FM.csv,0.3,0.0038979999999995685,0.03199999999999997,100,0.1382188211111111,2.318380326444944
bank8FM.csv,0.35,0.039927999999998354,0.051000000000000045,100,0.15556408333333333,2.2520766115258715
bank8FM.csv,0.4,0.01452599999999854,0.0050000000000000044,100,0.16480935444444444,2.3082287224682165
bank8FM.csv,0.44,0.02723333333333494,0.03899999999999998,100,0.1598990711111111,2.3965781708840797
bank8FM.csv,0.49,0.05330566666666736,0.029000000000000026,100,0.16678311555555556,2.1716490812612745
bank8FM.csv,0.54,0.0011303333333340104,0.02300000000000002,100,0.15936548444444446,2.3188668815824993
bank8FM.csv,0.6,0.0356099999999987,0.05899999999999994,100,0.15830338222222218,2.3749382401629395
bank8FM.csv,0.65,0.027502666666669007,0.08499999999999996,100,0.13056779,2.347567724461593
bank8FM.csv,0.7,0.031827666666666365,0.020999999999999908,100,0.13214044888888887,2.3464962373149225
bank8FM.csv,0.75,0.03598166666666158,0.007000000000000006,100,0.13041328444444444,2.1700407538674145
bank8FM.csv,0.8,0.011001000000005257,0.0020000000000000018,100,0.11413539888888888,2.1237779036659994
bank8FM.csv,0.85,0.013309999999997046,0.029000000000000026,100,0.09985996000000003,1.7487991167834558
bank8FM.csv,0.9,0.04644599999999954,0.007000000000000006,100,0.08012598222222221,1.8649252238541218
bank8FM.csv,0.95,0.035734666666664694,0.019000000000000017,100,0.06040361777777777,1.7792281318164547
bank8FM.csv,0.05,0.03489799999999994,0.0020000000000000018,100,0.05585704333333334,1.9948042456190924
bank8FM.csv,0.1,0.037458999999999354,0.0030000000000000027,100,0.0770561288888889,2.1591690241790085
bank8FM.csv,0.15,0.011036666666666417,0.044,100,0.08714414555555555,2.2293314182647626
bank8FM.csv,0.2,0.06314066666666668,0.007000000000000006,100,0.12492644444444444,2.1520005113108374
bank8FM.csv,0.25,0.012126666666668395,0.010999999999999982,100,0.12727979888888888,2.1462707167331248
bank8FM.csv,0.3,0.0003770000000004048,0.03699999999999998,100,0.14877418999999997,2.1247319749971805
bank8FM.csv,0.35,0.0007559999999999789,0.020999999999999963,100,0.15339898999999999,2.237235198738408
bank8FM.csv,0.4,0.041969000000000756,0.020999999999999963,100,0.16456432333333332,2.33330170886343
bank8FM.csv,0.44,0.027400666666668294,0.033999999999999975,100,0.1642541111111111,2.244075270323551
bank8FM.csv,0.49,0.023105333333334255,0.013999999999999957,100,0.1716011233333333,2.2749159587992054
bank8FM.csv,0.54,0.01677433333333278,0.038000000000000034,100,0.16204319444444443,2.4412737978431664
bank8FM.csv,0.6,0.009999000000000757,0.02100000000000002,100,0.1646870711111111,2.176771074840965
bank8FM.csv,0.65,0.012218333333330555,0.0010000000000000009,100,0.1675901988888889,2.0186274950494436
bank8FM.csv,0.7,0.055935666666667494,0.04800000000000004,100,0.1288497011111111,2.108079109728707
bank8FM.csv,0.75,0.05037699999999645,0.010000000000000009,100,0.1369341111111111,2.1879061557982573
bank8FM.csv,0.8,0.033347333333331064,0.009000000000000008,100,0.11134109333333335,2.1145570524864925
bank8FM.csv,0.85,0.030706000000001676,0.0030000000000000027,100,0.09723787888888888,2.0312219819727377
bank8FM.csv,0.9,0.01342933333333507,0.013000000000000012,100,0.06936335111111111,1.7648515965397051
bank8FM.csv,0.95,0.010300000000003418,0.03400000000000003,100,0.044976154444444444,1.664678087903551
breast-cancer.csv,0.05,0.010467333333333363,0.006000000000000005,100,0.05064890666666666,1.5342104743406484
breast-cancer.csv,0.1,0.023141333333332903,0.0010000000000000009,100,0.07852926222222223,1.82825296701035
breast-cancer.csv,0.15,0.011300333333333301,0.025000000000000022,100,0.11502655555555555,1.6270671656001405
breast-cancer.csv,0.2,0.011000666666665604,0.044999999999999984,100,0.13669662666666665,1.8396936324596833
breast-cancer.csv,0.25,0.013298000000001753,0.04799999999999999,100,0.16255667111111108,1.602766203428187
breast-cancer.csv,0.3,0.011836666666665774,0.049000000000000044,100,0.178888,1.6859183912412505
breast-cancer.csv,0.35,0.0006663333333337684,0.05600000000000005,100,0.1995179155555556,1.4870821774056422
breast-cancer.csv,0.4,0.004450666666668324,0.07600000000000001,100,0.1887570344444444,1.813193397454317
breast-cancer.csv,0.44,0.0019690000000006647,0.055999999999999994,100,0.1998959677777778,1.742671196360607
breast-cancer.csv,0.49,0.006892333333333167,0.06800000000000006,100,0.21547119555555558,1.540502967855719
breast-cancer.csv,0.54,0.027068000000000647,0.06299999999999994,100,0.20152295111111107,1.625208498545597
breast-cancer.csv,0.6,0.013264666666668812,0.06800000000000006,100,0.20301966555555556,1.4444822737241205
breast-cancer.csv,0.65,0.01807499999999751,0.014000000000000012,100,0.19320783444444445,1.5524367726826769
breast-cancer.csv,0.7,0.011165333333330252,0.03600000000000003,100,0.1748822788888889,1.4650767727906082
breast-cancer.csv,0.75,0.0363163333333284,0.0,100,0.1735278177777778,1.4382195822969095
breast-cancer.csv,0.8,0.013520000000004306,0.03399999999999992,100,0.15099659,1.2213205828218323
breast-cancer.csv,0.85,0.01766066666666477,0.029000000000000026,100,0.12519952333333334,1.048385448446806
breast-cancer.csv,0.9,0.026231000000003113,0.020000000000000018,100,0.09341079555555556,0.8210425171841909
breast-cancer.csv,0.95,0.05247633333333224,0.015999999999999903,100,0.07038677333333333,1.0144195706627832
breast-cancer.csv,0.05,0.03213700000000001,0.0020000000000000018,100,0.05665532888888888,1.5190490544340773
breast-cancer.csv,0.1,0.026900666666666295,0.023999999999999994,100,0.09130724888888889,1.4463836926675104
breast-cancer.csv,0.15,0.011048666666666651,0.02200000000000002,100,0.10787347888888886,1.7794578831693768
breast-cancer.csv,0.2,0.013430666666667979,0.011999999999999983,100,0.1374874877777778,1.4871025637572517
breast-cancer.csv,0.25,0.014814000000000271,0.03200000000000003,100,0.16423563888888887,1.6836178986657542
breast-cancer.csv,0.3,0.03879166666666484,0.08600000000000002,100,0.18618916000000002,1.6992678870772022
breast-cancer.csv,0.35,0.011800000000001365,0.07,100,0.19526541666666666,1.623213406145442
breast-cancer.csv,0.4,0.012515333333331713,0.061,100,0.2020355288888889,1.5738138209846348
breast-cancer.csv,0.44,0.03260600000000169,0.027000000000000024,100,0.1980095766666667,1.7199150800025464
breast-cancer.csv,0.49,0.024695666666667615,0.041000000000000036,100,0.21328122222222215,1.5286445720119122
breast-cancer.csv,0.54,0.02464100000000069,0.08299999999999996,100,0.20667541666666664,1.5347791617282607
breast-cancer.csv,0.6,0.030837333333335937,0.09100000000000008,100,0.20237618999999998,1.4126694625631189
breast-cancer.csv,0.65,0.007700333333331089,0.03500000000000003,100,0.18825224888888883,1.5314089024215654
breast-cancer.csv,0.7,0.011752333333330367,0.04300000000000004,100,0.18723938999999995,1.3473686586208873
breast-cancer.csv,0.75,0.007367666666669326,0.07100000000000006,100,0.16173731555555557,1.1986481263811752
breast-cancer.csv,0.8,0.025616000000000638,0.03699999999999992,100,0.14328244444444446,1.259027221690015
breast-cancer.csv,0.85,0.011452666666664335,0.04700000000000004,100,0.10662313222222222,0.9262668033377077
breast-cancer.csv,0.9,0.0458516666666674,0.01200000000000001,100,0.10351275111111112,1.0769864074881155
breast-cancer.csv,0.95,0.0024679999999982494,0.029000000000000026,100,0.04374164888888888,0.49988970826729445
churn.csv,0.05,0.015904000000000085,0.027000000000000003,100,0.028812821111111105,1.6480059696657445
churn.csv,0.1,0.06372366666666676,0.017,100,0.041603354444444435,1.826315165905609
churn.csv,0.15,0.06418166666666675,0.05400000000000002,100,0.05946430666666666,1.8967399877243634
churn.csv,0.2,0.09267933333333409,0.04299999999999998,100,0.06548604,2.2115234555871295
churn.csv,0.25,0.06787866666666756,0.05299999999999999,100,0.08953338222222222,2.119108425761937
churn.csv,0.3,0.11905133333333423,0.02999999999999997,100,0.0856871766666667,2.035179243073046
churn.csv,0.35,0.12127800000000133,0.03400000000000003,100,0.1006537011111111,2.2044986918236296
churn.csv,0.4,0.1997063333333334,0.06,100,0.09659895111111111,2.3619036412602905
churn.csv,0.44,0.21598866666666672,0.06,100,0.09677455555555556,2.467973356991158
churn.csv,0.49,0.2599593333333333,0.01100000000000001,100,0.11032768444444441,2.43990603261924
churn.csv,0.54,0.23230500000000065,0.020000000000000018,100,0.11442624,2.4566837719855186
churn.csv,0.6,0.28671233333333385,0.05399999999999994,100,0.11471983999999999,2.441488115457164
churn.csv,0.65,0.27221133333333286,0.09199999999999997,100,0.1042796388888889,2.6569019796998137
churn.csv,0.7,0.2848479999999995,0.020000000000000018,100,0.11385405666666668,2.53261283066295
churn.csv,0.75,0.1607136666666652,0.06000000000000005,100,0.10534334555555556,2.690594518967096
churn.csv,0.8,0.2300649999999993,0.02300000000000002,100,0.10550516777777778,2.68199727001737
churn.csv,0.85,0.41743566666666604,0.06099999999999994,100,0.09864869333333333,2.749797150665558
churn.csv,0.9,0.2159903333333324,0.0040000000000000036,100,0.07630250999999999,2.7291872868232865
churn.csv,0.95,0.15683933333333477,0.001000000000000112,100,0.07448033222222222,2.7478611192376436
churn.csv,0.05,0.0399163333333334,0.042,100,0.019983416666666663,1.5572578192463413
churn.csv,0.1,0.039699999999999985,0.07100000000000001,100,0.04756144444444444,1.5995783582508887
churn.csv,0.15,0.09003599999999998,0.05499999999999999,100,0.04480296,1.9524316495458436
churn.csv,0.2,0.10849233333333352,0.01999999999999999,100,0.061363478888888906,2.1495867074067543
churn.csv,0.25,0.07348400000000102,0.07400000000000001,100,0.07772143444444445,2.269014984838497
churn.csv,0.3,0.09308100000000119,0.03500000000000003,100,0.09750266666666665,2.1616053038008705
churn.csv,0.35,0.13201266666666786,0.040000000000000036,100,0.10377852777777775,2.3269281952012797
churn.csv,0.4,0.16945133333333431,0.02899999999999997,100,0.09719102666666668,2.4016316016680443
churn.csv,0.44,0.15184866666666696,0.007000000000000006,100,0.10963289333333334,2.4234591624851496
churn.csv,0.49,0.18573966666666714,0.126,100,0.10992469333333334,2.640301273449939
churn.csv,0.54,0.30861833333333344,0.008000000000000007,100,0.10598912333333332,2.5174622538609794
churn.csv,0.6,0.3067156666666669,0.041000000000000036,100,0.11935642111111112,2.406155977036062
churn.csv,0.65,0.36819166666666703,0.008000000000000007,100,0.10508968444444446,2.6081372941135736
churn.csv,0.7,0.31499666666666637,0.006000000000000005,100,0.10492055444444444,2.6893102195076706
churn.csv,0.75,0.252940333333333,0.008000000000000007,100,0.10825050111111112,2.7613853798523746
churn.csv,0.8,0.366262666666666,0.01100000000000001,100,0.09858610999999998,2.720047108861206
churn.csv,0.85,0.2105343333333327,0.018999999999999906,100,0.09969917666666665,2.6566953136726554
churn.csv,0.9,0.2805689999999996,0.0010000000000000009,100,0.07882263444444444,2.7895218578693703
churn.csv,0.95,0.04979133333333452,0.01200000000000001,100,0.06501196777777779,2.701561786086761
clean2.csv,0.05,0.010048000000000015,0.022000000000000002,100,0.04473517666666667,0.7982813807611648
clean2.csv,0.1,0.019117999999999982,0.018000000000000002,100,0.058845973333333336,0.9930548059981659
clean2.csv,0.15,0.024518666666667105,0.046999999999999986,100,0.09495161222222225,0.9961526040886354
clean2.csv,0.2,0.014685666666667957,0.031,100,0.12906076000000005,1.044899304174492
clean2.csv,0.25,0.013800000000001755,0.036000000000000004,100,0.15191059,1.317029535274452
clean2.csv,0.3,0.015607999999999622,0.008000000000000007,100,0.16037700000000002,1.509614766827441
clean2.csv,0.35,0.028839333333334716,0.024999999999999967,100,0.1751455822222222,1.5016944797759233
clean2.csv,0.4,0.030335333333333103,0.0050000000000000044,100,0.18100900444444437,1.7077687087529847
clean2.csv,0.44,0.031595666666668354,0.010000000000000009,100,0.18650263444444448,1.7166830705163756
clean2.csv,0.49,0.03481166666666696,0.0010000000000000009,100,0.1851489733333333,1.9662946256593163
clean2.csv,0.54,0.008154999999999246,0.0040000000000000036,100,0.1907850877777778,1.9827192419248978
clean2.csv,0.6,0.016784666666667558,0.0010000000000000009,100,0.18794822222222224,1.918777617950028
clean2.csv,0.65,0.012803999999997151,0.01200000000000001,100,0.18608739888888887,1.8270977041082268
clean2.csv,0.7,0.012927666666664006,0.015000000000000013,100,0.1674238877777778,1.9193883690263656
clean2.csv,0.75,0.005935333333334181,0.0010000000000000009,100,0.15012846555555556,1.985927312217511
clean2.csv,0.8,0.011000666666671877,0.007000000000000006,100,0.13173223444444446,1.9675537247871284
clean2.csv,0.85,0.011970999999996734,0.0050000000000000044,100,0.11025331555555555,1.738754899190238
clean2.csv,0.9,0.022971000000002295,0.009000000000000008,100,0.07786695444444446,1.8239518260667476
clean2.csv,0.95,0.010300000000003418,0.007000000000000117,100,0.05074499888888889,1.8050346484082904
clean2.csv,0.05,0.014648000000000085,0.023000000000000003,100,0.03900852777777779,0.7243558459309016
clean2.csv,0.1,0.003141999999999756,0.036000000000000004,100,0.07098541666666669,0.8404279825990743
clean2.csv,0.15,0.022342666666667094,0.043,100,0.0968890877777778,1.1616259644779627
clean2.csv,0.2,0.015020333333334579,0.007000000000000006,100,0.12311007111111114,1.1263609412662285
clean2.csv,0.25,0.013800000000001755,0.026999999999999996,100,0.15159848444444443,1.314945805881792
clean2.csv,0.3,0.015691666666666326,0.019999999999999962,100,0.15874076777777782,1.5659969340612638
clean2.csv,0.35,0.014142000000002042,0.020999999999999963,100,0.1874865455555556,1.412619531757353
clean2.csv,0.4,0.03368199999999938,0.016000000000000014,100,0.17639119444444445,1.8129716421017186
clean2.csv,0.44,0.028408666666668303,0.008000000000000007,100,0.18804796777777774,1.73629165960224
clean2.csv,0.49,0.0306283333333337,0.0020000000000000018,100,0.19090614555555557,1.929355455078085
clean2.csv,0.54,0.05675266666666673,0.0030000000000000027,100,0.19724988777777777,1.9058127435566274
clean2.csv,0.6,0.02055033333333378,0.007000000000000006,100,0.1818538611111111,1.9165695865389232
clean2.csv,0.65,0.014477333333330566,0.0050000000000000044,100,0.18266419,1.9283266191943667
clean2.csv,0.7,0.012423666666663835,0.004999999999999893,100,0.17232329333333335,1.867046280610383
clean2.csv,0.75,0.006186333333334293,0.01200000000000001,100,0.15097406555555556,1.8975344346886414
clean2.csv,0.8,0.011000333333338497,0.007000000000000006,100,0.13556970666666668,1.8436594006997487
clean2.csv,0.85,0.012891666666663526,0.015000000000000013,100,0.11001036777777781,1.8335629683751413
clean2.csv,0.9,0.03787633333333629,0.01200000000000001,100,0.07651472333333334,2.1109139123382814
clean2.csv,0.95,0.010300000000003418,0.01100000000000001,100,0.04708775444444445,1.890029497408383
click-prediction.csv,0.05,0.9382430000000037,0.40900000000000003,100,0.03360479555555555,2.6341017326751386
click-prediction.csv,0.1,0.8704220000000009,0.493,100,0.03365186111111111,2.5092134359605818
click-prediction.csv,0.15,0.8399163333333375,0.228,100,0.022247999999999997,2.6680229380818026
click-prediction.csv,0.2,0.7858163333333368,0.334,100,0.03511944333333334,2.4965655413393977
click-prediction.csv,0.25,0.7225973333333345,0.21800000000000003,100,0.033272021111111105,2.5724446807234846
click-prediction.csv,0.3,0.6697526666666676,0.40599999999999997,100,0.028788234444444446,2.3070830977561863
click-prediction.csv,0.35,0.6389123333333373,0.28600000000000003,100,0.02481400444444444,2.502314938403175
click-prediction.csv,0.4,0.5695016666666675,0.391,100,0.030427728888888884,2.2797249178473145
click-prediction.csv,0.44,0.5499163333333374,0.067,100,0.017685194444444444,2.590397819759069
click-prediction.csv,0.49,0.49857766666667047,0.139,100,0.02452264333333333,2.4466659812816003
click-prediction.csv,0.54,0.4285813333333338,0.08099999999999996,100,0.03126344444444444,2.4605077184377504
click-prediction.csv,0.6,0.38991633333333753,0.06099999999999994,100,0.018698332222222218,2.577594907696184
click-prediction.csv,0.65,0.33966533333333737,0.21099999999999997,100,0.021825754444444446,2.2774331134836396
click-prediction.csv,0.7,0.2863186666666703,0.1130000000000001,100,0.026080226666666664,2.3428379486882807
click-prediction.csv,0.75,0.2400000000000042,0.07599999999999996,100,0.02090629333333333,2.4505368998990082
click-prediction.csv,0.8,0.18991633333333746,0.339,100,0.020460226666666664,2.6486367270344773
click-prediction.csv,0.85,0.14000000000000423,0.008000000000000007,100,0.017969226666666668,2.2937575708075615
click-prediction.csv,0.9,0.08991633333333748,0.31000000000000005,100,0.02065588777777778,2.491875101233125
click-prediction.csv,0.95,0.03991633333333755,0.21999999999999997,100,0.02038608333333333,2.490416256476758
click-prediction.csv,0.05,0.9192506666666673,0.5329999999999999,100,0.032687893333333336,2.455104391546764
click-prediction.csv,0.1,0.8675773333333336,0.7210000000000001,100,0.03898405666666667,2.381102706000304
click-prediction.csv,0.15,0.8192506666666673,0.257,100,0.03492992333333333,2.5471022788115905
click-prediction.csv,0.2,0.7722626666666677,0.317,100,0.03457459,2.584544632818725
click-prediction.csv,0.25,0.7390796666666707,0.5680000000000001,100,0.024062687777777775,2.2718570678134853
click-prediction.csv,0.3,0.6899163333333376,0.10800000000000004,100,0.020840595555555556,2.6519058425991937
click-prediction.csv,0.35,0.6384103333333373,0.28700000000000003,100,0.02490131,2.4323448788345323
click-prediction.csv,0.4,0.5900000000000042,0.13,100,0.017892776666666665,2.415364535868075
click-prediction.csv,0.44,0.5442270000000031,0.201,100,0.028430893333333332,2.454975237307725
click-prediction.csv,0.49,0.49238633333333615,0.22999999999999998,100,0.027401398888888893,2.4110842879504273
click-prediction.csv,0.54,0.44983266666667077,0.041999999999999926,100,0.022033523333333336,2.485946814809861
click-prediction.csv,0.6,0.3890796666666707,0.3480000000000001,100,0.023360198888888885,2.2067736659817667
click-prediction.csv,0.65,0.3399163333333375,0.35,100,0.02031784888888889,2.0875044011660844
click-prediction.csv,0.7,0.28991633333333755,0.20199999999999996,100,0.017679106666666663,2.493943471464134
click-prediction.csv,0.75,0.22318300000000157,0.07099999999999995,100,0.028743444444444436,2.4476364888695046
click-prediction.csv,0.8,0.18991633333333746,0.16800000000000004,100,0.02027032888888889,2.517044321181357
click-prediction.csv,0.85,0.13991633333333753,0.039999999999999925,100,0.020294972222222228,2.34024081445065
click-prediction.csv,0.9,0.08991633333333748,0.02100000000000002,100,0.020605448888888888,2.289923704135638
click-prediction.csv,0.95,0.039832666666670846,0.584,100,0.011602706666666669,2.7090605654769506
cmc.1.csv,0.05,0.026854333333333327,0.268,100,0.06439438679003527,2.8043074817276823
cmc.1.csv,0.1,0.0025513333333328225,0.17700000000000002,100,0.06550176624550265,2.772118847685192
cmc.1.csv,0.15,0.07717999999999998,0.261,100,0.07065217391624995,2.8775788678904597
cmc.1.csv,0.2,0.16277400000000014,0.10799999999999998,100,0.06084786632223954,2.8183900311030183
cmc.1.csv,0.25,0.14913166666666672,0.09300000000000003,100,0.0691961832491355,2.8304005985555984
cmc.1.csv,0.3,0.20398766666666662,0.05299999999999999,100,0.06758024522597,2.818650119587781
cmc.1.csv,0.35,0.29308233333333333,0.0050000000000000044,100,0.0657980265940426,2.8757884402051146
cmc.1.csv,0.4,0.051597666666667485,0.07,100,0.08642170047868192,2.9278901309117447
cmc.1.csv,0.44,0.3360193333333332,0.03300000000000003,100,0.07599670690189093,2.890120474838275
cmc.1.csv,0.49,0.22712900000000052,0.05099999999999999,100,0.08712534604834969,2.8476603786597323
cmc.1.csv,0.54,0.29638800000000015,0.11200000000000004,100,0.08431283166298029,2.842456375909738
cmc.1.csv,0.6,0.18903566666666755,0.05399999999999994,100,0.08080937233686067,2.944231892917218
cmc.1.csv,0.65,0.2806653333333339,0.13,100,0.08623220903038549,2.8939495071939803
cmc.1.csv,0.7,0.46887033333333344,0.25199999999999995,100,0.08271351780455405,2.861779892851343
cmc.1.csv,0.75,0.11717266666666593,0.16200000000000003,100,0.08607345897037039,2.947295760269358
cmc.1.csv,0.8,0.23309999999999986,0.22899999999999998,100,0.09181053987823605,2.8742199690691166
cmc.1.csv,0.85,0.2840203333333332,0.249,100,0.0952232333547241,2.786865133065983
cmc.1.csv,0.9,0.36832233333333253,0.28700000000000003,100,0.09032897877663768,2.81093147787008
cmc.1.csv,0.95,0.2775499999999991,0.2929999999999999,100,0.08873417266018517,2.824353809145649
cmc.1.csv,0.05,0.0368190000000001,0.199,100,0.04721956256060091,2.7253990661425926
cmc.1.csv,0.1,0.0536396666666668,0.11399999999999999,100,0.05454165509756236,2.742879596252885
cmc.1.csv,0.15,0.02568333333333242,0.18400000000000002,100,0.07278793127499998,2.783128070720592
cmc.1.csv,0.2,0.17643000000000014,0.11299999999999999,100,0.05760228315328011,2.850675204772382
cmc.1.csv,0.25,0.10499400000000048,0.020000000000000018,100,0.06952295284074074,2.8207578597832694
cmc.1.csv,0.3,0.12054700000000104,0.05199999999999999,100,0.07290077499936382,2.871004885846756
cmc.1.csv,0.35,0.12322200000000003,0.07100000000000001,100,0.0861460627084908,2.864005964646646
cmc.1.csv,0.4,0.22331333333333422,0.026000000000000023,100,0.07299075202879189,2.8302288897879846
cmc.1.csv,0.44,0.18507633333333368,0.07600000000000001,100,0.0784866317565429,2.736094494573664
cmc.1.csv,0.49,0.27059100000000136,0.15399999999999997,100,0.07613838587852734,2.830117900075216
cmc.1.csv,0.54,0.3305576666666669,0.02200000000000002,100,0.08004429153628748,2.89070055557172
cmc.1.csv,0.6,0.374733,0.13399999999999995,100,0.08562525907167423,2.9206631178188505
cmc.1.csv,0.65,0.13198099999999968,0.07799999999999996,100,0.0841450224016818,2.8828744420442716
cmc.1.csv,0.7,0.09697933333333342,0.23899999999999993,100,0.07257886530976947,2.8451047859707908
cmc.1.csv,0.75,0.34506433333333325,0.17599999999999993,100,0.07415352149848198,2.9312211949499885
cmc.1.csv,0.8,0.23619566666666647,0.18000000000000005,100,0.09291747480558547,2.886543443447749
cmc.1.csv,0.85,0.2303103333333325,0.251,100,0.08496930333487496,2.7751781454260356
cmc.1.csv,0.9,0.3532356666666665,0.31000000000000005,100,0.09371723712015621,2.852631298416345
cmc.1.csv,0.95,0.3088726666666658,0.35,100,0.07530387216474552,2.8489817153256816
cmc.2.csv,0.05,0.010132000000000023,0.057999999999999996,100,0.04668289611033006,2.284238911154836
cmc.2.csv,0.1,0.03961633333333331,0.008999999999999994,100,0.04821247600707987,2.328284789802922
cmc.2.csv,0.15,0.06468366666666674,0.04300000000000001,100,0.059662773044211394,2.5212621523568073
cmc.2.csv,0.2,0.16481066666666677,0.037000000000000005,100,0.04186945986258503,2.451744848819346
cmc.2.csv,0.25,0.18936666666666663,0.11399999999999999,100,0.051439362041798956,2.389979135523632
cmc.2.csv,0.3,0.18883066666666723,0.118,100,0.06620025338357269,2.3845080286248006
cmc.2.csv,0.35,0.26937133333333335,0.12599999999999997,100,0.05402479029651675,2.562623180363468
cmc.2.csv,0.4,0.31652500000000006,0.15600000000000003,100,0.05659791183033509,2.5502994169189033
cmc.2.csv,0.44,0.3297510000000008,0.16099999999999998,100,0.06318835113229246,2.6332196528301353
cmc.2.csv,0.49,0.4593340000000001,0.364,100,0.0397292585951814,2.335576080759968
cmc.2.csv,0.54,0.4734433333333334,0.134,100,0.05915254120918998,2.7339685526971573
cmc.2.csv,0.6,0.4478516666666672,0.26899999999999996,100,0.07109654071350466,2.6743968503540314
cmc.2.csv,0.65,0.4816726666666668,0.43300000000000005,100,0.07528607433696145,2.539866205342764
cmc.2.csv,0.7,0.5517070000000004,0.3549999999999999,100,0.07094751355491938,2.673837043104906
cmc.2.csv,0.75,0.6834349999999999,0.436,100,0.05717010008172556,2.6625662583910907
cmc.2.csv,0.8,0.7057506666666667,0.36200000000000004,100,0.06906125557519999,2.7353603239661752
cmc.2.csv,0.85,0.7511303333333338,0.368,100,0.06535091939185564,2.761051266468636
cmc.2.csv,0.9,0.7686670000000004,0.489,100,0.06664974608770471,2.535322420691132
cmc.2.csv,0.95,0.9094213333333334,0.49599999999999994,100,0.056783261440388026,2.7320565320706995
cmc.2.csv,0.05,0.01523466666666675,0.022000000000000006,100,0.03637388615870497,2.242228487684452
cmc.2.csv,0.1,0.05288733333333347,0.0010000000000000009,100,0.04360027290103773,2.275548740727411
cmc.2.csv,0.15,0.11221133333333341,0.06999999999999999,100,0.04235217155998994,2.1978513400004482
cmc.2.csv,0.2,0.11903433333333334,0.07800000000000001,100,0.05391587734926147,2.300356405247732
cmc.2.csv,0.25,0.1896163333333333,0.11699999999999999,100,0.04917481842324893,2.4006087915024192
cmc.2.csv,0.3,0.2514580000000001,0.04099999999999998,100,0.052305398573318215,2.5642248093428686
cmc.2.csv,0.35,0.3102640000000001,0.024999999999999967,100,0.052916496721913585,2.683736328091267
cmc.2.csv,0.4,0.31493466666666675,0.29600000000000004,100,0.05690464218175863,2.3936013841748545
cmc.2.csv,0.44,0.3297510000000008,0.193,100,0.0621514036936256,2.5738902033994115
cmc.2.csv,0.49,0.4547230000000001,0.365,100,0.04219247718701815,2.3538565130281173
cmc.2.csv,0.54,0.4296673333333341,0.22300000000000003,100,0.06405336868817556,2.6400156143007205
cmc.2.csv,0.6,0.47586233333333355,0.25599999999999995,100,0.06656748895187707,2.6201111533130987
cmc.2.csv,0.65,0.5350650000000005,0.41100000000000003,100,0.06607551813099019,2.5809036906949294
cmc.2.csv,0.7,0.6174453333333333,0.46299999999999997,100,0.056171802609120684,2.4621786702795596
cmc.2.csv,0.75,0.6847816666666666,0.396,100,0.05849198997679516,2.7130805828635034
cmc.2.csv,0.8,0.6234763333333342,0.34600000000000003,100,0.07303731109075808,2.8146385186718637
cmc.2.csv,0.85,0.6400780000000011,0.43699999999999994,100,0.08070169916795163,2.7141714539714226
cmc.2.csv,0.9,0.6809293333333346,0.522,100,0.08590634267585508,2.72619173697366
cmc.2.csv,0.95,0.8173283333333339,0.584,100,0.06796149029021793,2.714381755586732
cmc.3.csv,0.05,0.022996666666666638,0.241,100,0.065465995501718,2.7531728503617545
cmc.3.csv,0.1,0.07626600000000014,0.15,100,0.05228808500381761,2.7243893052551407
cmc.3.csv,0.15,0.12970500000000013,0.07900000000000001,100,0.04451693429954561,2.7913563585720556
cmc.3.csv,0.2,0.18640033333333345,0.175,100,0.05111372060389895,2.846145541254315
cmc.3.csv,0.25,0.23698700000000011,0.057999999999999996,100,0.04300210578467249,2.7015022112771647
cmc.3.csv,0.3,0.28514466666666677,0.14900000000000002,100,0.05451870167901514,2.8666257942957674
cmc.3.csv,0.35,0.3158776666666668,0.014999999999999958,100,0.06028754812480945,2.797019493019298
cmc.3.csv,0.4,0.38748933333333346,0.032999999999999974,100,0.04701378063322626,2.871606274764521
cmc.3.csv,0.44,0.4258980000000001,0.0010000000000000009,100,0.054874211454196936,2.91726513708292
cmc.3.csv,0.49,0.47548000000000007,0.23199999999999998,100,0.04984104039801849,2.7434512605157875
cmc.3.csv,0.54,0.5288286666666668,0.02100000000000002,100,0.04274736669937484,2.858255350948814
cmc.3.csv,0.6,0.584389,0.20199999999999996,100,0.055999800319547856,2.841333508209778
cmc.3.csv,0.65,0.6321283333333335,0.173,100,0.055850069484456616,2.807213435226976
cmc.3.csv,0.7,0.6888286666666668,0.31499999999999995,100,0.04239180757102545,2.831531882725692
cmc.3.csv,0.75,0.7366523333333335,0.266,100,0.05310008292434335,2.910290124957784
cmc.3.csv,0.8,0.7753426666666668,0.275,100,0.058518748870605514,2.873561224166871
cmc.3.csv,0.85,0.8373220000000001,0.38999999999999996,100,0.05005508947926482,2.912125769901168
cmc.3.csv,0.9,0.8843893333333335,0.362,100,0.05963580708801177,2.8980587223200964
cmc.3.csv,0.95,0.9374060000000001,0.601,100,0.047294129185844996,2.8270010749650547
cmc.3.csv,0.05,0.03841000000000009,0.14400000000000002,100,0.03796651008482826,2.7157634126939154
cmc.3.csv,0.1,0.0612676666666668,0.17,100,0.05515472961620107,2.7451045934646374
cmc.3.csv,0.15,0.13489333333333342,0.19100000000000003,100,0.05058493980814419,2.842906447229301
cmc.3.csv,0.2,0.1887450000000001,0.125,100,0.03743022041342978,2.790776277837306
cmc.3.csv,0.25,0.22911966666666678,0.056999999999999995,100,0.045288072084837344,2.671780062637844
cmc.3.csv,0.3,0.2873220000000001,0.06199999999999997,100,0.041530251708520725,2.785190663315125
cmc.3.csv,0.35,0.33087766666666674,0.12199999999999997,100,0.04873270619863946,2.7388763797387985
cmc.3.csv,0.4,0.3869026666666668,0.039000000000000035,100,0.050667164438202315,2.8484826027639536
cmc.3.csv,0.44,0.42405700000000013,0.062,100,0.05451641887057753,2.859044503876577
cmc.3.csv,0.49,0.4754800000000001,0.09599999999999997,100,0.05263721600166919,2.80016587139791
cmc.3.csv,0.54,0.49700100000000014,0.065,100,0.06608817006178089,2.904463112697043
cmc.3.csv,0.6,0.5838870000000002,0.17099999999999999,100,0.05961369752633238,2.916395015980819
cmc.3.csv,0.65,0.6341386666666669,0.29400000000000004,100,0.05462386529631362,2.8267889531363934
cmc.3.csv,0.7,0.6868193333333333,0.3489999999999999,100,0.05072212320838214,2.825326605216854
cmc.3.csv,0.75,0.7371543333333335,0.326,100,0.04898623560420954,2.881537909662413
cmc.3.csv,0.8,0.7810396666666668,0.35100000000000003,100,0.05871461197641776,2.8878168831145272
cmc.3.csv,0.85,0.8369863333333334,0.39299999999999996,100,0.04740198196839726,2.8580428305073142
cmc.3.csv,0.9,0.8853950000000002,0.468,100,0.053318737333938715,2.7939321152037557
cmc.3.csv,0.95,0.9360656666666667,0.49699999999999994,100,0.05179004091998038,2.874771571117465
cmc.csv,0.05,0.39840233333333336,0.404,100,0.09441754487147898,2.8228193081362054
cmc.csv,0.1,0.08237966666666574,0.212,100,0.07381898938569381,2.782793957336838
cmc.csv,0.15,0.41567033333333436,0.31500000000000006,100,0.08008576395064722,2.922658793715746
cmc.csv,0.2,0.16405766666666666,0.15799999999999997,100,0.08884473232030107,2.8733286415105956
cmc.csv,0.25,0.26029766666666654,0.21900000000000003,100,0.07997290700208491,2.843889846530036
cmc.csv,0.3,0.2855963333333336,0.14400000000000002,100,0.0756385613435626,2.907473369198296
cmc.csv,0.35,0.14747099999999908,0.08300000000000002,100,0.08672736780088812,2.860748596552802
cmc.csv,0.4,0.27521400000000007,0.12,100,0.07467831373235964,2.8850095863416034
cmc.csv,0.44,0.33263266666666663,0.009000000000000008,100,0.08258671809307129,2.865792568350549
cmc.csv,0.49,0.027856333333334038,0.05499999999999999,100,0.07924666601111112,2.8584165261439987
cmc.csv,0.54,0.4451430000000035,0.019000000000000017,100,0.05693643508496473,2.8932284152055026
cmc.csv,0.6,0.18469633333333146,0.08600000000000008,100,0.07498397583669689,2.8331242400579453
cmc.csv,0.65,0.07924733333333367,0.014000000000000012,100,0.07764621453505555,2.812015263655384
cmc.csv,0.7,0.095776999999996,0.11499999999999999,100,0.07466140547389404,2.8749312034593353
cmc.csv,0.75,0.14300999999999897,0.10799999999999998,100,0.06777719640794123,2.8795539812342423
cmc.csv,0.8,0.014517000000000113,0.28,100,0.07865302566380769,2.928088201264882
cmc.csv,0.85,0.01313866666666419,0.15499999999999992,100,0.07072931971719786,2.8324711072821165
cmc.csv,0.9,0.023724666666667282,0.07799999999999996,100,0.05675384821461797,2.628878710223075
cmc.csv,0.95,0.03455700000000339,0.34099999999999997,100,0.058462061913849526,2.8797676459174055
cmc.csv,0.05,0.20758799999999983,0.314,100,0.07861276200241085,2.869249049312501
cmc.csv,0.1,0.3688526666666666,0.358,100,0.07696039507061603,2.837385069666015
cmc.csv,0.15,0.1912709999999995,0.208,100,0.08996255171611868,2.730648091887134
cmc.csv,0.2,0.32941900000000074,0.306,100,0.08201198996747293,2.861412332556866
cmc.csv,0.25,0.18099133333333278,0.10499999999999998,100,0.07932945289691358,2.8184496755732757
cmc.csv,0.3,0.08260866666666691,0.11699999999999999,100,0.07021509271444161,2.83640167036659
cmc.csv,0.35,0.15176500000000048,0.11100000000000004,100,0.08585148345333207,2.862796761937706
cmc.csv,0.4,0.2253753333333336,0.129,100,0.07851143917480946,2.851017804284819
cmc.csv,0.44,0.45501366666666626,0.10500000000000004,100,0.06977414182338751,2.8915049042178227
cmc.csv,0.49,0.21187733333333736,0.16500000000000004,100,0.0897225567160457,2.7976926880100934
cmc.csv,0.54,0.30275833333333224,0.18299999999999994,100,0.06708940236941925,2.7227824978372372
cmc.csv,0.6,0.07320500000000052,0.07899999999999996,100,0.08538050571381961,2.845539661572106
cmc.csv,0.65,0.21169499999999764,0.0040000000000000036,100,0.06899743224328547,2.8294241425302227
cmc.csv,0.7,0.26285600000000164,0.03399999999999992,100,0.06587584134600026,2.8523116351223043
cmc.csv,0.75,0.048777333333331896,0.19399999999999995,100,0.07489384479390188,2.913417085026156
cmc.csv,0.8,0.008326999999997975,0.139,100,0.07453257453918286,2.7708380661301764
cmc.csv,0.85,0.1203253333333345,0.05399999999999994,100,0.04799257080256992,2.7764621186626623
cmc.csv,0.9,0.07827633333333528,0.16200000000000003,100,0.053679955822012265,2.775300812951505
cmc.csv,0.95,0.03746666666666765,0.29399999999999993,100,0.06914663252500912,2.825936707491299
covtype_reduced.csv,0.05,0.023343333333333445,0.06,100,0.049686551111111116,2.732134051996733
covtype_reduced.csv,0.1,0.06965900000000011,0.031,100,0.046796776666666665,2.6737046356636487
covtype_reduced.csv,0.15,0.07641633333333339,0.07800000000000001,100,0.06240940444444444,2.801308157410547
covtype_reduced.csv,0.2,0.08347066666666697,0.014999999999999986,100,0.06842991555555555,2.803544832435375
covtype_reduced.csv,0.25,0.07754899999999992,0.07700000000000001,100,0.07654570666666666,2.902739601709368
covtype_reduced.csv,0.3,0.14910733333333348,0.020000000000000018,100,0.07146837666666667,2.8905705461578863
covtype_reduced.csv,0.35,0.05940466666666655,0.05399999999999999,100,0.0775437988888889,2.855124544020331
covtype_reduced.csv,0.4,0.20259999999999967,0.15000000000000002,100,0.08582842111111112,2.8721673357994995
covtype_reduced.csv,0.44,0.05731666666666657,0.07400000000000001,100,0.09395339555555557,2.867448018398956
covtype_reduced.csv,0.49,0.02156733333333427,0.008000000000000007,100,0.08678690666666666,2.8185512062982028
covtype_reduced.csv,0.54,0.02155833333333268,0.01100000000000001,100,0.08477931,2.8623265266753757
covtype_reduced.csv,0.6,0.349710333333335,0.03400000000000003,100,0.07278019888888888,2.8602795055321173
covtype_reduced.csv,0.65,0.0630950000000009,0.07200000000000006,100,0.09905371555555552,2.8697812330494075
covtype_reduced.csv,0.7,0.09262733333333328,0.1319999999999999,100,0.08666984,2.923078843496963
covtype_reduced.csv,0.75,0.14643866666666683,0.08399999999999996,100,0.07325719444444445,2.888396963849266
covtype_reduced.csv,0.8,0.0475870000000026,0.07299999999999995,100,0.07109760444444446,2.7820633046364676
covtype_reduced.csv,0.85,0.040336999999998846,0.018999999999999906,100,0.06514677777777778,2.6705966952937894
covtype_reduced.csv,0.9,0.022553666666667027,0.03600000000000003,100,0.06023814555555555,2.743509362129053
covtype_reduced.csv,0.95,0.03589900000000368,0.050000000000000044,100,0.04561552333333333,2.6344324615942316
covtype_reduced.csv,0.05,0.03330533333333345,0.026000000000000002,100,0.04208935999999999,2.6196170089783664
covtype_reduced.csv,0.1,0.07895300000000012,0.04999999999999999,100,0.04996250666666666,2.7817806061548422
covtype_reduced.csv,0.15,0.08001366666666662,0.00799999999999998,100,0.061149487777777775,2.760009366944333
covtype_reduced.csv,0.2,0.08482099999999942,0.10699999999999998,100,0.07460115111111111,2.8822107060402318
covtype_reduced.csv,0.25,0.20388700000000015,0.05099999999999999,100,0.061004234444444444,2.8357630894057833
covtype_reduced.csv,0.3,0.19435000000000013,0.06199999999999997,100,0.06706299,2.796298799642583
covtype_reduced.csv,0.35,0.09890999999999939,0.10300000000000004,100,0.08395761222222221,2.9050135705037956
covtype_reduced.csv,0.4,0.15044466666666714,0.0040000000000000036,100,0.07880019888888888,2.906492258382156
covtype_reduced.csv,0.44,0.011117666666667192,0.025000000000000022,100,0.08593393222222222,2.901448286584401
covtype_reduced.csv,0.49,0.1355513333333337,0.044999999999999984,100,0.07388051555555557,2.864257567002727
covtype_reduced.csv,0.54,0.04961533333333301,0.02300000000000002,100,0.08071178999999999,2.8518577169399015
covtype_reduced.csv,0.6,0.11668366666666796,0.006000000000000005,100,0.0882370711111111,2.822011135508653
covtype_reduced.csv,0.65,0.05488066666666769,0.015000000000000013,100,0.08527752333333334,2.8915049042178316
covtype_reduced.csv,0.7,0.20590466666666796,0.06399999999999995,100,0.07623142666666667,2.8459178479721974
covtype_reduced.csv,0.75,0.1301026666666667,0.08899999999999997,100,0.07335437666666667,2.827132627233338
covtype_reduced.csv,0.8,0.005724666666664713,0.05499999999999994,100,0.07562819555555557,2.6865947832023247
covtype_reduced.csv,0.85,0.05548999999999937,0.05999999999999994,100,0.06461473222222222,2.753645202723502
covtype_reduced.csv,0.9,0.07852833333333553,0.04700000000000004,100,0.05739451000000001,2.7747470938036507
covtype_reduced.csv,0.95,0.005917000000000949,0.10999999999999999,100,0.06024264333333333,2.810418313831715
cpu_act.csv,0.05,0.010383666666666694,0.020000000000000004,100,0.04933117666666667,1.4768014175727533
cpu_act.csv,0.1,0.01184433333333293,0.01100000000000001,100,0.07060823444444445,1.7001226168423926
cpu_act.csv,0.15,0.0261109999999993,0.016000000000000014,100,0.12300492888888889,1.6463422623215183
cpu_act.csv,0.2,0.010832999999998927,0.01100000000000001,100,0.12516419888888886,1.7362143547302105
cpu_act.csv,0.25,0.013884000000001756,0.009000000000000008,100,0.13307392333333334,1.870455030679611
cpu_act.csv,0.3,0.03886733333333314,0.033999999999999975,100,0.14479423444444442,1.8581867127370382
cpu_act.csv,0.35,0.012718333333335219,0.029000000000000026,100,0.16930761222222224,1.7775369107050536
cpu_act.csv,0.4,0.002609999999998225,0.014000000000000012,100,0.17120279555555556,2.1653894974049024
cpu_act.csv,0.44,0.027399000000001783,0.02100000000000002,100,0.18780504,2.0161907746180456
cpu_act.csv,0.49,0.031632333333333706,0.016000000000000014,100,0.19238926555555555,1.8596175036201958
cpu_act.csv,0.54,0.07778366666666747,0.028000000000000025,100,0.18447223999999998,2.0487765303616507
cpu_act.csv,0.6,0.04406066666666564,0.0010000000000000009,100,0.1848819233333333,2.082159744864187
cpu_act.csv,0.65,0.059326666666667416,0.0010000000000000009,100,0.17541475,2.2076387708278333
cpu_act.csv,0.7,0.08422499999999777,0.006000000000000005,100,0.16119122111111112,2.278924495638112
cpu_act.csv,0.75,0.03656733333332818,0.006000000000000005,100,0.15417160444444444,2.0125409349655845
cpu_act.csv,0.8,0.03829166666666439,0.020000000000000018,100,0.13701418222222222,2.0748586372111864
cpu_act.csv,0.85,0.07831533333333163,0.03500000000000003,100,0.1102960711111111,2.3728896946389515
cpu_act.csv,0.9,0.06856566666666697,0.010000000000000009,100,0.09933488888888889,2.1703777636657904
cpu_act.csv,0.95,0.1013063333333335,0.009000000000000119,100,0.07666986111111111,2.2320916982292265
cpu_act.csv,0.05,0.058413333333333,0.022999999999999993,100,0.07102069333333333,1.354545869314018
cpu_act.csv,0.1,0.0320163333333327,0.010999999999999996,100,0.08040786222222224,1.6265095372780696
cpu_act.csv,0.15,0.001528333333333548,0.0,100,0.09632181777777776,1.6684698528872197
cpu_act.csv,0.2,0.03669166666666682,0.05300000000000002,100,0.1062139233333333,1.6938713669237744
cpu_act.csv,0.25,0.013884000000001756,0.02100000000000002,100,0.12752099,2.046527920177584
cpu_act.csv,0.3,0.027153999999999567,0.019000000000000017,100,0.14256054555555556,1.810761554221059
cpu_act.csv,0.35,0.01548500000000197,0.027000000000000024,100,0.15570079555555555,2.156238997574592
cpu_act.csv,0.4,0.01309366666666828,0.032999999999999974,100,0.17264477777777779,1.9843718500379115
cpu_act.csv,0.44,0.03428400000000187,0.013000000000000012,100,0.19048766222222227,1.85061679405981
cpu_act.csv,0.49,0.07749066666666826,0.008000000000000007,100,0.16989650111111118,2.131554054276508
cpu_act.csv,0.54,0.04461366666666683,0.02200000000000002,100,0.1734848888888889,2.1394886016809758
cpu_act.csv,0.6,0.13770000000000077,0.06599999999999995,100,0.16731863444444442,2.24027747619502
cpu_act.csv,0.65,0.047147333333332875,0.05499999999999994,100,0.15653382666666668,2.313308132526551
cpu_act.csv,0.7,0.03920800000000013,0.020000000000000018,100,0.16157433333333335,2.1932217818485578
cpu_act.csv,0.75,0.0832543333333331,0.0030000000000000027,100,0.1509735322222222,2.2377729721880195
cpu_act.csv,0.8,0.10346799999999645,0.015000000000000013,100,0.14220252777777778,2.302119129407014
cpu_act.csv,0.85,0.07435633333333436,0.0050000000000000044,100,0.1286678888888889,2.015130344460862
cpu_act.csv,0.9,0.06672466666666677,0.0030000000000000027,100,0.09737165666666668,2.194666368827181
cpu_act.csv,0.95,0.10551199999999727,0.03299999999999992,100,0.08623765666666668,2.1391571238835048
ctg.1.csv,0.05,0.11321299999999963,0.021,100,0.07800244444444446,2.3623489327530462
ctg.1.csv,0.1,0.17483899999999988,0.022999999999999993,100,0.10374248444444448,2.6626215201509287
ctg.1.csv,0.15,0.10092533333333234,0.009999999999999981,100,0.11814473222222224,2.518475481919482
ctg.1.csv,0.2,0.18691933333333188,0.04199999999999998,100,0.1273586788888889,2.589553779312427
ctg.1.csv,0.25,0.18284733333333414,0.008000000000000007,100,0.14183272333333333,2.5602456036281955
ctg.1.csv,0.3,0.194548,0.061,100,0.15060416,2.531008795516752
ctg.1.csv,0.35,0.10384966666666628,0.014999999999999958,100,0.15582766555555555,2.3827953774271218
ctg.1.csv,0.4,0.07517933333333199,0.02400000000000002,100,0.16647370111111112,2.3643021593162463
ctg.1.csv,0.44,0.09744900000000073,0.07600000000000001,100,0.16130157666666667,2.420960062468374
ctg.1.csv,0.49,0.1398333333333358,0.040000000000000036,100,0.14095654555555556,2.4190298854507786
ctg.1.csv,0.54,0.12742233333333408,0.050999999999999934,100,0.14378340444444443,2.2183693672587665
ctg.1.csv,0.6,0.0504153333333347,0.026999999999999913,100,0.1637133011111111,2.165647586471336
ctg.1.csv,0.65,0.08861633333332963,0.018000000000000016,100,0.13308326555555555,2.071058744004114
ctg.1.csv,0.7,0.10815966666666377,0.05500000000000005,100,0.12035402666666668,1.9211013039554845
ctg.1.csv,0.75,0.07698800000000028,0.04800000000000004,100,0.1054,1.644060501992491
ctg.1.csv,0.8,0.03585333333333618,0.0050000000000000044,100,0.10318055999999996,1.8141310562706165
ctg.1.csv,0.85,0.039416333333332054,0.02100000000000002,100,0.0688745011111111,1.572889976635158
ctg.1.csv,0.9,0.029268000000000738,0.029000000000000026,100,0.07342911111111111,1.440406963669467
ctg.1.csv,0.95,0.014899999999999913,0.01100000000000001,100,0.03904953222222222,1.2658573230675185
ctg.1.csv,0.05,0.10993833333333299,0.027000000000000003,100,0.07628383444444443,2.3165950298889255
ctg.1.csv,0.1,0.13678566666666492,0.017,100,0.10755713222222223,2.437097666020682
ctg.1.csv,0.15,0.10100899999999899,0.05099999999999999,100,0.10674677777777777,2.548743278771929
ctg.1.csv,0.2,0.1389523333333319,0.0040000000000000036,100,0.12866948777777776,2.5028526666302127
ctg.1.csv,0.25,0.135900666666665,0.01200000000000001,100,0.14936748777777778,2.406349213313323
ctg.1.csv,0.3,0.13770200000000093,0.04099999999999998,100,0.14206416,2.3839913466808285
ctg.1.csv,0.35,0.12443166666666533,0.034999999999999976,100,0.15317386111111111,2.4555389157786935
ctg.1.csv,0.4,0.16816000000000086,0.015000000000000013,100,0.15305237666666668,2.3788254839994347
ctg.1.csv,0.44,0.10815866666666712,0.015000000000000013,100,0.15684584333333335,2.27603749535267
ctg.1.csv,0.49,0.13071366666666917,0.01100000000000001,100,0.15034933333333333,2.3737806732538873
ctg.1.csv,0.54,0.0725066666666686,0.03200000000000003,100,0.16707468777777776,2.138171436099477
ctg.1.csv,0.6,0.1291623333333375,0.05300000000000005,100,0.14438018999999996,2.0027347671347515
ctg.1.csv,0.65,0.06301300000000465,0.029000000000000026,100,0.14725249333333335,1.9250578776868479
ctg.1.csv,0.7,0.06371633333333626,0.01200000000000001,100,0.13334622222222225,1.9443122838177562
ctg.1.csv,0.75,0.08752700000000313,0.05600000000000005,100,0.10064970999999998,1.7682940779193876
ctg.1.csv,0.8,0.03735966666666968,0.05599999999999994,100,0.10268232333333334,1.5897409934420317
ctg.1.csv,0.85,0.04074533333333341,0.03300000000000003,100,0.0700685288888889,1.527712925268918
ctg.1.csv,0.9,0.020373000000001085,0.031000000000000028,100,0.05920397666666667,1.2739139427426902
ctg.1.csv,0.95,0.012547999999999782,0.010000000000000009,100,0.042199932222222215,1.325120728386795
ctg.2.csv,0.05,0.029458000000000116,0.038000000000000006,100,0.027851471813580247,1.3264178077706519
ctg.2.csv,0.1,0.03953266666666664,0.069,100,0.050785479097222225,1.1517603755133834
ctg.2.csv,0.15,0.02024966666666722,0.044,100,0.08040254898906526,1.5744557435730655
ctg.2.csv,0.2,0.09861966666666723,0.033,100,0.06559270170956791,1.5929374478958203
ctg.2.csv,0.25,0.10278600000000024,0.099,100,0.07839492019070295,1.8337981733156283
ctg.2.csv,0.3,0.09902966666666774,0.033999999999999975,100,0.09850583391203703,2.0552990105176625
ctg.2.csv,0.35,0.10434700000000138,0.0009999999999999454,100,0.11481780564074075,2.1669377817191977
ctg.2.csv,0.4,0.1496603333333345,0.10000000000000003,100,0.12221432845185182,2.1975219525384264
ctg.2.csv,0.44,0.10558100000000137,0.02799999999999997,100,0.12402520138117284,2.3890673232075246
ctg.2.csv,0.49,0.17059133333333454,0.14399999999999996,100,0.11691205564043207,2.275197839260524
ctg.2.csv,0.54,0.20391433333333447,0.062,100,0.11966857986296298,2.4132438187778678
ctg.2.csv,0.6,0.35890400000000006,0.10299999999999998,100,0.11439252222345679,2.433442294603273
ctg.2.csv,0.65,0.3439833333333339,0.05300000000000005,100,0.10063137534444444,2.6134572548007893
ctg.2.csv,0.7,0.22429233333333332,0.03499999999999992,100,0.11982106428240741,2.713919351276929
ctg.2.csv,0.75,0.2726129999999996,0.04500000000000004,100,0.10574384805524692,2.683159719970111
ctg.2.csv,0.8,0.20686299999999902,0.07900000000000007,100,0.10597544008981481,2.7320124590545274
ctg.2.csv,0.85,0.21984466666666536,0.05499999999999994,100,0.0987161734972222,2.862684627982036
ctg.2.csv,0.9,0.14615633333333256,0.04600000000000004,100,0.09277967466049385,2.666916871256872
ctg.2.csv,0.95,0.210291666666667,0.08199999999999996,100,0.07797627123333334,2.7840483773039035
ctg.2.csv,0.05,0.014647666666666753,0.013000000000000005,100,0.03941039309303981,1.303634361618656
ctg.2.csv,0.1,0.01526933333333337,0.01200000000000001,100,0.06084031000740741,1.3899881665975373
ctg.2.csv,0.15,0.019478333333333847,0.055999999999999994,100,0.07260743520833335,1.5485833767521775
ctg.2.csv,0.2,0.05867600000000056,0.085,100,0.07414660329475307,1.5069430304716651
ctg.2.csv,0.25,0.06779533333333432,0.0010000000000000009,100,0.09263334542314813,1.9538537371513984
ctg.2.csv,0.3,0.11628866666666757,0.059,100,0.09466878928240742,2.040583821262885
ctg.2.csv,0.35,0.14375133333333448,0.03699999999999998,100,0.10136783758364197,2.0806285748474127
ctg.2.csv,0.4,0.16582500000000144,0.08100000000000002,100,0.1070609809968758,2.167994972766142
ctg.2.csv,0.44,0.22545100000000123,0.09999999999999998,100,0.09313526094320988,2.25936751413056
ctg.2.csv,0.49,0.2613003333333333,0.065,100,0.11056989943333334,2.2648568301995837
ctg.2.csv,0.54,0.21128333333333466,0.08700000000000002,100,0.12155043243950617,2.407587568263601
ctg.2.csv,0.6,0.21248200000000095,0.06599999999999995,100,0.11129619951203702,2.645185858198766
ctg.2.csv,0.65,0.2267029999999997,0.10599999999999998,100,0.12442169520833332,2.523453610120993
ctg.2.csv,0.7,0.2231123333333327,0.04999999999999993,100,0.12326501664537036,2.5478902251946463
ctg.2.csv,0.75,0.1688446666666662,0.03700000000000003,100,0.11507253780092594,2.700997340587089
ctg.2.csv,0.8,0.3126573333333332,0.07200000000000006,100,0.09971555147037035,2.727322764580676
ctg.2.csv,0.85,0.19673999999999914,0.08999999999999997,100,0.11592142515925928,2.6879994860712895
ctg.2.csv,0.9,0.16071433333333396,0.04600000000000004,100,0.08790927148148148,2.6819349229324807
ctg.2.csv,0.95,0.23832966666666322,0.08599999999999997,100,0.08505068749999997,2.807635027860403
ctg.3.csv,0.05,0.014648000000000085,0.036000000000000004,100,0.039118945555555555,0.7289571945526453
ctg.3.csv,0.1,0.006567666666666361,0.018000000000000002,100,0.06837944444444444,0.9029409523166563
ctg.3.csv,0.15,0.02577333333333373,0.00799999999999998,100,0.07935036777777778,1.0836197249630772
ctg.3.csv,0.2,0.0701566666666672,0.07100000000000001,100,0.08424504000000001,1.0155618566727158
ctg.3.csv,0.25,0.03858033333333438,0.009000000000000008,100,0.1227295733333333,1.254815454864794
ctg.3.csv,0.3,0.08899933333333437,0.017000000000000015,100,0.1311765277777778,1.562707320910067
ctg.3.csv,0.35,0.09279966666666684,0.002999999999999947,100,0.13581467111111112,1.6687719543600792
ctg.3.csv,0.4,0.0519236666666672,0.05499999999999999,100,0.16851384,1.7467738876157077
ctg.3.csv,0.44,0.07209266666666658,0.01100000000000001,100,0.17712272333333334,1.5787307817664717
ctg.3.csv,0.49,0.08142733333333507,0.0040000000000000036,100,0.17721339000000003,1.7909101431146803
ctg.3.csv,0.54,0.1253256666666674,0.009000000000000008,100,0.15520033222222224,1.9800531320401176
ctg.3.csv,0.6,0.1366936666666667,0.028000000000000025,100,0.1623498933333333,2.1863043690175488
ctg.3.csv,0.65,0.10535566666666563,0.04700000000000004,100,0.16374033333333332,2.2074811859349577
ctg.3.csv,0.7,0.1432239999999989,0.006000000000000005,100,0.16193504333333336,2.2166358928320897
ctg.3.csv,0.75,0.08845533333333355,0.01200000000000001,100,0.16267539888888888,2.0744472012307003
ctg.3.csv,0.8,0.2058810000000002,0.017000000000000015,100,0.14003188444444445,2.4830394391094495
ctg.3.csv,0.85,0.09490133333333284,0.020000000000000018,100,0.12387477777777779,2.31737857069031
ctg.3.csv,0.9,0.08464533333333546,0.019000000000000017,100,0.09394310666666668,2.430638681791129
ctg.3.csv,0.95,0.07371933333333602,0.006000000000000116,100,0.06707059555555556,2.1859186899629846
ctg.3.csv,0.05,0.01364000000000009,0.0030000000000000027,100,0.04159922111111111,0.697083143350192
ctg.3.csv,0.1,0.00933333333333275,0.017,100,0.08153341666666666,0.8412744413791626
ctg.3.csv,0.15,0.025104333333333756,0.013999999999999985,100,0.08163491,1.1542393730255145
ctg.3.csv,0.2,0.05638733333333357,0.05200000000000002,100,0.09901761777777777,1.0214865528008106
ctg.3.csv,0.25,0.06460266666666789,0.025999999999999995,100,0.11253223444444442,1.4006675844179228
ctg.3.csv,0.3,0.08227900000000118,0.0010000000000000009,100,0.1286750177777778,1.6134992305713267
ctg.3.csv,0.35,0.039401333333333954,0.025000000000000022,100,0.14142121777777775,1.7423332277655548
ctg.3.csv,0.4,0.08816300000000088,0.008000000000000007,100,0.15727230555555555,1.6458749163750128
ctg.3.csv,0.44,0.08104499999999903,0.07,100,0.16994800000000004,1.838348480033762
ctg.3.csv,0.49,0.10937500000000105,0.025000000000000022,100,0.16046097222222222,2.0406948898249953
ctg.3.csv,0.54,0.08698433333333322,0.03699999999999992,100,0.17802638222222225,1.8553439741269642
ctg.3.csv,0.6,0.1209366666666663,0.02100000000000002,100,0.17916360444444446,1.8578326527301912
ctg.3.csv,0.65,0.10527033333333224,0.025000000000000022,100,0.17113184333333328,2.132337346654625
ctg.3.csv,0.7,0.15493733333333215,0.02199999999999991,100,0.1634869722222222,2.1331521190093365
ctg.3.csv,0.75,0.11514666666666395,0.02300000000000002,100,0.15317070666666668,2.2578474606119094
ctg.3.csv,0.8,0.1689956666666642,0.03300000000000003,100,0.13284303444444445,2.3595352827117813
ctg.3.csv,0.85,0.10284866666666825,0.0030000000000000027,100,0.11337997666666669,2.447715481992474
ctg.3.csv,0.9,0.11050000000000493,0.009000000000000008,100,0.10559494555555556,2.368358139328354
ctg.3.csv,0.95,0.13355766666666824,0.025999999999999912,100,0.08679352333333334,2.353644249152698
default_credit_card_clients.csv,0.05,0.8550723333333322,0.5,100,0.06734312888888888,2.767199086267646
default_credit_card_clients.csv,0.1,0.8707356666666692,0.354,100,0.06102165369352482,2.7548996226904916
default_credit_card_clients.csv,0.15,0.7736603333333336,0.42200000000000004,100,0.062061631631462603,2.770887363934043
default_credit_card_clients.csv,0.2,0.6778476666666655,0.313,100,0.07435715162839507,2.79731067762719
default_credit_card_clients.csv,0.25,0.7293656666666696,0.253,100,0.056457908651417234,2.802804720745748
default_credit_card_clients.csv,0.3,0.641906333333333,0.303,100,0.05970781371944445,2.726510256027421
default_credit_card_clients.csv,0.35,0.6324656666666696,0.23399999999999999,100,0.051733591802034525,2.776659114431178
default_credit_card_clients.csv,0.4,0.4996286666666657,0.22699999999999998,100,0.06370551860987655,2.748974926561329
default_credit_card_clients.csv,0.44,0.5065843333333313,0.27999999999999997,100,0.048513611336728386,2.6664583834604416
default_credit_card_clients.csv,0.49,0.4429386666666668,0.17700000000000005,100,0.05864344601851851,2.700637632642226
default_credit_card_clients.csv,0.54,0.4095229999999981,0.20499999999999996,100,0.04987794675648148,2.6051214254848833
default_credit_card_clients.csv,0.6,0.3336993333333341,0.05700000000000005,100,0.060130085595685306,2.714751534706084
default_credit_card_clients.csv,0.65,0.31168466666666594,0.04300000000000004,100,0.0508176865159675,2.6385536649938706
default_credit_card_clients.csv,0.7,0.28564900000000326,0.0119999999999999,100,0.039401133406172836,2.6728521706090795
default_credit_card_clients.csv,0.75,0.22217500000000123,0.018000000000000016,100,0.04114544444444444,2.579776783351145
default_credit_card_clients.csv,0.8,0.18086966666666926,0.10999999999999999,100,0.04304810666666667,2.6370186636460318
default_credit_card_clients.csv,0.85,0.12117500000000103,0.040999999999999925,100,0.03729082111111111,2.541422343489454
default_credit_card_clients.csv,0.9,0.08983266666667078,0.051000000000000045,100,0.020622917430555554,2.2295629355296005
default_credit_card_clients.csv,0.95,0.03824300000000391,0.02400000000000002,100,0.02494533895336356,2.2978140546223895
default_credit_card_clients.csv,0.05,0.9379083333333371,0.41700000000000004,100,0.04873875271415974,2.8297753005626523
default_credit_card_clients.csv,0.1,0.87861066666667,0.392,100,0.05581788502314814,2.8395286304348737
default_credit_card_clients.csv,0.15,0.8137813333333352,0.372,100,0.06568446094277525,2.6861555263855847
default_credit_card_clients.csv,0.2,0.775174333333335,0.36600000000000005,100,0.054066412222222214,2.760288873740465
default_credit_card_clients.csv,0.25,0.7291966666666705,0.177,100,0.05225317148148148,2.885858570644328
default_credit_card_clients.csv,0.3,0.6590873333333342,0.297,100,0.060583676410147384,2.6984359702600926
default_credit_card_clients.csv,0.35,0.5960116666666657,0.275,100,0.054046308518518514,2.731825248493874
default_credit_card_clients.csv,0.4,0.505909666666666,0.235,100,0.06262444380833333,2.671179174057226
default_credit_card_clients.csv,0.44,0.5093643333333335,0.22100000000000003,100,0.056751564040432106,2.665314953208675
default_credit_card_clients.csv,0.49,0.4851790000000017,0.19500000000000006,100,0.043770527499999996,2.6589903015835605
default_credit_card_clients.csv,0.54,0.353099333333332,0.18599999999999994,100,0.0657837561728395,2.6415386487718293
default_credit_card_clients.csv,0.6,0.3451593333333316,0.123,100,0.05290177111111111,2.6307919388758396
default_credit_card_clients.csv,0.65,0.30228799999999867,0.014000000000000012,100,0.05218471951203703,2.6618576414348727
default_credit_card_clients.csv,0.7,0.2720953333333346,0.10200000000000009,100,0.036084895895061725,2.5086669345588337
default_credit_card_clients.csv,0.75,0.23414333333333637,0.0020000000000000018,100,0.029124084444444445,2.6483730482533705
default_credit_card_clients.csv,0.8,0.17075666666666733,0.0030000000000000027,100,0.03826341843836609,2.5564789880143945
default_credit_card_clients.csv,0.85,0.13974900000000412,0.06300000000000006,100,0.02233838305555556,2.4179184761596755
default_credit_card_clients.csv,0.9,0.08857766666667044,0.05400000000000005,100,0.024964187430555555,2.513976935922188
default_credit_card_clients.csv,0.95,0.02301566666666799,0.16899999999999993,100,0.03306651555555555,2.6145419410534054
delta_ailerons.csv,0.05,0.07874499999999944,0.017,100,0.08205363888888889,1.498152537344949
delta_ailerons.csv,0.1,0.06171766666666659,0.031,100,0.10584330111111111,1.707317702811525
delta_ailerons.csv,0.15,0.035146999999998735,0.005999999999999978,100,0.12199713222222222,1.3925442995925448
delta_ailerons.csv,0.2,0.036199999999998234,0.0030000000000000027,100,0.1456617011111111,1.6128880690261056
delta_ailerons.csv,0.25,0.0006743333333323331,0.014999999999999986,100,0.15471263444444444,1.7406813119917957
delta_ailerons.csv,0.3,0.011500666666665826,0.014999999999999958,100,0.1755571322222222,1.6453175854784576
delta_ailerons.csv,0.35,0.03723733333333151,0.02200000000000002,100,0.19850552333333332,1.6475707082853408
delta_ailerons.csv,0.4,0.034439000000000775,0.02699999999999997,100,0.19109250666666663,1.859651617313014
delta_ailerons.csv,0.44,0.0031346666666654532,0.01100000000000001,100,0.20165162666666664,1.8059486135905343
delta_ailerons.csv,0.49,0.01355833333333395,0.0030000000000000027,100,0.20374366555555562,1.783319153400433
delta_ailerons.csv,0.54,0.021963333333334445,0.0040000000000000036,100,0.1984460122222222,1.7420742002311003
delta_ailerons.csv,0.6,0.0017603333333335858,0.0010000000000000009,100,0.19760297222222223,1.6713196751333799
delta_ailerons.csv,0.65,0.03883233333333136,0.04600000000000004,100,0.19407759555555554,1.825139875119726
delta_ailerons.csv,0.7,0.041887333333333165,0.027999999999999914,100,0.17866719444444443,1.804323716938736
delta_ailerons.csv,0.75,0.012053000000003533,0.006000000000000005,100,0.15029607111111112,1.8846257405661426
delta_ailerons.csv,0.8,0.008159666666663679,0.01200000000000001,100,0.13349416000000003,1.621731657354744
delta_ailerons.csv,0.85,0.011384999999996648,0.02200000000000002,100,0.11732939555555554,1.54447796938695
delta_ailerons.csv,0.9,0.03217766666666955,0.0010000000000000009,100,0.0877041011111111,1.7691188322146072
delta_ailerons.csv,0.95,0.09125166666666695,0.02199999999999991,100,0.07476466666666667,1.5763358543701944
delta_ailerons.csv,0.05,0.03205333333333332,0.0040000000000000036,100,0.05829108444444445,1.450229156879927
delta_ailerons.csv,0.1,0.038537666666666054,0.01100000000000001,100,0.09225004888888888,1.5897993219658781
delta_ailerons.csv,0.15,0.014814666666666476,0.016999999999999987,100,0.1217287511111111,1.4750286240990442
delta_ailerons.csv,0.2,0.06339166666666673,0.00899999999999998,100,0.15628388777777777,1.612601360189334
delta_ailerons.csv,0.25,0.06166799999999911,0.02400000000000002,100,0.17337956777777777,1.6691060448678945
delta_ailerons.csv,0.3,0.012088666666665748,0.007000000000000006,100,0.18109699555555556,1.530756530628695
delta_ailerons.csv,0.35,0.011800000000001476,0.014999999999999958,100,0.18363250111111107,1.7489458359720542
delta_ailerons.csv,0.4,0.012343000000001936,0.03700000000000003,100,0.19275877777777775,1.738800536392155
delta_ailerons.csv,0.44,0.0026326666666655063,0.010000000000000009,100,0.19470144444444443,1.8842822032302657
delta_ailerons.csv,0.49,0.007205000000001405,0.0040000000000000036,100,0.18435077777777778,2.078987467976631
delta_ailerons.csv,0.54,0.0031366666666660104,0.028000000000000025,100,0.18881069333333336,1.9123691560510807
delta_ailerons.csv,0.6,0.015697666666667498,0.02100000000000002,100,0.1915245955555555,1.9113682928599927
delta_ailerons.csv,0.65,0.013219666666666297,0.010000000000000009,100,0.17310445666666663,1.9266839044495232
delta_ailerons.csv,0.7,0.013683999999997143,0.010999999999999899,100,0.16621126555555554,1.9415475245643652
delta_ailerons.csv,0.75,0.005433333333333956,0.02100000000000002,100,0.15202015444444447,1.7727399366190173
delta_ailerons.csv,0.8,0.017216000000003118,0.013000000000000012,100,0.13633334555555554,1.8618903621938925
delta_ailerons.csv,0.85,0.011803666666663326,0.020000000000000018,100,0.10999211555555555,1.580808211548888
delta_ailerons.csv,0.9,0.03678000000000359,0.006000000000000005,100,0.09235266666666668,1.4988969629855857
delta_ailerons.csv,0.95,0.06836800000000187,0.029999999999999916,100,0.07750139,1.5224954553782448
eeg.csv,0.05,0.016740000000000095,0.035,100,0.03874650111111111,2.3592981304440714
eeg.csv,0.1,0.046329333333333486,0.015,100,0.046294440000000006,2.609646190436604
eeg.csv,0.15,0.073145,0.028999999999999998,100,0.058930554444444436,2.523208787013027
eeg.csv,0.2,0.12088133333333333,0.038000000000000006,100,0.06037652777777778,2.7038174808102085
eeg.csv,0.25,0.04107266666666787,0.011999999999999983,100,0.07737406555555555,2.7098543108938933
eeg.csv,0.3,0.09316900000000122,0.0050000000000000044,100,0.07446573777777778,2.7922790388182657
eeg.csv,0.35,0.12138466666666656,0.003999999999999948,100,0.09028468444444446,2.8203440076474973
eeg.csv,0.4,0.10001466666666636,0.007000000000000006,100,0.09683328444444445,2.7962178314683115
eeg.csv,0.44,0.06807633333333357,0.02799999999999997,100,0.09515157333333335,2.856111790179932
eeg.csv,0.49,0.0331363333333336,0.03700000000000003,100,0.09870580444444445,2.8847089427460193
eeg.csv,0.54,0.06297166666666737,0.007000000000000006,100,0.09605072333333337,2.8911133331229735
eeg.csv,0.6,0.05769833333333241,0.018000000000000016,100,0.10196399555555555,2.8842398517253147
eeg.csv,0.65,0.02177766666666603,0.017000000000000015,100,0.08572997666666668,2.863666883039808
eeg.csv,0.7,0.007273666666665957,0.01200000000000001,100,0.0867018622222222,2.8324951180837274
eeg.csv,0.75,0.011383666666670234,0.04200000000000004,100,0.09664713222222222,2.7586701548203494
eeg.csv,0.8,0.041118333333334256,0.009000000000000008,100,0.0818676488888889,2.800626147335412
eeg.csv,0.85,0.009961666666663316,0.009000000000000008,100,0.07079802666666667,2.7813928819201674
eeg.csv,0.9,0.024899333333333606,0.01100000000000001,100,0.059365777777777795,2.6841695985389493
eeg.csv,0.95,0.006018666666668948,0.025000000000000022,100,0.046724884444444455,2.566047632231977
eeg.csv,0.05,0.019585333333333434,0.020000000000000004,100,0.036127959999999994,2.4501129336004555
eeg.csv,0.1,0.04356000000000008,0.042,100,0.045700243333333335,2.4157126778485103
eeg.csv,0.15,0.09490566666666678,0.07899999999999999,100,0.05138961222222222,2.6217630854585274
eeg.csv,0.2,0.003218000000001192,0.010999999999999982,100,0.08178328444444447,2.5958810483752393
eeg.csv,0.25,0.12384100000000042,0.064,100,0.0693475511111111,2.689320822735994
eeg.csv,0.3,0.09561033333333449,0.0050000000000000044,100,0.07413758222222222,2.822461206829525
eeg.csv,0.35,0.024986666666667656,0.0030000000000000027,100,0.10345452888888888,2.8005144119914105
eeg.csv,0.4,0.049427000000000276,0.017000000000000015,100,0.0852294788888889,2.858817556225452
eeg.csv,0.44,0.0536593333333345,0.025000000000000022,100,0.09262133333333333,2.9019698670930802
eeg.csv,0.49,0.027951000000000836,0.041000000000000036,100,0.09492362111111113,2.93492823575307
eeg.csv,0.54,0.07326333333333429,0.008000000000000007,100,0.09386953222222223,2.900005356977508
eeg.csv,0.6,0.12671699999999947,0.013000000000000012,100,0.09830189333333332,2.845003653855014
eeg.csv,0.65,0.0473159999999988,0.0020000000000000018,100,0.10078451000000001,2.861412332556872
eeg.csv,0.7,0.019792333333336853,0.05400000000000005,100,0.09223232888888887,2.7997743003031355
eeg.csv,0.75,0.014145000000002739,0.016000000000000014,100,0.08699473222222225,2.8228824008523996
eeg.csv,0.8,0.061703999999996983,0.041999999999999926,100,0.06869929333333333,2.7468492412506147
eeg.csv,0.85,0.06879100000000038,0.03500000000000003,100,0.061178590000000005,2.7097611966405504
eeg.csv,0.9,0.009747000000001615,0.018000000000000016,100,0.06283055444444445,2.6684099166851754
eeg.csv,0.95,0.03046200000000232,0.040000000000000036,100,0.03717335111111111,2.540398389082254
electricity-normalized.csv,0.05,0.010467333333333363,0.013999999999999999,100,0.05099452777777778,2.374767675643621
electricity-normalized.csv,0.1,0.022882666666666315,0.02700000000000001,100,0.06746119444444444,2.311070762424732
electricity-normalized.csv,0.15,0.020077666666665966,0.016000000000000014,100,0.08342511555555555,2.4112026276816843
electricity-normalized.csv,0.2,0.01535866666666788,0.014000000000000012,100,0.08090957666666668,2.528056969584414
electricity-normalized.csv,0.25,0.021021666666668187,0.015999999999999986,100,0.10300311555555554,2.575053907139131
electricity-normalized.csv,0.3,0.05685566666666825,0.05399999999999999,100,0.11601940444444446,2.4896979286287726
electricity-normalized.csv,0.35,0.0030103333333340587,0.02100000000000002,100,0.12671719444444446,2.6900966926957066
electricity-normalized.csv,0.4,0.007060333333331614,0.007000000000000006,100,0.14909584,2.555406318528026
electricity-normalized.csv,0.44,0.006985333333332455,0.0050000000000000044,100,0.13205366555555553,2.7299776477751605
electricity-normalized.csv,0.49,0.05757233333333239,0.045999999999999985,100,0.13611281222222224,2.6642812832462983
electricity-normalized.csv,0.54,0.04215866666666607,0.028000000000000025,100,0.1232004711111111,2.8067637625166246
electricity-normalized.csv,0.6,0.052176333333332714,0.016000000000000014,100,0.12261408333333333,2.752183253417018
electricity-normalized.csv,0.65,0.05940000000000001,0.02200000000000002,100,0.12980741666666665,2.640543550262899
electricity-normalized.csv,0.7,0.07426666666666404,0.04699999999999993,100,0.1354846177777778,2.5701005338874574
electricity-normalized.csv,0.75,0.0843453333333335,0.014000000000000012,100,0.12327976000000002,2.609957204703564
electricity-normalized.csv,0.8,0.11537166666666432,0.03200000000000003,100,0.101725,2.8103407939058487
electricity-normalized.csv,0.85,0.07460900000000092,0.013000000000000012,100,0.0959901011111111,2.5807398852674823
electricity-normalized.csv,0.9,0.08915600000000301,0.019000000000000017,100,0.09040442666666665,2.4180035492421337
electricity-normalized.csv,0.95,0.08301300000000311,0.05999999999999994,100,0.06976052777777779,2.611830306317451
electricity-normalized.csv,0.05,0.008448333333333315,0.013999999999999999,100,0.05296011,2.4247804910139594
electricity-normalized.csv,0.1,0.056935333333333255,0.0010000000000000009,100,0.08532163888888888,2.2876441003360215
electricity-normalized.csv,0.15,0.00542666666666658,0.030999999999999986,100,0.08495226222222224,2.3145195619619514
electricity-normalized.csv,0.2,0.011084999999998957,0.025999999999999995,100,0.1090516388888889,2.34348141120365
electricity-normalized.csv,0.25,0.012796000000001667,0.026999999999999996,100,0.11288636777777777,2.4745330666644367
electricity-normalized.csv,0.3,0.01017366666666597,0.015000000000000013,100,0.11861362111111111,2.6481877999538055
electricity-normalized.csv,0.35,0.005194000000000809,0.030000000000000027,100,0.11648541666666666,2.745170988425831
electricity-normalized.csv,0.4,0.02974933333333335,0.040000000000000036,100,0.13476553777777778,2.5546673309953105
electricity-normalized.csv,0.44,0.07426733333333302,0.067,100,0.12469460444444444,2.6839270565590905
electricity-normalized.csv,0.49,0.031799666666667004,0.023999999999999966,100,0.13845370111111113,2.6495901047941297
electricity-normalized.csv,0.54,0.014349666666667815,0.05799999999999994,100,0.12555971,2.6887609697263235
electricity-normalized.csv,0.6,0.07359333333333262,0.04799999999999993,100,0.13145179555555556,2.7528944878058734
electricity-normalized.csv,0.65,0.028544666666664664,0.018000000000000016,100,0.12423975111111112,2.6877692770789876
electricity-normalized.csv,0.7,0.06832633333333082,0.025999999999999912,100,0.12492987888888887,2.6379102024780905
electricity-normalized.csv,0.75,0.09840166666666483,0.052999999999999936,100,0.12073617333333335,2.7007095404416335
electricity-normalized.csv,0.8,0.04272466666666552,0.017000000000000015,100,0.09645396777777777,2.6605742424458065
electricity-normalized.csv,0.85,0.0858636666666639,0.02199999999999991,100,0.10025294555555558,2.5638250783410252
electricity-normalized.csv,0.9,0.04519033333333278,0.05300000000000005,100,0.07001291,2.571620913765655
electricity-normalized.csv,0.95,0.06041633333333485,0.02100000000000002,100,0.06268761777777777,2.5509026532800454
elevators.csv,0.05,0.2319753333333328,0.137,100,0.09803882111111112,2.7340522079677654
elevators.csv,0.1,0.3020959999999998,0.138,100,0.09389723999999999,2.874834663833704
elevators.csv,0.15,0.29145733333333335,0.12100000000000002,100,0.09939291555555557,2.8053983528355846
elevators.csv,0.2,0.2716916666666667,0.09899999999999998,100,0.11153165666666665,2.824294453744218
elevators.csv,0.25,0.21355499999999922,0.04099999999999998,100,0.10969366555555556,2.8144788863299817
elevators.csv,0.3,0.2485766666666676,0.08800000000000002,100,0.11416577333333333,2.7141486511950816
elevators.csv,0.35,0.13994066666666716,0.011999999999999955,100,0.10190963888888892,2.723426069897341
elevators.csv,0.4,0.16833266666666713,0.02899999999999997,100,0.11477624888888888,2.750328588773787
elevators.csv,0.44,0.24872100000000336,0.014000000000000012,100,0.09281624000000002,2.8713781828717533
elevators.csv,0.49,0.2738850000000028,0.15800000000000003,100,0.10179248444444443,2.618983294512839
elevators.csv,0.54,0.15167100000000322,0.039999999999999925,100,0.11455155111111108,2.6907877631444688
elevators.csv,0.6,0.15970233333333517,0.006000000000000005,100,0.09926989333333337,2.737797186443877
elevators.csv,0.65,0.14577433333332912,0.05899999999999994,100,0.09250663444444442,2.6145648401170685
elevators.csv,0.7,0.12832400000000066,0.07800000000000007,100,0.07992055111111111,2.550308232002297
elevators.csv,0.75,0.080164666666668,0.039000000000000035,100,0.07915711111111111,2.5262380632154513
elevators.csv,0.8,0.08949999999999836,0.0030000000000000027,100,0.06511633222222221,2.575959827419011
elevators.csv,0.85,0.08961633333332997,0.08300000000000007,100,0.04833015444444443,2.320045043551293
elevators.csv,0.9,0.04028799999999666,0.027000000000000024,100,0.04920119444444444,2.3223424051241497
elevators.csv,0.95,0.015736666666666954,0.026000000000000023,100,0.03333655555555556,2.299746302973272
elevators.csv,0.05,0.17769566666666675,0.011999999999999997,100,0.08728920444444446,2.6871199059826116
elevators.csv,0.1,0.18784299999999945,0.069,100,0.08983335444444446,2.842830071545155
elevators.csv,0.15,0.33383300000000005,0.19700000000000004,100,0.10638763888888889,2.8143702702812345
elevators.csv,0.2,0.3653236666666673,0.16199999999999998,100,0.10617436777777778,2.846275949278873
elevators.csv,0.25,0.22746566666666668,0.03300000000000003,100,0.09939655555555556,2.8340279006066065
elevators.csv,0.3,0.283224,0.07700000000000001,100,0.10307635999999996,2.8288846169062896
elevators.csv,0.35,0.2192636666666674,0.0050000000000000044,100,0.10545597666666666,2.780610814317655
elevators.csv,0.4,0.23702966666666836,0.063,100,0.1066338611111111,2.8187611093018305
elevators.csv,0.44,0.1544690000000008,0.02899999999999997,100,0.11052324000000001,2.780782779645744
elevators.csv,0.49,0.221843000000005,0.11599999999999999,100,0.10429202111111112,2.7403027650366694
elevators.csv,0.54,0.24429299999999687,0.07299999999999995,100,0.08521939000000002,2.7716564433742823
elevators.csv,0.6,0.20280399999999654,0.09000000000000008,100,0.08696578999999999,2.638001199634483
elevators.csv,0.65,0.11137766666666837,0.02100000000000002,100,0.08611841777777779,2.7326856540464446
elevators.csv,0.7,0.11677733333333151,0.05300000000000005,100,0.08798727111111113,2.5473362251177236
elevators.csv,0.75,0.040923999999995075,0.013000000000000012,100,0.09922210999999999,2.5381307142174783
elevators.csv,0.8,0.016442666666664718,0.0010000000000000009,100,0.09512912333333334,2.358225327571138
elevators.csv,0.85,0.016572999999996285,0.009000000000000008,100,0.06933492888888888,2.526174970500576
elevators.csv,0.9,0.0010456666666666115,0.029000000000000026,100,0.061500687777777785,2.385470010194479
elevators.csv,0.95,0.009292333333336567,0.02499999999999991,100,0.04708733333333333,2.4541735061001964
file22f0e4a679.csv,0.05,0.013723666666666752,0.016,100,0.04131343444444444,1.782519707206009
file22f0e4a679.csv,0.1,0.035453333333332726,0.019000000000000003,100,0.07539445666666665,1.896736974830604
file22f0e4a679.csv,0.15,0.011383666666666653,0.02100000000000002,100,0.09537384333333333,2.013503476752151
file22f0e4a679.csv,0.2,0.0128450000000013,0.035,100,0.12214596777777781,1.978339574484068
file22f0e4a679.csv,0.25,0.006604666666668202,0.09800000000000003,100,0.1463719288888889,1.9376159208969366
file22f0e4a679.csv,0.3,0.010749666666665825,0.09300000000000003,100,0.15620023444444445,2.1023974559243936
file22f0e4a679.csv,0.35,0.013473333333334392,0.10100000000000003,100,0.16852586111111112,2.1987605509160533
file22f0e4a679.csv,0.4,0.013261000000001744,0.08499999999999996,100,0.1724519377777778,2.176409512136983
file22f0e4a679.csv,0.44,0.002130666666665504,0.10400000000000004,100,0.1920624122222222,1.938803457370553
file22f0e4a679.csv,0.49,0.015150000000001385,0.07400000000000007,100,0.17780244444444443,2.2060892922258044
file22f0e4a679.csv,0.54,0.0011286666666660006,0.10599999999999998,100,0.17542810666666672,2.189304971487869
file22f0e4a679.csv,0.6,0.03502466666666548,0.062000000000000055,100,0.1702787322222222,2.304242539186442
file22f0e4a679.csv,0.65,0.004766000000000714,0.10699999999999998,100,0.16852792333333333,1.9783765477941797
file22f0e4a679.csv,0.7,0.008911666666671647,0.07900000000000007,100,0.14667157666666664,2.019218650015639
file22f0e4a679.csv,0.75,0.011802000000002089,0.07700000000000007,100,0.13770199999999996,2.014401339302464
file22f0e4a679.csv,0.8,0.0001276666666628623,0.06699999999999995,100,0.11922511111111112,2.00164337761319
file22f0e4a679.csv,0.85,0.012975333333330341,0.05600000000000005,100,0.10631973777777777,1.6454709969777501
file22f0e4a679.csv,0.9,0.04275800000000041,0.04300000000000004,100,0.07474490666666667,1.7180865195957356
file22f0e4a679.csv,0.95,0.010300000000003418,0.030000000000000027,100,0.04675417333333333,1.5142628036478574
file22f0e4a679.csv,0.05,0.006331666666666784,0.012000000000000004,100,0.0433718888888889,1.8476688846462097
file22f0e4a679.csv,0.1,0.028921333333332744,0.0010000000000000009,100,0.07616356777777777,1.82359819264348
file22f0e4a679.csv,0.15,0.012220666666666574,0.02300000000000002,100,0.1033730788888889,1.9714040084566604
file22f0e4a679.csv,0.2,0.01108433333333228,0.07100000000000001,100,0.12499922111111111,1.997121454596965
file22f0e4a679.csv,0.25,0.013214333333335077,0.04299999999999998,100,0.13447864333333331,2.1404983110599773
file22f0e4a679.csv,0.3,0.01469166666666566,0.09200000000000003,100,0.1651888622222222,1.9215584110888855
file22f0e4a679.csv,0.35,0.01020500000000163,0.06500000000000006,100,0.15614370111111112,2.3099725069427777
file22f0e4a679.csv,0.4,0.013597000000001691,0.05199999999999999,100,0.17279988888888886,2.1410875826110054
file22f0e4a679.csv,0.44,0.002136333333334073,0.10600000000000004,100,0.1817482877777778,2.1743498790863858
file22f0e4a679.csv,0.49,0.020092666666668146,0.10699999999999998,100,0.1770794877777778,2.170450270077588
file22f0e4a679.csv,0.54,0.00012466666666588466,0.08399999999999996,100,0.16743592888888892,2.342217400988016
file22f0e4a679.csv,0.6,0.008320000000000771,0.09900000000000009,100,0.17500183444444442,2.1461266764751588
file22f0e4a679.csv,0.65,0.030122999999997457,0.06899999999999995,100,0.17511698222222224,1.9548577218868302
file22f0e4a679.csv,0.7,0.012172333333330343,0.06900000000000006,100,0.16002144333333335,1.8938060697412733
file22f0e4a679.csv,0.75,0.018913666666667606,0.05900000000000005,100,0.1424457288888889,2.1052636957432456
file22f0e4a679.csv,0.8,0.011000666666671766,0.07199999999999995,100,0.12531666666666663,2.066780594301126
file22f0e4a679.csv,0.85,0.017995333333331476,0.07400000000000007,100,0.1046691677777778,1.9445772266459285
file22f0e4a679.csv,0.9,0.011085666666667993,0.061999999999999944,100,0.06822059888888891,1.5402026286466333
file22f0e4a679.csv,0.95,0.010969333333336495,0.03700000000000003,100,0.0527548211111111,1.5237730889273835
file79b563a1a18.csv,0.05,0.18322366666666656,0.196,100,0.10130675,2.134746866548159
file79b563a1a18.csv,0.1,0.12660533333333338,0.18200000000000002,100,0.10851202111111108,2.2258769617322125
file79b563a1a18.csv,0.15,0.05507800000000007,0.225,100,0.10205960444444444,2.210287427629012
file79b563a1a18.csv,0.2,0.12209833333333353,0.176,100,0.11027930111111112,2.2767240979147463
file79b563a1a18.csv,0.25,0.09730700000000003,0.15000000000000002,100,0.11071357666666666,2.3392184450868068
file79b563a1a18.csv,0.3,0.06112833333333356,0.10900000000000004,100,0.10476738999999999,2.4083891341550103
file79b563a1a18.csv,0.35,0.07561200000000073,0.09700000000000003,100,0.10666059555555557,2.4806119021750344
file79b563a1a18.csv,0.4,0.02547433333333271,0.063,100,0.10544246555555559,2.540514347015448
file79b563a1a18.csv,0.44,0.006836666666666047,0.10600000000000004,100,0.1111717988888889,2.2326743666348134
file79b563a1a18.csv,0.49,0.1108593333333327,0.049000000000000044,100,0.11605796,2.137917970075584
file79b563a1a18.csv,0.54,0.06761766666666691,0.050999999999999934,100,0.11228948777777781,2.318818238957901
file79b563a1a18.csv,0.6,0.026799333333333397,0.08200000000000007,100,0.09703450666666669,2.344594811780776
file79b563a1a18.csv,0.65,0.16049633333333324,0.14600000000000002,100,0.06243183444444444,2.519237997773435
file79b563a1a18.csv,0.7,0.01171733333333258,0.08500000000000008,100,0.07706412888888889,2.3346718902415997
file79b563a1a18.csv,0.75,0.08047999999999988,0.031000000000000028,100,0.08103291,2.333816872322313
file79b563a1a18.csv,0.8,0.11343433333333353,0.025000000000000022,100,0.06123135111111112,2.423964976501623
file79b563a1a18.csv,0.85,0.10657833333333244,0.06800000000000006,100,0.043617710000000004,2.2605626642500196
file79b563a1a18.csv,0.9,0.06833033333333383,0.040000000000000036,100,0.03638147111111111,2.2191637281054013
file79b563a1a18.csv,0.95,0.03907966666667073,0.025000000000000022,100,0.024004804444444444,2.176110285232577
file79b563a1a18.csv,0.05,0.1979666666666663,0.29100000000000004,100,0.11645329333333335,2.2351724884595945
file79b563a1a18.csv,0.1,0.1634649999999996,0.261,100,0.12288739555555556,2.037108941626447
file79b563a1a18.csv,0.15,0.13147533333333303,0.158,100,0.11748818999999999,2.242977855124603
file79b563a1a18.csv,0.2,0.06530133333333288,0.16999999999999998,100,0.1227787288888889,2.0999634561731297
file79b563a1a18.csv,0.25,0.01052966666666627,0.05099999999999999,100,0.11522317666666666,2.4125037070882502
file79b563a1a18.csv,0.3,0.2639036666666679,0.295,100,0.09535727111111111,2.4708850391588486
file79b563a1a18.csv,0.35,0.2587913333333337,0.262,100,0.11238233222222224,2.2203485686422066
file79b563a1a18.csv,0.4,0.2152453333333335,0.256,100,0.09017951555555558,2.48246397226273
file79b563a1a18.csv,0.44,0.009985000000000521,0.12700000000000006,100,0.10847118222222221,2.396617509364068
file79b563a1a18.csv,0.49,0.0889886666666676,0.134,100,0.10604360444444445,2.328770037794878
file79b563a1a18.csv,0.54,0.029683666666667774,0.06599999999999995,100,0.0952062222222222,2.4209407323073533
file79b563a1a18.csv,0.6,0.11157000000000095,0.15500000000000003,100,0.07648768444444444,2.347591880119672
file79b563a1a18.csv,0.65,0.01073333333333315,0.10599999999999998,100,0.08370874999999998,2.3240803514605637
file79b563a1a18.csv,0.7,0.10287633333333301,0.1120000000000001,100,0.06496542666666666,2.3985072117964763
file79b563a1a18.csv,0.75,0.07657100000000017,0.07200000000000006,100,0.06144044,2.3895613498608768
file79b563a1a18.csv,0.8,0.03306166666666621,0.019000000000000017,100,0.07061919444444444,2.2883683116214706
file79b563a1a18.csv,0.85,0.11816300000000057,0.07500000000000007,100,0.039434972222222225,2.3718169939538702
file79b563a1a18.csv,0.9,0.045323333333331384,0.01200000000000001,100,0.0471736388888889,2.2884552905352527
file79b563a1a18.csv,0.95,0.03991633333333755,0.03700000000000003,100,0.018983182222222224,2.241228488432788
file7b5365fa741c.csv,0.05,0.010717333333333377,0.025,100,0.05142446555555554,2.186156342566317
file7b5365fa741c.csv,0.1,0.04171500000000004,0.055999999999999994,100,0.04848571555555555,2.234780917364368
file7b5365fa741c.csv,0.15,0.07255233333333329,0.092,100,0.05674304333333332,2.2734872923703984
file7b5365fa741c.csv,0.2,0.05515233333333383,0.028999999999999998,100,0.07257933333333333,2.26240733977354
file7b5365fa741c.csv,0.25,0.10297300000000045,0.044999999999999984,100,0.07246636000000001,2.249338133731235
file7b5365fa741c.csv,0.3,0.09073300000000123,0.020000000000000018,100,0.08692606222222223,2.44966024483782
file7b5365fa741c.csv,0.35,0.14106766666666778,0.03600000000000003,100,0.07724046555555555,2.602106200759153
file7b5365fa741c.csv,0.4,0.18310866666666673,0.035999999999999976,100,0.09525264888888892,2.554284012343308
file7b5365fa741c.csv,0.44,0.21439766666666757,0.08300000000000002,100,0.09255713222222223,2.4241513771755194
file7b5365fa741c.csv,0.49,0.25702633333333336,0.0020000000000000018,100,0.1027883377777778,2.627566934270359
file7b5365fa741c.csv,0.54,0.1751826666666671,0.09399999999999997,100,0.09857699888888888,2.8312504461695394
file7b5365fa741c.csv,0.6,0.3933306666666666,0.07599999999999996,100,0.08581000444444443,2.729646418517823
file7b5365fa741c.csv,0.65,0.23852766666666642,0.06099999999999994,100,0.09886054555555555,2.851286451288437
file7b5365fa741c.csv,0.7,0.2918793333333332,0.016999999999999904,100,0.09922814555555556,2.7752867614748373
file7b5365fa741c.csv,0.75,0.2705250000000003,0.014000000000000012,100,0.09434090111111114,2.871947730035338
file7b5365fa741c.csv,0.8,0.22578666666666558,0.006000000000000005,100,0.08769983444444444,2.8077939145735886
file7b5365fa741c.csv,0.85,0.24740033333333222,0.03699999999999992,100,0.08851268444444445,2.786293367074851
file7b5365fa741c.csv,0.9,0.2710933333333322,0.014000000000000012,100,0.08353970111111111,2.911854749233616
file7b5365fa741c.csv,0.95,0.047693333333334365,0.04499999999999993,100,0.06904664333333332,2.823249961146897
file7b5365fa741c.csv,0.05,0.01096933333333338,0.03900000000000001,100,0.05182652777777777,2.1840865824289954
file7b5365fa741c.csv,0.1,0.029093999999999676,0.089,100,0.07031112333333334,2.2570786136673835
file7b5365fa741c.csv,0.15,0.06627333333333338,0.10699999999999998,100,0.05829042111111111,2.10219295333964
file7b5365fa741c.csv,0.2,0.09460366666666738,0.171,100,0.0643765011111111,2.056204366678438
file7b5365fa741c.csv,0.25,0.10984033333333379,0.04100000000000001,100,0.07220637666666667,2.301307829347003
file7b5365fa741c.csv,0.3,0.07080266666666682,0.07300000000000001,100,0.10097288888888889,2.501483572991181
file7b5365fa741c.csv,0.35,0.14978566666666773,0.08199999999999996,100,0.08125789333333333,2.48132495661677
file7b5365fa741c.csv,0.4,0.19299900000000123,0.08700000000000002,100,0.08973016000000002,2.5149866696368073
file7b5365fa741c.csv,0.44,0.21808166666666665,0.07600000000000001,100,0.10159775444444447,2.446724013236879
file7b5365fa741c.csv,0.49,0.2505776666666675,0.019000000000000017,100,0.08207841777777776,2.71162457463781
file7b5365fa741c.csv,0.54,0.29069233333333355,0.03500000000000003,100,0.09968775111111113,2.7486338455374657
file7b5365fa741c.csv,0.6,0.36526933333333333,0.025999999999999912,100,0.09150864888888892,2.7762401392357803
file7b5365fa741c.csv,0.65,0.34657866666666765,0.017000000000000015,100,0.08661830555555554,2.8524466127579187
file7b5365fa741c.csv,0.7,0.307875000000001,0.10199999999999998,100,0.10484499000000001,2.7493664976574705
file7b5365fa741c.csv,0.75,0.3783976666666664,0.008000000000000007,100,0.09144730666666666,2.87250993531193
file7b5365fa741c.csv,0.8,0.06547933333333333,0.027000000000000024,100,0.08927233777777775,2.8538222270554834
file7b5365fa741c.csv,0.85,0.21397166666666556,0.04299999999999993,100,0.08918022222222223,2.8278008311210514
file7b5365fa741c.csv,0.9,0.02985833333333343,0.014000000000000012,100,0.07133875,2.8809087876870816
file7b5365fa741c.csv,0.95,0.10977066666666557,0.052999999999999936,100,0.07173183444444443,2.822462351071176
fri_c2_1000_10.csv,0.05,0.01523466666666675,0.05,100,0.034740315555555554,2.268782658749372
fri_c2_1000_10.csv,0.1,0.01033266666666588,0.041,100,0.06499934555555555,2.3811793707521374
fri_c2_1000_10.csv,0.15,0.06342866666666677,0.03899999999999999,100,0.060310510000000005,2.6074297970357523
fri_c2_1000_10.csv,0.2,0.007070666666665504,0.05100000000000002,100,0.08428129333333331,2.5663610978806997
fri_c2_1000_10.csv,0.25,0.04920333333333449,0.08399999999999999,100,0.08327712333333334,2.5181681005639955
fri_c2_1000_10.csv,0.3,0.018368999999999636,0.02699999999999997,100,0.1131917988888889,2.550354593501916
fri_c2_1000_10.csv,0.35,0.012383666666668514,0.03199999999999997,100,0.11551135444444444,2.679441677325919
fri_c2_1000_10.csv,0.4,0.06808633333333508,0.127,100,0.1172504488888889,2.5445887840882953
fri_c2_1000_10.csv,0.44,0.08397299999999969,0.066,100,0.10839374555555556,2.7895218578693664
fri_c2_1000_10.csv,0.49,0.07430633333333475,0.01899999999999996,100,0.10183297333333333,2.7937815432357866
fri_c2_1000_10.csv,0.54,0.13404533333333496,0.10500000000000004,100,0.1049817777777778,2.8616639349129436
fri_c2_1000_10.csv,0.6,0.06221633333333254,0.007000000000000006,100,0.11712332888888889,2.6787472438105913
fri_c2_1000_10.csv,0.65,0.1453816666666662,0.09699999999999998,100,0.11533459555555556,2.762754214904497
fri_c2_1000_10.csv,0.7,0.1535986666666661,0.09799999999999998,100,0.11703475,2.7541298880731206
fri_c2_1000_10.csv,0.75,0.11882933333333101,0.06999999999999995,100,0.11186691555555553,2.726502058966268
fri_c2_1000_10.csv,0.8,0.16640166666666412,0.09999999999999998,100,0.10769565666666665,2.735579929730512
fri_c2_1000_10.csv,0.85,0.09395066666666585,0.10399999999999998,100,0.09146138222222219,2.734679787087389
fri_c2_1000_10.csv,0.9,0.08756933333333605,0.016000000000000014,100,0.07708830555555556,2.456916635569813
fri_c2_1000_10.csv,0.95,0.1892753333333339,0.1319999999999999,100,0.08101563888888891,2.668801487779982
fri_c2_1000_10.csv,0.05,0.010467333333333363,0.034,100,0.04886529333333333,2.3476926299211214
fri_c2_1000_10.csv,0.1,0.017946666666666666,0.052000000000000005,100,0.05439623999999999,2.4650467178199444
fri_c2_1000_10.csv,0.15,0.018248666666667274,0.05199999999999999,100,0.06807808333333333,2.4488691168603913
fri_c2_1000_10.csv,0.2,0.0198736666666674,0.14600000000000002,100,0.08350390666666668,2.4517375069340503
fri_c2_1000_10.csv,0.25,0.07163100000000064,0.08399999999999999,100,0.07647260444444445,2.6445990907518118
fri_c2_1000_10.csv,0.3,0.06396866666666842,0.08299999999999999,100,0.09647377333333333,2.5720616595381722
fri_c2_1000_10.csv,0.35,0.10284133333333456,0.08199999999999996,100,0.09380195999999998,2.734891232944407
fri_c2_1000_10.csv,0.4,0.059627666666667856,0.04200000000000004,100,0.09548455555555557,2.778476814259366
fri_c2_1000_10.csv,0.44,0.049973333333334646,0.03899999999999998,100,0.11334075,2.787914948722098
fri_c2_1000_10.csv,0.49,0.08185400000000165,0.04799999999999999,100,0.10900135444444442,2.764259593322968
fri_c2_1000_10.csv,0.54,0.14402066666666824,0.17800000000000005,100,0.11770230666666669,2.684302005982747
fri_c2_1000_10.csv,0.6,0.10165566666666598,0.01100000000000001,100,0.11440068777777776,2.7710171167847957
fri_c2_1000_10.csv,0.65,0.08677633333333246,0.016000000000000014,100,0.10958515999999997,2.8128675092980178
fri_c2_1000_10.csv,0.7,0.11165566666666593,0.05399999999999994,100,0.11154169333333332,2.723822397941968
fri_c2_1000_10.csv,0.75,0.1657693333333332,0.118,100,0.10578919555555555,2.8181514056390697
fri_c2_1000_10.csv,0.8,0.06556666666666855,0.04299999999999993,100,0.09665779000000001,2.598037797309614
fri_c2_1000_10.csv,0.85,0.21397633333333188,0.1509999999999999,100,0.10365285666666667,2.792910277893265
fri_c2_1000_10.csv,0.9,0.07912166666666698,0.0020000000000000018,100,0.07439763888888888,2.6313542672749737
fri_c2_1000_10.csv,0.95,0.03648766666666481,0.018000000000000016,100,0.060240404444444444,2.4524800166520393
fried.csv,0.05,0.023351666666666743,0.026000000000000002,100,0.05375222222222221,2.2916541665343506
fried.csv,0.1,0.048367666666666254,0.013999999999999999,100,0.07369547888888889,2.41764544793673
fried.csv,0.15,0.06858733333333192,0.014000000000000012,100,0.10518617333333333,2.2743265739155745
fried.csv,0.2,0.05201299999999903,0.01899999999999999,100,0.10670557666666668,2.6081422852156027
fried.csv,0.25,0.0042620000000014036,0.059,100,0.12828091,2.1903051527345694
fried.csv,0.3,0.02049399999999868,0.0040000000000000036,100,0.1239626622222222,2.5573809508707805
fried.csv,0.35,0.05756466666666499,0.04700000000000004,100,0.15582664,2.3940570995209276
fried.csv,0.4,0.014173666666667972,0.030000000000000027,100,0.13850468777777775,2.4815222723135255
fried.csv,0.44,0.007402999999999049,0.02799999999999997,100,0.14028851,2.6097139704479906
fried.csv,0.49,0.015233666666667756,0.0050000000000000044,100,0.14350444444444446,2.62741790515807
fried.csv,0.54,0.04545200000000005,0.051000000000000045,100,0.14729820444444444,2.534755829917957
fried.csv,0.6,0.035108333333332076,0.016000000000000014,100,0.13868206222222224,2.6509224432986396
fried.csv,0.65,0.010377333333330907,0.015000000000000013,100,0.14294411,2.4937394814259473
fried.csv,0.7,0.010176999999997549,0.031000000000000028,100,0.12862224333333333,2.498671062703636
fried.csv,0.75,0.008780000000001564,0.02100000000000002,100,0.12028744333333333,2.430857876207371
fried.csv,0.8,0.013352000000004471,0.018000000000000016,100,0.11720171,2.2800769038793343
fried.csv,0.85,0.05949433333333831,0.018999999999999906,100,0.09905770111111112,2.4964784606952577
fried.csv,0.9,0.000627666666666582,0.04400000000000004,100,0.06175184888888889,2.3601335966060115
fried.csv,0.95,0.012547666666666513,0.029000000000000026,100,0.0424206711111111,2.072683234689107
fried.csv,0.05,0.03447933333333328,0.010000000000000002,100,0.05539442111111112,2.270244056531842
fried.csv,0.1,0.0624636666666665,0.009999999999999995,100,0.08714899999999998,2.218277090015169
fried.csv,0.15,0.028946666666665594,0.011999999999999983,100,0.09612630555555554,2.3862506927504277
fried.csv,0.2,0.05636366666666637,0.006000000000000005,100,0.11109833222222221,2.364808113423963
fried.csv,0.25,0.013391666666666968,0.012999999999999984,100,0.11993926555555555,2.3724349590825926
fried.csv,0.3,0.05309066666666798,0.05099999999999999,100,0.12004524888888887,2.515839199016323
fried.csv,0.35,0.038095333333332315,0.03500000000000003,100,0.13329142666666666,2.5609892332233652
fried.csv,0.4,0.004709666666664947,0.017000000000000015,100,0.14250299888888893,2.5603683408133993
fried.csv,0.44,0.0009650000000008818,0.018000000000000016,100,0.16109014555555554,2.4407127368082633
fried.csv,0.49,0.030293666666667107,0.03799999999999998,100,0.14277294555555556,2.5959015784291166
fried.csv,0.54,0.0032220000000005022,0.0050000000000000044,100,0.14846997666666664,2.4505752147827637
fried.csv,0.6,0.05518833333333262,0.039999999999999925,100,0.13609090666666665,2.654560861647081
fried.csv,0.65,0.032549666666664256,0.006000000000000005,100,0.13971713222222223,2.482692740126202
fried.csv,0.7,0.027488666666666717,0.038000000000000034,100,0.12459328444444444,2.5089844807554154
fried.csv,0.75,0.056312999999996616,0.02200000000000002,100,0.11200516777777776,2.676290706457238
fried.csv,0.8,0.036450999999997236,0.009000000000000008,100,0.11244987888888885,2.3841665733513673
fried.csv,0.85,0.03739500000000284,0.009000000000000008,100,0.09541228777777777,2.3095034159220322
fried.csv,0.9,0.055258333333330634,0.02100000000000002,100,0.07909562111111113,2.1908778915822906
fried.csv,0.95,0.03238799999999853,0.016000000000000014,100,0.05403787888888889,2.109404721204462
german.csv,0.05,0.6347753333333342,0.05,100,0.03268533333333334,2.8295962499091254
german.csv,0.1,0.640558333333335,0.067,100,0.03346386111111111,2.803834872802355
german.csv,0.15,0.5833550000000017,0.055999999999999994,100,0.03802541666666667,2.844292020852774
german.csv,0.2,0.5098186666666678,0.167,100,0.031935777777777785,2.7544389481411677
german.csv,0.25,0.5099056666666683,0.099,100,0.03466655111111111,2.8489432773130345
german.csv,0.3,0.6889960000000039,0.061,100,0.03427509333333333,2.8875268427471323
german.csv,0.35,0.6389123333333373,0.18500000000000005,100,0.03503090666666667,2.8011397099851028
german.csv,0.4,0.588996000000004,0.18400000000000002,100,0.03362104888888888,2.8764996745952853
german.csv,0.44,0.5487450000000038,0.16099999999999998,100,0.04107762666666666,2.9006964274262588
german.csv,0.49,0.498996000000004,0.401,100,0.03600432333333333,2.7554702444374666
german.csv,0.54,0.44882866666667054,0.02300000000000002,100,0.028986004444444446,2.841445243552548
german.csv,0.6,0.3887450000000039,0.17100000000000004,100,0.03398547888888889,2.821478951771685
german.csv,0.65,0.33966533333333737,0.010000000000000009,100,0.027388333333333337,2.789168724786645
german.csv,0.7,0.28991633333333755,0.1369999999999999,100,0.024878284444444444,2.7994842599356278
german.csv,0.75,0.23849400000000387,0.123,100,0.03463722222222222,2.870956988848828
german.csv,0.8,0.18991633333333746,0.17199999999999993,100,0.022560062222222222,2.738378810032166
german.csv,0.85,0.1388286666666706,0.08000000000000007,100,0.029120671111111114,2.8099386195836664
german.csv,0.9,0.08949800000000396,0.09999999999999998,100,0.02842724888888889,2.715075114520449
german.csv,0.95,0.040000000000004254,0.3959999999999999,100,0.022064706666666666,2.839170529128116
german.csv,0.05,0.6491816666666675,0.061,100,0.03216044888888889,2.771078092400082
german.csv,0.1,0.599349000000001,0.031,100,0.032906715555555556,2.865158853886102
german.csv,0.15,0.838996000000004,0.167,100,0.03546193222222223,2.872889173417877
german.csv,0.2,0.788996000000004,0.009999999999999981,100,0.03203055444444445,2.83742236343558
german.csv,0.25,0.7396653333333374,0.020000000000000018,100,0.028614128888888892,2.8007090569755584
german.csv,0.3,0.6890796666666708,0.038000000000000034,100,0.029119773333333335,2.8082736088210685
german.csv,0.35,0.6390796666666707,0.23399999999999999,100,0.03098082111111111,2.795335564284271
german.csv,0.4,0.588996000000004,0.129,100,0.03364085666666666,2.79267769523767
german.csv,0.44,0.548996000000004,0.10800000000000004,100,0.03673475,2.8602019856061953
german.csv,0.49,0.4987450000000039,0.17200000000000004,100,0.033755417777777776,2.751361029312333
german.csv,0.54,0.44899600000000395,0.23600000000000004,100,0.0331683288888889,2.8913737505622703
german.csv,0.6,0.3889123333333373,0.0010000000000000009,100,0.035290590000000004,2.8233324721742337
german.csv,0.65,0.33882866666667055,0.008000000000000007,100,0.02987525666666667,2.821919165495283
german.csv,0.7,0.2889123333333373,0.22100000000000009,100,0.03852543444444445,2.74741144652806
german.csv,0.75,0.2384100000000039,0.25,100,0.03862255444444444,2.7389109937683664
german.csv,0.8,0.18933066666667053,0.19999999999999996,100,0.02835277333333333,2.6891128947852203
german.csv,0.85,0.13983266666667082,0.06299999999999994,100,0.026868444444444445,2.757433679969315
german.csv,0.9,0.08991633333333748,0.22299999999999998,100,0.023616039999999994,2.672813088696074
german.csv,0.95,0.03991633333333755,0.050000000000000044,100,0.017029862222222223,2.628506814005019
gina_agnostic.csv,0.05,0.015467333333333451,0.044000000000000004,100,0.04282978999999999,2.4960609811108245
gina_agnostic.csv,0.1,0.04616433333333348,0.048,100,0.05246720444444444,2.6394214495887183
gina_agnostic.csv,0.15,0.0003846666666662557,0.01899999999999999,100,0.07094981777777778,2.5520277561048244
gina_agnostic.csv,0.2,0.024958999999998482,0.026999999999999996,100,0.09508891555555556,2.5038591149990865
gina_agnostic.csv,0.25,0.012482333333334539,0.01999999999999999,100,0.08414236777777778,2.679018154932715
gina_agnostic.csv,0.3,0.018656999999998702,0.0040000000000000036,100,0.0948891511111111,2.8004178723656987
gina_agnostic.csv,0.35,0.07430733333333389,0.05600000000000005,100,0.0936899288888889,2.841303556326022
gina_agnostic.csv,0.4,0.008225000000001759,0.02300000000000002,100,0.10098318222222223,2.8613823110171692
gina_agnostic.csv,0.44,0.04363433333333194,0.02400000000000002,100,0.10440955555555555,2.84589631256122
gina_agnostic.csv,0.49,0.028869000000000422,0.0010000000000000009,100,0.10094141666666667,2.815994469367613
gina_agnostic.csv,0.54,0.059609999999999774,0.06399999999999995,100,0.09521646555555556,2.795316544586006
gina_agnostic.csv,0.6,0.03376333333333226,0.05799999999999994,100,0.09843422666666664,2.850008043398573
gina_agnostic.csv,0.65,0.005440333333334824,0.010000000000000009,100,0.09118131,2.774061964435848
gina_agnostic.csv,0.7,0.014994333333332333,0.10200000000000009,100,0.09247570999999997,2.6853952507533014
gina_agnostic.csv,0.75,0.07519166666666588,0.028000000000000025,100,0.09330410111111112,2.7054729308598717
gina_agnostic.csv,0.8,0.06949466666666348,0.0030000000000000027,100,0.06883453777777776,2.767550102250393
gina_agnostic.csv,0.85,0.016979999999996997,0.028000000000000025,100,0.06801248444444444,2.643593899479444
gina_agnostic.csv,0.9,0.0451566666666644,0.015000000000000013,100,0.05098193222222221,2.609977930158677
gina_agnostic.csv,0.95,0.02042200000000094,0.050000000000000044,100,0.03067955111111111,2.4733978659769367
gina_agnostic.csv,0.05,0.03447700000000012,0.006999999999999999,100,0.04206541666666666,2.629839429871934
gina_agnostic.csv,0.1,0.0454906666666668,0.049,100,0.04798848444444445,2.5688403148876984
gina_agnostic.csv,0.15,0.014985666666667258,0.021999999999999992,100,0.06858363999999999,2.5494108616334508
gina_agnostic.csv,0.2,0.009838999999998849,0.017999999999999988,100,0.07898721222222223,2.761140720771626
gina_agnostic.csv,0.25,0.037880000000001274,0.04000000000000001,100,0.0753386788888889,2.7299989076994287
gina_agnostic.csv,0.3,0.03970466666666572,0.010000000000000009,100,0.10287499888888889,2.774636104089585
gina_agnostic.csv,0.35,0.010126666666667505,0.023999999999999966,100,0.09992024888888887,2.7974601053524917
gina_agnostic.csv,0.4,0.022802000000000433,0.015000000000000013,100,0.09930761222222222,2.8456541691916977
gina_agnostic.csv,0.44,0.002631999999999912,0.01100000000000001,100,0.09928063444444446,2.8382971466849645
gina_agnostic.csv,0.49,0.06704466666666664,0.013999999999999957,100,0.11045592333333332,2.7080081323807312
gina_agnostic.csv,0.54,0.05977733333333335,0.04299999999999993,100,0.09842330666666665,2.77009583734361
gina_agnostic.csv,0.6,0.011886333333331889,0.04400000000000004,100,0.09918801222222222,2.737444053361407
gina_agnostic.csv,0.65,0.03231633333333184,0.02100000000000002,100,0.10185907888888886,2.768843534476194
gina_agnostic.csv,0.7,0.046975666666665306,0.010999999999999899,100,0.09274739,2.8295768315979983
gina_agnostic.csv,0.75,0.012053333333336469,0.01200000000000001,100,0.09499277666666667,2.7164081289975055
gina_agnostic.csv,0.8,0.003323666666668612,0.027000000000000024,100,0.07662184333333333,2.7154688027143985
gina_agnostic.csv,0.85,0.04552799999999879,0.03500000000000003,100,0.06301659888888889,2.651351842519757
gina_agnostic.csv,0.9,0.04297333333333064,0.09799999999999998,100,0.047267932222222225,2.3929259703576156
gina_agnostic.csv,0.95,0.01766100000000037,0.050000000000000044,100,0.03556663444444444,2.338676056734035
haberman.csv,0.05,0.03406133333333328,0.08700000000000001,100,0.0582128573691358,2.1346899121395113
haberman.csv,0.1,0.07785533333333225,0.098,100,0.0811603915243827,2.2088915889102902
haberman.csv,0.15,0.012439000000000366,0.02200000000000002,100,0.07193117772191358,2.2501633507009347
haberman.csv,0.2,0.11368100000000007,0.081,100,0.06098531126265432,2.2880283991965564
haberman.csv,0.25,0.170794,0.15,100,0.05890243931203705,2.4492310650283553
haberman.csv,0.3,0.17050766666666714,0.07099999999999998,100,0.0684191822728395,2.5370708429468425
haberman.csv,0.35,0.21992200000000048,0.11399999999999996,100,0.06768287625185185,2.5086418812401967
haberman.csv,0.4,0.16811933333333426,0.14,100,0.09605995130987655,2.422185722819521
haberman.csv,0.44,0.3791153333333333,0.29000000000000004,100,0.052234967487345685,2.39350392271384
haberman.csv,0.49,0.31281400000000076,0.257,100,0.07446014864197531,2.4687765613966044
haberman.csv,0.54,0.4341026666666674,0.35400000000000004,100,0.06425274525185184,2.53126184819256
haberman.csv,0.6,0.5227236666666666,0.39999999999999997,100,0.059890043682407405,2.5949166687778726
haberman.csv,0.65,0.4802650000000009,0.318,100,0.0731013192580247,2.715628272152615
haberman.csv,0.7,0.6680550000000001,0.3539999999999999,100,0.05867775688271605,2.665454921946184
haberman.csv,0.75,0.6992160000000001,0.40099999999999997,100,0.06655172755401235,2.548338192146937
haberman.csv,0.8,0.6329530000000008,0.531,100,0.07397735762314815,2.3949033025259903
haberman.csv,0.85,0.7799233333333333,0.614,100,0.059739191450308635,2.432950155517931
haberman.csv,0.9,0.8118453333333335,0.673,100,0.0635563485367284,2.5418724148151424
haberman.csv,0.95,0.7929043333333335,0.6299999999999999,100,0.07145879382716049,2.4921339359339085
haberman.csv,0.05,0.10775333333333283,0.15100000000000002,100,0.0731679739925926,2.370359953525147
haberman.csv,0.1,0.04607966666666681,0.07,100,0.05102313283209878,2.3241076154613753
haberman.csv,0.15,0.025443333333333693,0.11000000000000001,100,0.06897412918641975,2.298521840759425
haberman.csv,0.2,0.12314100000000001,0.06,100,0.05434393118858025,2.3136358836551816
haberman.csv,0.25,0.04324700000000117,0.017000000000000015,100,0.07929590638395062,2.3764587995628186
haberman.csv,0.3,0.04892833333333396,0.006000000000000005,100,0.08125687580987656,2.6190813073320256
haberman.csv,0.35,0.09884366666666722,0.057999999999999996,100,0.08382914125771604,2.702584267300759
haberman.csv,0.4,0.2298500000000008,0.14800000000000002,100,0.07402975475895061,2.3850575022965503
haberman.csv,0.44,0.32431233333333376,0.134,100,0.0662453000404321,2.5754450796222494
haberman.csv,0.49,0.29664966666666753,0.20299999999999996,100,0.07597750699876543,2.600413109922811
haberman.csv,0.54,0.40160133333333375,0.383,100,0.07005554167253086,2.4380548677615033
haberman.csv,0.6,0.4220600000000007,0.32699999999999996,100,0.07437244023796294,2.4519991057696138
haberman.csv,0.65,0.4268266666666678,0.331,100,0.07761953975185186,2.6827051199438854
haberman.csv,0.7,0.5955246666666674,0.575,100,0.06525526978395062,2.394650555928423
haberman.csv,0.75,0.5984303333333336,0.504,100,0.07073288180370371,2.5782131698776167
haberman.csv,0.8,0.6951003333333334,0.48100000000000004,100,0.0735821917564815,2.4409919626761822
haberman.csv,0.85,0.8059033333333334,0.634,100,0.05705171760000001,2.4838639034352
haberman.csv,0.9,0.8303456666666666,0.5700000000000001,100,0.05983680435154322,2.666849954556534
haberman.csv,0.95,0.8895696666666666,0.702,100,0.06390313827160493,2.5613473345343643
houses.csv,0.05,0.010383666666666694,0.0050000000000000044,100,0.05213896,0.6662337283844002
houses.csv,0.1,0.009835333333332766,0.010000000000000009,100,0.08068752333333334,0.9301450901880889
houses.csv,0.15,0.010127333333333294,0.0,100,0.12321837666666666,0.9282713566517563
houses.csv,0.2,0.009331000000001283,0.015000000000000013,100,0.14277824888888893,1.2144129615142685
houses.csv,0.25,0.015737333333333547,0.007000000000000006,100,0.1755308566666667,0.9295146595116999
houses.csv,0.3,0.015524333333332918,0.03699999999999998,100,0.17714379555555557,1.1286114591663898
houses.csv,0.35,0.0021730000000008687,0.02799999999999997,100,0.21060636777777775,0.9166425016474604
houses.csv,0.4,0.02765766666666669,0.03300000000000003,100,0.20166230555555553,1.4060090578239581
houses.csv,0.44,0.0009593333333322018,0.0040000000000000036,100,0.22018164888888894,1.2298530882881853
houses.csv,0.49,0.0031856666666680855,0.008000000000000007,100,0.22543611555555554,1.055094214014975
houses.csv,0.54,0.0023836666666660067,0.03400000000000003,100,0.21412854555555558,1.3545218457423134
houses.csv,0.6,0.003944333333333883,0.01200000000000001,100,0.21353219000000007,1.2796080231805917
houses.csv,0.65,0.0018376666666677366,0.007000000000000006,100,0.1963462711111112,1.2699297688089248
houses.csv,0.7,0.01158433333333031,0.0009999999999998899,100,0.18577726555555554,1.2325311228578348
houses.csv,0.75,0.03573066666666169,0.02200000000000002,100,0.17143451,1.2849453047745996
houses.csv,0.8,0.0110840000000052,0.013000000000000012,100,0.15259262666666665,0.977977776669481
houses.csv,0.85,0.010294666666663455,0.014000000000000012,100,0.11322697222222221,1.0276383798248236
houses.csv,0.9,0.016024333333335194,0.0050000000000000044,100,0.09480319555555557,0.8266021378466116
houses.csv,0.95,0.0096280000000033,0.015000000000000013,100,0.04423464333333332,0.7707245708155737
houses.csv,0.05,0.010383666666666694,0.0050000000000000044,100,0.0503308888888889,0.6912538495598894
houses.csv,0.1,0.011174999999999422,0.024000000000000007,100,0.07653030555555554,0.9124038597277855
houses.csv,0.15,0.012378666666667176,0.011999999999999983,100,0.11932995111111111,0.7383795745776027
houses.csv,0.2,0.014602000000001308,0.038000000000000006,100,0.13658,1.0216721288722894
houses.csv,0.25,0.011551000000000256,0.010999999999999982,100,0.17413326222222225,0.9555812875759926
houses.csv,0.3,0.011332999999999094,0.0020000000000000018,100,0.1902544566666667,1.1385575115085387
houses.csv,0.35,0.0015926666666663536,0.009999999999999953,100,0.20500943444444444,1.16906976950653
houses.csv,0.4,0.008403333333331486,0.0010000000000000009,100,0.21971630555555557,1.051149643229636
houses.csv,0.44,0.013593333333333346,0.0050000000000000044,100,0.2220606788888889,1.0084668152610146
houses.csv,0.49,0.02260000000000084,0.01100000000000001,100,0.22594388444444444,1.0344257708174287
houses.csv,0.54,0.0023836666666660067,0.020000000000000018,100,0.22307177333333336,1.243657459284438
houses.csv,0.6,0.011251666666668658,0.0020000000000000018,100,0.21213953222222223,1.2793121845134992
houses.csv,0.65,0.019748333333330925,0.029000000000000026,100,0.20564744444444444,1.200348919461984
houses.csv,0.7,0.01091433333333025,0.013999999999999901,100,0.19341694555555558,1.0353279188821627
houses.csv,0.75,0.009543000000003299,0.008000000000000007,100,0.16936964888888892,1.2038146858466212
houses.csv,0.8,0.012259333333330735,0.019000000000000017,100,0.13719334555555554,1.126524035047753
houses.csv,0.85,0.01464866666666409,0.006000000000000005,100,0.11981826222222222,1.2655413373941706
houses.csv,0.9,0.02556266666666962,0.007000000000000006,100,0.09145796777777777,1.0021655742867963
houses.csv,0.95,0.010802000000003309,0.010000000000000009,100,0.05277494555555555,0.9015669573217956
ionosphere.csv,0.05,0.013723666666666752,0.05,100,0.04114822666666667,1.4306613258345158
ionosphere.csv,0.1,0.03911433333333329,0.07200000000000001,100,0.05177627111111112,1.6274717060167203
ionosphere.csv,0.15,0.003248333333333242,0.00899999999999998,100,0.08592117333333334,2.077613706346749
ionosphere.csv,0.2,0.03453266666666738,0.07800000000000001,100,0.0907106788888889,1.9950446832323785
ionosphere.csv,0.25,0.053310666666667644,0.08199999999999999,100,0.10456184333333335,1.987716595654486
ionosphere.csv,0.3,0.036273666666666426,0.01899999999999996,100,0.11863213777777776,2.0722375689539727
ionosphere.csv,0.35,0.011216000000001669,0.025000000000000022,100,0.1307507066666667,2.293259736395532
ionosphere.csv,0.4,0.028243333333333565,0.006000000000000005,100,0.13053051,2.4068414115903436
ionosphere.csv,0.44,0.08875400000000128,0.09499999999999997,100,0.13045845666666664,2.2696855944645753
ionosphere.csv,0.49,0.04033533333333378,0.025999999999999968,100,0.13998700444444442,2.420708007017365
ionosphere.csv,0.54,0.060522666666666336,0.04699999999999993,100,0.13827407111111112,2.3963783947766486
ionosphere.csv,0.6,0.11249033333333308,0.010000000000000009,100,0.11834141666666666,2.5982551628532433
ionosphere.csv,0.65,0.16926299999999955,0.02400000000000002,100,0.12431355555555557,2.6399785318057445
ionosphere.csv,0.7,0.06808766666666477,0.018999999999999906,100,0.13437677666666667,2.421202082715594
ionosphere.csv,0.75,0.06830099999999739,0.020000000000000018,100,0.11992975444444445,2.4966384916501307
ionosphere.csv,0.8,0.09719899999999604,0.015000000000000013,100,0.11251290111111112,2.563293969188767
ionosphere.csv,0.85,0.11196933333333658,0.038999999999999924,100,0.10349931000000001,2.4548455568480048
ionosphere.csv,0.9,0.09226700000000165,0.008000000000000007,100,0.07633367111111111,2.6453508802541563
ionosphere.csv,0.95,0.006269666666668838,0.013000000000000012,100,0.051846012222222224,2.210853784404224
ionosphere.csv,0.05,0.015151000000000081,0.034,100,0.03738770111111111,1.8823530365459262
ionosphere.csv,0.1,0.01627333333333339,0.031,100,0.059096909999999996,1.822491432398484
ionosphere.csv,0.15,0.03230466666666705,0.05499999999999999,100,0.06801211555555554,1.9198888451897747
ionosphere.csv,0.2,0.017461000000000948,0.063,100,0.09221744,2.1750083290272144
ionosphere.csv,0.25,0.06503166666666771,0.038000000000000006,100,0.10233716777777778,2.051106617580935
ionosphere.csv,0.3,0.03518666666666642,0.033999999999999975,100,0.11957507111111111,2.1884893160419585
ionosphere.csv,0.35,0.11611700000000016,0.023999999999999966,100,0.10546110666666668,2.322693164541027
ionosphere.csv,0.4,0.0425500000000002,0.020999999999999963,100,0.13162142666666665,2.2860649764575136
ionosphere.csv,0.44,0.012768333333332771,0.046999999999999986,100,0.13143075,2.519624976378215
ionosphere.csv,0.49,0.04979133333333352,0.019000000000000017,100,0.1428236388888889,2.380075979313406
ionosphere.csv,0.54,0.0831386666666667,0.018000000000000016,100,0.15255837666666666,2.252907136641188
ionosphere.csv,0.6,0.12227566666666623,0.04499999999999993,100,0.13190415444444445,2.539586698546576
ionosphere.csv,0.65,0.10343233333333235,0.008000000000000007,100,0.13599928444444445,2.4817682396657816
ionosphere.csv,0.7,0.1097089999999985,0.016000000000000014,100,0.11668600000000001,2.5709516352937074
ionosphere.csv,0.75,0.005694000000001975,0.11599999999999999,100,0.0987474788888889,2.5804939179203785
ionosphere.csv,0.8,0.09485899999999536,0.006000000000000005,100,0.10386477777777775,2.494982480089041
ionosphere.csv,0.85,0.08611433333333074,0.008000000000000007,100,0.09366237333333333,2.418478673884543
ionosphere.csv,0.9,0.13661566666666414,0.025000000000000022,100,0.09178362111111112,2.4891845080311015
ionosphere.csv,0.95,0.15815700000000454,0.06699999999999995,100,0.08796799555555557,2.5056270551315816
iris.2.csv,0.05,0.015654666666666803,0.008,100,0.05317341666666668,1.1328462256511969
iris.2.csv,0.1,0.028914333333332792,0.009000000000000008,100,0.07859073222222221,1.2578929201403435
iris.2.csv,0.15,0.00137800000000049,0.009999999999999981,100,0.1003384566666667,1.3291689678992074
iris.2.csv,0.2,0.010414999999998925,0.018000000000000016,100,0.12077171555555555,1.5626687760256146
iris.2.csv,0.25,0.013884000000001756,0.034,100,0.1449063233333333,1.5487020885368008
iris.2.csv,0.3,0.0068209999999999105,0.019999999999999962,100,0.15441010111111111,1.6160108363683143
iris.2.csv,0.35,0.06092233333333302,0.06399999999999995,100,0.1552992122222222,1.7364703271689208
iris.2.csv,0.4,0.01652833333333481,0.007000000000000006,100,0.18055073777777778,1.7414242516581393
iris.2.csv,0.44,0.05577633333333487,0.02200000000000002,100,0.17604673222222225,1.6950137713564741
iris.2.csv,0.49,0.015820000000001166,0.0010000000000000009,100,0.18621579888888884,1.893377322565963
iris.2.csv,0.54,0.012841999999999243,0.03300000000000003,100,0.18968587111111113,1.7968799512342353
iris.2.csv,0.6,0.12319499999999972,0.14099999999999996,100,0.18168475,1.826345922745685
iris.2.csv,0.65,0.057815666666667265,0.015000000000000013,100,0.17525633333333332,1.9308694324831799
iris.2.csv,0.7,0.0629713333333306,0.05500000000000005,100,0.16138553222222224,1.9662420765051059
iris.2.csv,0.75,0.1568943333333339,0.07999999999999996,100,0.15713766555555556,2.041756883479919
iris.2.csv,0.8,0.13443033333333332,0.06400000000000006,100,0.15742719444444445,1.8874740760716708
iris.2.csv,0.85,0.13363899999999573,0.07999999999999996,100,0.13314333333333334,1.8882702569130019
iris.2.csv,0.9,0.10055266666666884,0.0040000000000000036,100,0.10905198222222223,1.8686790174215329
iris.2.csv,0.95,0.09872299999999778,1.1102230246251565e-16,100,0.0834088888888889,1.6593373008872985
iris.2.csv,0.05,0.0330573333333333,0.005999999999999998,100,0.0600768211111111,1.2374050812503699
iris.2.csv,0.1,0.035884333333332796,0.022000000000000006,100,0.07438179888888889,1.2039070100002933
iris.2.csv,0.15,0.025943333333332652,0.01100000000000001,100,0.11861085666666665,1.292939366721414
iris.2.csv,0.2,0.014100000000001306,0.006000000000000005,100,0.11626214555555556,1.591464752139917
iris.2.csv,0.25,0.013800000000001755,0.032,100,0.13889458222222223,1.6939855534079868
iris.2.csv,0.3,0.013445999999999514,0.01100000000000001,100,0.15363063999999998,1.7087623850618099
iris.2.csv,0.35,0.05941599999999997,0.08999999999999997,100,0.16865723999999996,1.3905498467892397
iris.2.csv,0.4,0.03903666666666572,0.028000000000000025,100,0.17229455444444444,1.8394223089873747
iris.2.csv,0.44,0.05719866666666795,0.08100000000000002,100,0.1742544122222222,1.8161220231199438
iris.2.csv,0.49,0.028369333333334024,0.013999999999999957,100,0.18704743444444444,1.8813441227041048
iris.2.csv,0.54,0.06515000000000115,0.062,100,0.19105224888888891,1.7791952578130925
iris.2.csv,0.6,0.11508566666666681,0.10799999999999998,100,0.1827845511111111,1.9373241435730164
iris.2.csv,0.65,0.010544999999997584,0.014000000000000012,100,0.16686277777777775,1.938850614516447
iris.2.csv,0.7,0.10832000000000064,0.051999999999999935,100,0.16438588444444446,1.9636644272104884
iris.2.csv,0.75,0.1014253333333317,0.04899999999999993,100,0.15908188777777776,1.937988181375633
iris.2.csv,0.8,0.13258333333333328,0.08200000000000007,100,0.1401917777777778,2.0551436188411936
iris.2.csv,0.85,0.060916666666671726,0.008000000000000007,100,0.12652352888888888,1.7078579146341586
iris.2.csv,0.9,0.0681456666666671,0.038000000000000034,100,0.10753476777777778,1.707369911571314
iris.2.csv,0.95,0.11378966666666701,0.016999999999999904,100,0.09739068444444443,1.6779585576176017
iris.3.csv,0.05,0.015904000000000085,0.045000000000000005,100,0.02916782666666667,0.45306839599884924
iris.3.csv,0.1,0.0036396666666669852,0.057,100,0.06293938222222221,0.792468818590027
iris.3.csv,0.15,0.04301066666666725,0.074,100,0.08625899888888888,0.7288264321595189
iris.3.csv,0.2,0.03953733333333337,0.062,100,0.12974128444444447,0.8264711674371292
iris.3.csv,0.25,0.06418366666666794,0.097,100,0.14152921222222223,0.964757932345631
iris.3.csv,0.3,0.08916733333333438,0.123,100,0.15215199999999998,0.8806459126212924
iris.3.csv,0.35,0.08886733333333319,0.11999999999999997,100,0.17243477777777774,1.1697299722939656
iris.3.csv,0.4,0.08883433333333424,0.121,100,0.18443779555555553,1.2412591427179687
iris.3.csv,0.44,0.15376733333333298,0.15599999999999997,100,0.1783695066666667,1.2589112395482092
iris.3.csv,0.49,0.15405666666666873,0.178,100,0.18717208333333332,1.2667746698781364
iris.3.csv,0.54,0.07795100000000077,0.05500000000000005,100,0.2166244844444444,1.2297761893935084
iris.3.csv,0.6,0.10282799999999931,0.10499999999999998,100,0.22087734555555558,1.09739278016255
iris.3.csv,0.65,0.11071033333333258,0.10799999999999998,100,0.21515930666666666,1.254280393664979
iris.3.csv,0.7,0.16643266666666612,0.09099999999999997,100,0.1912325277777778,1.3941484906043815
iris.3.csv,0.75,0.18284866666666588,0.131,100,0.19652031555555557,1.3595894262845216
iris.3.csv,0.8,0.20370200000000027,0.121,100,0.18132859555555556,1.3831379695280326
iris.3.csv,0.85,0.1867796666666669,0.118,100,0.1719869544444445,1.2278764819370167
iris.3.csv,0.9,0.23207299999999886,0.04200000000000004,100,0.1458465733333333,1.2745171369191983
iris.3.csv,0.95,0.1661263333333327,0.02400000000000002,100,0.11401099888888892,1.2778570160393998
iris.3.csv,0.05,0.01490000000000008,0.036000000000000004,100,0.037227487777777776,0.5430098365727597
iris.3.csv,0.1,0.001969333333332879,0.042,100,0.07971786222222223,0.6162191449672735
iris.3.csv,0.15,0.03949533333333388,0.07999999999999999,100,0.08812630555555552,0.8432681923279514
iris.3.csv,0.2,0.06548566666666725,0.098,100,0.10909722111111114,0.9088441918858117
iris.3.csv,0.25,0.06468566666666795,0.101,100,0.13575344444444448,1.1519711136463413
iris.3.csv,0.3,0.06380000000000174,0.09399999999999997,100,0.16700271555555551,0.8931583101184382
iris.3.csv,0.35,0.08769599999999977,0.11099999999999996,100,0.17692372888888885,1.0741403218376724
iris.3.csv,0.4,0.08900166666666753,0.134,100,0.19019948777777781,1.1258666981283938
iris.3.csv,0.44,0.15318766666666678,0.173,100,0.17841829333333334,1.264489359425211
iris.3.csv,0.49,0.17833200000000088,0.197,100,0.18091155555555555,1.299454555470081
iris.3.csv,0.54,0.1253063333333348,0.10600000000000004,100,0.21301597666666672,1.2679670394897933
iris.3.csv,0.6,0.18430233333333462,0.172,100,0.2068336211111111,1.1669763092533496
iris.3.csv,0.65,0.15545200000000003,0.15900000000000003,100,0.2062871111111111,1.2848921167163143
iris.3.csv,0.7,0.19278799999999952,0.1409999999999999,100,0.19531622222222214,1.4420683874389137
iris.3.csv,0.75,0.23224599999999962,0.18399999999999994,100,0.19097562111111113,1.4199444744810552
iris.3.csv,0.8,0.18112799999999762,0.10199999999999998,100,0.17703472333333337,1.2971700488598041
iris.3.csv,0.85,0.2399336666666655,0.10599999999999998,100,0.17587713222222223,1.3786147405512614
iris.3.csv,0.9,0.10957766666667157,0.013000000000000012,100,0.1284133511111111,0.9604778257713219
iris.3.csv,0.95,0.16060833333333546,0.03799999999999992,100,0.12413148444444444,1.1819090696192502
jm1-processed.csv,0.05,0.8810966666666658,0.691,100,0.05536523053262487,2.7634810436246258
jm1-processed.csv,0.1,0.8888286666666706,0.44600000000000006,100,0.040631489252134986,2.70491186982478
jm1-processed.csv,0.15,0.8178143333333336,0.633,100,0.04513568268181441,2.6576490900439187
jm1-processed.csv,0.2,0.750780666666665,0.6950000000000001,100,0.051175955044313694,2.6022066569074656
jm1-processed.csv,0.25,0.7389123333333371,0.611,100,0.03670553796972465,2.5917895910292414
jm1-processed.csv,0.3,0.6172790000000019,0.5170000000000001,100,0.055434781989289875,2.6551376570370504
jm1-processed.csv,0.35,0.5924749999999975,0.499,100,0.05279258425930298,2.6016827665143896
jm1-processed.csv,0.4,0.5778593333333352,0.30499999999999994,100,0.04868974075781852,2.7380971861359122
jm1-processed.csv,0.44,0.5466526666666702,0.411,100,0.04111714015765029,2.652224361653963
jm1-processed.csv,0.49,0.4981593333333373,0.27,100,0.03179642397341026,2.6520453109990503
jm1-processed.csv,0.54,0.44866133333333713,0.33099999999999996,100,0.02856728188042258,2.558041323810073
jm1-processed.csv,0.6,0.3854820000000033,0.279,100,0.03347465291556724,2.4750747418905545
jm1-processed.csv,0.65,0.33698766666667024,0.122,100,0.038785031400829346,2.613248316049232
jm1-processed.csv,0.7,0.2724300000000015,0.264,100,0.028674397938043373,2.3718290703778124
jm1-processed.csv,0.75,0.23832666666667046,0.0,100,0.030151712763548905,2.6477331999271927
jm1-processed.csv,0.8,0.16556933333333346,0.136,100,0.03633658595679177,2.3426471025373354
jm1-processed.csv,0.85,0.1390796666666705,0.038000000000000034,100,0.025684139145968142,2.437295736374856
jm1-processed.csv,0.9,0.0864860000000035,0.008000000000000007,100,0.02742078558787639,2.5481553456865544
jm1-processed.csv,0.95,0.039832666666670846,0.009000000000000119,100,0.022517820710181723,2.4173648665553875
jm1-processed.csv,0.05,0.9376573333333368,0.6819999999999999,100,0.04007538517272894,2.675129400745944
jm1-processed.csv,0.1,0.8884100000000039,0.531,100,0.03743703061894309,2.7927502469384424
jm1-processed.csv,0.15,0.8383266666666704,0.566,100,0.0358593050533488,2.7161169443890376
jm1-processed.csv,0.2,0.787824333333337,0.6819999999999999,100,0.03917612312801124,2.576292732779972
jm1-processed.csv,0.25,0.7291163333333363,0.607,100,0.04415490936382499,2.6030994576609268
jm1-processed.csv,0.3,0.6848953333333365,0.51,100,0.04191597519072152,2.6380214812582583
jm1-processed.csv,0.35,0.6301243333333357,0.491,100,0.04333278528868855,2.608972995449415
jm1-processed.csv,0.4,0.5865693333333369,0.582,100,0.04074800340700922,2.5037913006455392
jm1-processed.csv,0.44,0.5466530000000036,0.34,100,0.041321470630126964,2.6622487121923992
jm1-processed.csv,0.49,0.497071333333337,0.18400000000000005,100,0.03572471411005886,2.678198259198606
jm1-processed.csv,0.54,0.4460673333333367,0.367,100,0.040136615704812646,2.5210892779540135
jm1-processed.csv,0.6,0.3708403333333342,0.29900000000000004,100,0.03773821721290932,2.483339705487494
jm1-processed.csv,0.65,0.29238666666666346,0.17300000000000004,100,0.04782478378530427,2.555627886614476
jm1-processed.csv,0.7,0.28631866666667016,0.20000000000000007,100,0.033809234018904684,2.524412048642751
jm1-processed.csv,0.75,0.23305566666666944,0.13,100,0.02846575469784045,2.5515030771567337
jm1-processed.csv,0.8,0.16598766666666687,0.15300000000000002,100,0.038444489650196895,2.357544790695378
jm1-processed.csv,0.85,0.13121500000000252,0.026000000000000023,100,0.031969378888823535,2.5394423724866004
jm1-processed.csv,0.9,0.07117500000000099,0.009000000000000008,100,0.03147729803504272,2.5181442526625264
jm1-processed.csv,0.95,0.015485666666666842,0.04300000000000004,100,0.03140541040088297,2.16752761051104
kdd_JapaneseVowels.csv,0.05,0.01490000000000008,0.028000000000000004,100,0.032885462222222224,0.937603031556031
kdd_JapaneseVowels.csv,0.1,0.01660800000000004,0.027999999999999997,100,0.06050718222222223,1.1233348222607158
kdd_JapaneseVowels.csv,0.15,0.02368166666666713,0.03299999999999999,100,0.08782819888888888,1.0724625473978049
kdd_JapaneseVowels.csv,0.2,0.014016333333334574,0.0030000000000000027,100,0.11899640444444443,1.485736852811306
kdd_JapaneseVowels.csv,0.25,0.0321116666666679,0.0030000000000000027,100,0.13743530999999998,1.4805043713723693
kdd_JapaneseVowels.csv,0.3,0.03886733333333314,0.024999999999999967,100,0.15497310666666664,1.4972483881307823
kdd_JapaneseVowels.csv,0.35,0.03497133333333441,0.008999999999999952,100,0.17186077333333333,1.6166639239688052
kdd_JapaneseVowels.csv,0.4,0.039538666666665556,0.006000000000000005,100,0.18132526222222223,1.6963227010297104
kdd_JapaneseVowels.csv,0.44,0.052842333333335045,0.0040000000000000036,100,0.1662892122222222,1.9813033975480974
kdd_JapaneseVowels.csv,0.49,0.04744533333333312,0.0030000000000000027,100,0.18491153777777783,1.9489126607379987
kdd_JapaneseVowels.csv,0.54,0.05975833333333286,0.015000000000000013,100,0.17726304888888886,2.0890500695208223
kdd_JapaneseVowels.csv,0.6,0.05016833333333204,0.0010000000000000009,100,0.18511042111111112,2.011212525707888
kdd_JapaneseVowels.csv,0.65,0.04420466666666545,0.019000000000000017,100,0.17489414555555552,2.087676154204475
kdd_JapaneseVowels.csv,0.7,0.050337666666665504,0.008999999999999897,100,0.1694242844444444,2.048943262770409
kdd_JapaneseVowels.csv,0.75,0.046276999999996016,0.038000000000000034,100,0.14526525666666668,2.2191712699861523
kdd_JapaneseVowels.csv,0.8,0.042391333333332115,0.008000000000000007,100,0.13725155555555554,2.1392118944997787
kdd_JapaneseVowels.csv,0.85,0.035732666666668855,0.026000000000000023,100,0.10669599555555558,2.062256321533524
kdd_JapaneseVowels.csv,0.9,0.055759666666664764,0.0020000000000000018,100,0.09412075,2.0697155806101284
kdd_JapaneseVowels.csv,0.95,0.05874300000000077,0.006000000000000116,100,0.06647252777777778,1.859233147123664
kdd_JapaneseVowels.csv,0.05,0.01490000000000008,0.034,100,0.033782871111111105,0.8445181780253824
kdd_JapaneseVowels.csv,0.1,0.005563999999999611,0.017,100,0.06904511111111111,0.9892194988534008
kdd_JapaneseVowels.csv,0.15,0.025104000000000418,0.030999999999999986,100,0.08965063444444445,0.9376030315566779
kdd_JapaneseVowels.csv,0.2,0.014685666666667957,0.0040000000000000036,100,0.11673411555555555,1.4471843786837617
kdd_JapaneseVowels.csv,0.25,0.038747333333334355,0.010999999999999982,100,0.13627546222222223,1.6493217590055873
kdd_JapaneseVowels.csv,0.3,0.03535333333333307,0.01599999999999996,100,0.15094569333333335,1.4899640871273148
kdd_JapaneseVowels.csv,0.35,0.037659333333334266,0.02899999999999997,100,0.17890495111111107,1.5170994856901419
kdd_JapaneseVowels.csv,0.4,0.04087866666666573,0.0030000000000000027,100,0.17576944444444442,1.75055113517499
kdd_JapaneseVowels.csv,0.44,0.03075600000000167,0.0020000000000000018,100,0.1840023677777778,1.8983093716747121
kdd_JapaneseVowels.csv,0.49,0.055895666666665955,0.01599999999999996,100,0.18880419555555553,1.8867901442154982
kdd_JapaneseVowels.csv,0.54,0.06762999999999941,0.0030000000000000027,100,0.20026096,1.7474268334869696
kdd_JapaneseVowels.csv,0.6,0.056108666666665585,0.009000000000000008,100,0.17412186111111108,2.168081855878299
kdd_JapaneseVowels.csv,0.65,0.03740899999999803,0.01200000000000001,100,0.18155944888888886,1.8484488238802936
kdd_JapaneseVowels.csv,0.7,0.059875666666663885,0.013000000000000012,100,0.1646235766666667,2.14272200918997
kdd_JapaneseVowels.csv,0.75,0.037403999999994775,0.007000000000000006,100,0.1505563677777778,2.148795958929226
kdd_JapaneseVowels.csv,0.8,0.011756333333338254,0.016000000000000014,100,0.13200024333333335,2.088600420514144
kdd_JapaneseVowels.csv,0.85,0.06108466666667178,0.0040000000000000036,100,0.11730344444444445,2.2861707185055336
kdd_JapaneseVowels.csv,0.9,0.054504333333330934,0.0050000000000000044,100,0.09154193222222222,2.1224515759009064
kdd_JapaneseVowels.csv,0.95,0.010216000000003334,0.03700000000000003,100,0.04592064333333333,2.281670405454487
kin8nm.csv,0.05,0.025770333333333447,0.034,100,0.0473673011111111,2.7131775211008446
kin8nm.csv,0.1,0.06822900000000012,0.059000000000000004,100,0.05221875000000001,2.674618829783179
kin8nm.csv,0.15,0.13673566666666676,0.11400000000000002,100,0.04840511111111111,2.832330494640037
kin8nm.csv,0.2,0.12348733333333341,0.013000000000000012,100,0.06257165666666667,2.8124247798641675
kin8nm.csv,0.25,0.10086000000000026,0.01899999999999999,100,0.07031680444444445,2.806370074322254
kin8nm.csv,0.3,0.2544046666666668,0.009000000000000008,100,0.06634258222222222,2.847287827264654
kin8nm.csv,0.35,0.27676233333333317,0.020000000000000018,100,0.06979419555555556,2.8139919198523438
kin8nm.csv,0.4,0.2968546666666664,0.02200000000000002,100,0.07048894555555556,2.8922271404491635
kin8nm.csv,0.44,0.13993866666666704,0.0,100,0.07360028777777777,2.913014910703091
kin8nm.csv,0.49,0.10089566666666716,0.05399999999999999,100,0.08013548444444445,2.890700555571733
kin8nm.csv,0.54,0.26027866666666655,0.14300000000000002,100,0.07289648444444445,2.8796364922618944
kin8nm.csv,0.6,0.1355340000000005,0.006000000000000005,100,0.07991494555555556,2.886480350731553
kin8nm.csv,0.65,0.3259286666666692,0.038000000000000034,100,0.06373788777777778,2.875105684501246
kin8nm.csv,0.7,0.23396566666666863,0.10899999999999999,100,0.07111175444444444,2.93423602106264
kin8nm.csv,0.75,0.22869566666666907,0.039000000000000035,100,0.06057355555555555,2.856759931853962
kin8nm.csv,0.8,0.12256199999999995,0.0050000000000000044,100,0.06495476777777777,2.8171846523755115
kin8nm.csv,0.85,0.09802066666666653,0.03400000000000003,100,0.05561755555555555,2.7847105704557875
kin8nm.csv,0.9,0.07158166666666788,0.039000000000000035,100,0.049634728888888875,2.7333599932773063
kin8nm.csv,0.95,0.036569333333337006,0.002000000000000113,100,0.04084510666666666,2.6679887226621326
kin8nm.csv,0.05,0.012777666666666791,0.05,100,0.045106804444444454,2.6075289912570137
kin8nm.csv,0.1,0.08799133333333344,0.087,100,0.042095662222222226,2.838739876119786
kin8nm.csv,0.15,0.13497633333333345,0.010000000000000009,100,0.05458566666666667,2.7913669617992993
kin8nm.csv,0.2,0.18589933333333344,0.03900000000000001,100,0.05489363888888888,2.8033848014817218
kin8nm.csv,0.25,0.18822466666666668,0.031000000000000028,100,0.06506298999999999,2.872007304845968
kin8nm.csv,0.3,0.27869633333333343,0.051000000000000045,100,0.06032971,2.8790742869853125
kin8nm.csv,0.35,0.2677073333333333,0.08499999999999996,100,0.06614644,2.8890070661237086
kin8nm.csv,0.4,0.13736966666666733,0.01799999999999996,100,0.07617011,2.88768572945905
kin8nm.csv,0.44,0.017400666666667564,0.04099999999999998,100,0.08164670666666668,2.9006344789517464
kin8nm.csv,0.49,0.009351333333333378,0.016000000000000014,100,0.06555401222222222,2.897298446690376
kin8nm.csv,0.54,0.43559533333333567,0.10099999999999998,100,0.06031291,2.8194604093148894
kin8nm.csv,0.6,0.05359633333333291,0.09599999999999997,100,0.07679979,2.940339767844025
kin8nm.csv,0.65,0.13243633333333393,0.03200000000000003,100,0.07581411555555556,2.864459553873102
kin8nm.csv,0.7,0.060654333333333255,0.009000000000000008,100,0.07659032333333333,2.826779494148649
kin8nm.csv,0.75,0.10287600000000063,0.040000000000000036,100,0.07136202666666666,2.8561798511203746
kin8nm.csv,0.8,0.17802166666666885,0.07400000000000007,100,0.05745756,2.8290146263201073
kin8nm.csv,0.85,0.08478433333333257,0.11099999999999999,100,0.05437484000000001,2.6683620196873528
kin8nm.csv,0.9,0.07551633333333496,0.040000000000000036,100,0.05163108444444444,2.803834872801418
kin8nm.csv,0.95,0.028454000000001978,0.050000000000000044,100,0.03687993777777778,2.5404174087829983
letter-recognition.csv,0.05,0.1302833333333322,0.023000000000000003,100,0.08074802666666668,2.253934915030137
letter-recognition.csv,0.1,0.10296766666666568,0.01100000000000001,100,0.10587432333333334,2.1837114367801713
letter-recognition.csv,0.15,0.08619999999999825,0.0050000000000000044,100,0.12581586111111112,2.143461949361752
letter-recognition.csv,0.2,0.05937566666666594,0.019000000000000017,100,0.14236133777777776,1.9178741495921758
letter-recognition.csv,0.25,0.1307933333333321,0.016000000000000014,100,0.16016615444444443,2.1023533742987484
letter-recognition.csv,0.3,0.04933333333333306,0.030999999999999972,100,0.16520121777777774,2.16954355989204
letter-recognition.csv,0.35,0.0901283333333342,0.010999999999999954,100,0.16916285666666667,2.278365354438495
letter-recognition.csv,0.4,0.08865733333333192,0.029000000000000026,100,0.16730466222222226,2.386103342344644
letter-recognition.csv,0.44,0.09845300000000073,0.017000000000000015,100,0.17787442111111115,2.151009697732868
letter-recognition.csv,0.49,0.0714613333333346,0.02300000000000002,100,0.19093301777777774,1.9392563091014827
letter-recognition.csv,0.54,0.07661366666666891,0.01100000000000001,100,0.16470383444444447,2.2475233162069927
letter-recognition.csv,0.6,0.06758466666666696,0.02499999999999991,100,0.15672284000000003,2.1266120842094556
letter-recognition.csv,0.65,0.05514533333333793,0.02400000000000002,100,0.1626771111111111,1.9169110613163514
letter-recognition.csv,0.7,0.06304700000000263,0.018000000000000016,100,0.14200769333333332,1.999545432715337
letter-recognition.csv,0.75,0.03899966666666155,0.015000000000000013,100,0.13219584,1.7901143382276732
letter-recognition.csv,0.8,0.03819633333333661,0.031000000000000028,100,0.11182224333333333,1.6755025547821678
letter-recognition.csv,0.85,0.021843333333330106,0.026000000000000023,100,0.08541131555555553,1.4608289444407694
letter-recognition.csv,0.9,0.022046333333334278,0.026000000000000023,100,0.05398713222222222,1.4690417867156509
letter-recognition.csv,0.95,0.014899999999999913,0.014000000000000012,100,0.038025159999999995,1.3750086110263933
letter-recognition.csv,0.05,0.09964499999999983,0.013999999999999999,100,0.07983710666666667,2.1469606754382022
letter-recognition.csv,0.1,0.06437933333333268,0.006000000000000005,100,0.09771646555555553,2.0492146665206854
letter-recognition.csv,0.15,0.08661799999999831,0.014999999999999986,100,0.12122130111111112,2.247419534937836
letter-recognition.csv,0.2,0.06883000000000034,0.02400000000000002,100,0.14324611000000004,2.080211965961173
letter-recognition.csv,0.25,0.0984953333333331,0.016999999999999987,100,0.15308960444444442,2.2482679566029935
letter-recognition.csv,0.3,0.07886833333333254,0.01599999999999996,100,0.17059015444444442,1.9759854151817893
letter-recognition.csv,0.35,0.05731199999999825,0.033999999999999975,100,0.1751442433333333,2.190104464882726
letter-recognition.csv,0.4,0.09496466666666659,0.013000000000000012,100,0.18409547888888889,2.099162555776117
letter-recognition.csv,0.44,0.09912233333333403,0.02899999999999997,100,0.1763446788888889,2.1534267416051383
letter-recognition.csv,0.49,0.0722980000000013,0.05099999999999999,100,0.18033134555555552,2.0497087519147708
letter-recognition.csv,0.54,0.07334766666666881,0.01200000000000001,100,0.18507488888888887,1.9358287244688184
letter-recognition.csv,0.6,0.07960133333333586,0.0050000000000000044,100,0.15317183999999998,2.0706335338076585
letter-recognition.csv,0.65,0.06761933333333803,0.010000000000000009,100,0.15440210111111108,1.9713346189674725
letter-recognition.csv,0.7,0.0386163333333297,0.017999999999999905,100,0.1440601111111111,1.8353531012507127
letter-recognition.csv,0.75,0.038915999999994844,0.009000000000000008,100,0.1389389722222222,1.663132792229769
letter-recognition.csv,0.8,0.037275666666669705,0.019000000000000017,100,0.10924638222222219,1.687811714701549
letter-recognition.csv,0.85,0.013473333333329451,0.016000000000000014,100,0.0903926788888889,1.6440886464591413
letter-recognition.csv,0.9,0.0017986666666669482,0.025000000000000022,100,0.06646222222222224,1.5296727944732178
letter-recognition.csv,0.95,0.014899999999999913,0.025000000000000022,100,0.03412986111111112,1.0788173185973984
magic.csv,0.05,0.01531833333333342,0.033,100,0.03173762111111111,2.2160527688761125
magic.csv,0.1,0.027160999999999602,0.017,100,0.07008737333333334,2.317660194584782
magic.csv,0.15,0.005155999999999605,0.00799999999999998,100,0.07420090111111112,2.419175431009109
magic.csv,0.2,0.011000999999998956,0.0040000000000000036,100,0.10266716777777775,2.324354226716058
magic.csv,0.25,0.039330333333334355,0.02100000000000002,100,0.09509041222222223,2.5790319686098186
magic.csv,0.3,0.05702300000000149,0.0050000000000000044,100,0.10119675111111112,2.6229959700119636
magic.csv,0.35,0.011380000000001667,0.016000000000000014,100,0.11911410111111113,2.65481799374294
magic.csv,0.4,0.09519533333333391,0.017000000000000015,100,0.11619631555555555,2.690353327057209
magic.csv,0.44,0.19150100000000114,0.11499999999999999,100,0.11073006222222224,2.6229874838819516
magic.csv,0.49,0.07824066666666835,0.019999999999999962,100,0.1408598488888889,2.5733494158526113
magic.csv,0.54,0.054666666666667085,0.030000000000000027,100,0.14420935444444447,2.6431846398313175
magic.csv,0.6,0.11260000000000142,0.03199999999999992,100,0.1309968566666667,2.725289338351747
magic.csv,0.65,0.08728366666666532,0.0020000000000000018,100,0.12592522222222222,2.7618664052502764
magic.csv,0.7,0.1887719999999996,0.038999999999999924,100,0.11443953777777778,2.821677022124877
magic.csv,0.75,0.15160733333333298,0.03500000000000003,100,0.13009066666666666,2.616138471409482
magic.csv,0.8,0.09485099999999569,0.01200000000000001,100,0.10285698222222223,2.7679916874426436
magic.csv,0.85,0.15756766666666344,0.04699999999999993,100,0.10488966666666669,2.754326814184614
magic.csv,0.9,0.19050066666666188,0.08799999999999997,100,0.10184519444444447,2.669988991048075
magic.csv,0.95,0.16001433333333615,0.04599999999999993,100,0.08660855555555555,2.603310833856728
magic.csv,0.05,0.010300000000000017,0.0040000000000000036,100,0.04651097333333334,2.2759687905086623
magic.csv,0.1,0.008575666666665913,0.0059999999999999915,100,0.06323018222222221,2.3708778641991026
magic.csv,0.15,0.008530999999999928,0.0050000000000000044,100,0.08288509333333334,2.3900831095722888
magic.csv,0.2,0.01955266666666758,0.0020000000000000018,100,0.09120667111111111,2.3239464402639416
magic.csv,0.25,0.045173666666667806,0.013000000000000012,100,0.09265167111111113,2.5724052001930224
magic.csv,0.3,0.04765233333333413,0.02400000000000002,100,0.11424444000000002,2.5129373248781555
magic.csv,0.35,0.023764666666666434,0.07500000000000001,100,0.13298604888888887,2.6355870295405572
magic.csv,0.4,0.11853699999999967,0.05299999999999999,100,0.10211743999999998,2.706392093200181
magic.csv,0.44,0.08547899999999986,0.007000000000000006,100,0.11863815444444445,2.7316138026357835
magic.csv,0.49,0.09620800000000151,0.020000000000000018,100,0.11569177333333334,2.726862277371213
magic.csv,0.54,0.07903866666666748,0.006000000000000005,100,0.13658543444444446,2.641469614974949
magic.csv,0.6,0.17662800000000056,0.07099999999999995,100,0.11083075,2.847679398359521
magic.csv,0.65,0.1100409999999995,0.008000000000000007,100,0.12682526222222223,2.6313456716022166
magic.csv,0.7,0.13510833333333194,0.017999999999999905,100,0.11994857333333334,2.7771628194817835
magic.csv,0.75,0.17924933333333248,0.09299999999999997,100,0.13197344333333333,2.6664754918930043
magic.csv,0.8,0.19757533333333244,0.07300000000000006,100,0.1256266666666667,2.631777415496328
magic.csv,0.85,0.13037566666666345,0.02199999999999991,100,0.10763397666666669,2.6827871685738023
magic.csv,0.9,0.2604599999999977,0.18300000000000005,100,0.10254570111111111,2.8064102308214065
magic.csv,0.95,0.16833499999999968,0.07399999999999995,100,0.0955056388888889,2.473669961229142
mammographic.csv,0.05,0.13555499999999893,0.102,100,0.10576184709634667,2.054214557948164
mammographic.csv,0.1,0.16874633333333364,0.127,100,0.12700390232236713,2.0079454989838483
mammographic.csv,0.15,0.09824799999999878,0.08200000000000002,100,0.128467586261678,1.9964005547979222
mammographic.csv,0.2,0.0641446666666664,0.063,100,0.12365614146809652,2.2853488233544272
mammographic.csv,0.25,0.08887199999999829,0.045999999999999985,100,0.15936281979175485,2.134870107031688
mammographic.csv,0.3,0.0975779999999985,0.08500000000000002,100,0.15157816832544302,2.1406451936022335
mammographic.csv,0.35,0.08485733333333428,0.07900000000000001,100,0.1487991585654928,2.472950013478363
mammographic.csv,0.4,0.0739289999999988,0.03899999999999998,100,0.1710168452522135,2.098591188399323
mammographic.csv,0.44,0.002381666666665505,0.061,100,0.14690277721447104,2.3709745845076324
mammographic.csv,0.49,0.037660000000000915,0.03400000000000003,100,0.14605863106811312,2.3865441175839703
mammographic.csv,0.54,0.1048919999999991,0.067,100,0.14803466881456567,2.4414146670522268
mammographic.csv,0.6,0.04891100000000226,0.08200000000000007,100,0.14961185616438577,2.3545165890756867
mammographic.csv,0.65,0.0592416666666673,0.041000000000000036,100,0.16023632958216524,2.323182411440159
mammographic.csv,0.7,0.08003966666666407,0.08699999999999997,100,0.15486943640843254,2.3433140302233566
mammographic.csv,0.75,0.019666333333329122,0.029000000000000026,100,0.13870630021975872,2.264778249424629
mammographic.csv,0.8,0.08639999999999515,0.008000000000000007,100,0.1318987629353215,2.353026059357237
mammographic.csv,0.85,0.13322066666666266,0.08499999999999996,100,0.1358100963958475,2.332284643245339
mammographic.csv,0.9,0.13695299999999744,0.07499999999999996,100,0.11801033162895408,2.3424764764932138
mammographic.csv,0.95,0.12149533333333395,0.02299999999999991,100,0.08470266271626267,2.116549295659885
mammographic.csv,0.05,0.13463333333333227,0.111,100,0.11222566953496474,1.8395522075301576
mammographic.csv,0.1,0.08329266666666563,0.022999999999999993,100,0.09810534097948316,1.9232010390774938
mammographic.csv,0.15,0.07018066666666528,0.049000000000000016,100,0.1068530625095679,2.1668671755997204
mammographic.csv,0.2,0.12418399999999863,0.14200000000000002,100,0.13330987524820903,2.3470560607891393
mammographic.csv,0.25,0.09597833333333272,0.08900000000000002,100,0.13653229029710043,2.3394102354757944
mammographic.csv,0.3,0.062386000000000275,0.056999999999999995,100,0.14946005066890117,2.210312398235335
mammographic.csv,0.35,0.03397266666666515,0.004999999999999949,100,0.17839634576946967,1.9012243534754931
mammographic.csv,0.4,0.05476966666666627,0.061,100,0.1587751680973956,2.3122165319890313
mammographic.csv,0.44,0.04073733333333357,0.05399999999999999,100,0.17272649795838863,2.258723714808562
mammographic.csv,0.49,0.013362333333333032,0.0040000000000000036,100,0.16319748829349315,2.412392382546382
mammographic.csv,0.54,0.0020489999999993014,0.027000000000000024,100,0.1662878724913293,2.3740199666275035
mammographic.csv,0.6,0.04096499999999881,0.06099999999999994,100,0.1540813600754981,2.4397413415417093
mammographic.csv,0.65,0.05798233333333369,0.010000000000000009,100,0.15594392168436966,2.307841873014891
mammographic.csv,0.7,0.10454099999999988,0.11199999999999999,100,0.1523914600713549,2.350864787158842
mammographic.csv,0.75,0.12644466666666465,0.08099999999999996,100,0.14403807645896163,2.4508484756735083
mammographic.csv,0.8,0.14657166666666566,0.06600000000000006,100,0.15791233032823462,2.195001186136634
mammographic.csv,0.85,0.19531599999999893,0.14400000000000002,100,0.14524050242388425,2.2714618918217853
mammographic.csv,0.9,0.14230733333333212,0.07599999999999996,100,0.11931710765101254,2.372456691983012
mammographic.csv,0.95,0.14049833333333606,0.028999999999999915,100,0.10298296552491724,2.171046261536536
mozilla.csv,0.05,0.010300000000000017,0.006999999999999999,100,0.04853513222222222,1.2690688098136322
mozilla.csv,0.1,0.0037233333333336616,0.0050000000000000044,100,0.06395919444444445,1.7590152267050425
mozilla.csv,0.15,0.014648333333333902,0.01899999999999999,100,0.09664392333333333,1.5067495908531374
mozilla.csv,0.2,0.01334700000000133,0.024999999999999994,100,0.1380993822222222,1.464524143403814
mozilla.csv,0.25,0.06451833333333462,0.044999999999999984,100,0.12815719444444448,1.616757265452637
mozilla.csv,0.3,0.06380000000000174,0.01599999999999996,100,0.15907290111111108,1.6409570535231763
mozilla.csv,0.35,0.034804000000001056,0.013999999999999957,100,0.1943714344444445,1.4722211300076637
mozilla.csv,0.4,0.06154400000000182,0.02400000000000002,100,0.1909013011111111,1.58447584337722
mozilla.csv,0.44,0.024553333333334704,0.038000000000000034,100,0.20693408333333335,1.650011407675437
mozilla.csv,0.49,0.07037000000000099,0.021999999999999964,100,0.21352888888888888,1.4126343104787953
mozilla.csv,0.54,4.266666666741248e-05,0.02400000000000002,100,0.2122220655555556,1.5496008760752344
mozilla.csv,0.6,0.05485366666666602,0.01100000000000001,100,0.2148714877777778,1.4551612175049757
mozilla.csv,0.65,0.03749099999999794,0.01100000000000001,100,0.20630519444444448,1.3171149967394356
mozilla.csv,0.7,0.10966200000000081,0.038999999999999924,100,0.1995891944444444,1.580606226884707
mozilla.csv,0.75,0.08182699999999965,0.008000000000000007,100,0.17781135444444446,1.4703092542282346
mozilla.csv,0.8,0.07995766666666348,0.0040000000000000036,100,0.16606519444444448,1.2355857007534552
mozilla.csv,0.85,0.08678566666666399,0.006000000000000005,100,0.14649459,1.2512477407774076
mozilla.csv,0.9,0.09861733333333711,0.02400000000000002,100,0.13251455555555552,1.0733174060859343
mozilla.csv,0.95,0.15323233333333586,0.029999999999999916,100,0.1262569288888889,1.2797864606358762
mozilla.csv,0.05,0.01490000000000008,0.015,100,0.032501671111111116,1.1236929712063997
mozilla.csv,0.1,0.032955333333332865,0.0030000000000000027,100,0.07461615444444444,1.4282387632973004
mozilla.csv,0.15,0.00137800000000049,0.006000000000000005,100,0.10862563888888889,1.5448808661414382
mozilla.csv,0.2,0.013514333333334627,0.024999999999999994,100,0.1371078788888889,1.4260312598086298
mozilla.csv,0.25,0.013884000000001756,0.0050000000000000044,100,0.15573344888888888,1.5331713640945914
mozilla.csv,0.3,0.06380000000000174,0.01899999999999996,100,0.15732491555555556,1.6843876332833554
mozilla.csv,0.35,0.010120666666668332,0.031000000000000028,100,0.19580535444444438,1.5033581669537688
mozilla.csv,0.4,0.04932766666666699,0.013000000000000012,100,0.19985481222222226,1.4609547083854788
mozilla.csv,0.44,0.07828366666666536,0.04299999999999998,100,0.19913458222222225,1.5574212665444314
mozilla.csv,0.49,0.07664633333333482,0.0050000000000000044,100,0.20265667888888889,1.6390911280606164
mozilla.csv,0.54,0.0012123333333327047,0.041999999999999926,100,0.2089180122222222,1.631285571432858
mozilla.csv,0.6,0.03561033333333241,0.01100000000000001,100,0.20860999555555554,1.4524809372947183
mozilla.csv,0.65,0.05840200000000084,0.01100000000000001,100,0.20447666666666664,1.4192951884648872
mozilla.csv,0.7,0.03711666666666702,0.03600000000000003,100,0.18416850666666665,1.4856528076251605
mozilla.csv,0.75,0.0614163333333303,0.020000000000000018,100,0.17645492888888895,1.4143128698345975
mozilla.csv,0.8,0.11150033333333031,0.04800000000000004,100,0.18308143444444444,1.298881401563402
mozilla.csv,0.85,0.06083300000000513,0.0010000000000000009,100,0.13962297222222225,1.125508695621006
mozilla.csv,0.9,0.08623500000000217,0.014000000000000012,100,0.12030483999999998,1.0992969561429677
mozilla.csv,0.95,0.08378233333333462,0.015999999999999903,100,0.09599097222222222,1.1183923811917158
namao.csv,0.05,0.06192266666666614,0.010000000000000002,100,0.06901261777777778,1.8438235324720673
namao.csv,0.1,0.03554099999999935,0.035,100,0.09059269333333334,1.8276239919314496
namao.csv,0.15,0.03648566666666542,0.04999999999999999,100,0.12588156777777773,1.6645091906449412
namao.csv,0.2,0.07109033333333359,0.04600000000000001,100,0.15413431555555557,1.8625820866160931
namao.csv,0.25,0.062003999999999115,0.07200000000000001,100,0.16784300287777776,1.846748626323009
namao.csv,0.3,0.012003999999999126,0.10999999999999999,100,0.1750514788888889,1.7744141445152974
namao.csv,0.35,0.008788000000001073,0.12299999999999997,100,0.1839356538222222,1.8099270041111706
namao.csv,0.4,0.03636333333333441,0.09400000000000003,100,0.18426668777777772,2.0803491532347413
namao.csv,0.44,0.08305833333333384,0.07800000000000001,100,0.19994477333333333,1.7431252648226891
namao.csv,0.49,0.04828566666666734,0.122,100,0.20528266666666667,1.776457217070338
namao.csv,0.54,0.05058933333333249,0.09600000000000003,100,0.19208651000000004,1.8137665621719463
namao.csv,0.6,0.014020000000002475,0.12099999999999994,100,0.19063811111111112,1.6649824098898167
namao.csv,0.65,0.044261333333336594,0.07200000000000006,100,0.16565253298611116,1.78238660741511
namao.csv,0.7,0.03811433333333125,0.08599999999999997,100,0.15374587888888885,1.5222042707679084
namao.csv,0.75,0.024383999999999406,0.08399999999999996,100,0.1490801111111111,1.5777837415685374
namao.csv,0.8,0.01409999999999767,0.06900000000000006,100,0.13144822222222222,1.3681535634133997
namao.csv,0.85,0.009791333333330154,0.08399999999999996,100,0.11724611000000001,1.2920428838857756
namao.csv,0.9,0.03639400000000048,0.027000000000000024,100,0.07502662666666668,0.9942273268050256
namao.csv,0.95,0.010300000000003418,0.007999999999999896,100,0.045310039999999996,0.9168038959264833
namao.csv,0.05,0.08277033333333271,0.0020000000000000018,100,0.08449929333333335,1.7472756688346538
namao.csv,0.1,0.06337299999999935,0.013999999999999999,100,0.1062975511111111,1.9543249070331068
namao.csv,0.15,0.036234666666665416,0.062,100,0.12132103337777775,1.5903946632452908
namao.csv,0.2,0.036199999999998234,0.07300000000000001,100,0.14289102666666667,1.8702293594323305
namao.csv,0.25,0.04743799999999948,0.07100000000000001,100,0.1609888211111111,2.0662828512849547
namao.csv,0.3,0.06573266666666766,0.06999999999999998,100,0.1821148888888889,1.9843587219089827
namao.csv,0.35,0.039505333333331505,0.11199999999999996,100,0.18955528262222224,1.8706888494757488
namao.csv,0.4,0.03703266666666771,0.11699999999999999,100,0.18611122666666663,1.989343089558287
namao.csv,0.44,0.03493366666666531,0.09899999999999998,100,0.20514970111111114,1.6957984773204684
namao.csv,0.49,0.06936966666666766,0.10599999999999998,100,0.19789243977749432,1.7824455487415758
namao.csv,0.54,0.05436833333333291,0.10500000000000004,100,0.19610914182222225,1.7497178515939158
namao.csv,0.6,0.03920400000000279,0.11599999999999999,100,0.18976388888888887,1.656987927077277
namao.csv,0.65,0.01355499999999965,0.122,100,0.18804334555555557,1.6058749957696643
namao.csv,0.7,0.006065666666671188,0.121,100,0.16953978999999997,1.6842956861437837
namao.csv,0.75,0.03799199999999514,0.08599999999999997,100,0.15549987888888891,1.311508632500126
namao.csv,0.8,0.0110840000000052,0.11699999999999999,100,0.1394054166666667,1.4811031593996142
namao.csv,0.85,0.017744333333331475,0.11299999999999999,100,0.11795352333333334,1.5418999404955323
namao.csv,0.9,0.007571666666667642,0.02300000000000002,100,0.06830182666666668,1.168794531326013
namao.csv,0.95,0.010885666666669791,0.025999999999999912,100,0.05275721777777776,0.9174961106167941
occupancy.csv,0.05,0.020172666666666755,0.0010000000000000009,100,0.05525731555555554,0.6270762106072016
occupancy.csv,0.1,0.013930999999999374,0.0010000000000000009,100,0.09854472333333333,0.680929998332718
occupancy.csv,0.15,0.0017303333333330562,0.0050000000000000044,100,0.1267243322222222,0.6933413481047761
occupancy.csv,0.2,0.010832666666665602,0.0020000000000000018,100,0.15607919444444446,1.1989508873520043
occupancy.csv,0.25,0.013884000000001756,0.01899999999999999,100,0.17709783999999998,0.9402136585442418
occupancy.csv,0.3,0.011920999999999127,0.006000000000000005,100,0.20675257333333336,0.9092628545489032
occupancy.csv,0.35,0.0007559999999996458,0.004999999999999949,100,0.2181915766666667,0.9589201061007222
occupancy.csv,0.4,0.005959666666668584,0.0050000000000000044,100,0.2319822933333333,0.9287457069500356
occupancy.csv,0.44,0.0015449999999989084,0.008000000000000007,100,0.23189074999999998,1.0179796899339693
occupancy.csv,0.49,0.02770000000000078,0.02799999999999997,100,0.23485743444444449,1.0616823051710909
occupancy.csv,0.54,0.022214333333334446,0.01100000000000001,100,0.24005874999999996,0.8199398075089327
occupancy.csv,0.6,0.006800333333334518,0.008000000000000007,100,0.22932763888888885,0.9502896439271973
occupancy.csv,0.65,0.00426966666666484,0.017000000000000015,100,0.22138579,0.8205865801544245
occupancy.csv,0.7,0.011752333333330367,0.02199999999999991,100,0.20629186111111114,0.8028876836416212
occupancy.csv,0.75,0.013549000000002809,0.0010000000000000009,100,0.18347535111111113,0.6540663924634795
occupancy.csv,0.8,0.00841066666666368,0.009000000000000008,100,0.15668035111111112,0.6866703847713709
occupancy.csv,0.85,0.016318999999996753,0.0050000000000000044,100,0.12149042666666666,0.5680644553947288
occupancy.csv,0.9,0.003975333333333442,0.0020000000000000018,100,0.0885285011111111,0.41253360499170255
occupancy.csv,0.95,0.021846000000000365,0.008999999999999897,100,0.056808484444444446,0.28234708922885465
occupancy.csv,0.05,0.010300000000000017,0.0030000000000000027,100,0.04697250111111112,0.504169998027842
occupancy.csv,0.1,0.017199333333332942,0.0020000000000000018,100,0.09807921222222223,0.8638261785464816
occupancy.csv,0.15,0.009623999999999994,0.006000000000000005,100,0.1312097155555556,0.6806121051949579
occupancy.csv,0.2,0.013849000000001277,0.0050000000000000044,100,0.15782116777777777,0.6817080240247579
occupancy.csv,0.25,0.011551000000000256,0.009000000000000008,100,0.18298708444444448,0.931583196371999
occupancy.csv,0.3,0.010747333333332498,0.007000000000000006,100,0.2037507677777778,0.9696723462121272
occupancy.csv,0.35,0.010377666666667784,0.00599999999999995,100,0.2217950622222222,0.9220929039245405
occupancy.csv,0.4,0.009907333333335211,0.020000000000000018,100,0.22736406555555558,0.9858958247749086
occupancy.csv,0.44,0.002465333333332209,0.006000000000000005,100,0.23931310666666664,0.9638200829572747
occupancy.csv,0.49,0.006306666666666572,0.0030000000000000027,100,0.24254068444444443,0.929728345095932
occupancy.csv,0.54,0.000712000000000601,0.008000000000000007,100,0.23964362111111112,0.9178581220310409
occupancy.csv,0.6,0.010663333333335245,0.0010000000000000009,100,0.22760786111111111,0.9450087412915518
occupancy.csv,0.65,0.0056040000000003864,0.006000000000000005,100,0.2188260711111111,0.7896375173776617
occupancy.csv,0.7,0.015699666666664447,0.019999999999999907,100,0.2145171677777778,0.6789906421267424
occupancy.csv,0.75,0.013632666666669513,0.0050000000000000044,100,0.1825067766666667,0.6043211815789455
occupancy.csv,0.8,0.013597999999997556,0.0030000000000000027,100,0.15699631555555554,0.500402423566243
occupancy.csv,0.85,0.009538999999996967,0.010000000000000009,100,0.12989503444444445,0.5313249513769179
occupancy.csv,0.9,0.023803000000003238,0.020000000000000018,100,0.10006817333333334,0.5441730019333081
occupancy.csv,0.95,0.02971066666666644,0.0119999999999999,100,0.06093851,0.5027782487941556
page-blocks.csv,0.05,0.10014766666666651,0.010000000000000002,100,0.0821473066666667,2.066857558859869
page-blocks.csv,0.1,0.14138733333333173,0.031,100,0.13287024,2.168893129733392
page-blocks.csv,0.15,0.10134366666666564,0.006000000000000005,100,0.14063494555555558,2.1456955448802213
page-blocks.csv,0.2,0.14933299999999977,0.014999999999999986,100,0.15231432333333336,2.2981583816436943
page-blocks.csv,0.25,0.12719566666666593,0.015000000000000013,100,0.16074346222222222,2.190786474960559
page-blocks.csv,0.3,0.08581666666666504,0.009000000000000008,100,0.1816364844444444,2.0042098110608326
page-blocks.csv,0.35,0.0919690000000008,0.05400000000000005,100,0.19893799999999992,1.8610737390738583
page-blocks.csv,0.4,0.12314200000000053,0.009000000000000008,100,0.18984734555555555,2.0082421180125287
page-blocks.csv,0.44,0.15075666666666582,0.063,100,0.1885325277777778,1.9551095217725827
page-blocks.csv,0.49,0.09706599999999921,0.0050000000000000044,100,0.19099355555555558,1.8755253640046674
page-blocks.csv,0.54,0.0655400000000006,0.01200000000000001,100,0.19032765666666662,1.7981345978805325
page-blocks.csv,0.6,0.06288333333333296,0.051000000000000045,100,0.18371165666666664,1.547447862636738
page-blocks.csv,0.65,0.06828333333333625,0.04700000000000004,100,0.161268,1.5162955248490766
page-blocks.csv,0.7,0.06346533333333615,0.03700000000000003,100,0.16119997666666666,1.35719791212443
page-blocks.csv,0.75,0.013800000000002921,0.015000000000000013,100,0.1584235766666667,1.048304771322864
page-blocks.csv,0.8,0.04634033333333454,0.04499999999999993,100,0.10773682666666667,1.0328849737569417
page-blocks.csv,0.85,0.024185999999997265,0.027000000000000024,100,0.09099290111111115,1.089188993844234
page-blocks.csv,0.9,0.0055640000000006795,0.02100000000000002,100,0.06551717666666666,0.8087368754801543
page-blocks.csv,0.95,0.012463999999999809,0.019000000000000017,100,0.04238152333333334,0.6721584245124494
page-blocks.csv,0.05,0.09208833333333293,0.006000000000000005,100,0.0812798888888889,1.9955586505316345
page-blocks.csv,0.1,0.11091733333333229,0.018000000000000002,100,0.1165797377777778,2.152935267982452
page-blocks.csv,0.15,0.0861996666666649,0.008000000000000007,100,0.133724,2.197961661806131
page-blocks.csv,0.2,0.09535633333333354,0.024999999999999994,100,0.16268130111111112,1.891786416545091
page-blocks.csv,0.25,0.1587396666666649,0.038000000000000034,100,0.17638020444444444,2.08219728392546
page-blocks.csv,0.3,0.13996100000000078,0.013000000000000012,100,0.16210948444444448,2.176646335435116
page-blocks.csv,0.35,0.09573400000000043,0.013000000000000012,100,0.1847494877777778,2.0055437450412015
page-blocks.csv,0.4,0.13135533333333382,0.010000000000000009,100,0.18642504333333332,2.0410843323832144
page-blocks.csv,0.44,0.1258966666666677,0.029000000000000026,100,0.18531731555555553,1.952040966127305
page-blocks.csv,0.49,0.07564466666666758,0.018000000000000016,100,0.20297810111111111,1.7538964959776335
page-blocks.csv,0.54,0.05680099999999977,0.0,100,0.18079517333333336,1.7387804708699997
page-blocks.csv,0.6,0.07842000000000171,0.014000000000000012,100,0.17679675000000003,1.5616564994228466
page-blocks.csv,0.65,0.0857716666666638,0.05599999999999994,100,0.16582810111111104,1.415213012473761
page-blocks.csv,0.7,0.06380000000000297,0.020000000000000018,100,0.1509676711111111,1.4590192698237194
page-blocks.csv,0.75,0.0630959999999976,0.03200000000000003,100,0.13180478222222222,1.2588469066511279
page-blocks.csv,0.8,0.039033666666669964,0.03299999999999992,100,0.12151028444444444,1.1067258460641758
page-blocks.csv,0.85,0.00970766666666345,0.0020000000000000018,100,0.1144540211111111,0.8549773540343257
page-blocks.csv,0.9,0.006902333333334121,0.02400000000000002,100,0.0682301111111111,0.7612233485213544
page-blocks.csv,0.95,0.014899999999999913,0.02300000000000002,100,0.033585795555555555,0.6116323399343334
pageblocks.5.csv,0.05,0.03514733333333343,0.05,100,0.026372323333333326,0.40353586429142746
pageblocks.5.csv,0.1,0.039197999999999955,0.03,100,0.05166984888888889,0.7180130690992794
pageblocks.5.csv,0.15,0.06920166666666663,0.06999999999999999,100,0.059641798888888896,0.9032502601388146
pageblocks.5.csv,0.2,0.06638233333333393,0.02100000000000002,100,0.07512766666666666,1.0630753836301399
pageblocks.5.csv,0.25,0.11889333333333388,0.016999999999999987,100,0.07338183444444446,1.3827517620354328
pageblocks.5.csv,0.3,0.12164766666666757,0.04999999999999999,100,0.09473753222222221,1.4334033035279639
pageblocks.5.csv,0.35,0.18244200000000074,0.03699999999999998,100,0.09379097222222224,1.6301975583823927
pageblocks.5.csv,0.4,0.19650733333333462,0.11699999999999999,100,0.11868341666666664,1.6368751321483312
pageblocks.5.csv,0.44,0.21498699999999984,0.07800000000000001,100,0.1264537011111111,1.777667290016934
pageblocks.5.csv,0.49,0.19732866666666693,0.066,100,0.12498521222222223,1.9078422487427866
pageblocks.5.csv,0.54,0.2605350000000005,0.025000000000000022,100,0.12127466666666667,2.061335037057337
pageblocks.5.csv,0.6,0.2727083333333347,0.07699999999999996,100,0.12555141666666667,2.2037352856259655
pageblocks.5.csv,0.65,0.21548900000000015,0.015000000000000013,100,0.12929279555555556,2.394439578338053
pageblocks.5.csv,0.7,0.3443953333333346,0.06699999999999995,100,0.11692190666666667,2.3661069353631703
pageblocks.5.csv,0.75,0.2939806666666678,0.04200000000000004,100,0.12343743444444444,2.4846530563657736
pageblocks.5.csv,0.8,0.21406866666666613,0.02400000000000002,100,0.11357464000000002,2.522343719318488
pageblocks.5.csv,0.85,0.17434499999999764,0.0020000000000000018,100,0.1005960566666667,2.6507218572368076
pageblocks.5.csv,0.9,0.1818066666666659,0.010000000000000009,100,0.0965201511111111,2.61219701143925
pageblocks.5.csv,0.95,0.2231056666666682,0.026999999999999913,100,0.08473963888888889,2.6890521757335852
pageblocks.5.csv,0.05,0.03983266666666674,0.05,100,0.021301567777777777,0.43126175151085905
pageblocks.5.csv,0.1,0.07025466666666677,0.060000000000000005,100,0.028670471111111113,0.8438898569878195
pageblocks.5.csv,0.15,0.04267333333333366,0.09799999999999999,100,0.07143163888888888,0.7016234100961538
pageblocks.5.csv,0.2,0.09887066666666723,0.08700000000000001,100,0.06443530666666669,1.1119724399958153
pageblocks.5.csv,0.25,0.10261600000000021,0.04999999999999999,100,0.08692055444444445,1.224473074303746
pageblocks.5.csv,0.3,0.1346186666666674,0.012999999999999956,100,0.0995784566666667,1.4839126369010418
pageblocks.5.csv,0.35,0.1305843333333346,0.007999999999999952,100,0.11626671555555557,1.6042961517433583
pageblocks.5.csv,0.4,0.19475666666666785,0.08400000000000002,100,0.11124677777777778,1.7302963947792422
pageblocks.5.csv,0.44,0.21196633333333334,0.029000000000000026,100,0.11876406555555558,1.8933985077848898
pageblocks.5.csv,0.49,0.267999,0.03799999999999998,100,0.1197192222222222,1.9569362650345044
pageblocks.5.csv,0.54,0.2891026666666671,0.05900000000000005,100,0.1276502711111111,1.963171207859657
pageblocks.5.csv,0.6,0.22898000000000118,0.06899999999999995,100,0.12894033777777777,2.130802010815213
pageblocks.5.csv,0.65,0.21272566666666698,0.02100000000000002,100,0.13554134555555555,2.3306197423486554
pageblocks.5.csv,0.7,0.2504286666666676,0.10299999999999998,100,0.12883174555555554,2.2335473776368135
pageblocks.5.csv,0.75,0.2747933333333334,0.01100000000000001,100,0.11298841222222222,2.496493633537357
pageblocks.5.csv,0.8,0.31215133333333306,0.07500000000000007,100,0.12080464333333334,2.4862362000030807
pageblocks.5.csv,0.85,0.26289566666666586,0.028999999999999915,100,0.11003349333333334,2.676711045305984
pageblocks.5.csv,0.9,0.17846700000000137,0.02400000000000002,100,0.08777363888888891,2.6090279777715573
pageblocks.5.csv,0.95,0.21623066666666457,0.010999999999999899,100,0.09196277333333333,2.655273801795501
pendigits.csv,0.05,0.013976000000000086,0.011000000000000003,100,0.040788243333333335,0.513752651876973
pendigits.csv,0.1,0.008831333333332761,0.012999999999999998,100,0.0812944122222222,0.5697534687347772
pendigits.csv,0.15,0.01707533333333383,0.013999999999999985,100,0.10655275000000002,0.7698533054717431
pendigits.csv,0.2,0.014518333333334604,0.0010000000000000009,100,0.13041786111111114,0.8769187756783455
pendigits.csv,0.25,0.013884000000001756,0.0020000000000000018,100,0.15733611111111112,1.1566239485944572
pendigits.csv,0.3,0.03309299999999982,0.010000000000000009,100,0.15666986111111111,1.248134649587006
pendigits.csv,0.35,0.01657666666666857,0.0030000000000000027,100,0.18769299,1.23776734785094
pendigits.csv,0.4,0.010914000000001756,0.02799999999999997,100,0.19765317666666668,1.4332379994133877
pendigits.csv,0.44,0.05141833333333512,0.017000000000000015,100,0.19691765666666666,1.5888740242808195
pendigits.csv,0.49,0.033975000000000255,0.013000000000000012,100,0.21329157333333335,1.3952822962381752
pendigits.csv,0.54,0.06804866666666604,0.008000000000000007,100,0.1957331111111111,1.8154437982670688
pendigits.csv,0.6,0.013017333333334324,0.01100000000000001,100,0.2106370788888889,1.4647887631087648
pendigits.csv,0.65,0.02276199999999773,0.014000000000000012,100,0.19151067111111109,1.790526002555847
pendigits.csv,0.7,0.0362760000000002,0.017000000000000015,100,0.17607886555555555,1.8613505798681675
pendigits.csv,0.75,0.014061000000002655,0.016000000000000014,100,0.16251908777777774,1.7984586269840517
pendigits.csv,0.8,0.011000333333338497,0.018000000000000016,100,0.13376411000000002,1.9916902232666893
pendigits.csv,0.85,0.012221999999996735,0.010000000000000009,100,0.11439063444444443,1.7554888533177853
pendigits.csv,0.9,0.01485366666666832,0.009000000000000008,100,0.08409974555555555,1.5208537730313525
pendigits.csv,0.95,0.010634666666670123,0.0050000000000001155,100,0.05155208333333333,1.6649292404300884
pendigits.csv,0.05,0.012884000000000083,0.015,100,0.04191041777777778,0.41216632646440715
pendigits.csv,0.1,0.0050689999999996155,0.016,100,0.07691543444444444,0.5437452775036647
pendigits.csv,0.15,0.017243333333333888,0.023999999999999994,100,0.10956315111111115,0.8086061130866916
pendigits.csv,0.2,0.01460200000000128,0.010000000000000009,100,0.13070164888888888,1.1742944438401661
pendigits.csv,0.25,0.03219566666666787,0.0010000000000000009,100,0.14802127111111107,1.0436554874343942
pendigits.csv,0.3,0.0114256666666665,0.0050000000000000044,100,0.17648218999999993,1.323050530882058
pendigits.csv,0.35,0.013220666666668601,0.016000000000000014,100,0.18826319444444445,1.4535299051377588
pendigits.csv,0.4,0.012425666666668556,0.0,100,0.20299270666666666,1.338867146595567
pendigits.csv,0.44,0.026984000000001673,0.029000000000000026,100,0.20427148777777782,1.5798509194807497
pendigits.csv,0.49,0.02795100000000067,0.027000000000000024,100,0.21451435111111114,1.46404855033199
pendigits.csv,0.54,0.067713666666666,0.027000000000000024,100,0.19817339888888888,1.7137348568599888
pendigits.csv,0.6,0.014609333333334473,0.01100000000000001,100,0.20112004000000003,1.5988726751311835
pendigits.csv,0.65,0.012887666666663855,0.007000000000000006,100,0.1902596488888889,1.7435894550988336
pendigits.csv,0.7,0.03728366666666705,1.1102230246251565e-16,100,0.1744419511111111,1.8915190967232998
pendigits.csv,0.75,0.01698933333333541,0.016000000000000014,100,0.16427281222222223,1.7602748421230654
pendigits.csv,0.8,0.010916333333338635,0.019000000000000017,100,0.13537221777777778,1.8254713256189983
pendigits.csv,0.85,0.03598366666666897,0.010000000000000009,100,0.12179144333333333,1.7090272707016532
pendigits.csv,0.9,0.024895000000002665,0.009000000000000008,100,0.08310155555555555,1.8197325242960316
pendigits.csv,0.95,0.03012899999999863,0.006000000000000116,100,0.0542646711111111,1.7394733740591826
phoneme.csv,0.05,0.009964000000000008,0.038000000000000006,100,0.04425623999999999,1.8112327241037962
phoneme.csv,0.1,0.0775196666666656,0.064,100,0.07913010111111111,2.2140892587860037
phoneme.csv,0.15,0.029125333333333656,0.076,100,0.06855468444444444,1.9966545661680226
phoneme.csv,0.2,0.0744263333333337,0.096,100,0.07112152333333334,2.090043179337466
phoneme.csv,0.25,0.014842333333334207,0.05099999999999999,100,0.11212828444444443,2.3163974598687425
phoneme.csv,0.3,0.06826033333333464,0.0040000000000000036,100,0.10960995999999996,2.23930223680372
phoneme.csv,0.35,0.12205099999999994,0.010000000000000009,100,0.10851252777777778,2.4045204876389095
phoneme.csv,0.4,0.05511366666666778,0.0030000000000000027,100,0.12941064333333333,2.352409840211905
phoneme.csv,0.44,0.07777466666666799,0.065,100,0.12057965666666667,2.6020053252104116
phoneme.csv,0.49,0.0937673333333347,0.022999999999999965,100,0.12852215444444445,2.5781356499494326
phoneme.csv,0.54,0.07109000000000099,0.04999999999999993,100,0.12692174555555552,2.7044466027844103
phoneme.csv,0.6,0.1239506666666661,0.006000000000000005,100,0.12527810666666667,2.6869587307861185
phoneme.csv,0.65,0.17027299999999962,0.03700000000000003,100,0.11727060444444444,2.648873879303344
phoneme.csv,0.7,0.09161666666666513,0.008000000000000007,100,0.11687433333333333,2.7375501765778774
phoneme.csv,0.75,0.028043666666667355,0.038000000000000034,100,0.10086892888888886,2.74385343483777
phoneme.csv,0.8,0.06824566666666854,0.029000000000000026,100,0.09738899888888888,2.7478314963109782
phoneme.csv,0.85,0.041844333333335926,0.06600000000000006,100,0.07767377333333333,2.67402440850581
phoneme.csv,0.9,0.10071000000000374,0.01100000000000001,100,0.08246311111111111,2.6749793291162285
phoneme.csv,0.95,0.029283999999999866,0.008000000000000118,100,0.06116369333333333,2.7153647562757963
phoneme.csv,0.05,0.010299666666666686,0.025999999999999995,100,0.04969961777777777,1.9913958245524315
phoneme.csv,0.1,0.05843499999999954,0.01200000000000001,100,0.08044300000000001,1.839314781256109
phoneme.csv,0.15,0.0010410000000004582,0.072,100,0.07507608333333333,2.090735132178601
phoneme.csv,0.2,0.016205000000001024,0.009999999999999981,100,0.09256988444444446,2.0321221822447058
phoneme.csv,0.25,0.06863333333333424,0.059,100,0.10563583444444445,2.0489329776393976
phoneme.csv,0.3,0.06192100000000081,0.008000000000000007,100,0.09338895111111112,2.467553307209927
phoneme.csv,0.35,0.10144833333333358,0.03300000000000003,100,0.11500027111111112,2.3921861152275934
phoneme.csv,0.4,0.16443166666666667,0.0,100,0.10735179888888892,2.6048792821139632
phoneme.csv,0.44,0.11413000000000079,0.029000000000000026,100,0.11888815444444446,2.5923394952176104
phoneme.csv,0.49,0.06536566666666632,0.01699999999999996,100,0.12753459888888888,2.559758637150585
phoneme.csv,0.54,0.1280383333333343,0.014000000000000012,100,0.12138880444444444,2.585109560320235
phoneme.csv,0.6,0.12093699999999946,0.027000000000000024,100,0.12715938999999998,2.642963633261055
phoneme.csv,0.65,0.12689333333333253,0.027000000000000024,100,0.11421931555555556,2.676925963773645
phoneme.csv,0.7,0.11012799999999856,0.018000000000000016,100,0.10699997333333332,2.7033772670888574
phoneme.csv,0.75,0.04368566666666196,0.04200000000000004,100,0.11564255555555554,2.547644421875
phoneme.csv,0.8,0.0472429999999997,0.03200000000000003,100,0.0981072711111111,2.7611957259708793
phoneme.csv,0.85,0.1474576666666627,0.052999999999999936,100,0.10406313222222224,2.740225245110805
phoneme.csv,0.9,0.06731433333333292,0.01200000000000001,100,0.07232741666666666,2.6844426186235673
phoneme.csv,0.95,0.05882600000000138,0.008999999999999897,100,0.06338803999999999,2.5894440433881005
php50jXam.csv,0.05,0.010216000000000024,0.009000000000000001,100,0.046093239999999994,1.075821295301778
php50jXam.csv,0.1,0.02633799999999953,0.020000000000000004,100,0.0727736388888889,0.9656491939400634
php50jXam.csv,0.15,0.0031413333333338567,0.018000000000000016,100,0.11578491555555555,1.1340121706203399
php50jXam.csv,0.2,0.013932666666667981,0.016999999999999987,100,0.1416077011111111,1.2602592969854676
php50jXam.csv,0.25,0.013800000000001755,0.015000000000000013,100,0.17189288888888893,1.0475146081415005
php50jXam.csv,0.3,0.011751999999999097,0.04200000000000004,100,0.19063575111111114,1.3615908740414704
php50jXam.csv,0.35,0.0009173333333339362,0.03200000000000003,100,0.2044034788888889,1.3489526085094332
php50jXam.csv,0.4,0.006127666666668585,0.043999999999999984,100,0.22215735444444448,1.2208490425256708
php50jXam.csv,0.44,0.0030509999999988047,0.04099999999999998,100,0.21420553777777776,1.5296792846536873
php50jXam.csv,0.49,0.0026000000000014345,0.05500000000000005,100,0.2182118622222222,1.5203976971024282
php50jXam.csv,0.54,0.0014633333333325949,0.05899999999999994,100,0.22574823444444442,1.2684678007456403
php50jXam.csv,0.6,0.00738833333333444,0.07700000000000007,100,0.21485414555555557,1.2585266865153075
php50jXam.csv,0.65,0.014309999999997047,0.031000000000000028,100,0.20913939888888883,1.2422982278759676
php50jXam.csv,0.7,0.01091433333333025,0.051000000000000045,100,0.18736756777777774,1.1465384308225601
php50jXam.csv,0.75,0.011634666666670235,0.017000000000000015,100,0.18077833222222217,1.0136619520437347
php50jXam.csv,0.8,0.010581666666671818,0.026000000000000023,100,0.15191757666666666,1.126002818413619
php50jXam.csv,0.85,0.01096633333332997,0.02100000000000002,100,0.12051933333333333,1.076230920965111
php50jXam.csv,0.9,0.025395333333336212,0.017000000000000015,100,0.09525388888888887,0.9983047604381493
php50jXam.csv,0.95,0.010300000000003418,0.02200000000000002,100,0.04861455111111113,0.8340861281047526
php50jXam.csv,0.05,0.010300000000000017,0.0010000000000000009,100,0.04746584000000001,0.8126963085156216
php50jXam.csv,0.1,0.00891499999999941,0.0049999999999999906,100,0.08112748777777776,1.009235169469056
php50jXam.csv,0.15,0.013890333333333893,0.0,100,0.1140496488888889,1.019747957655378
php50jXam.csv,0.2,0.013012333333334625,0.01899999999999999,100,0.13646160444444447,1.4688663397992394
php50jXam.csv,0.25,0.013214333333335077,0.03600000000000003,100,0.16358006555555551,1.490572576898023
php50jXam.csv,0.3,0.011165666666665797,0.038000000000000034,100,0.19454604888888888,1.1811723069733768
php50jXam.csv,0.35,0.010294000000001136,0.04300000000000004,100,0.19905410111111116,1.3897003010281148
php50jXam.csv,0.4,0.0123426666666685,0.023999999999999966,100,0.22290577777777773,1.0667171437868883
php50jXam.csv,0.44,0.002214333333332208,0.029000000000000026,100,0.21792126555555558,1.4383700802970778
php50jXam.csv,0.49,0.013644000000001377,0.04600000000000004,100,0.22145918222222222,1.4393426950246746
php50jXam.csv,0.54,0.00037733333333400676,0.051999999999999935,100,0.21958619000000001,1.4134643889598935
php50jXam.csv,0.6,0.008732000000001627,0.07200000000000006,100,0.2179376844444445,1.2280528030111888
php50jXam.csv,0.65,0.017321999999997284,0.04700000000000004,100,0.20843330666666668,1.2975451436902792
php50jXam.csv,0.7,0.009672333333330174,0.05300000000000005,100,0.19220184333333334,1.0780818005563053
php50jXam.csv,0.75,0.008780000000001564,0.051000000000000045,100,0.16743830555555558,1.2683112139224635
php50jXam.csv,0.8,0.0001276666666628623,0.03299999999999992,100,0.1498718888888889,1.0361781717681762
php50jXam.csv,0.85,0.010043333333330073,0.017000000000000015,100,0.12330903444444444,1.0006525326078828
php50jXam.csv,0.9,0.004644666666667185,0.020000000000000018,100,0.08174068444444446,1.0038378854713566
php50jXam.csv,0.95,0.010300000000003418,0.02300000000000002,100,0.04537904333333333,0.7460931433690005
phpGUrE90.csv,0.05,0.03464699999999994,0.05,100,0.05489055444444444,2.1150390507446835
phpGUrE90.csv,0.1,0.07049466666666598,0.07599999999999998,100,0.08369436777777776,2.4731622692922506
phpGUrE90.csv,0.15,0.010865666666666385,0.039999999999999994,100,0.07676036777777777,2.3770984894550145
phpGUrE90.csv,0.2,0.013938666666667682,0.05200000000000002,100,0.08578162666666668,2.4071787872047947
phpGUrE90.csv,0.25,0.013716333333335107,0.017999999999999988,100,0.10108526222222226,2.5096643624555974
phpGUrE90.csv,0.3,0.06967666666666819,0.03799999999999998,100,0.09787277333333332,2.589527698657352
phpGUrE90.csv,0.35,0.0392390000000008,0.010000000000000009,100,0.11123819888888889,2.6612251349958846
phpGUrE90.csv,0.4,0.10046466666666698,0.0040000000000000036,100,0.09865654555555556,2.7292686536094184
phpGUrE90.csv,0.44,0.07878533333333321,0.04299999999999998,100,0.10227226222222222,2.834958740759675
phpGUrE90.csv,0.49,0.09460533333333476,0.04099999999999998,100,0.12241298999999999,2.630893469603518
phpGUrE90.csv,0.54,0.11117566666666612,0.029000000000000026,100,0.12412507888888889,2.6749314321183544
phpGUrE90.csv,0.6,0.13820200000000082,0.051999999999999935,100,0.13130171555555553,2.6317172579593615
phpGUrE90.csv,0.65,0.11004099999999917,0.014000000000000012,100,0.12176628444444447,2.7453957780738842
phpGUrE90.csv,0.7,0.10344633333333342,0.028000000000000025,100,0.12158037666666667,2.685714058873325
phpGUrE90.csv,0.75,0.13349199999999872,0.006000000000000005,100,0.10586228777777779,2.786264888387203
phpGUrE90.csv,0.8,0.14245799999999886,0.019000000000000017,100,0.10280653777777778,2.752392325610025
phpGUrE90.csv,0.85,0.11372633333333593,0.0050000000000000044,100,0.09930572888888889,2.65628453553971
phpGUrE90.csv,0.9,0.10791766666666958,0.0,100,0.07920428444444444,2.5494715806909505
phpGUrE90.csv,0.95,0.14033466666666938,0.016999999999999904,100,0.08038602111111111,2.6196681673148565
phpGUrE90.csv,0.05,0.010550666666666694,0.033,100,0.050394115555555556,2.3801048990959446
phpGUrE90.csv,0.1,0.05959899999999957,0.0049999999999999906,100,0.07400933333333333,2.4270502372165943
phpGUrE90.csv,0.15,0.010453333333333065,0.041999999999999996,100,0.08589741666666666,2.370893097072681
phpGUrE90.csv,0.2,0.011929333333334402,0.028999999999999998,100,0.08778641222222223,2.5263743399304097
phpGUrE90.csv,0.25,0.013632666666668403,0.027000000000000024,100,0.10634694555555557,2.492552865832505
phpGUrE90.csv,0.3,0.0434723333333335,0.03300000000000003,100,0.1059064488888889,2.4631179177134026
phpGUrE90.csv,0.35,0.1039283333333346,0.04899999999999999,100,0.10187418222222222,2.614035323702812
phpGUrE90.csv,0.4,0.05628200000000083,0.025000000000000022,100,0.10906941666666667,2.6803897169668227
phpGUrE90.csv,0.44,0.046870000000001355,0.025000000000000022,100,0.12945383444444447,2.596166442354911
phpGUrE90.csv,0.49,0.14369000000000076,0.05299999999999999,100,0.11458271555555559,2.635855240838203
phpGUrE90.csv,0.54,0.12188466666666758,0.007000000000000006,100,0.11259846222222221,2.7888106234791556
phpGUrE90.csv,0.6,0.12813599999999958,0.062000000000000055,100,0.10874874999999998,2.7908047565240373
phpGUrE90.csv,0.65,0.12317666666666582,0.030000000000000027,100,0.12370502666666666,2.734931788055213
phpGUrE90.csv,0.7,0.13661433333333228,0.014999999999999902,100,0.11589629333333333,2.73811972374152
phpGUrE90.csv,0.75,0.1606563333333333,0.05699999999999994,100,0.11290044444444444,2.8106308342732453
phpGUrE90.csv,0.8,0.08539599999999559,0.038999999999999924,100,0.09768099888888887,2.751458776962374
phpGUrE90.csv,0.85,0.13497766666666222,0.01100000000000001,100,0.1035427511111111,2.6386203622850766
phpGUrE90.csv,0.9,0.15000433333333385,0.03300000000000003,100,0.08846830555555556,2.7692651271107818
phpGUrE90.csv,0.95,0.15280100000000407,0.02199999999999991,100,0.08365826222222221,2.452591751997446
phpMD2hR6.csv,0.05,0.010300000000000017,0.008,100,0.046382945555555555,0.4396037791980476
phpMD2hR6.csv,0.1,0.00975166666666609,0.007999999999999993,100,0.09005522666666664,0.6790980136966005
phpMD2hR6.csv,0.15,0.0073393333333338084,0.01100000000000001,100,0.1240738711111111,0.7561124691916039
phpMD2hR6.csv,0.2,0.000880666666667862,0.011999999999999983,100,0.1527532711111111,0.8807330192676198
phpMD2hR6.csv,0.25,0.011634666666666904,0.029000000000000026,100,0.18278363888888888,0.965964381998335
phpMD2hR6.csv,0.3,0.010747333333332498,0.02400000000000002,100,0.20326316777777775,0.9716582054148386
phpMD2hR6.csv,0.35,0.004348666666667833,0.009000000000000008,100,0.21147108444444446,0.9607757527448215
phpMD2hR6.csv,0.4,0.006967333333335157,0.024999999999999967,100,0.2258277988888889,1.0331805341291456
phpMD2hR6.csv,0.44,0.002381666666665505,0.03700000000000003,100,0.22772606555555558,1.238385815421879
phpMD2hR6.csv,0.49,0.0236883333333342,0.039000000000000035,100,0.23617993222222222,1.049644324147007
phpMD2hR6.csv,0.54,0.021712333333334555,0.03600000000000003,100,0.23619831555555548,1.0179796899339693
phpMD2hR6.csv,0.6,0.010495666666668457,0.03300000000000003,100,0.22339805666666668,1.0736430490130289
phpMD2hR6.csv,0.65,0.011125333333333098,0.04400000000000004,100,0.2088924655555555,1.081382921902863
phpMD2hR6.csv,0.7,0.00932399999999689,0.025000000000000022,100,0.20127578222222223,0.8931178498112595
phpMD2hR6.csv,0.75,0.011634666666670235,0.018000000000000016,100,0.18360532888888892,0.8843646780022203
phpMD2hR6.csv,0.8,0.012928666666664146,0.026000000000000023,100,0.1479605277777778,1.0027354809900313
phpMD2hR6.csv,0.85,0.014812333333329875,0.027000000000000024,100,0.11666944444444446,0.9201804201035282
phpMD2hR6.csv,0.9,0.004644666666667074,0.01200000000000001,100,0.08867408333333335,0.6670670547228486
phpMD2hR6.csv,0.95,0.010300000000003418,0.013000000000000012,100,0.04467276777777779,0.33440088293500836
phpMD2hR6.csv,0.05,0.020423666666666784,0.006999999999999999,100,0.05541005666666665,0.6679728267476794
phpMD2hR6.csv,0.1,0.009584333333332765,0.007999999999999993,100,0.08846659888888889,0.7470888790195532
phpMD2hR6.csv,0.15,0.009876000000000024,0.019000000000000017,100,0.12802806555555557,0.8784280839237384
phpMD2hR6.csv,0.2,0.010916333333332251,0.017999999999999988,100,0.1565905277777778,0.9249383434407397
phpMD2hR6.csv,0.25,0.011551000000000256,0.030000000000000027,100,0.18538962111111112,0.7739485170940796
phpMD2hR6.csv,0.3,0.011249333333332445,0.026000000000000023,100,0.2019625511111111,0.9310753105052658
phpMD2hR6.csv,0.35,0.005018000000001244,0.014000000000000012,100,0.2135681455555555,0.9885016399645585
phpMD2hR6.csv,0.4,0.012426333333335149,0.01699999999999996,100,0.21921854555555562,1.129039225383079
phpMD2hR6.csv,0.44,0.014681000000000222,0.02200000000000002,100,0.22769042111111112,1.1047697875148375
phpMD2hR6.csv,0.49,0.0026000000000014345,0.029000000000000026,100,0.23460765666666664,1.0703127673446153
phpMD2hR6.csv,0.54,0.015102666666667597,0.02400000000000002,100,0.23344749333333334,1.0635116223567063
phpMD2hR6.csv,0.6,0.00957200000000169,0.027000000000000024,100,0.22368113222222225,1.1172060294392774
phpMD2hR6.csv,0.65,0.014226333333330454,0.0020000000000000018,100,0.21765858999999996,0.9669900661692477
phpMD2hR6.csv,0.7,0.0008796666666630593,0.03600000000000003,100,0.19726858222222218,0.9033494232842461
phpMD2hR6.csv,0.75,0.013549000000002809,0.02300000000000002,100,0.17815411111111107,0.8048069106538204
phpMD2hR6.csv,0.8,0.013095999999997443,0.026000000000000023,100,0.1524558788888889,0.7992082102418361
phpMD2hR6.csv,0.85,0.010882333333329997,0.014000000000000012,100,0.12891107888888892,0.823606331431133
phpMD2hR6.csv,0.9,0.009163666666667791,0.020000000000000018,100,0.0877831288888889,0.9835179263964677
phpMD2hR6.csv,0.95,0.010300000000003418,0.015000000000000013,100,0.04709288444444445,0.6807888866859739
phpWfYmlu.csv,0.05,0.03364299999999995,0.043000000000000003,100,0.05695533777777777,2.0388672641766656
phpWfYmlu.csv,0.1,0.010082000000000174,0.1,100,0.06112342666666665,2.147882481100873
phpWfYmlu.csv,0.15,0.013959999999999473,0.03199999999999999,100,0.085701,2.051760401614987
phpWfYmlu.csv,0.2,0.013209333333332018,0.006000000000000005,100,0.10237832333333334,2.244197925116513
phpWfYmlu.csv,0.25,0.07033299999999892,0.01899999999999999,100,0.1245740488888889,2.245664601470352
phpWfYmlu.csv,0.3,0.08246799999999888,0.05399999999999999,100,0.1323993066666667,2.467528175045481
phpWfYmlu.csv,0.35,0.055128333333331725,0.02100000000000002,100,0.13490392333333334,2.4824794740533074
phpWfYmlu.csv,0.4,0.030167666666667092,0.03699999999999998,100,0.14805482111111112,2.3686767008654033
phpWfYmlu.csv,0.44,0.011580666666665962,0.02400000000000002,100,0.13298537333333332,2.5067704853818107
phpWfYmlu.csv,0.49,0.00976499999999958,0.038000000000000034,100,0.15468125666666668,2.343419430225869
phpWfYmlu.csv,0.54,0.060846666666667604,0.07499999999999996,100,0.14010317333333333,2.457402184233057
phpWfYmlu.csv,0.6,0.03818766666666795,0.040000000000000036,100,0.13716000444444443,2.3898559462615694
phpWfYmlu.csv,0.65,0.006690333333333243,0.02400000000000002,100,0.13350619,2.4771564179690424
phpWfYmlu.csv,0.7,0.04790333333333219,0.08000000000000007,100,0.10832842111111111,2.3879356322860725
phpWfYmlu.csv,0.75,0.039998999999995566,0.039000000000000035,100,0.10384455444444445,2.423441107507519
phpWfYmlu.csv,0.8,0.011422666666664139,0.015000000000000013,100,0.09799156777777776,2.303858226591541
phpWfYmlu.csv,0.85,0.017634999999999068,0.07500000000000007,100,0.07198584333333334,2.087844671289019
phpWfYmlu.csv,0.9,0.018200666666668086,0.040000000000000036,100,0.05902124888888889,2.1633942075631047
phpWfYmlu.csv,0.95,0.03899600000000403,0.040000000000000036,100,0.023532888888888895,1.987464670499611
phpWfYmlu.csv,0.05,0.010297666666666691,0.038000000000000006,100,0.05213688444444444,2.098963681876962
phpWfYmlu.csv,0.1,0.0661356666666659,0.017,100,0.08965033222222223,1.8471420390234026
phpWfYmlu.csv,0.15,0.03312599999999899,0.016999999999999987,100,0.08945157666666669,2.234941020709833
phpWfYmlu.csv,0.2,0.010193666666665324,0.006000000000000005,100,0.10518494555555558,2.175747294545974
phpWfYmlu.csv,0.25,0.004430000000001405,0.021999999999999992,100,0.1250345277777778,2.12812766724952
phpWfYmlu.csv,0.3,0.03374999999999895,0.01699999999999996,100,0.11209986111111112,2.566448108696995
phpWfYmlu.csv,0.35,0.026691666666665836,0.020000000000000018,100,0.13117338999999997,2.40222114139081
phpWfYmlu.csv,0.4,0.0303350000000005,0.016000000000000014,100,0.15065122111111112,2.3157393679015352
phpWfYmlu.csv,0.44,0.008074666666666397,0.056999999999999995,100,0.1482,2.2381898384234145
phpWfYmlu.csv,0.49,0.01052199999999981,0.05600000000000005,100,0.1493518266666667,2.4097709935799285
phpWfYmlu.csv,0.54,0.08664300000000169,0.11299999999999999,100,0.11817341666666667,2.617961676611216
phpWfYmlu.csv,0.6,0.001273000000001856,0.040000000000000036,100,0.14424183444444444,2.3297310047573143
phpWfYmlu.csv,0.65,0.010206666666666364,0.05699999999999994,100,0.1384038877777778,2.291748245513556
phpWfYmlu.csv,0.7,0.021212333333334943,0.06300000000000006,100,0.13147378999999998,2.21010837697911
phpWfYmlu.csv,0.75,0.01405166666666946,0.029000000000000026,100,0.11596861777777777,2.199220267585643
phpWfYmlu.csv,0.8,0.037694333333336494,0.07999999999999996,100,0.09011152888888889,2.1371017017935316
phpWfYmlu.csv,0.85,0.005080333333332576,0.03300000000000003,100,0.07838577333333334,2.241204798446358
phpWfYmlu.csv,0.9,0.03309633333333217,0.04800000000000004,100,0.053678678888888894,2.016891825027971
phpWfYmlu.csv,0.95,0.01380333333333339,0.0050000000000001155,100,0.04218113777777777,2.2226020231442716
phphQEck0.csv,0.05,0.010300000000000017,0.05,100,0.04733451555555556,0.25400119505959456
phphQEck0.csv,0.1,0.005734333333332758,0.091,100,0.08966747354166664,0.43485527997331375
phphQEck0.csv,0.15,0.016067000000000553,0.12400000000000003,100,0.1272715822222222,0.4227090878341354
phphQEck0.csv,0.2,0.014267333333334659,0.14800000000000002,100,0.15950133333333338,0.5004024235662434
phphQEck0.csv,0.25,0.013800000000001755,0.16400000000000003,100,0.1870615733333333,0.6154430608265378
phphQEck0.csv,0.3,0.01066366666666585,0.17800000000000005,100,0.20794864000000002,0.7155457319948183
phphQEck0.csv,0.35,0.0020893333333341646,0.18900000000000006,100,0.22427692888888884,0.8202069386859975
phphQEck0.csv,0.4,0.008143333333335223,0.18999999999999995,100,0.23759363888888893,0.7745614582506541
phphQEck0.csv,0.44,0.0025489999999988577,0.187,100,0.24481890666666653,0.6859298002802212
phphQEck0.csv,0.49,0.002767333333334787,0.17800000000000005,100,0.2473974444444444,0.7417626280893392
phphQEck0.csv,0.54,0.018700333333334318,0.17999999999999994,100,0.24464022222222226,0.8199398075089326
phphQEck0.csv,0.6,0.009067333333334981,0.16100000000000003,100,0.23846308835270213,0.7238713124646035
phphQEck0.csv,0.65,0.0005879999999983676,0.15000000000000002,100,0.22522901637429713,0.6928558822129276
phphQEck0.csv,0.7,0.010830666666663546,0.133,100,0.20908899000000003,0.6108643020828245
phphQEck0.csv,0.75,0.013549000000002809,0.118,100,0.1848447066666667,0.6043211815789455
phphQEck0.csv,0.8,0.013597999999997556,0.09499999999999997,100,0.15975948777777776,0.500402423566243
phphQEck0.csv,0.85,0.016402999999996615,0.07400000000000007,100,0.12749011000000002,0.4227090878341349
phphQEck0.csv,0.9,0.0038080000000000336,0.051000000000000045,100,0.08964630555555556,0.3250829734197074
phphQEck0.csv,0.95,0.010300000000003418,0.029000000000000026,100,0.04582282666666666,0.22353536454983475
phphQEck0.csv,0.05,0.010300000000000017,0.051000000000000004,100,0.047376186593013486,0.3868577708014842
phphQEck0.csv,0.1,0.00565066666666611,0.092,100,0.08966788777777779,0.3800253076539363
phphQEck0.csv,0.15,0.016067000000000553,0.12400000000000003,100,0.12722673222222222,0.4227090878341354
phphQEck0.csv,0.2,0.014267333333334659,0.14800000000000002,100,0.1591983511111111,0.5004024235662434
phphQEck0.csv,0.25,0.013800000000001755,0.16600000000000004,100,0.18652098222222221,0.6154430608265378
phphQEck0.csv,0.3,0.010747333333332498,0.182,100,0.2081655555555556,0.8057758981644565
phphQEck0.csv,0.35,0.002675333333334251,0.18100000000000005,100,0.2260073711555556,0.692855882212928
phphQEck0.csv,0.4,0.007807333333335165,0.18699999999999994,100,0.2366638611111111,0.7706340521182196
phphQEck0.csv,0.44,0.0025489999999988577,0.187,100,0.24581753222222225,0.6859298002802212
phphQEck0.csv,0.49,0.003353666666668087,0.18300000000000005,100,0.24915541666666663,0.6929471672523186
phphQEck0.csv,0.54,0.0158556666666676,0.16999999999999993,100,0.24734952888888898,0.7754854663559407
phphQEck0.csv,0.6,0.009235333333335038,0.16300000000000003,100,0.2377749822222222,0.7662807079838737
phphQEck0.csv,0.65,0.0008393333333316377,0.14900000000000002,100,0.22687325666666663,0.6474466390625229
phphQEck0.csv,0.7,0.010830666666663546,0.135,100,0.2075936622222223,0.6547077258840002
phphQEck0.csv,0.75,0.013465333333336105,0.11199999999999999,100,0.18507259555555552,0.7212516241032564
phphQEck0.csv,0.8,0.013597999999997556,0.09499999999999997,100,0.1596467511111111,0.500402423566243
phphQEck0.csv,0.85,0.016402999999996615,0.07400000000000007,100,0.1272659822222222,0.4227090878341349
phphQEck0.csv,0.9,0.0038080000000000336,0.051000000000000045,100,0.08907222666666667,0.3250829734197074
phphQEck0.csv,0.95,0.010300000000003418,0.026000000000000023,100,0.047436826666666675,0.30938076175946394
phplE7q6h.csv,0.05,0.02066300000000011,0.057999999999999996,100,0.04651810999999999,2.763146930239666
phplE7q6h.csv,0.1,0.02255699999999998,0.013999999999999999,100,0.060542271111111115,2.639362692796948
phplE7q6h.csv,0.15,0.09668933333333343,0.06899999999999999,100,0.05445211111111112,2.7277538162042356
phplE7q6h.csv,0.2,0.05234599999999856,0.02200000000000002,100,0.07806421777777778,2.8010885516451625
phplE7q6h.csv,0.25,0.0016683333333326056,0.0010000000000000009,100,0.07960039555555555,2.8883528908329104
phplE7q6h.csv,0.3,0.000569666666666524,0.031000000000000028,100,0.08181626222222223,2.8861903103641966
phplE7q6h.csv,0.35,0.006443000000000476,0.023999999999999966,100,0.09125760444444443,2.8774282959235036
phplE7q6h.csv,0.4,0.053039333333334215,0.07800000000000001,100,0.08420339555555553,2.8914858845180134
phplE7q6h.csv,0.44,0.06109966666666705,0.025000000000000022,100,0.0938271111111111,2.9034318163997774
phplE7q6h.csv,0.49,0.10521666666666751,0.03300000000000003,100,0.0912760711111111,2.8728701537181247
phplE7q6h.csv,0.54,0.04648599999999925,0.01100000000000001,100,0.10062597333333334,2.8741329901567143
phplE7q6h.csv,0.6,0.026822000000002122,0.0050000000000000044,100,0.10042422666666667,2.8347391349955484
phplE7q6h.csv,0.65,0.028663333333334262,0.014000000000000012,100,0.08488766555555555,2.815685409300436
phplE7q6h.csv,0.7,0.0760689999999985,0.0029999999999998916,100,0.08060254555555556,2.8163944248631827
phplE7q6h.csv,0.75,0.047019333333330526,0.02300000000000002,100,0.07567134555555557,2.735261012065079
phplE7q6h.csv,0.8,0.09268066666666519,0.041999999999999926,100,0.06505230555555555,2.6721910520443157
phplE7q6h.csv,0.85,0.09473966666666478,0.03400000000000003,100,0.05256186222222223,2.622082748751336
phplE7q6h.csv,0.9,0.020378000000001006,0.006000000000000005,100,0.05644888888888889,2.598133262351988
phplE7q6h.csv,0.95,0.032470000000002885,0.040000000000000036,100,0.027802493333333334,2.470861691601168
phplE7q6h.csv,0.05,0.032468666666666784,0.010000000000000002,100,0.041934243333333336,2.65027064167277
phplE7q6h.csv,0.1,0.044568000000000114,0.02500000000000001,100,0.049679017777777786,2.61648270701918
phplE7q6h.csv,0.15,0.01480033333333386,0.062,100,0.06878408333333334,2.639503704054532
phplE7q6h.csv,0.2,0.023516666666665298,0.0,100,0.08119717333333334,2.787977397535002
phplE7q6h.csv,0.25,0.06896133333333335,0.007000000000000006,100,0.07844919444444445,2.8460049286113414
phplE7q6h.csv,0.3,0.07859199999999977,0.020999999999999963,100,0.0845257822222222,2.853987249110822
phplE7q6h.csv,0.35,0.012888666666665827,0.008000000000000007,100,0.07768793777777777,2.9223375875670543
phplE7q6h.csv,0.4,0.0652253333333318,0.009000000000000008,100,0.08739730666666666,2.8779320009740337
phplE7q6h.csv,0.44,0.07490933333333377,0.056999999999999995,100,0.0999924211111111,2.8655310066695607
phplE7q6h.csv,0.49,0.011640000000001094,0.03199999999999997,100,0.1030190711111111,2.8472103073388397
phplE7q6h.csv,0.54,0.20608766666666678,0.031000000000000028,100,0.08112406555555554,2.8799265326292898
phplE7q6h.csv,0.6,0.022459666666668654,0.009000000000000008,100,0.10459130999999999,2.7662766625849557
phplE7q6h.csv,0.65,0.06719833333333747,0.0030000000000000027,100,0.08581547888888891,2.8448436229002176
phplE7q6h.csv,0.7,0.11301766666666424,0.031000000000000028,100,0.07412033222222222,2.784758467452426
phplE7q6h.csv,0.75,0.05329699999999804,0.03300000000000003,100,0.07578005666666666,2.72349650450061
phplE7q6h.csv,0.8,0.04073233333333359,0.039999999999999925,100,0.07359846555555555,2.559333783177559
phplE7q6h.csv,0.85,0.0903073333333324,0.016000000000000014,100,0.053752198888888894,2.641129421626875
phplE7q6h.csv,0.9,0.04456933333333091,0.05400000000000005,100,0.044077416666666674,2.4431284624889003
phplE7q6h.csv,0.95,0.0056546666666654755,0.0029999999999998916,100,0.043809115555555556,2.475923327582183
phpmPOD5A.csv,0.05,0.7080603333333344,0.272,100,0.08799121222222223,2.7027621737112097
phpmPOD5A.csv,0.1,0.6670066666666661,0.393,100,0.08871642666666667,2.372140504105758
phpmPOD5A.csv,0.15,0.6556516666666636,0.28900000000000003,100,0.08838311111111109,2.4948039909456496
phpmPOD5A.csv,0.2,0.5982863333333297,0.291,100,0.07873495444444444,2.445690998451686
phpmPOD5A.csv,0.25,0.6307986666666647,0.44200000000000006,100,0.06776085666666667,1.985533417600718
phpmPOD5A.csv,0.3,0.5814536666666663,0.422,100,0.07023246555555555,1.8834467089454623
phpmPOD5A.csv,0.35,0.4476899999999977,0.21300000000000008,100,0.08932117666666667,2.284655576467381
phpmPOD5A.csv,0.4,0.4797109999999979,0.22299999999999998,100,0.0671959288888889,2.118691484953839
phpmPOD5A.csv,0.44,0.4244516666666656,0.20800000000000002,100,0.07258966555555556,2.098485412198117
phpmPOD5A.csv,0.49,0.39230366666666494,0.17700000000000005,100,0.06927538999999999,2.0075232550906756
phpmPOD5A.csv,0.54,0.341299666666665,0.135,100,0.06916987111111111,2.0243351579868127
phpmPOD5A.csv,0.6,0.2917589999999992,0.10200000000000009,100,0.06628666666666666,1.9143915262505367
phpmPOD5A.csv,0.65,0.2938159999999972,0.21999999999999997,100,0.04397604888888888,1.6145059061827134
phpmPOD5A.csv,0.7,0.2648999999999999,0.20800000000000007,100,0.03850755555555556,1.4478170233797185
phpmPOD5A.csv,0.75,0.23004366666666898,0.14500000000000002,100,0.028328106666666672,1.4591909785915156
phpmPOD5A.csv,0.8,0.1392819999999968,0.11099999999999999,100,0.05133153777777778,1.3842634477802558
phpmPOD5A.csv,0.85,0.11523466666666671,0.08400000000000007,100,0.029358821111111114,1.2970774591406393
phpmPOD5A.csv,0.9,0.08974900000000408,0.017000000000000015,100,0.01722713777777778,1.484639864482804
phpmPOD5A.csv,0.95,0.03966533333333744,0.03200000000000003,100,0.016666056666666665,1.1600305443124848
phpmPOD5A.csv,0.05,0.7449309999999967,0.386,100,0.08240584888888888,2.4910909165269555
phpmPOD5A.csv,0.1,0.6931693333333304,0.492,100,0.0911730622222222,2.2658751623966142
phpmPOD5A.csv,0.15,0.6403159999999978,0.33599999999999997,100,0.09272421777777778,2.3861941761817316
phpmPOD5A.csv,0.2,0.5915749999999975,0.38999999999999996,100,0.09577691555555554,2.223150373967637
phpmPOD5A.csv,0.25,0.5554053333333296,0.28700000000000003,100,0.07727699888888889,2.3257783420003983
phpmPOD5A.csv,0.3,0.48369266666666483,0.2,100,0.10160543999999999,2.3742519958898622
phpmPOD5A.csv,0.35,0.4884683333333336,0.32300000000000006,100,0.07851325666666668,1.9967659835104363
phpmPOD5A.csv,0.4,0.42047299999999765,0.17799999999999994,100,0.08261555555555557,2.2209013149273633
phpmPOD5A.csv,0.44,0.45711366666666625,0.298,100,0.06587491,1.8874254870277642
phpmPOD5A.csv,0.49,0.40878699999999946,0.21899999999999997,100,0.06220766666666667,1.8492575709373105
phpmPOD5A.csv,0.54,0.3996999999999965,0.261,100,0.049315745555555554,1.772964354077351
phpmPOD5A.csv,0.6,0.33961633333332997,0.273,100,0.04668922222222223,1.4548610644838382
phpmPOD5A.csv,0.65,0.20397899999999913,0.18200000000000005,100,0.07401586111111111,1.7918199040986398
phpmPOD5A.csv,0.7,0.23944899999999658,0.19000000000000006,100,0.051692909999999995,1.41451605039446
phpmPOD5A.csv,0.75,0.21489999999999987,0.129,100,0.03392630555555556,1.4985241146968291
phpmPOD5A.csv,0.8,0.16506733333333323,0.16799999999999993,100,0.031153798888888883,1.3795829503198211
phpmPOD5A.csv,0.85,0.11489999999999989,0.09600000000000009,100,0.03529457333333332,1.3617481989901
phpmPOD5A.csv,0.9,0.08958166666667067,0.06099999999999994,100,0.020185595555555557,1.098425690796698
phpmPOD5A.csv,0.95,0.03974900000000414,0.02200000000000002,100,0.015750145555555553,1.3216132133997642
phpwRjVjk.csv,0.05,0.010383666666666694,0.021,100,0.049874884444444455,1.4078991395739058
phpwRjVjk.csv,0.1,0.051824999999999816,0.0010000000000000009,100,0.09463073222222221,1.8863151441780515
phpwRjVjk.csv,0.15,0.056732999999999006,0.01999999999999999,100,0.11225331555555558,1.908677112528004
phpwRjVjk.csv,0.2,0.03611599999999823,0.010999999999999982,100,0.13669540444444442,1.8766101923630925
phpwRjVjk.csv,0.25,0.014646666666666919,0.0030000000000000027,100,0.14934270666666669,1.948277604499683
phpwRjVjk.csv,0.3,0.036194666666664654,0.03500000000000003,100,0.16495410666666668,2.042234708159142
phpwRjVjk.csv,0.35,0.011381666666668067,0.0040000000000000036,100,0.18297299000000003,1.8959155926175209
phpwRjVjk.csv,0.4,0.04004466666666767,0.068,100,0.19093236777777775,1.9237439065726287
phpwRjVjk.csv,0.44,0.02455333333333487,0.018000000000000016,100,0.18364852777777776,2.0307613753738054
phpwRjVjk.csv,0.49,0.006365000000001231,0.015000000000000013,100,0.20042990666666666,1.8215449932608352
phpwRjVjk.csv,0.54,0.029943333333332878,0.019000000000000017,100,0.17923405666666667,2.0697850849741664
phpwRjVjk.csv,0.6,0.03435433333333204,0.0030000000000000027,100,0.17776188888888886,2.043598412083213
phpwRjVjk.csv,0.65,0.06016666666666759,0.0010000000000000009,100,0.17232890999999997,2.0667416652976063
phpwRjVjk.csv,0.7,0.0475766666666656,0.005999999999999894,100,0.16930608333333333,1.9309624466106752
phpwRjVjk.csv,0.75,0.0861093333333337,0.038000000000000034,100,0.1733345455555556,1.7450126753355257
phpwRjVjk.csv,0.8,0.13233099999999987,0.06800000000000006,100,0.1551467288888889,2.1160334518802726
phpwRjVjk.csv,0.85,0.0610006666666717,0.006000000000000005,100,0.12155255444444445,1.920884519974407
phpwRjVjk.csv,0.9,0.0880633333333366,0.025000000000000022,100,0.11959010666666668,1.7546243012633433
phpwRjVjk.csv,0.95,0.09914233333333111,0.0039999999999998925,100,0.08718799555555556,1.611485679218941
phpwRjVjk.csv,0.05,0.08855799999999946,0.003999999999999997,100,0.07486644,1.6388067139550697
phpwRjVjk.csv,0.1,0.046431333333332686,0.006999999999999992,100,0.09238027888888889,1.7486475154072871
phpwRjVjk.csv,0.15,0.08619999999999825,0.07100000000000001,100,0.1321251377777778,2.0946462769504164
phpwRjVjk.csv,0.2,0.06171833333333354,0.04899999999999999,100,0.15119113777777776,1.8298423141277358
phpwRjVjk.csv,0.25,0.0701539999999991,0.05099999999999999,100,0.15028697222222223,2.071189322807678
phpwRjVjk.csv,0.3,0.10974666666666488,0.10600000000000004,100,0.16452457333333334,2.255630756743793
phpwRjVjk.csv,0.35,0.03196433333333215,0.020000000000000018,100,0.16716273222222225,2.1382669435259682
phpwRjVjk.csv,0.4,0.009662666666664876,0.032999999999999974,100,0.18183069333333332,2.013456273323028
phpwRjVjk.csv,0.44,0.05309500000000178,0.06,100,0.1813137777777778,1.9453828690852428
phpwRjVjk.csv,0.49,0.02770000000000078,0.009000000000000008,100,0.1869098711111111,1.983239342776914
phpwRjVjk.csv,0.54,0.059466666666668055,0.039000000000000035,100,0.19260528444444444,1.9609207421736756
phpwRjVjk.csv,0.6,0.1593696666666658,0.11499999999999999,100,0.16350414555555556,2.3361936709213773
phpwRjVjk.csv,0.65,0.03765966666666465,0.027000000000000024,100,0.17827583444444442,2.046975009446601
phpwRjVjk.csv,0.7,0.04238933333333317,0.006000000000000005,100,0.17222416000000002,1.8273049305179796
phpwRjVjk.csv,0.75,0.039832333333328473,0.0040000000000000036,100,0.15476086555555554,1.921834335603334
phpwRjVjk.csv,0.8,0.13493466666666687,0.05600000000000005,100,0.15984519444444445,2.115355778919388
phpwRjVjk.csv,0.85,0.10435566666666851,0.006000000000000005,100,0.13511926222222223,1.7774237186268023
phpwRjVjk.csv,0.9,0.06546666666666678,0.008000000000000007,100,0.09938651555555555,1.9073245441099036
phpwRjVjk.csv,0.95,0.0935179999999991,0.02199999999999991,100,0.08984726555555556,1.7651840586900245
phpxijhaP.csv,0.05,0.01229500000000009,0.016,100,0.04248259,2.3661427345422763
phpxijhaP.csv,0.1,0.038863333333333284,0.028999999999999998,100,0.05135943999999999,2.2365738335929115
phpxijhaP.csv,0.15,0.01196866666666671,0.021999999999999992,100,0.07878015111111111,2.4518723986012896
phpxijhaP.csv,0.2,0.006318333333334564,0.020000000000000018,100,0.08748854555555555,2.619755622200946
phpxijhaP.csv,0.25,0.01539700000000166,0.044999999999999984,100,0.09455322666666666,2.6238458176272523
phpxijhaP.csv,0.3,0.003307666666666209,0.01699999999999996,100,0.11448583444444446,2.6345315305070263
phpxijhaP.csv,0.35,0.06407900000000055,0.02899999999999997,100,0.10576098222222223,2.6477225329159144
phpxijhaP.csv,0.4,0.004875999999998104,0.019000000000000017,100,0.12401651,2.6749482329920196
phpxijhaP.csv,0.44,0.006313999999999209,0.03799999999999998,100,0.1258643822222222,2.6979318665993794
phpxijhaP.csv,0.49,0.022426333333333826,0.0010000000000000009,100,0.12928489333333334,2.697675694630547
phpxijhaP.csv,0.54,0.0013796666666658908,0.007000000000000006,100,0.11406183444444444,2.7813805489326295
phpxijhaP.csv,0.6,0.0004113333333336522,0.015000000000000013,100,0.11140973777777777,2.7473887668771297
phpxijhaP.csv,0.65,0.020752333333330597,0.007000000000000006,100,0.11272155555555555,2.675339804089391
phpxijhaP.csv,0.7,0.02259433333333194,0.014999999999999902,100,0.10793630555555554,2.734538099860856
phpxijhaP.csv,0.75,0.0013433333333320308,0.017000000000000015,100,0.11505366666666669,2.5640150611772206
phpxijhaP.csv,0.8,0.012426666666664143,0.027000000000000024,100,0.08001797666666667,2.6300212528002165
phpxijhaP.csv,0.85,0.007936666666663705,0.006000000000000005,100,0.06913870666666666,2.6553702396932435
phpxijhaP.csv,0.9,0.03995266666666342,0.05900000000000005,100,0.05003780444444443,2.4744308807622053
phpxijhaP.csv,0.95,0.017744666666667297,0.03400000000000003,100,0.03388766555555556,2.3345675872403535
phpxijhaP.csv,0.05,0.015569333333333421,0.047,100,0.033435137777777776,2.1951192123705483
phpxijhaP.csv,0.1,0.03953266666666664,0.03900000000000001,100,0.048739176666666675,2.499110201844247
phpxijhaP.csv,0.15,0.0015580000000006144,0.026999999999999996,100,0.07278690111111112,2.414080094358995
phpxijhaP.csv,0.2,0.014100000000001195,0.019000000000000017,100,0.07952445666666667,2.6053745706943134
phpxijhaP.csv,0.25,0.010287000000001711,0.015999999999999986,100,0.09983676,2.688851333103622
phpxijhaP.csv,0.3,0.02031166666666595,0.0020000000000000018,100,0.10097561777777778,2.781491538645363
phpxijhaP.csv,0.35,0.015401000000001941,0.02699999999999997,100,0.12420312333333335,2.5691376971425184
phpxijhaP.csv,0.4,0.0058006666666649,0.007000000000000006,100,0.1141458711111111,2.736786452698401
phpxijhaP.csv,0.44,0.01518833333333286,0.008000000000000007,100,0.1177296388888889,2.812784998270367
phpxijhaP.csv,0.49,0.02636133333333418,0.046999999999999986,100,0.12235472888888889,2.659369120282737
phpxijhaP.csv,0.54,0.0022999999999993026,0.02100000000000002,100,0.13499419555555556,2.6587587614452834
phpxijhaP.csv,0.6,0.010332333333333943,0.016000000000000014,100,0.11810164000000002,2.7272741219555425
phpxijhaP.csv,0.65,0.011883666666664072,0.01200000000000001,100,0.11014615444444445,2.7344197682610796
phpxijhaP.csv,0.7,0.03920866666666645,0.028999999999999915,100,0.10639451555555557,2.694616396891072
phpxijhaP.csv,0.75,0.01556500000000216,0.013000000000000012,100,0.09716697222222219,2.6381406680335724
phpxijhaP.csv,0.8,0.010083333333337774,0.0,100,0.09360069333333333,2.5989390841931046
phpxijhaP.csv,0.85,0.021257333333332462,0.016000000000000014,100,0.07925811,2.5370271572708223
phpxijhaP.csv,0.9,0.014432666666668648,0.010000000000000009,100,0.058964293333333334,2.503127345229511
phpxijhaP.csv,0.95,0.017493666666667185,0.03200000000000003,100,0.03332851,2.2907840372990824
pol.csv,0.05,0.06293233333333292,0.006000000000000005,100,0.07014752888888888,1.6652687718679244
pol.csv,0.1,0.029833999999999444,0.049,100,0.0935705988888889,1.4456180753488161
pol.csv,0.15,0.025106666666666083,0.043,100,0.11021254555555554,1.59735126757104
pol.csv,0.2,0.011000333333332252,0.062,100,0.13861872333333333,1.6593516568706177
pol.csv,0.25,0.011216333333332773,0.07,100,0.15552137333333332,1.7965221554535684
pol.csv,0.3,0.03720033333333128,0.05299999999999999,100,0.1791755766666667,1.790437154319392
pol.csv,0.35,0.03121099999999899,0.06999999999999995,100,0.19010255555555555,1.7343653804560852
pol.csv,0.4,0.03602866666666771,0.063,100,0.1772111322222222,2.100846883122614
pol.csv,0.44,0.02957899999999891,0.043999999999999984,100,0.19104539000000004,1.9829880645604256
pol.csv,0.49,0.04761633333333404,0.064,100,0.2056321111111111,1.6779325016319389
pol.csv,0.54,0.04279633333333266,0.061,100,0.20635428777777776,1.6212466685286255
pol.csv,0.6,0.010418666666667464,0.08699999999999997,100,0.20543836000000001,1.6037147235139981
pol.csv,0.65,0.0005826666666677305,0.09799999999999998,100,0.19060000000000002,1.5875112889029799
pol.csv,0.7,0.014269333333338352,0.05599999999999994,100,0.16730055444444447,1.4951755358751986
pol.csv,0.75,0.013716333333336217,0.05399999999999994,100,0.13867244444444446,1.8405751150866891
pol.csv,0.8,0.013765333333331076,0.04400000000000004,100,0.13434335444444445,1.2181690435568953
pol.csv,0.85,0.005339666666664744,0.040999999999999925,100,0.1123625988888889,1.2385473672590646
pol.csv,0.9,0.011171333333334754,0.0050000000000000044,100,0.07942786111111112,1.3290305573937244
pol.csv,0.95,0.006583999999998813,0.004000000000000115,100,0.04338275111111112,1.1612931373384763
pol.csv,0.05,0.0465276666666663,0.008,100,0.06543571555555557,1.2145619380077102
pol.csv,0.1,0.029668333333332797,0.02500000000000001,100,0.09275682666666665,1.414307878479474
pol.csv,0.15,0.03615099999999877,0.03399999999999999,100,0.12391539555555557,1.6606139997086538
pol.csv,0.2,0.040132333333331605,0.05400000000000002,100,0.13930112333333333,1.7795181721841118
pol.csv,0.25,0.00760866666666829,0.088,100,0.15252559555555553,1.6520622654888804
pol.csv,0.3,0.05326600000000037,0.035999999999999976,100,0.16865099555555552,2.0602498554984274
pol.csv,0.35,0.0169876666666674,0.06299999999999994,100,0.18976303444444442,1.642411476824163
pol.csv,0.4,0.010923333333331509,0.07900000000000001,100,0.19584333333333334,1.8002457847114963
pol.csv,0.44,0.04062299999999852,0.055999999999999994,100,0.18742014555555556,2.053240284388536
pol.csv,0.49,0.048034666666667336,0.07,100,0.19693485666666669,1.8566897437647663
pol.csv,0.54,0.023134666666667858,0.07300000000000001,100,0.19974759555555555,1.7339368026232502
pol.csv,0.6,0.012427666666668724,0.07999999999999996,100,0.19859284888888887,1.5265798790411174
pol.csv,0.65,0.002596666666665026,0.07899999999999996,100,0.1958860833333333,1.4822426449875008
pol.csv,0.7,0.014018333333338462,0.04899999999999993,100,0.16665944444444444,1.638775067154875
pol.csv,0.75,0.013800000000002921,0.052999999999999936,100,0.15647008333333332,1.320607152580103
pol.csv,0.8,0.014267333333331078,0.02300000000000002,100,0.12870479555555556,1.4869459812450887
pol.csv,0.85,0.011049666666663294,0.03199999999999992,100,0.11302099555555557,1.2801529365175257
pol.csv,0.9,0.014859000000001288,0.006000000000000005,100,0.07678713777777776,1.252806919998328
pol.csv,0.95,0.010300000000003418,0.008999999999999897,100,0.05032433222222222,1.0310363605633406
pollen.csv,0.05,0.31933333333333397,0.94,100,0.01925091,2.6827575456465333
pollen.csv,0.1,0.08983266666666674,0.274,100,0.01821477777777778,2.600059834793841
pollen.csv,0.15,0.34681700000000026,0.85,100,0.018430777777777775,2.6140034900159868
pollen.csv,0.2,0.1694170000000006,0.544,100,0.017576471111111113,2.7577938983754957
pollen.csv,0.25,0.3056169999999998,0.75,100,0.013802083333333333,2.562589421511105
pollen.csv,0.3,0.14455033333333317,0.3,100,0.019179656666666666,2.6058600639774454
pollen.csv,0.35,0.6400000000000042,0.65,100,0.02015364888888889,2.499539689215176
pollen.csv,0.4,0.5900000000000042,0.10700000000000004,100,0.018350862222222222,2.855758258484588
pollen.csv,0.44,0.1156169999999998,0.5489999999999999,100,0.019624456666666665,2.6158870319562673
pollen.csv,0.49,0.47983266666666674,0.174,100,0.015309915555555555,2.591602054245205
pollen.csv,0.54,0.5266496666666668,0.29900000000000004,100,0.015546804444444444,2.814890519640202
pollen.csv,0.6,0.20380000000000198,0.06900000000000006,100,0.01693422666666667,2.6527090470028005
pollen.csv,0.65,0.2812000000000032,0.20899999999999996,100,0.01535677333333333,2.6257492344437385
pollen.csv,0.7,0.103800000000002,0.37099999999999994,100,0.014583523333333332,2.6544169636595116
pollen.csv,0.75,0.25326666666666636,0.19200000000000006,100,0.022316145555555562,2.700750421773839
pollen.csv,0.8,0.43058299999999944,0.19999999999999996,100,0.012856109999999999,2.6236652484853566
pollen.csv,0.85,0.48058299999999937,0.15000000000000002,100,0.017328465555555558,2.6095746115942196
pollen.csv,0.9,0.09000000000000419,0.09999999999999998,100,0.019481444444444444,2.587367399317993
pollen.csv,0.95,0.5804993333333327,0.050000000000000044,100,0.02710363888888888,2.6605541802314505
pollen.csv,0.05,0.0399163333333334,0.254,100,0.014762017777777778,2.8287534632506643
pollen.csv,0.1,0.08983266666666674,0.11399999999999999,100,0.014269448888888887,2.79186952260801
pollen.csv,0.15,0.807333333333337,0.85,100,0.02174815111111111,2.66824146925955
pollen.csv,0.2,0.1694170000000006,0.37500000000000006,100,0.021295440000000002,2.713179638201214
pollen.csv,0.25,0.23983266666666675,0.471,100,0.01672113777777778,2.6978332098722455
pollen.csv,0.3,0.5724000000000025,0.017000000000000015,100,0.019971923333333336,2.744613967032512
pollen.csv,0.35,0.6400000000000042,0.345,100,0.015982693333333336,2.7263623014989022
pollen.csv,0.4,0.030582999999999416,0.396,100,0.017283638888888887,2.6709070091495364
pollen.csv,0.44,0.549749000000004,0.56,100,0.017213567777777775,2.576014626787522
pollen.csv,0.49,0.1407503333333341,0.49,100,0.012728527777777774,2.6110294755771593
pollen.csv,0.54,0.4500000000000042,0.45999999999999996,100,0.018928972222222226,2.609184441304724
pollen.csv,0.6,0.23058299999999937,0.4,100,0.02293583444444445,2.6141635209707514
pollen.csv,0.65,0.019333333333332647,0.43200000000000005,100,0.014918084444444445,2.8038348728012834
pollen.csv,0.7,0.103800000000002,0.22100000000000009,100,0.01765499888888889,2.706934880166898
pollen.csv,0.75,0.2400000000000042,0.25,100,0.02053117666666667,2.665663994140189
pollen.csv,0.8,0.19000000000000417,0.19999999999999996,100,0.01810850111111111,2.5409796140576053
pollen.csv,0.85,0.2193333333333326,0.7949999999999999,100,0.016995967777777777,2.825878207265107
pollen.csv,0.9,0.09000000000000419,0.09999999999999998,100,0.015358471111111112,2.5644277690703876
pollen.csv,0.95,0.5055333333333334,0.3959999999999999,100,0.020263555555555555,2.776559056900732
puma32H.csv,0.05,0.03983266666666674,0.05,100,0.015663004444444444,2.6778435832637775
puma32H.csv,0.1,0.08974900000000008,0.083,100,0.025470648888888888,2.637188035906437
puma32H.csv,0.15,0.1396653333333334,0.057999999999999996,100,0.02596984333333334,2.660704251858502
puma32H.csv,0.2,0.18857766666666675,0.038000000000000006,100,0.031165310000000005,2.7964873092811366
puma32H.csv,0.25,0.2387450000000001,0.025000000000000022,100,0.03448442111111111,2.8405024690209935
puma32H.csv,0.3,0.2786936666666668,0.057999999999999996,100,0.04049525666666667,2.854635390785676
puma32H.csv,0.35,0.26059633333333293,0.007999999999999952,100,0.04771744333333333,2.8245234008123425
puma32H.csv,0.4,0.33823766666666655,0.07900000000000001,100,0.04426470666666667,2.865551569222615
puma32H.csv,0.44,0.4004340000000002,0.034999999999999976,100,0.042930901111111114,2.8432991625657635
puma32H.csv,0.49,0.4829980000000037,0.06400000000000006,100,0.04146141777777778,2.8179984600090213
puma32H.csv,0.54,0.37135100000000265,0.15800000000000003,100,0.04733134555555556,2.815796399013114
puma32H.csv,0.6,0.34142100000000297,0.031000000000000028,100,0.046732154444444444,2.8046677001348312
puma32H.csv,0.65,0.3233336666666702,0.015000000000000013,100,0.0450294711111111,2.8283524331702714
puma32H.csv,0.7,0.28841000000000394,0.025000000000000022,100,0.04255901777777779,2.8292571683012544
puma32H.csv,0.75,0.23882866666667057,0.0,100,0.035559106666666666,2.7155664865812383
puma32H.csv,0.8,0.18832666666667042,0.10099999999999998,100,0.03610202111111111,2.6658961781857813
puma32H.csv,0.85,0.13774100000000378,0.133,100,0.027847434444444444,2.624609464142896
puma32H.csv,0.9,0.08799166666667035,0.02200000000000002,100,0.031408545555555556,2.7125958975137
puma32H.csv,0.95,0.039581666666670734,0.010999999999999899,100,0.023578278888888887,2.5752329577922426
puma32H.csv,0.05,0.039749000000000076,0.0030000000000000027,100,0.01832699888888889,2.595610137254464
puma32H.csv,0.1,0.08974900000000008,0.02099999999999999,100,0.02362328444444445,2.6369732055826773
puma32H.csv,0.15,0.13732266666666676,0.009999999999999981,100,0.03211568444444444,2.6438733366160125
puma32H.csv,0.2,0.18841033333333343,0.023999999999999994,100,0.03315997666666667,2.7868675067281194
puma32H.csv,0.25,0.2286936666666668,0.017000000000000015,100,0.035165426666666666,2.8210362223386776
puma32H.csv,0.3,0.2886613333333334,0.013999999999999957,100,0.03463108777777777,2.821798615067029
puma32H.csv,0.35,0.3286936666666668,0.024999999999999967,100,0.03999688888888889,2.8866936168029707
puma32H.csv,0.4,0.339913,0.056999999999999995,100,0.046759043333333326,2.839237445825796
puma32H.csv,0.44,0.24941433333333363,0.031000000000000028,100,0.047851,2.814522959346345
puma32H.csv,0.49,0.001961000000000379,0.019000000000000017,100,0.04295507111111113,2.8290446478597677
puma32H.csv,0.54,0.42085300000000336,0.06299999999999994,100,0.04020463444444444,2.8013405526137323
puma32H.csv,0.6,0.2605090000000022,0.09200000000000008,100,0.045724376666666657,2.839639620148855
puma32H.csv,0.65,0.32056900000000366,0.008000000000000007,100,0.04246172888888888,2.759640333453538
puma32H.csv,0.7,0.2885773333333371,0.05500000000000005,100,0.03470419888888889,2.687520936062576
puma32H.csv,0.75,0.23882866666667057,0.0040000000000000036,100,0.03663963888888889,2.7572122747865957
puma32H.csv,0.8,0.18857766666667042,0.06799999999999995,100,0.032521861111111106,2.717428610794023
puma32H.csv,0.85,0.13832633333333721,0.04999999999999993,100,0.03287713222222222,2.739191575149051
puma32H.csv,0.9,0.08882833333333717,0.02200000000000002,100,0.027106884444444437,2.671428659313622
puma32H.csv,0.95,0.03966500000000417,0.006999999999999895,100,0.02207859888888889,2.643631938877277
puma8NH.csv,0.05,0.044931333333333004,0.08800000000000001,100,0.06559980444444444,2.6321170586169047
puma8NH.csv,0.1,0.0024623333333329833,0.08299999999999999,100,0.06633944888888889,2.6594599246556445
puma8NH.csv,0.15,0.12100733333333366,0.07700000000000001,100,0.08350630666666665,2.7749488241095817
puma8NH.csv,0.2,0.02816666666666734,0.01100000000000001,100,0.07346957333333333,2.7524542740832336
puma8NH.csv,0.25,0.06054833333333237,0.057999999999999996,100,0.08704757666666665,2.729907980198816
puma8NH.csv,0.3,0.033917999999998505,0.033999999999999975,100,0.09613208333333331,2.7390410031825905
puma8NH.csv,0.35,0.07840933333333389,0.010000000000000009,100,0.08452881222222222,2.8727474165342244
puma8NH.csv,0.4,0.01660500000000137,0.027000000000000024,100,0.09238907888888889,2.8131575496653882
puma8NH.csv,0.44,0.045010333333333596,0.03400000000000003,100,0.09964939555555555,2.765494594978488
puma8NH.csv,0.49,0.07809500000000091,0.062000000000000055,100,0.08969557333333335,2.9107113189806606
puma8NH.csv,0.54,0.029179333333333002,0.052000000000000046,100,0.09041919444444446,2.8321514439866817
puma8NH.csv,0.6,0.06823466666666611,0.12499999999999994,100,0.09549697222222223,2.7973300959386145
puma8NH.csv,0.65,0.03825566666666491,0.02400000000000002,100,0.09002085666666668,2.820984807435661
puma8NH.csv,0.7,0.02216899999999844,0.04200000000000004,100,0.09752633222222222,2.63998472945211
puma8NH.csv,0.75,0.014305333333333059,0.007000000000000006,100,0.08319075000000002,2.6682694374825378
puma8NH.csv,0.8,0.03510233333333135,0.006000000000000005,100,0.08142452777777778,2.6363635019204184
puma8NH.csv,0.85,0.026355000000000905,0.026999999999999913,100,0.07285408444444444,2.7194838290013275
puma8NH.csv,0.9,0.08556500000000211,0.07299999999999995,100,0.07297897222222223,2.7926776952357506
puma8NH.csv,0.95,0.030041666666665634,0.007000000000000117,100,0.05626452777777779,2.5912861053845853
puma8NH.csv,0.05,0.005096666666666548,0.010000000000000002,100,0.049666111111111105,2.434928653323193
puma8NH.csv,0.1,0.14823233333333277,0.10200000000000001,100,0.07853478222222224,2.6982630077055325
puma8NH.csv,0.15,0.062198999999998894,0.06,100,0.07553411,2.627575318673602
puma8NH.csv,0.2,0.0008026666666668125,0.03,100,0.08074845666666665,2.666677080151519
puma8NH.csv,0.25,0.03663133333333335,0.008000000000000007,100,0.08818223444444442,2.7457287472146716
puma8NH.csv,0.3,0.10678333333333312,0.139,100,0.09115601222222222,2.776767730482517
puma8NH.csv,0.35,0.10594266666666641,0.10000000000000003,100,0.10354252777777777,2.713717998185644
puma8NH.csv,0.4,0.04840499999999981,0.063,100,0.09446913777777777,2.8240737281031554
puma8NH.csv,0.44,0.05303066666666573,0.025000000000000022,100,0.09685418222222221,2.8447945816607167
puma8NH.csv,0.49,0.05213299999999965,0.07300000000000001,100,0.09185002666666665,2.8139907756095255
puma8NH.csv,0.54,0.010752000000000761,0.0050000000000000044,100,0.09447219555555555,2.7868651330633587
puma8NH.csv,0.6,0.04079566666666845,0.05900000000000005,100,0.08607244888888889,2.818537985633282
puma8NH.csv,0.65,0.04606033333333237,0.030000000000000027,100,0.10072784,2.7308800306401046
puma8NH.csv,0.7,0.03836833333333267,0.03300000000000003,100,0.09479098222222221,2.6785942981795223
puma8NH.csv,0.75,0.016679666666666204,0.04500000000000004,100,0.08286858222222221,2.6737046356623226
puma8NH.csv,0.8,0.037701999999997904,0.039999999999999925,100,0.08564591555555555,2.5506040091012196
puma8NH.csv,0.85,1.9000000001989648e-05,0.041000000000000036,100,0.07099245666666668,2.667622306611914
puma8NH.csv,0.9,0.027652000000003896,0.05600000000000005,100,0.06818995111111112,2.6880414419880037
puma8NH.csv,0.95,0.016573333333333662,0.025000000000000022,100,0.034626515555555556,2.214543278696882
quake.csv,0.05,0.9349753333333365,0.49300000000000005,100,0.054825549549074065,2.8355399657372313
quake.csv,0.1,0.8874050000000036,0.42200000000000004,100,0.047288802386111106,2.837176396084617
quake.csv,0.15,0.482509333333334,0.215,100,0.039992501111111106,2.808225711823296
quake.csv,0.2,0.7811216666666696,0.409,100,0.05804450808641975,2.853943176094434
quake.csv,0.25,0.7384100000000039,0.045999999999999985,100,0.04241966188148148,2.8066227512640496
quake.csv,0.3,0.6856460000000038,0.2,100,0.04771501238611111,2.825119075877135
quake.csv,0.35,0.6355653333333368,0.07300000000000001,100,0.04386324338611111,2.8854680741340726
quake.csv,0.4,0.587907333333337,0.05199999999999999,100,0.045274475467901226,2.862103403005608
quake.csv,0.44,0.5471536666666703,0.20600000000000002,100,0.04508984915555554,2.8056214765063747
quake.csv,0.49,0.4989123333333373,0.10099999999999998,100,0.03759713478888889,2.8331052203581137
quake.csv,0.54,0.447321333333337,0.067,100,0.048068432844444446,2.8264883095407853
quake.csv,0.6,0.3883263333333372,0.06599999999999995,100,0.04239171046296297,2.8130856418658485
quake.csv,0.65,0.33874500000000385,0.132,100,0.041856998888888886,2.8053603134359655
quake.csv,0.7,0.2888286666666706,0.17399999999999993,100,0.041036305555555555,2.9042103660992944
quake.csv,0.75,0.23891233333333728,0.3,100,0.04005444444444445,2.8738908467871394
quake.csv,0.8,0.18757233333333712,0.37800000000000006,100,0.04663407111111112,2.7925176642822036
quake.csv,0.85,0.13648466666667047,0.422,100,0.04397270809382716,2.7889920477964028
quake.csv,0.9,0.08631633333333688,0.32699999999999996,100,0.04534628922067901,2.7820336817083686
quake.csv,0.95,0.03891233333333732,0.4069999999999999,100,0.040271894177777774,2.851068962623799
quake.csv,0.05,0.9388286666666705,0.405,100,0.04159300000000001,2.8809909001030407
quake.csv,0.1,0.8884103333333372,0.349,100,0.034377177222222215,2.7469507719780295
quake.csv,0.15,0.49926133333333367,0.29400000000000004,100,0.04474893638888889,2.865182466076086
quake.csv,0.2,0.7874050000000035,0.22499999999999998,100,0.04978509588240741,2.856298182720272
quake.csv,0.25,0.7384100000000039,0.12,100,0.042324180406172834,2.834407138711245
quake.csv,0.3,0.6882426666666706,0.2,100,0.04219726875648149,2.775557383530662
quake.csv,0.35,0.6389123333333373,0.10600000000000004,100,0.03984449195555555,2.7896339918262325
quake.csv,0.4,0.3886613333333334,0.055999999999999994,100,0.03715660462222222,2.863086802305015
quake.csv,0.44,0.5468186666666701,0.16799999999999998,100,0.04805708857129629,2.816395499448884
quake.csv,0.49,0.4989123333333373,0.07699999999999996,100,0.04000975440586419,2.8177492313159886
quake.csv,0.54,0.44891233333333724,0.16900000000000004,100,0.03992514669012345,2.8346983233202767
quake.csv,0.6,0.3870700000000038,0.09899999999999998,100,0.04701889333333333,2.7646807873481936
quake.csv,0.65,0.33891233333333726,0.126,100,0.03988922308148149,2.8105829372765005
quake.csv,0.7,0.06263266666666578,0.27399999999999997,100,0.03821534946759259,2.701649510630395
quake.csv,0.75,0.237740333333337,0.23199999999999998,100,0.04584204234907408,2.8637599972956407
quake.csv,0.8,0.18824266666667044,0.19800000000000006,100,0.043206507822222226,2.817035224651304
quake.csv,0.85,0.13639933333333698,0.265,100,0.046168998888888896,2.839460569496733
quake.csv,0.9,0.21287933333333253,0.41000000000000003,100,0.03541666222222222,2.7479520467380416
quake.csv,0.95,0.036483333333336976,0.365,100,0.048025686874999994,2.8731305711574526
sonar.csv,0.05,0.039749000000000076,0.111,100,0.01999948777777778,2.538296527665254
sonar.csv,0.1,0.0896653333333334,0.128,100,0.02254720444444445,2.3704442423838366
sonar.csv,0.15,0.1313820000000001,0.19000000000000003,100,0.03218330111111111,2.4072509196650382
sonar.csv,0.2,0.18656833333333345,0.07900000000000001,100,0.0432041011111111,2.578741928245972
sonar.csv,0.25,0.23673633333333344,0.0030000000000000027,100,0.041618111111111106,2.584993629557054
sonar.csv,0.3,0.2892470000000001,0.08000000000000002,100,0.03886864333333333,2.5903073682347193
sonar.csv,0.35,0.3346410000000001,0.02400000000000002,100,0.04675030666666667,2.66727984053985
sonar.csv,0.4,0.3858996666666668,0.05099999999999999,100,0.042333217777777786,2.612664717409334
sonar.csv,0.44,0.42740566666666674,0.28300000000000003,100,0.04434277666666667,2.7408960664382667
sonar.csv,0.49,0.4679433333333335,0.21999999999999997,100,0.04792725666666667,2.7673006169938272
sonar.csv,0.54,0.5266516666666669,0.21600000000000003,100,0.044058545555555544,2.676309726156898
sonar.csv,0.6,0.5858146666666667,0.25999999999999995,100,0.04462886555555556,2.6206994636131706
sonar.csv,0.65,0.6277726666666669,0.138,100,0.04323423444444445,2.7692020343953767
sonar.csv,0.7,0.6822113333333334,0.22699999999999992,100,0.04807121222222222,2.71263645262478
sonar.csv,0.75,0.23355166666667027,0.265,100,0.046428226666666655,2.8048696870053993
sonar.csv,0.8,0.18723733333333703,0.259,100,0.04778060444444445,2.7101907750652363
sonar.csv,0.85,0.13849366666667062,0.33599999999999997,100,0.04304482666666666,2.702554644373915
sonar.csv,0.9,0.08891233333333726,0.524,100,0.03721252777777778,2.7215810356231374
sonar.csv,0.95,0.2844893333333327,0.42599999999999993,100,0.03588231555555556,2.6995555766193453
sonar.csv,0.05,0.03983266666666674,0.025999999999999995,100,0.018557306666666665,2.521342045945482
sonar.csv,0.1,0.08523066666666679,0.082,100,0.02953019888888889,2.4088121437181984
sonar.csv,0.15,0.13698766666666676,0.11599999999999999,100,0.03245112333333334,2.5056258013447246
sonar.csv,0.2,0.18774066666666678,0.126,100,0.03377318222222222,2.500813527494356
sonar.csv,0.25,0.20909066666666679,0.10300000000000001,100,0.047582910000000006,2.4771800759188585
sonar.csv,0.3,0.28824266666666676,0.19799999999999998,100,0.03558255444444445,2.6138333241025773
sonar.csv,0.35,0.3338010000000001,0.06500000000000006,100,0.052949893333333324,2.6614158848636857
sonar.csv,0.4,0.3884936666666668,0.197,100,0.040933017777777775,2.6828089605512457
sonar.csv,0.44,0.4279920000000001,0.188,100,0.04021496,2.6581786807089247
sonar.csv,0.49,0.47832666666666673,0.235,100,0.03503397333333333,2.6747261839077585
sonar.csv,0.54,0.5290796666666668,0.17600000000000005,100,0.03916299555555556,2.5534473137890545
sonar.csv,0.6,0.5868180000000001,0.367,100,0.04921719444444443,2.7026371554015864
sonar.csv,0.65,0.6102660000000002,0.199,100,0.05107230555555556,2.7023946134204055
sonar.csv,0.7,0.24782766666666678,0.33799999999999997,100,0.042410732222222226,2.707676136097543
sonar.csv,0.75,0.2370696666666705,0.06499999999999995,100,0.044776634444444456,2.7089713677409364
sonar.csv,0.8,0.11991399999999963,0.37800000000000006,100,0.04989415111111112,2.6347509168653795
sonar.csv,0.85,0.2102873333333326,0.43599999999999994,100,0.040821648888888895,2.649808635974678
sonar.csv,0.9,0.08899600000000396,0.281,100,0.03973584888888889,2.706894325055362
sonar.csv,0.95,0.03899600000000403,0.353,100,0.03645082111111111,2.686359630354979
space_ga.csv,0.05,0.034645333333333264,0.023999999999999994,100,0.06017192333333333,2.6092012050225337
space_ga.csv,0.1,0.0331736666666661,0.0010000000000000009,100,0.06856,2.624918524210668
space_ga.csv,0.15,0.07948433333333166,0.047000000000000014,100,0.08902734555555555,2.626796125069588
space_ga.csv,0.2,0.05410266666666619,0.016999999999999987,100,0.08711357666666666,2.7210593854574734
space_ga.csv,0.25,0.05681399999999931,0.046999999999999986,100,0.09500075000000001,2.752960329920273
space_ga.csv,0.3,0.03475766666666502,0.0,100,0.10608518222222223,2.7434107054038814
space_ga.csv,0.35,0.02694599999999947,0.02400000000000002,100,0.10401055444444446,2.8373148916271855
space_ga.csv,0.4,0.03167666666666752,0.010000000000000009,100,0.11223561777777777,2.800328276015411
space_ga.csv,0.44,0.005979666666665773,0.0010000000000000009,100,0.11712659888888886,2.7650328458448614
space_ga.csv,0.49,0.06033433333333288,0.07699999999999996,100,0.11844075,2.7600545842011663
space_ga.csv,0.54,0.016942333333332837,0.0,100,0.11697942666666666,2.766815931645761
space_ga.csv,0.6,0.10545199999999999,0.06899999999999995,100,0.11540250111111111,2.7644481029642063
space_ga.csv,0.65,0.006196666666667627,0.08399999999999996,100,0.10238255555555552,2.765533032991053
space_ga.csv,0.7,0.07092899999999802,0.03799999999999992,100,0.10682915999999996,2.7651749316831404
space_ga.csv,0.75,0.08307933333333262,0.019000000000000017,100,0.10336141666666665,2.570334028225922
space_ga.csv,0.8,0.01932066666666854,0.040999999999999925,100,0.08624522222222222,2.641616168696545
space_ga.csv,0.85,0.11138366666667032,0.01100000000000001,100,0.09665340444444444,2.562752045536061
space_ga.csv,0.9,0.05918533333333298,0.040000000000000036,100,0.07246659888888889,2.5781078151676446
space_ga.csv,0.95,0.0814183333333367,0.020999999999999908,100,0.06927419888888889,2.4887310522402304
space_ga.csv,0.05,0.05957966666666592,0.021000000000000005,100,0.06217117666666666,2.4702566752268478
space_ga.csv,0.1,0.07075599999999985,0.025999999999999995,100,0.07644652777777777,2.554992629298333
space_ga.csv,0.15,0.027032666666666094,0.011999999999999983,100,0.07944177777777778,2.611922276333131
space_ga.csv,0.2,0.03711866666666502,0.014000000000000012,100,0.10020644888888891,2.5569156838354727
space_ga.csv,0.25,0.0918003333333322,0.068,100,0.11332724000000001,2.6581205790948044
space_ga.csv,0.3,0.08490233333333208,0.10500000000000004,100,0.10709877777777776,2.795428678539277
space_ga.csv,0.35,0.0251896666666665,0.014000000000000012,100,0.10819919444444444,2.7405664438171695
space_ga.csv,0.4,0.13585499999999978,0.14700000000000002,100,0.09697737333333337,2.7287064483328525
space_ga.csv,0.44,0.021044999999999148,0.015000000000000013,100,0.12788224888888888,2.7326031430174833
space_ga.csv,0.49,0.0016436666666666544,0.02400000000000002,100,0.12854077666666666,2.6485747785610987
space_ga.csv,0.54,0.005481000000000735,0.010000000000000009,100,0.11121688444444443,2.7873662206760192
space_ga.csv,0.6,0.03502466666666593,0.030999999999999917,100,0.10464783999999999,2.8690890183589874
space_ga.csv,0.65,0.018094666666666814,0.040000000000000036,100,0.09897830555555556,2.781873650753604
space_ga.csv,0.7,0.11987266666666663,0.07299999999999995,100,0.11854313222222222,2.723584847065154
space_ga.csv,0.75,0.06210199999999744,0.03700000000000003,100,0.1102023322222222,2.595377688040113
space_ga.csv,0.8,0.11310899999999757,0.015000000000000013,100,0.09979388444444443,2.7006905207443808
space_ga.csv,0.85,0.08543999999999774,0.02499999999999991,100,0.09164823999999999,2.603784893100552
space_ga.csv,0.9,0.10699900000000273,0.007000000000000006,100,0.08441566666666665,2.4770483607486113
space_ga.csv,0.95,0.09442966666666675,0.061999999999999944,100,0.07156321222222223,2.638830773761542
spambase(1).csv,0.05,0.03364299999999995,0.008,100,0.057271826666666664,1.817042817826936
spambase(1).csv,0.1,0.015186999999999493,0.017,100,0.06961030555555554,2.0840506286898526
spambase(1).csv,0.15,0.02619566666666609,0.013000000000000012,100,0.10102868777777779,2.059159203802383
spambase(1).csv,0.2,0.011084666666665632,0.008000000000000007,100,0.11681550666666667,2.0740274962996206
spambase(1).csv,0.25,0.013800333333335107,0.009000000000000008,100,0.1273986788888889,2.240912886268527
spambase(1).csv,0.3,0.06321433333333507,0.012999999999999956,100,0.1303348122222222,2.2612165640498207
spambase(1).csv,0.35,0.05238366666666655,0.021999999999999964,100,0.14170111555555553,2.3146967137171037
spambase(1).csv,0.4,0.032928999999999375,0.0040000000000000036,100,0.16225951555555554,2.207979899883657
spambase(1).csv,0.44,0.02530900000000147,0.03200000000000003,100,0.1728323677777778,2.1339185071024533
spambase(1).csv,0.49,0.05413866666666556,0.006000000000000005,100,0.16831823444444446,2.303268492607799
spambase(1).csv,0.54,0.0031366666666660104,0.03300000000000003,100,0.16562351555555557,2.337065425328085
spambase(1).csv,0.6,0.061881666666665947,0.02200000000000002,100,0.16888231555555552,2.2862106297156712
spambase(1).csv,0.65,0.06117433333333444,0.02300000000000002,100,0.1733935233333333,2.196721191587844
spambase(1).csv,0.7,0.03559066666666566,0.05600000000000005,100,0.13762526555555554,2.3599253487293232
spambase(1).csv,0.75,0.03397166666666207,0.029000000000000026,100,0.13524475,2.3483970929635185
spambase(1).csv,0.8,0.09786533333332958,0.03600000000000003,100,0.14040202666666665,2.2635287839454605
spambase(1).csv,0.85,0.0608333333333384,0.008000000000000007,100,0.11422753222222223,2.064989116253056
spambase(1).csv,0.9,0.05349899999999774,0.0050000000000000044,100,0.08859577777777776,2.1047843043003756
spambase(1).csv,0.95,0.08024900000000335,0.016999999999999904,100,0.07969566666666666,1.8055703062727853
spambase(1).csv,0.05,0.032638999999999974,0.0020000000000000018,100,0.05470497222222222,1.8313830069077073
spambase(1).csv,0.1,0.01627333333333339,0.027999999999999997,100,0.057472555555555555,1.8496908644916465
spambase(1).csv,0.15,0.013203000000000631,0.012999999999999984,100,0.09096255111111111,1.9402473870023296
spambase(1).csv,0.2,0.01401633333333463,0.006000000000000005,100,0.10992033333333331,2.064925122762643
spambase(1).csv,0.25,0.013716333333335107,0.007000000000000006,100,0.12816144444444444,2.160294284014156
spambase(1).csv,0.3,0.027571999999999708,0.008000000000000007,100,0.1349638711111111,2.2005393663190658
spambase(1).csv,0.35,0.015402000000001914,0.0020000000000000018,100,0.14266878222222223,2.398382650047464
spambase(1).csv,0.4,0.01895633333333452,0.009000000000000008,100,0.15012551555555556,2.423435362958426
spambase(1).csv,0.44,0.021965333333332615,0.10200000000000004,100,0.17724566555555557,2.2110685236660874
spambase(1).csv,0.49,0.05430599999999891,0.008000000000000007,100,0.17415570111111112,2.2193205348092344
spambase(1).csv,0.54,0.0022999999999993026,0.026000000000000023,100,0.16655991555555555,2.3975653941649564
spambase(1).csv,0.6,0.03544299999999867,0.020000000000000018,100,0.17848333333333335,2.1373728013078335
spambase(1).csv,0.65,0.013054999999997263,0.026000000000000023,100,0.1701900266666666,2.0827386813546296
spambase(1).csv,0.7,0.08388999999999769,0.015999999999999903,100,0.14841935111111113,2.3891850930565055
spambase(1).csv,0.75,0.021342666666668175,0.03200000000000003,100,0.14926063444444446,1.9721987373560168
spambase(1).csv,0.8,0.017216000000003118,0.06399999999999995,100,0.11794264888888888,2.119774842663628
spambase(1).csv,0.85,0.021324000000001453,0.04700000000000004,100,0.09397544444444444,2.220685473804939
spambase(1).csv,0.9,0.06095366666666491,0.018000000000000016,100,0.08942392888888889,2.283640906695566
spambase(1).csv,0.95,0.04945600000000028,0.002000000000000113,100,0.06187171,1.9259922512716985
spambase.csv,0.05,0.03355933333333329,0.017,100,0.057190411138825906,1.910116097004037
spambase.csv,0.1,0.0425069999999996,0.02600000000000001,100,0.0797957799787037,2.0906173540297863
spambase.csv,0.15,0.060666333333332295,0.0030000000000000027,100,0.10206775919259262,2.3324838659771903
spambase.csv,0.2,0.060379666666666776,0.021999999999999992,100,0.13098774520833334,2.2525812528190134
spambase.csv,0.25,0.06453133333333277,0.027000000000000024,100,0.1425743290882527,2.3517287106155456
spambase.csv,0.3,0.04791066666666616,0.0040000000000000036,100,0.1509853135382716,2.2268830720817245
spambase.csv,0.35,0.002178333333333504,0.01699999999999996,100,0.16575512557870367,2.1572057220874115
spambase.csv,0.4,0.0070613333333316985,0.040000000000000036,100,0.1539605925925926,2.436424471028771
spambase.csv,0.44,0.02221633333333256,0.0040000000000000036,100,0.17158083675432098,2.3178379375508884
spambase.csv,0.49,0.02260000000000084,0.010000000000000009,100,0.17132717472222225,2.2688532481336092
spambase.csv,0.54,0.04589433333333248,0.017000000000000015,100,0.17354389194444447,2.2092255137900003
spambase.csv,0.6,0.006977333333333724,0.013000000000000012,100,0.1453532367712963,2.4730566672693812
spambase.csv,0.65,0.01968466666666724,0.013000000000000012,100,0.1518825941666667,2.1416696213843815
spambase.csv,0.7,0.020879000000002645,0.040000000000000036,100,0.14915515064814813,1.9999109610910628
spambase.csv,0.75,0.013465333333336105,0.006000000000000005,100,0.1423545336111111,2.0250334844437377
spambase.csv,0.8,0.013263333333330851,0.027000000000000024,100,0.1135777511111111,2.003017203767154
spambase.csv,0.85,0.027198666666666926,0.010000000000000009,100,0.11134081790123455,1.9562993061740612
spambase.csv,0.9,0.009496333333334661,0.02100000000000002,100,0.06119869580246913,2.0695855711949522
spambase.csv,0.95,0.09652333333333407,0.05499999999999994,100,0.07448336555555556,1.864450490473111
spambase.csv,0.05,0.052551666666666094,0.0040000000000000036,100,0.06586356777777777,1.9228451484755822
spambase.csv,0.1,0.06328966666666608,0.007999999999999993,100,0.088785045909549,2.147179764906767
spambase.csv,0.15,0.03447666666666549,0.0050000000000000044,100,0.10692832076388888,2.1292509335586094
spambase.csv,0.2,0.013436666666665598,0.035,100,0.11669605409722221,2.1828546064977727
spambase.csv,0.25,0.06385233333333235,0.015000000000000013,100,0.14963569086215042,2.2249357595248096
spambase.csv,0.3,0.033087333333331415,0.01799999999999996,100,0.15107781416666669,2.232986818861778
spambase.csv,0.35,0.036149333333331646,0.013000000000000012,100,0.15870683965277776,2.3418708983722314
spambase.csv,0.4,0.010587666666664775,0.0020000000000000018,100,0.1697083513638889,2.278245948255531
spambase.csv,0.44,0.00305099999999886,0.016000000000000014,100,0.17389004644290126,2.203140217173514
spambase.csv,0.49,0.0026000000000014345,0.02899999999999997,100,0.16016241484567903,2.428233559338535
spambase.csv,0.54,0.0023836666666660067,0.038000000000000034,100,0.18501366952932102,2.1498466463642125
spambase.csv,0.6,0.00403666666666691,0.020000000000000018,100,0.16222121354166666,2.275717433444278
spambase.csv,0.65,0.031211666666664195,0.07300000000000006,100,0.1500647238888889,2.441733031265632
spambase.csv,0.7,0.012428666666671973,1.1102230246251565e-16,100,0.14860313372685185,2.1064938489934133
spambase.csv,0.75,0.006437333333334294,0.026000000000000023,100,0.13794560648734566,2.2022618027235255
spambase.csv,0.8,0.008661666666663681,0.006000000000000005,100,0.12140400570216048,2.0042861434783457
spambase.csv,0.85,0.012638333333330531,0.0030000000000000027,100,0.09747757666666669,2.0583387972789904
spambase.csv,0.9,0.046781999999999546,0.025000000000000022,100,0.08719960527777777,2.101538042736417
spambase.csv,0.95,0.03230433333333138,0.0119999999999999,100,0.05868944767746914,1.665969995711314
spectf.csv,0.05,0.0399163333333334,0.062,100,0.017203382222222223,2.5559573378507956
spectf.csv,0.1,0.08983266666666674,0.021000000000000005,100,0.02278119444444444,2.602113941259513
spectf.csv,0.15,0.13933066666666674,0.13800000000000004,100,0.02719149333333333,2.619189617308056
spectf.csv,0.2,0.18958166666666676,0.05100000000000002,100,0.026464751111111108,2.5871287738519815
spectf.csv,0.25,0.23841033333333342,0.23299999999999998,100,0.03201922111111111,2.7585386025549776
spectf.csv,0.3,0.28832666666666673,0.09000000000000002,100,0.031923,2.730851153342954
spectf.csv,0.35,0.33841033333333337,0.11100000000000004,100,0.033469271111111115,2.6660861610218327
spectf.csv,0.4,0.3884940000000001,0.08699999999999997,100,0.03891452777777778,2.798312350997292
spectf.csv,0.44,0.4291633333333334,0.118,100,0.028711132222222227,2.634163681150182
spectf.csv,0.49,0.47958166666666674,0.06000000000000005,100,0.028463176666666666,2.74930577860554
spectf.csv,0.54,0.5285776666666668,0.05500000000000005,100,0.030902287777777773,2.7624356958512832
spectf.csv,0.6,0.5887450000000001,0.26399999999999996,100,0.032085777777777776,2.7410739728496454
spectf.csv,0.65,0.6396653333333334,0.20700000000000002,100,0.02770611111111111,2.701271745720957
spectf.csv,0.7,0.688745,0.24799999999999994,100,0.03296876777777778,2.7472408123471683
spectf.csv,0.75,0.7389960000000001,0.17000000000000004,100,0.03490143444444445,2.7437318418980823
spectf.csv,0.8,0.5144226666666661,0.121,100,0.03319694555555556,2.7407433773714547
spectf.csv,0.85,0.8394980000000001,0.015000000000000013,100,0.02996563888888889,2.5824859338641635
spectf.csv,0.9,0.8899163333333334,0.21299999999999997,100,0.02656032333333334,2.7119932791752337
spectf.csv,0.95,0.9399163333333334,0.2619999999999999,100,0.025565221111111116,2.6013949663706244
spectf.csv,0.05,0.03715533333333343,0.034,100,0.025866501111111117,2.4756012906215754
spectf.csv,0.1,0.08974900000000008,0.135,100,0.023916767777777778,2.6331362784902907
spectf.csv,0.15,0.13732266666666676,0.019000000000000017,100,0.03140852888888889,2.6559733583712473
spectf.csv,0.2,0.18983266666666676,0.09899999999999998,100,0.024401262222222223,2.824242819431477
spectf.csv,0.25,0.23958166666666675,0.10400000000000001,100,0.02719291,2.7615538272780826
spectf.csv,0.3,0.2899163333333334,0.118,100,0.022016782222222225,2.6469501808628086
spectf.csv,0.35,0.3398326666666667,0.06399999999999995,100,0.026942995555555554,2.8051083124695846
spectf.csv,0.4,0.38120566666666683,0.023999999999999966,100,0.02836138222222222,2.752041167578035
spectf.csv,0.44,0.4289123333333334,0.04899999999999999,100,0.029738426666666665,2.6247885147992167
spectf.csv,0.49,0.47857766666666673,0.027000000000000024,100,0.035321798888888895,2.7935105225690693
spectf.csv,0.54,0.5289123333333334,0.051000000000000045,100,0.03394400444444444,2.6684730094028266
spectf.csv,0.6,0.5890796666666668,0.03699999999999992,100,0.03308208333333333,2.6969619445304938
spectf.csv,0.65,0.6395816666666667,0.10699999999999998,100,0.027781626666666667,2.754822102764397
spectf.csv,0.7,0.688745,0.1479999999999999,100,0.03030282111111111,2.7633594506829993
spectf.csv,0.75,0.7398326666666667,0.19299999999999995,100,0.02586977777777778,2.7255400773958574
spectf.csv,0.8,0.4660119999999992,0.0020000000000000018,100,0.022532595555555562,2.5876380213717654
spectf.csv,0.85,0.5176869999999991,0.136,100,0.02499695444444445,2.5945253089544984
spectf.csv,0.9,0.8899163333333334,0.433,100,0.027037389999999998,2.6733333380567417
spectf.csv,0.95,0.9397490000000001,0.09399999999999997,100,0.02763113777777778,2.600128868591932
sylva_prior.csv,0.05,0.01490000000000008,0.016,100,0.033142101111111114,0.2651241953792266
sylva_prior.csv,0.1,0.007989999999999747,0.015,100,0.06719753777777777,0.8564289478703462
sylva_prior.csv,0.15,0.02259266666666712,0.03599999999999999,100,0.09594239555555552,0.7693426574987583
sylva_prior.csv,0.2,0.03853433333333334,0.06,100,0.09963473222222216,1.1239867704106012
sylva_prior.csv,0.25,0.06544000000000116,0.025999999999999995,100,0.11603741666666666,1.2943416189358783
sylva_prior.csv,0.3,0.0427160000000002,0.01799999999999996,100,0.14229963888888889,1.3239958438579087
sylva_prior.csv,0.35,0.0639346666666663,0.056999999999999995,100,0.15246967111111107,1.5427483637358497
sylva_prior.csv,0.4,0.03861933333333262,0.019000000000000017,100,0.1714446711111111,1.7155986047526348
sylva_prior.csv,0.44,0.06113200000000113,0.006000000000000005,100,0.1620298344444444,1.8950736941439323
sylva_prior.csv,0.49,0.08612833333333503,0.019999999999999962,100,0.16065167111111112,1.9558620823508734
sylva_prior.csv,0.54,0.09008433333333382,0.02300000000000002,100,0.1702039233333333,1.9880002963278853
sylva_prior.csv,0.6,0.05510466666666569,0.019000000000000017,100,0.18396086555555552,1.8287870518888576
sylva_prior.csv,0.65,0.15821866666666667,0.031000000000000028,100,0.15853551555555556,2.2232221722270746
sylva_prior.csv,0.7,0.061309999999998865,0.0039999999999998925,100,0.1506522711111111,2.226937000772332
sylva_prior.csv,0.75,0.08651866666666641,0.009000000000000008,100,0.13842347888888887,2.3679614371041997
sylva_prior.csv,0.8,0.040047999999998196,0.0030000000000000027,100,0.12763030555555555,2.2466108008014944
sylva_prior.csv,0.85,0.059581333333337816,0.0010000000000000009,100,0.10616033777777778,2.4400563426938526
sylva_prior.csv,0.9,0.07226066666666608,0.0,100,0.08495881222222222,2.3781834222896174
sylva_prior.csv,0.95,0.03431199999999812,0.0030000000000001137,100,0.05496477333333333,2.312107488339051
sylva_prior.csv,0.05,0.01490000000000008,0.023000000000000003,100,0.03297030555555555,0.5085201704386351
sylva_prior.csv,0.1,0.0047273333333329864,0.02700000000000001,100,0.06908424333333332,0.6070920731874572
sylva_prior.csv,0.15,0.01707533333333383,0.041999999999999996,100,0.09294516777777778,0.9628158482759193
sylva_prior.csv,0.2,0.03545666666666747,0.026999999999999996,100,0.10786655111111115,1.1601007973204158
sylva_prior.csv,0.25,0.03219533333333455,0.02099999999999999,100,0.13557711111111112,1.3807682848456149
sylva_prior.csv,0.3,0.031420999999999644,0.0010000000000000009,100,0.14027396777777776,1.5494356223975667
sylva_prior.csv,0.35,0.03740633333333421,0.01799999999999996,100,0.1568305955555556,1.5705890630756385
sylva_prior.csv,0.4,0.06514833333333536,0.03400000000000003,100,0.14460430555555553,1.6998731315880888
sylva_prior.csv,0.44,0.06071366666666783,0.02899999999999997,100,0.16409661777777773,1.7580477121957168
sylva_prior.csv,0.49,0.059163666666666004,0.034999999999999976,100,0.1699981377777778,1.8606154226636105
sylva_prior.csv,0.54,0.08029033333333324,0.03400000000000003,100,0.17375519555555555,1.935479514960774
sylva_prior.csv,0.6,0.11625066666666656,0.016000000000000014,100,0.17302533777777776,2.062045274286844
sylva_prior.csv,0.65,0.06527200000000044,0.017000000000000015,100,0.16964113777777773,2.1467764247835026
sylva_prior.csv,0.7,0.0397926666666667,0.001000000000000112,100,0.1529045277777778,2.017548856149601
sylva_prior.csv,0.75,0.08618399999999993,0.015000000000000013,100,0.1397806622222222,2.3435935370234997
sylva_prior.csv,0.8,0.03686866666666411,0.0040000000000000036,100,0.12697828444444445,2.2672904313399473
sylva_prior.csv,0.85,0.0654580000000029,0.008000000000000007,100,0.10405833333333334,2.5392476865981064
sylva_prior.csv,0.9,0.06003366666666465,0.0,100,0.07736284,2.360339754482875
sylva_prior.csv,0.95,0.06526866666666853,0.0039999999999998925,100,0.06634587111111111,2.3751542342382743
tictactoe.csv,0.05,0.03129866666666678,0.05,100,0.02713652777777778,2.137317717264102
tictactoe.csv,0.1,0.06556933333333342,0.1,100,0.03811805666666666,2.328744686538609
tictactoe.csv,0.15,0.08735733333333323,0.15,100,0.052944527777777785,2.361740217707187
tictactoe.csv,0.2,0.06891800000000053,0.125,100,0.06738970666666667,2.457370032015242
tictactoe.csv,0.25,0.049034000000000966,0.12,100,0.07920568444444444,2.562310569890197
tictactoe.csv,0.3,0.061229333333334496,0.09999999999999998,100,0.08980615444444444,2.567850381633182
tictactoe.csv,0.35,0.11693666666666669,0.056999999999999995,100,0.09462107888888888,2.536590330620811
tictactoe.csv,0.4,0.1536986666666668,0.07700000000000001,100,0.09742563888888889,2.6152367731845416
tictactoe.csv,0.44,0.19152566666666687,0.055999999999999994,100,0.09044253777777778,2.754956580063275
tictactoe.csv,0.49,0.19085800000000047,0.017000000000000015,100,0.10730191555555557,2.6758479770246413
tictactoe.csv,0.54,0.13003699999999924,0.016000000000000014,100,0.10805121222222225,2.558581737113125
tictactoe.csv,0.6,0.036359666666666346,0.02499999999999991,100,0.11006783444444444,2.633190029900865
tictactoe.csv,0.65,0.1686739999999992,0.040000000000000036,100,0.08741450666666666,2.7152456790459545
tictactoe.csv,0.7,0.13081466666666586,0.03300000000000003,100,0.09239236,2.716188523233292
tictactoe.csv,0.75,0.11432166666666599,0.06700000000000006,100,0.0798602788888889,2.6977627752695468
tictactoe.csv,0.8,0.14169400000000043,0.03799999999999992,100,0.08241600444444444,2.419547886455301
tictactoe.csv,0.85,0.041177000000000796,0.062000000000000055,100,0.06505264333333333,2.600639658966014
tictactoe.csv,0.9,0.025654000000000288,0.03400000000000003,100,0.05433026222222223,2.3847372403944154
tictactoe.csv,0.95,0.01933433333333434,0.050000000000000044,100,0.029894589999999995,2.4049735664064014
tictactoe.csv,0.05,0.015653000000000084,0.05,100,0.030068998888888893,2.105062385931406
tictactoe.csv,0.1,0.04003566666666666,0.1,100,0.045861665555555556,2.2649417557986875
tictactoe.csv,0.15,0.06485100000000008,0.135,100,0.05703037666666666,2.405392504447587
tictactoe.csv,0.2,0.06540366666666728,0.11200000000000002,100,0.06797702666666668,2.4865877480379335
tictactoe.csv,0.25,0.060252666666667676,0.101,100,0.08572108777777779,2.458625438417371
tictactoe.csv,0.3,0.060141666666667565,0.09699999999999998,100,0.08903008333333334,2.4676225975728276
tictactoe.csv,0.35,0.1201253333333333,0.05199999999999999,100,0.09453313222222222,2.53618500439359
tictactoe.csv,0.4,0.13193433333333393,0.02200000000000002,100,0.10337719444444446,2.6247576380817583
tictactoe.csv,0.44,0.17393833333333392,0.01200000000000001,100,0.09206808333333333,2.6808027510836605
tictactoe.csv,0.49,0.18340966666666741,0.08199999999999996,100,0.10093530111111111,2.622913458987762
tictactoe.csv,0.54,0.07165633333333266,0.05800000000000005,100,0.10254864000000001,2.64220947010112
tictactoe.csv,0.6,0.10176933333333293,0.025000000000000022,100,0.09751844,2.7971104901757475
tictactoe.csv,0.65,0.06138299999999852,0.028000000000000025,100,0.10053947888888888,2.688270108127185
tictactoe.csv,0.7,0.11759066666666573,0.04300000000000004,100,0.07885975444444443,2.717680424422561
tictactoe.csv,0.75,0.11365366666666565,0.04300000000000004,100,0.07733135444444444,2.6094932448092627
tictactoe.csv,0.8,0.14085700000000057,0.07299999999999995,100,0.08124713222222223,2.5580005121369167
tictactoe.csv,0.85,0.06594400000000034,0.061000000000000054,100,0.06102147888888889,2.5578193443827573
tictactoe.csv,0.9,0.026994000000000185,0.04700000000000004,100,0.05455575444444445,2.480877556010474
tictactoe.csv,0.95,0.018581333333334005,0.04400000000000004,100,0.034717443333333334,2.4083539124891433
transfusion.csv,0.05,0.004480333333333461,0.016,100,0.04373863975279106,2.158795839197201
transfusion.csv,0.1,0.03325966666666656,0.015,100,0.05365008545649189,2.3090538266031393
transfusion.csv,0.15,0.08704700000000001,0.12200000000000003,100,0.05739496448849051,2.4423751301329077
transfusion.csv,0.2,0.01695566666666759,0.07600000000000001,100,0.0765582462771361,2.4823779433268642
transfusion.csv,0.25,0.07766866666666739,0.020000000000000018,100,0.07403826444759225,2.5440656607223215
transfusion.csv,0.3,0.28112366666666677,0.07299999999999998,100,0.047940865129426816,2.5818163988249863
transfusion.csv,0.35,0.1865520000000006,0.016000000000000014,100,0.07381756335073733,2.5072683116543977
transfusion.csv,0.4,0.27452366666666705,0.225,100,0.06764752058383645,2.292450020914038
transfusion.csv,0.44,0.18198800000000065,0.006000000000000005,100,0.08303312152719906,2.637567672622584
transfusion.csv,0.49,0.27721400000000124,0.16899999999999998,100,0.08645252390196084,2.5479799855746013
transfusion.csv,0.54,0.344805000000001,0.16200000000000003,100,0.07638519165833323,2.577124415869243
transfusion.csv,0.6,0.45674066666666713,0.21099999999999997,100,0.07063487815203986,2.6232250347636334
transfusion.csv,0.65,0.5378126666666667,0.198,100,0.07359701762979645,2.592040426356056
transfusion.csv,0.7,0.46526900000000004,0.09399999999999997,100,0.08966756737559446,2.6810422398587384
transfusion.csv,0.75,0.6243280000000004,0.316,100,0.07130924319837106,2.5149597737092297
transfusion.csv,0.8,0.7224166666666667,0.336,100,0.06759471300070233,2.725548370743147
transfusion.csv,0.85,0.6266619999999998,0.31199999999999994,100,0.08335791726712119,2.7277047749634478
transfusion.csv,0.9,0.6279080000000004,0.31700000000000006,100,0.08720951322852251,2.5508929748864397
transfusion.csv,0.95,0.7341113333333333,0.32899999999999996,100,0.08233700606129743,2.7209674154468177
transfusion.csv,0.05,0.056567333333332595,0.08600000000000001,100,0.0618333853628724,2.3787706764999457
transfusion.csv,0.1,0.006818666666665973,0.04100000000000001,100,0.06581409317169006,2.2137001630863287
transfusion.csv,0.15,0.010094999999999382,0.226,100,0.07258073378056762,2.549074374588032
transfusion.csv,0.2,0.08155500000000035,0.135,100,0.0680488539924461,2.3722622935794146
transfusion.csv,0.25,0.1651886666666667,0.05399999999999999,100,0.061268893617089,2.4814065480630214
transfusion.csv,0.3,0.1646223333333337,0.09100000000000003,100,0.06998556067732724,2.5546230939500876
transfusion.csv,0.35,0.1938403333333339,0.08299999999999996,100,0.07322540657547458,2.455517498050978
transfusion.csv,0.4,0.1956793333333345,0.0020000000000000018,100,0.07727214730061756,2.5150990873289913
transfusion.csv,0.44,0.20334700000000078,0.12,100,0.09203344660269779,2.4931479793880653
transfusion.csv,0.49,0.24529500000000073,0.08299999999999996,100,0.08757826067138133,2.5666644440957955
transfusion.csv,0.54,0.312056000000001,0.132,100,0.07918653767061183,2.6279539128775187
transfusion.csv,0.6,0.40230166666666667,0.13299999999999995,100,0.08375502864263899,2.5687895678937056
transfusion.csv,0.65,0.45640533333333344,0.325,100,0.08204852021867427,2.4844579424026216
transfusion.csv,0.7,0.4638443333333341,0.29599999999999993,100,0.0902535587809624,2.5903790566225653
transfusion.csv,0.75,0.5361266666666679,0.428,100,0.08069897607138665,2.5071230569537453
transfusion.csv,0.8,0.682050666666667,0.388,100,0.06949831037205381,2.756190082640125
transfusion.csv,0.85,0.6105786666666667,0.32799999999999996,100,0.08281541107784594,2.638909237013463
transfusion.csv,0.9,0.5487533333333343,0.422,100,0.09120097599451023,2.720188120116086
transfusion.csv,0.95,0.8156943333333337,0.4749999999999999,100,0.07078405979669342,2.7725175041038677
visualizing_soil.csv,0.05,0.010300000000000017,0.054000000000000006,100,0.047456448888888884,0.19851524337429052
visualizing_soil.csv,0.1,0.005315999999999418,0.098,100,0.08978430555555558,0.32508297341970777
visualizing_soil.csv,0.15,0.016067000000000553,0.13200000000000003,100,0.12716252777777778,0.4227090878341354
visualizing_soil.csv,0.2,0.014267333333334659,0.15699999999999997,100,0.1597751066666667,0.5004024235662434
visualizing_soil.csv,0.25,0.013800000000001755,0.176,100,0.1868913988888889,0.5623351446467941
visualizing_soil.csv,0.3,0.010579999999999146,0.188,100,0.20977570666666662,0.6108643020828249
visualizing_soil.csv,0.35,0.002675333333334251,0.19500000000000006,100,0.22679475000000004,0.6474466390625233
visualizing_soil.csv,0.4,0.008731000000001876,0.19699999999999995,100,0.2394033333333333,0.673011667037119
visualizing_soil.csv,0.44,0.002883666666665563,0.196,100,0.24606977777777786,0.6859298002802212
visualizing_soil.csv,0.49,0.003353666666668087,0.19100000000000006,100,0.24920187888888892,0.6929471672523186
visualizing_soil.csv,0.54,0.016190333333334195,0.18299999999999994,100,0.24821684888888892,0.6899437584862432
visualizing_soil.csv,0.6,0.008899333333335036,0.17000000000000004,100,0.23974805666666665,0.6730116670371187
visualizing_soil.csv,0.65,0.0008393333333316377,0.15500000000000003,100,0.22703644444444443,0.6474466390625229
visualizing_soil.csv,0.7,0.010830666666663546,0.139,100,0.2094032222222222,0.6108643020828245
visualizing_soil.csv,0.75,0.013465333333336105,0.12,100,0.1873172211111111,0.5623351446467935
visualizing_soil.csv,0.8,0.013597999999997556,0.09899999999999998,100,0.1595760566666667,0.500402423566243
visualizing_soil.csv,0.85,0.016402999999996615,0.07700000000000007,100,0.12723970111111113,0.4227090878341349
visualizing_soil.csv,0.9,0.0038080000000000336,0.05300000000000005,100,0.08990731555555556,0.3250829734197074
visualizing_soil.csv,0.95,0.010300000000003418,0.027000000000000024,100,0.047459034444444444,0.19851524337429036
visualizing_soil.csv,0.05,0.010300000000000017,0.054000000000000006,100,0.04741246222222223,0.19851524337429052
visualizing_soil.csv,0.1,0.005315999999999418,0.098,100,0.08992975444444441,0.32508297341970777
visualizing_soil.csv,0.15,0.016067000000000553,0.13200000000000003,100,0.12745052777777777,0.4227090878341354
visualizing_soil.csv,0.2,0.014267333333334659,0.15699999999999997,100,0.1597237155555556,0.5004024235662434
visualizing_soil.csv,0.25,0.013800000000001755,0.176,100,0.18671687111111115,0.5623351446467941
visualizing_soil.csv,0.3,0.010579999999999146,0.188,100,0.2097481822222222,0.6108643020828249
visualizing_soil.csv,0.35,0.002591666666667547,0.19500000000000006,100,0.22720322222222225,0.6474466390625233
visualizing_soil.csv,0.4,0.008731000000001876,0.19699999999999995,100,0.23928784000000003,0.673011667037119
visualizing_soil.csv,0.44,0.002883666666665563,0.196,100,0.24589396,0.6859298002802212
visualizing_soil.csv,0.49,0.003353666666668087,0.19100000000000006,100,0.24937088444444452,0.6929471672523186
visualizing_soil.csv,0.54,0.016190333333334195,0.18299999999999994,100,0.2480079955555555,0.6899437584862432
visualizing_soil.csv,0.6,0.008479666666668217,0.16700000000000004,100,0.2383541111111111,0.7238713124646037
visualizing_soil.csv,0.65,0.0008393333333316377,0.15500000000000003,100,0.2268889722222222,0.6474466390625229
visualizing_soil.csv,0.7,0.010830666666663546,0.139,100,0.2095700833333333,0.6108643020828245
visualizing_soil.csv,0.75,0.013465333333336105,0.12,100,0.18738387888888883,0.5623351446467935
visualizing_soil.csv,0.8,0.013597999999997556,0.09899999999999998,100,0.1596819822222222,0.500402423566243
visualizing_soil.csv,0.85,0.016402999999996615,0.07700000000000007,100,0.12746064888888894,0.4227090878341349
visualizing_soil.csv,0.9,0.0038080000000000336,0.05300000000000005,100,0.08981059888888891,0.3250829734197074
visualizing_soil.csv,0.95,0.010300000000003418,0.027000000000000024,100,0.04745778222222222,0.19851524337429036
wind.csv,0.05,0.14025199999999877,0.082,100,0.08339624333333333,2.589175233480742
wind.csv,0.1,0.05592633333333322,0.009000000000000008,100,0.07723363888888889,2.3664832011956842
wind.csv,0.15,0.04309233333333215,0.021999999999999992,100,0.10226347888888888,2.3901265364404
wind.csv,0.2,0.06155033333333332,0.01200000000000001,100,0.09986132888888889,2.6519912786571584
wind.csv,0.25,0.013968666666668433,0.07699999999999999,100,0.09930113222222225,2.5197059870387024
wind.csv,0.3,0.08716499999999866,0.038000000000000034,100,0.11773233333333334,2.709099003487338
wind.csv,0.35,0.06952599999999992,0.049000000000000044,100,0.12683067888888888,2.667277089659093
wind.csv,0.4,0.03703266666666771,0.01899999999999996,100,0.1272118611111111,2.7625886414816696
wind.csv,0.44,0.009414666666665905,0.04299999999999998,100,0.12857174555555553,2.71774712984825
wind.csv,0.49,0.054556999999999134,0.07499999999999996,100,0.11917219,2.7984914016497213
wind.csv,0.54,0.00313833333333402,0.019000000000000017,100,0.12607788444444443,2.747560475642109
wind.csv,0.6,0.06323600000000063,0.07000000000000006,100,0.10902291555555556,2.7783923038159957
wind.csv,0.65,0.04094766666666527,0.038000000000000034,100,0.1279054877777778,2.6961980414470483
wind.csv,0.7,0.03794966666666666,0.0009999999999998899,100,0.12925684,2.482341304733729
wind.csv,0.75,0.05573199999999734,0.02300000000000002,100,0.1099454622222222,2.624821984583694
wind.csv,0.8,0.03778799999999771,0.026000000000000023,100,0.09858895444444445,2.696861488384836
wind.csv,0.85,0.08561233333333063,0.06799999999999995,100,0.09679703444444444,2.616911360611618
wind.csv,0.9,0.09786833333333633,0.06700000000000006,100,0.08937966666666666,2.5175880198254017
wind.csv,0.95,0.1190646666666676,0.08299999999999996,100,0.07700413777777779,2.576261856062389
wind.csv,0.05,0.12727333333333246,0.023999999999999994,100,0.0767269722222222,2.442001279494462
wind.csv,0.1,0.07969899999999888,0.006000000000000005,100,0.07921245666666665,2.420559860389904
wind.csv,0.15,0.0564946666666655,0.03699999999999999,100,0.08325208333333332,2.6281178730794292
wind.csv,0.2,0.04197299999999854,0.038000000000000006,100,0.10843141666666666,2.4509044601937173
wind.csv,0.25,0.06362033333333222,0.02400000000000002,100,0.10767107888888888,2.715338231785277
wind.csv,0.3,0.03719366666666524,0.03799999999999998,100,0.11721236777777776,2.6434053898383976
wind.csv,0.35,0.04816166666666505,0.018000000000000016,100,0.1231176666666667,2.7508692586380667
wind.csv,0.4,0.059134666666667834,0.061,100,0.12810002111111113,2.5861095539773378
wind.csv,0.44,0.010083999999999649,0.024999999999999967,100,0.12348335444444444,2.760101227413293
wind.csv,0.49,0.031213000000000157,0.007000000000000006,100,0.12689664333333334,2.6947223955033803
wind.csv,0.54,0.01744366666666608,0.03300000000000003,100,0.11667215444444444,2.8413825494481357
wind.csv,0.6,0.010475666666668104,0.03600000000000003,100,0.13280797666666666,2.6451664398860055
wind.csv,0.65,0.052441999999999656,0.041000000000000036,100,0.12786414555555556,2.67616202819237
wind.csv,0.7,0.08598566666666463,0.09499999999999997,100,0.12751272333333336,2.6213406376461137
wind.csv,0.75,0.053979333333329826,0.04200000000000004,100,0.12526517666666667,2.5452017730947443
wind.csv,0.8,0.10296366666666368,0.10899999999999999,100,0.10488255555555556,2.7368723890971465
wind.csv,0.85,0.008676333333333064,0.05600000000000005,100,0.07392697222222222,2.4709095885948678
wind.csv,0.9,0.109846000000003,0.09099999999999997,100,0.0923547822222222,2.6067687156247277
wind.csv,0.95,0.008201000000003233,0.01100000000000001,100,0.049954106666666664,2.4094086739571927
wine-q-red.csv,0.05,0.06409133333333313,0.082,100,0.06748730666666666,2.763611451651426
wine-q-red.csv,0.1,0.1832320000000001,0.134,100,0.0767741011111111,2.8018213214476253
wine-q-red.csv,0.15,0.049638666666666664,0.03699999999999999,100,0.06846837666666666,2.717200799830765
wine-q-red.csv,0.2,0.13450699999999904,0.13,100,0.09612670666666669,2.755078673344019
wine-q-red.csv,0.25,0.05133433333333354,0.009000000000000008,100,0.08225563888888891,2.836123564377686
wine-q-red.csv,0.3,0.14531466666666681,0.138,100,0.09203386111111111,2.903093133404617
wine-q-red.csv,0.35,0.014077000000000783,0.018000000000000016,100,0.08655215111111111,2.835148394641232
wine-q-red.csv,0.4,0.04220833333333451,0.066,100,0.08969406222222222,2.883856697102089
wine-q-red.csv,0.44,0.057071333333333196,0.0040000000000000036,100,0.08634232888888888,2.9001163466915636
wine-q-red.csv,0.49,0.03763533333333324,0.03400000000000003,100,0.10499327111111115,2.8293062095408175
wine-q-red.csv,0.54,0.008845000000000214,0.02300000000000002,100,0.09283723999999999,2.871185080741699
wine-q-red.csv,0.6,0.3632000000000021,0.008000000000000007,100,0.06989842111111112,2.877399817237154
wine-q-red.csv,0.65,0.12439133333333474,0.06399999999999995,100,0.07927701777777778,2.8060905675260184
wine-q-red.csv,0.7,0.14358366666666567,0.028999999999999915,100,0.07302470666666667,2.8669862692652606
wine-q-red.csv,0.75,0.01396666666666524,0.010000000000000009,100,0.08578414555555555,2.8041545360968048
wine-q-red.csv,0.8,0.009674666666670162,0.09999999999999998,100,0.08271402111111112,2.553330492536377
wine-q-red.csv,0.85,0.01833233333332962,0.1070000000000001,100,0.0683501111111111,2.630822083539234
wine-q-red.csv,0.9,0.008743000000001389,0.09999999999999998,100,0.06473899888888889,2.6938730238602413
wine-q-red.csv,0.95,0.017716666666666048,0.07599999999999996,100,0.061411982222222224,2.772721864635783
wine-q-red.csv,0.05,0.06308966666666642,0.009999999999999995,100,0.0690374488888889,2.7461464233344706
wine-q-red.csv,0.1,0.010338333333333213,0.119,100,0.06726341777777778,2.76484319196328
wine-q-red.csv,0.15,0.1038329999999997,0.10200000000000001,100,0.07895516777777778,2.7746576395018483
wine-q-red.csv,0.2,0.08599800000000002,0.008000000000000007,100,0.07744531,2.7960668608883856
wine-q-red.csv,0.25,0.16917433333333293,0.2,100,0.07806085666666668,2.9303248762896565
wine-q-red.csv,0.3,0.14818033333333308,0.127,100,0.09478935444444442,2.8728306731918876
wine-q-red.csv,0.35,0.01707166666666704,0.009999999999999953,100,0.09642966222222223,2.8179007761408656
wine-q-red.csv,0.4,0.03669533333333386,0.07700000000000001,100,0.07617917666666667,2.850366144705213
wine-q-red.csv,0.44,0.07206166666666675,0.09900000000000003,100,0.08830721777777777,2.831832924932999
wine-q-red.csv,0.49,0.04718366666666618,0.008000000000000007,100,0.08390261777777779,2.9363617063733893
wine-q-red.csv,0.54,0.10608233333333494,0.06899999999999995,100,0.08367661777777777,2.9100966242160995
wine-q-red.csv,0.6,0.11190433333333472,0.10599999999999998,100,0.09342393222222219,2.8427000621312724
wine-q-red.csv,0.65,0.07011866666666855,0.0020000000000000018,100,0.08588484888888889,2.8583234118881196
wine-q-red.csv,0.7,0.08646766666666372,0.14200000000000002,100,0.07735308777777777,2.7133158238625894
wine-q-red.csv,0.75,0.008305000000000007,0.03200000000000003,100,0.07756319444444444,2.809636502791001
wine-q-red.csv,0.8,0.08414199999999628,0.02100000000000002,100,0.08920673222222225,2.729034597756857
wine-q-red.csv,0.85,0.01915366666666629,0.013000000000000012,100,0.07382453777777777,2.6196860427729804
wine-q-red.csv,0.9,0.005395000000000927,0.04800000000000004,100,0.06230763888888889,2.6316369657552223
wine-q-red.csv,0.95,0.003387333333333853,0.04499999999999993,100,0.058245710000000006,2.702767164814253
wine-q-white.csv,0.05,0.07633633333333299,0.045,100,0.07086086555555555,2.836552242334818
wine-q-white.csv,0.1,0.36541766666666564,0.18300000000000002,100,0.08613630666666668,2.8709760085487104
wine-q-white.csv,0.15,0.11286633333333346,0.062,100,0.0664344711111111,2.8523412580489884
wine-q-white.csv,0.2,0.16917233333333248,0.07200000000000001,100,0.07910019888888889,2.849513899061258
wine-q-white.csv,0.25,0.4570570000000005,0.15800000000000003,100,0.08951059888888886,2.888106923481925
wine-q-white.csv,0.3,0.4122453333333335,0.025000000000000022,100,0.07550839555555554,2.8834366473208606
wine-q-white.csv,0.35,0.08350499999999911,0.08199999999999996,100,0.08104726555555557,2.8991340916337576
wine-q-white.csv,0.4,0.1605543333333329,0.04500000000000004,100,0.08680113222222222,2.9007154471260996
wine-q-white.csv,0.44,0.33079433333333436,0.01200000000000001,100,0.08865077777777777,2.8690593954309453
wine-q-white.csv,0.49,0.2597720000000012,0.03200000000000003,100,0.08669099555555557,2.8338354744481205
wine-q-white.csv,0.54,0.214191666666666,0.09599999999999997,100,0.08813699888888887,2.7152204144547745
wine-q-white.csv,0.6,0.2875826666666641,0.030000000000000027,100,0.06935093777777776,2.791627379238631
wine-q-white.csv,0.65,0.13394866666666438,0.0020000000000000018,100,0.07859936000000001,2.716900567577805
wine-q-white.csv,0.7,0.15398166666666557,0.03299999999999992,100,0.06994046222222221,2.7119252182333313
wine-q-white.csv,0.75,0.08721466666666655,0.052999999999999936,100,0.07345652777777778,2.6785797080675775
wine-q-white.csv,0.8,0.04331466666666883,0.08800000000000008,100,0.07197590666666667,2.7226513441779523
wine-q-white.csv,0.85,0.03339233333333125,0.07199999999999995,100,0.06618024333333333,2.640785693629738
wine-q-white.csv,0.9,0.08665300000000364,0.018000000000000016,100,0.03999195111111112,2.5496316116411855
wine-q-white.csv,0.95,0.002157000000002074,0.1369999999999999,100,0.04695251000000001,2.5256606622187805
wine-q-white.csv,0.05,0.022742333333333465,0.08900000000000001,100,0.056822323333333334,2.8171462143642394
wine-q-white.csv,0.1,0.13859833333333307,0.07999999999999999,100,0.07010855555555555,2.8280327698740733
wine-q-white.csv,0.15,0.21004433333333242,0.11500000000000002,100,0.07435831555555555,2.871315090155563
wine-q-white.csv,0.2,0.3170069999999993,0.14900000000000002,100,0.08587364888888889,2.8535850747877967
wine-q-white.csv,0.25,0.37630333333333366,0.065,100,0.08113356777777778,2.8349108437630584
wine-q-white.csv,0.3,0.3748916666666668,0.09800000000000003,100,0.07748452777777777,2.821638584113562
wine-q-white.csv,0.35,0.3854480000000017,0.08900000000000002,100,0.08509410666666667,2.8648197722793274
wine-q-white.csv,0.4,0.29398500000000105,0.033999999999999975,100,0.0880907322222222,2.8292521771995203
wine-q-white.csv,0.44,0.30432166666666743,0.07700000000000001,100,0.08908500000000003,2.8364206900663422
wine-q-white.csv,0.49,0.29663099999999787,0.03400000000000003,100,0.07473694555555556,2.8476677205467524
wine-q-white.csv,0.54,0.1798076666666686,0.10499999999999998,100,0.083598,2.72510902577542
wine-q-white.csv,0.6,0.1445793333333344,0.008000000000000007,100,0.08199401222222223,2.8369722921147176
wine-q-white.csv,0.65,0.24644699999999908,0.10099999999999998,100,0.0626881988888889,2.705993436783927
wine-q-white.csv,0.7,0.16774633333332956,0.05700000000000005,100,0.06883660444444445,2.687458987589348
wine-q-white.csv,0.75,0.1083190000000015,0.10099999999999998,100,0.0700988488888889,2.739931686836485
wine-q-white.csv,0.8,0.13587966666666773,0.09000000000000008,100,0.06060697222222222,2.6590878837231275
wine-q-white.csv,0.85,0.1366530000000037,0.049000000000000044,100,0.03962067111111111,2.49809216711725
wine-q-white.csv,0.9,0.01635866666666852,0.014000000000000012,100,0.05703365666666667,2.5025677573907665
wine-q-white.csv,0.95,0.006655666666665505,0.04399999999999993,100,0.052210617777777774,2.5685657519499596
wine.1.csv,0.05,0.01490000000000008,0.046,100,0.03153993222222221,1.293033546384133
wine.1.csv,0.1,0.009747333333333469,0.07800000000000001,100,0.06168033333333334,1.5555665244975156
wine.1.csv,0.15,0.019746666666667217,0.03799999999999999,100,0.08014935444444443,1.6287126484981935
wine.1.csv,0.2,0.03744400000000003,0.15200000000000002,100,0.09378411111111112,1.767799053752215
wine.1.csv,0.25,0.039082333333334385,0.146,100,0.10779131,1.8256658780637707
wine.1.csv,0.3,0.036273666666666426,0.024999999999999967,100,0.13442203999999996,1.886291930607442
wine.1.csv,0.35,0.034529666666667735,0.06699999999999995,100,0.13318339,2.150955186419512
wine.1.csv,0.4,0.04255133333333255,0.041000000000000036,100,0.1513340488888889,2.011649557740254
wine.1.csv,0.44,0.07727966666666591,0.11199999999999999,100,0.14736876777777777,2.1451617273379466
wine.1.csv,0.49,0.10350200000000115,0.17099999999999999,100,0.13088010666666666,2.3258598617042265
wine.1.csv,0.54,0.07393600000000083,0.08000000000000002,100,0.15888631555555555,2.0694279836988594
wine.1.csv,0.6,0.06422433333333244,0.07699999999999996,100,0.1413184711111111,2.4390633612855264
wine.1.csv,0.65,0.06618866666666656,0.062000000000000055,100,0.13444131,2.3961604022362666
wine.1.csv,0.7,0.08825733333333152,0.05899999999999994,100,0.1327323322222222,2.242792371675198
wine.1.csv,0.75,0.08106999999999931,0.09299999999999997,100,0.12289719444444445,2.3931768056872946
wine.1.csv,0.8,0.06305700000000292,0.10399999999999998,100,0.1193388711111111,2.2085960688650728
wine.1.csv,0.85,0.10393700000000183,0.08999999999999997,100,0.10815197666666668,2.104526584728705
wine.1.csv,0.9,0.07000033333333233,0.08799999999999997,100,0.08274737333333335,2.1949258745339963
wine.1.csv,0.95,0.035316333333331396,0.04299999999999993,100,0.059185221111111116,2.09647105404584
wine.1.csv,0.05,0.010216000000000024,0.011999999999999997,100,0.046078527777777774,1.2631809086943497
wine.1.csv,0.1,0.016524333333333377,0.01200000000000001,100,0.059586012222222234,1.455695049360426
wine.1.csv,0.15,0.01924533333333389,0.04799999999999999,100,0.08894226222222221,1.541030947410087
wine.1.csv,0.2,0.03954100000000013,0.08000000000000002,100,0.08979304333333335,1.802603870756886
wine.1.csv,0.25,0.013800000000001755,0.064,100,0.1307197011111111,1.722108611694539
wine.1.csv,0.3,0.06388400000000174,0.06599999999999998,100,0.11565729333333334,2.083309230716282
wine.1.csv,0.35,0.038061000000001066,0.02899999999999997,100,0.13870233333333334,2.0425658885084284
wine.1.csv,0.4,0.06674433333333529,0.164,100,0.14373411,2.1496614732658723
wine.1.csv,0.44,0.05066133333333517,0.0020000000000000018,100,0.1615185377777778,2.049812622720048
wine.1.csv,0.49,0.03615033333333362,0.01699999999999996,100,0.16503273222222223,2.0149324381400526
wine.1.csv,0.54,0.08623433333333369,0.12200000000000005,100,0.1563683511111111,2.2203605030187794
wine.1.csv,0.6,0.05736366666666559,0.05399999999999994,100,0.1584936388888889,2.1943250312442175
wine.1.csv,0.65,0.10886966666666564,0.15500000000000003,100,0.13722526555555553,2.3396115590393762
wine.1.csv,0.7,0.08464866666666448,0.10299999999999998,100,0.1428650177777778,2.286888486854823
wine.1.csv,0.75,0.08425066666666581,0.121,100,0.13242050666666663,2.3040050154833494
wine.1.csv,0.8,0.04272566666666566,0.04500000000000004,100,0.11898838222222223,2.2313689575480735
wine.1.csv,0.85,0.05790466666667149,0.121,100,0.0942427677777778,2.333957883579114
wine.1.csv,0.9,0.0730126666666665,0.127,100,0.08184548444444445,2.20826276975032
wine.1.csv,0.95,0.05974700000000133,0.09999999999999998,100,0.06538893777777777,2.112585868397548
wine.2.csv,0.05,0.015151000000000081,0.029,100,0.03684522666666667,1.9870277299905754
wine.2.csv,0.1,0.014766999999999489,0.0030000000000000027,100,0.06768133777777778,1.9143985744234038
wine.2.csv,0.15,0.006156000000000439,0.0010000000000000009,100,0.07844833222222224,2.009494833528544
wine.2.csv,0.2,0.01368166666666798,0.04899999999999999,100,0.10952263999999999,1.9375099826585418
wine.2.csv,0.25,0.03664700000000104,0.07500000000000001,100,0.11198397333333332,2.1712001541860304
wine.2.csv,0.3,0.02640033333333308,0.08800000000000002,100,0.14071131555555558,2.0836704404507
wine.2.csv,0.35,0.05573766666666685,0.11700000000000005,100,0.13768660444444444,2.2385990980693564
wine.2.csv,0.4,0.034853333333333236,0.08799999999999997,100,0.15139286555555553,2.3144006822203136
wine.2.csv,0.44,0.025476333333334766,0.13899999999999996,100,0.1533904177777778,2.3399471408568737
wine.2.csv,0.49,0.05497533333333221,0.06300000000000006,100,0.15630496000000002,2.3691112279074957
wine.2.csv,0.54,0.07326500000000052,0.05699999999999994,100,0.14690397666666666,2.44956173016533
wine.2.csv,0.6,0.062299999999999245,0.061000000000000054,100,0.1608192122222222,2.317443891068101
wine.2.csv,0.65,0.056892666666666925,0.0,100,0.14274919444444442,2.4297674164460172
wine.2.csv,0.7,0.0417073333333321,0.039000000000000035,100,0.1264037511111111,2.245459218706042
wine.2.csv,0.75,0.007609000000001198,0.07100000000000006,100,0.11580338222222224,2.214035004035857
wine.2.csv,0.8,0.013017333333337655,0.03599999999999992,100,0.11350667888888888,2.1234133180723367
wine.2.csv,0.85,0.025346000000001312,0.05400000000000005,100,0.09910513222222223,1.9792011644922112
wine.2.csv,0.9,0.05416999999999761,0.05300000000000005,100,0.07837699999999999,1.9771029735678602
wine.2.csv,0.95,0.010718333333336605,0.01200000000000001,100,0.05156027111111111,1.732830281908779
wine.2.csv,0.05,0.01431166666666675,0.025,100,0.04065630555555556,1.7097236512375182
wine.2.csv,0.1,0.009077666666665998,0.031,100,0.06635341666666666,1.969391999957403
wine.2.csv,0.15,0.0006080000000001917,0.0010000000000000009,100,0.08051199555555556,2.0477284947158814
wine.2.csv,0.2,0.03512000000000068,0.0050000000000000044,100,0.09739090666666668,2.0900181115453424
wine.2.csv,0.25,0.05983300000000122,0.01100000000000001,100,0.11090310666666667,2.092944076076459
wine.2.csv,0.3,0.052254000000001244,0.03300000000000003,100,0.14218091000000002,2.026533887991941
wine.2.csv,0.35,0.017668000000001904,0.04400000000000004,100,0.15067055555555553,2.040041515300364
wine.2.csv,0.4,0.01954200000000128,0.05499999999999999,100,0.14696611,2.3316164164830986
wine.2.csv,0.44,0.030339000000001726,0.01100000000000001,100,0.14337355555555556,2.365356852748194
wine.2.csv,0.49,0.051795999999998954,0.05400000000000005,100,0.15160553222222223,2.3856185633358273
wine.2.csv,0.54,0.013343999999999467,0.07899999999999996,100,0.15647524888888886,2.4162490384157387
wine.2.csv,0.6,0.0380366666666655,0.07000000000000006,100,0.15853597333333333,2.297944064033385
wine.2.csv,0.65,0.041271666666665374,0.038000000000000034,100,0.14945093777777776,2.2813422832014614
wine.2.csv,0.7,0.041382999999999726,0.049000000000000044,100,0.13322472888888887,2.338792783179877
wine.2.csv,0.75,0.011634333333329416,0.061000000000000054,100,0.12864996777777776,2.2862465428249164
wine.2.csv,0.8,0.0245240000000011,0.019000000000000017,100,0.10884322222222222,2.1884495763535443
wine.2.csv,0.85,0.05966166666667172,0.03400000000000003,100,0.09664437333333334,2.2138619238027135
wine.2.csv,0.9,0.05266066666666436,0.02100000000000002,100,0.07802312888888889,1.941449279184342
wine.2.csv,0.95,0.03539999999999788,0.004999999999999893,100,0.05972090111111111,1.9035870703754276
wine.3.csv,0.05,0.013723666666666752,0.031000000000000003,100,0.04138697333333334,1.6660521368445278
wine.3.csv,0.1,0.035623666666666026,0.03900000000000001,100,0.07526153222222223,1.4751684431541174
wine.3.csv,0.15,0.013977666666666583,0.104,100,0.09959610111111111,1.7814838760540515
wine.3.csv,0.2,0.010832999999998927,0.10600000000000001,100,0.11938254555555555,1.8363855216465939
wine.3.csv,0.25,0.000506999999999036,0.162,100,0.1409128888888889,1.777855429762683
wine.3.csv,0.3,0.0115846666666658,0.16899999999999998,100,0.1554557777777778,1.8651388235517898
wine.3.csv,0.35,0.032717333333332044,0.20199999999999999,100,0.16210442111111115,2.0870874946724243
wine.3.csv,0.4,0.00848799999999822,0.171,100,0.1599459511111111,2.0219897972604706
wine.3.csv,0.44,0.003803999999998864,0.16099999999999998,100,0.17263503444444442,2.028853351478023
wine.3.csv,0.49,0.009424666666666137,0.196,100,0.1818334622222223,2.046247354327015
wine.3.csv,0.54,0.012674666666665724,0.2,100,0.1688634877777778,2.1028231497410523
wine.3.csv,0.6,0.0066320000000009705,0.33599999999999997,100,0.17739561222222222,1.8765488053509027
wine.3.csv,0.65,0.009618666666666442,0.21000000000000002,100,0.16275133333333336,1.9808628007452618
wine.3.csv,0.7,0.0004603333333295101,0.21199999999999997,100,0.14947096,2.065225798532398
wine.3.csv,0.75,0.024383999999999406,0.06499999999999995,100,0.12601223444444443,2.057297886488806
wine.3.csv,0.8,0.013095999999997554,0.05300000000000005,100,0.11907797333333332,1.8088714501848924
wine.3.csv,0.85,0.007092666666664749,0.039999999999999925,100,0.0806538611111111,1.9988735848334995
wine.3.csv,0.9,0.013852666666667623,0.06499999999999995,100,0.07162850999999999,1.760916480078322
wine.3.csv,0.95,0.014899999999999913,0.04300000000000004,100,0.03846526555555556,1.6717696506564441
wine.3.csv,0.05,0.010300000000000017,0.04,100,0.04788837666666667,1.4587787841507485
wine.3.csv,0.1,0.03144066666666606,0.07400000000000001,100,0.07522286222222224,1.4358263074653614
wine.3.csv,0.15,0.02552499999999941,0.12,100,0.1028076388888889,1.7199072067570853
wine.3.csv,0.2,0.010748999999998926,0.132,100,0.12491455555555556,1.471357001613994
wine.3.csv,0.25,0.006279999999999675,0.16,100,0.13697934555555555,1.7607534782425902
wine.3.csv,0.3,0.045815333333332764,0.15699999999999997,100,0.1363486788888889,2.0233298508201454
wine.3.csv,0.35,0.008950000000001457,0.18699999999999997,100,0.16854861777777777,1.8611924921017802
wine.3.csv,0.4,0.009495333333331468,0.162,100,0.1738410877777778,1.9782764253577994
wine.3.csv,0.44,0.001712999999999465,0.206,100,0.16923919444444444,2.0506218827214644
wine.3.csv,0.49,0.021007333333334155,0.14599999999999996,100,0.17291275000000003,2.0274254105961327
wine.3.csv,0.54,0.02162866666666774,0.09800000000000003,100,0.15835433333333335,2.3011389833168416
wine.3.csv,0.6,0.0026893333333339875,0.244,100,0.1802800211111111,1.911757909538916
wine.3.csv,0.65,0.008279999999999954,0.22200000000000003,100,0.16721827888888888,1.9990252456641207
wine.3.csv,0.7,0.004727000000004589,0.22099999999999992,100,0.15647160444444444,1.8628657616776332
wine.3.csv,0.75,0.013800000000002921,0.127,100,0.13210166666666667,2.059771939083942
wine.3.csv,0.8,0.0012153333333294603,0.134,100,0.11611363888888888,1.8810868956612068
wine.3.csv,0.85,0.005664666666665208,0.09299999999999997,100,0.09305891555555557,1.9324839788587673
wine.3.csv,0.9,0.012842666666668223,0.05400000000000005,100,0.06904786111111111,1.689959537307727
wine.3.csv,0.95,0.013808000000000042,0.050000000000000044,100,0.041327212222222215,1.6059687924251413
winetype.csv,0.05,0.020925666666666773,0.025999999999999995,100,0.05472407111111111,1.0542066062024065
winetype.csv,0.1,0.012177999999999425,0.033,100,0.08528440444444443,1.0783482275781036
winetype.csv,0.15,0.006668000000000507,0.04600000000000001,100,0.11599921465277778,1.214469588603826
winetype.csv,0.2,0.03611599999999823,0.09199999999999997,100,0.1569959822222222,1.3344058576527902
winetype.csv,0.25,0.007274000000001585,0.09600000000000003,100,0.16931609854166663,1.5024070352890986
winetype.csv,0.3,0.011667999999999124,0.09800000000000003,100,0.19419219,1.3164555269576304
winetype.csv,0.35,0.010712333333334545,0.08700000000000002,100,0.1992166491777777,1.5135756286459923
winetype.csv,0.4,0.014944666666665274,0.125,100,0.2138109726222222,1.5151689588716901
winetype.csv,0.44,0.0019633333333320957,0.09600000000000003,100,0.21610837631944438,1.4624411521521117
winetype.csv,0.49,0.0061390000000000056,0.131,100,0.22897751745949071,1.1803073144126364
winetype.csv,0.54,0.023971333333334344,0.11699999999999999,100,0.2231441441777778,1.3759661154271698
winetype.csv,0.6,0.01594366666666891,0.10999999999999999,100,0.20532303706666666,1.2859885170153769
winetype.csv,0.65,0.0056876666666670905,0.09799999999999998,100,0.20298081178518518,1.2730091660633953
winetype.csv,0.7,0.011081666666663548,0.08100000000000007,100,0.19192160138611108,1.1663260705617604
winetype.csv,0.75,0.011959333333335764,0.08499999999999996,100,0.1726096721925926,1.0926590549058863
winetype.csv,0.8,0.011673666666664029,0.061999999999999944,100,0.14620552527777778,1.0552735968156708
winetype.csv,0.85,0.004500333333331552,0.06500000000000006,100,0.12411190527777778,0.8246328602589015
winetype.csv,0.9,0.007741000000000886,0.038000000000000034,100,0.08528064333333336,0.7573142145883278
winetype.csv,0.95,0.014311666666666722,0.027000000000000024,100,0.040703996325925924,0.5516835249867791
winetype.csv,0.05,0.010383666666666694,0.0010000000000000009,100,0.0511001011111111,1.1393225238251348
winetype.csv,0.1,0.015608333333332919,0.027999999999999997,100,0.08602206222222224,1.1385896465929974
winetype.csv,0.15,0.012722666666666577,0.07400000000000001,100,0.12745967003055556,1.2083520581842897
winetype.csv,0.2,0.011504333333332284,0.09599999999999997,100,0.15734552333333332,1.2460622399879053
winetype.csv,0.25,0.03564700000000037,0.11199999999999999,100,0.17522979416666667,1.536420730556111
winetype.csv,0.3,0.011500333333332446,0.09800000000000003,100,0.19097444000000002,1.364304203086494
winetype.csv,0.35,0.011716333333334605,0.11400000000000005,100,0.20599674999999998,1.4447268100976713
winetype.csv,0.4,0.007471333333335217,0.127,100,0.22217623999999994,1.1951522677926305
winetype.csv,0.44,0.002465333333332209,0.10700000000000004,100,0.22499729333333332,1.281829983099662
winetype.csv,0.49,0.013954666666667226,0.12,100,0.22232934178888886,1.4231763905474752
winetype.csv,0.54,0.0162740000000009,0.09899999999999998,100,0.22303474020833336,1.3893979650263861
winetype.csv,0.6,0.01251066666666889,0.11499999999999999,100,0.21537255992469143,1.22834093797808
winetype.csv,0.65,0.0011736666666650741,0.09199999999999997,100,0.20609561037037033,1.1680516801422898
winetype.csv,0.7,0.014855000000004948,0.09000000000000008,100,0.1802017851851852,1.257219417553581
winetype.csv,0.75,0.006102666666667589,0.09699999999999998,100,0.17708744444444446,0.9975477432957942
winetype.csv,0.8,0.014518333333330968,0.07399999999999995,100,0.1357247795111111,1.0621890341315194
winetype.csv,0.85,0.01741133333332967,0.05900000000000005,100,0.11477980989652777,0.7208881846750961
winetype.csv,0.9,0.0038086666666669045,0.04700000000000004,100,0.07789466972222224,0.8984006855695477
winetype.csv,0.95,0.0096280000000033,0.025000000000000022,100,0.044126862637268525,0.6123245546260394
yeast.csv,0.05,0.030964000000000116,0.081,100,0.035406367777777774,2.6351325286328517
yeast.csv,0.1,0.08690433333333344,0.04400000000000001,100,0.03519971555555556,2.6158060394171265
yeast.csv,0.15,0.13372233333333344,0.008000000000000007,100,0.042952777777777784,2.6820938096427804
yeast.csv,0.2,0.18255033333333348,0.021999999999999992,100,0.04279142666666666,2.6973221629338253
yeast.csv,0.25,0.2355640000000001,0.181,100,0.04797134555555556,2.818260021689099
yeast.csv,0.3,0.2876563333333334,0.013000000000000012,100,0.04435703444444443,2.7237546179340524
yeast.csv,0.35,0.33598266666666676,0.011999999999999955,100,0.04736482111111112,2.7183406878121277
yeast.csv,0.4,0.35967300000000013,0.07700000000000001,100,0.056906151111111115,2.7184980560354215
yeast.csv,0.44,0.4204543333333335,0.09499999999999997,100,0.05243122222222223,2.775978577554605
yeast.csv,0.49,0.47414033333333344,0.043999999999999984,100,0.052315389999999996,2.8103886909036895
yeast.csv,0.54,0.5155950000000001,0.02300000000000002,100,0.05851466666666666,2.8554864921871164
yeast.csv,0.6,0.5764326666666668,0.06799999999999995,100,0.05788655555555556,2.821206786862474
yeast.csv,0.65,0.6259306666666669,0.07399999999999995,100,0.057513078888888895,2.7888402464082516
yeast.csv,0.7,0.6801190000000001,0.22599999999999992,100,0.054395087777777774,2.6851527087729794
yeast.csv,0.75,0.7276060000000001,0.124,100,0.05463842666666666,2.831604833040136
yeast.csv,0.8,0.3614776666666663,0.09000000000000008,100,0.056424909999999995,2.8321229653002824
yeast.csv,0.85,0.8324640000000001,0.21299999999999997,100,0.05304472888888889,2.8530334727393845
yeast.csv,0.9,0.8768506666666668,0.29700000000000004,100,0.05593739,2.836130649698939
yeast.csv,0.95,0.5838496666666662,0.03699999999999992,100,0.04819405666666667,2.804818272100823
yeast.csv,0.05,0.035733000000000105,0.020000000000000004,100,0.03764779555555556,2.496419937592372
yeast.csv,0.1,0.0884940000000001,0.0050000000000000044,100,0.02651584333333333,2.5899254673958487
yeast.csv,0.15,0.11043100000000011,0.06,100,0.048480039999999995,2.6447936431992085
yeast.csv,0.2,0.16915133333333346,0.033,100,0.048304248888888894,2.611456899746942
yeast.csv,0.25,0.2110176666666668,0.009000000000000008,100,0.04882303444444444,2.6234650610334835
yeast.csv,0.3,0.28589900000000007,0.09800000000000003,100,0.047320817777777774,2.78444940738621
yeast.csv,0.35,0.33723766666666677,0.16699999999999998,100,0.043291226666666655,2.564655860962631
yeast.csv,0.4,0.3843070000000001,0.007000000000000006,100,0.05056793777777778,2.765223972923631
yeast.csv,0.44,0.41869433333333345,0.044999999999999984,100,0.049565087777777773,2.823451948015954
yeast.csv,0.49,0.4659293333333335,0.08299999999999996,100,0.05790980444444445,2.817136755377616
yeast.csv,0.54,0.5219613333333335,0.039999999999999925,100,0.05190468777777777,2.8714260798695683
yeast.csv,0.6,0.5573350000000001,0.11299999999999999,100,0.06479039555555555,2.8472197663253676
yeast.csv,0.65,0.6274380000000002,0.040000000000000036,100,0.05694241222222222,2.8870315541682428
yeast.csv,0.7,0.6626133333333334,0.27399999999999997,100,0.060688839999999994,2.7453872919461086
yeast.csv,0.75,0.7307053333333334,0.15600000000000003,100,0.05419002111111111,2.820124145318901
yeast.csv,0.8,0.7799503333333335,0.11399999999999999,100,0.04843947111111111,2.818420052643643
yeast.csv,0.85,0.513917999999999,0.028999999999999915,100,0.043131087777777785,2.8543967653208466
yeast.csv,0.9,0.8771873333333335,0.22699999999999998,100,0.05101637666666667,2.786264489776568
yeast.csv,0.95,0.9273546666666668,0.21499999999999997,100,0.0499018611111111,2.8287249845655658
