dataset,prevalencia_real,prev_moss_A,prev_moss_B,erro_moss_A,erro_moss_B,erro_dys,n_amostras,var_scores,entropy
1460_banana.csv,0.05,0.1326879999999994,0.13067833333333276,0.08268799999999939,0.08067833333333276,0.003999999999999997,100,0.08034486555555555,1.6689199242081125
1460_banana.csv,0.1,0.21074966666666559,0.21108533333333226,0.11074966666666558,0.11108533333333226,0.010000000000000009,100,0.11127441222222219,1.7875826699233064
1460_banana.csv,0.15,0.2457379999999986,0.24288833333333207,0.0957379999999986,0.09288833333333207,0.061,100,0.13612153222222223,2.1251528662060033
1460_banana.csv,0.2,0.26498133333333357,0.26012433333333346,0.06498133333333356,0.060124333333333446,0.021999999999999992,100,0.1526768488888889,1.74418457292294
1460_banana.csv,0.25,0.285981666666667,0.28598533333333354,0.03598166666666702,0.035985333333333536,0.012999999999999984,100,0.15809769333333334,1.8311327667195714
1460_banana.csv,0.3,0.33325566666666473,0.3352629999999983,0.03325566666666474,0.03526299999999832,0.01100000000000001,100,0.16990011111111109,1.8825834293354018
1460_banana.csv,0.35,0.38723933333333155,0.38757733333333166,0.03723933333333157,0.037577333333331686,0.006000000000000005,100,0.18196438222222228,1.9408148196654897
1460_banana.csv,0.4,0.43627966666666784,0.43602866666666756,0.03627966666666782,0.03602866666666754,0.02699999999999997,100,0.18097802666666662,2.1566485989654174
1460_banana.csv,0.44,0.49717200000000067,0.4923986666666675,0.05717200000000067,0.05239866666666748,0.03300000000000003,100,0.17617978999999995,2.208055005655359
1460_banana.csv,0.49,0.5379510000000007,0.5381183333333341,0.04795100000000074,0.04811833333333415,0.013000000000000012,100,0.18576757666666666,2.019108336107492
1460_banana.csv,0.54,0.5424690000000005,0.542385333333334,0.0024690000000004986,0.0023853333333340165,0.0040000000000000036,100,0.18698916000000004,1.8474267412726204
1460_banana.csv,0.6,0.6341840000000025,0.6341840000000026,0.034184000000002546,0.03418400000000266,0.041000000000000036,100,0.17663431555555553,1.9339645895636062
1460_banana.csv,0.65,0.6559413333333345,0.6529290000000012,0.005941333333334464,0.0029290000000011807,0.04600000000000004,100,0.15542406222222221,2.1687794602781523
1460_banana.csv,0.7,0.6669973333333336,0.6652403333333338,0.0330026666666664,0.03475966666666619,0.006999999999999895,100,0.16108239555555556,2.033906106210342
1460_banana.csv,0.75,0.6795080000000021,0.6810996666666685,0.07049199999999789,0.06890033333333145,0.031000000000000028,100,0.15161371555555556,1.886184764868576
1460_banana.csv,0.8,0.7889156666666616,0.7890823333333283,0.01108433333333847,0.01091766666667171,0.018000000000000016,100,0.1306527288888889,1.76873368164135
1460_banana.csv,0.85,0.7830050000000004,0.7837586666666668,0.06699499999999958,0.06624133333333315,0.019999999999999907,100,0.11486353222222224,2.068067565114487
1460_banana.csv,0.9,0.8399720000000009,0.8396356666666674,0.06002799999999908,0.060364333333332576,0.02200000000000002,100,0.0977374488888889,2.012727924626815
1460_banana.csv,0.95,0.8543139999999992,0.8720580000000007,0.09568600000000071,0.07794199999999929,0.018999999999999906,100,0.07391533777777776,1.7413618215986804
1460_banana.csv,0.05,0.14233099999999949,0.09309566666666676,0.09233099999999948,0.043095666666666754,0.009000000000000001,100,0.07428186222222223,1.6951220205223565
1460_banana.csv,0.1,0.1500639999999998,0.14872166666666642,0.0500639999999998,0.04872166666666641,0.024000000000000007,100,0.09634408333333337,1.7796718322167273
1460_banana.csv,0.15,0.21108466666666564,0.2112523333333323,0.06108466666666565,0.0612523333333323,0.017999999999999988,100,0.1249488122222222,1.7175737180978377
1460_banana.csv,0.2,0.3185663333333322,0.3101949999999988,0.11856633333333216,0.11019499999999877,0.036000000000000004,100,0.15635697222222222,1.8303498358032708
1460_banana.csv,0.25,0.3529313333333335,0.3548553333333337,0.10293133333333349,0.10485533333333369,0.04099999999999998,100,0.15647495444444445,2.142518995626388
1460_banana.csv,0.3,0.3197413333333321,0.31455266666666537,0.01974133333333211,0.014552666666665381,0.013999999999999957,100,0.14434662666666667,2.265947676942921
1460_banana.csv,0.35,0.38464233333333175,0.38523099999999844,0.034642333333331776,0.03523099999999846,0.01200000000000001,100,0.17887867888888886,2.0035730612838907
1460_banana.csv,0.4,0.46204899999999927,0.46179799999999926,0.062048999999999244,0.06179799999999924,0.02899999999999997,100,0.17236036000000002,2.2490567199429794
1460_banana.csv,0.44,0.4618816666666659,0.46154699999999926,0.02188166666666591,0.02154699999999926,0.006000000000000005,100,0.18535641222222224,2.025002978789238
1460_banana.csv,0.49,0.5126000000000008,0.5126000000000008,0.02260000000000084,0.02260000000000084,0.0010000000000000009,100,0.18456658999999997,1.9812999648231995
1460_banana.csv,0.54,0.5358593333333339,0.5358593333333339,0.004140666666666126,0.004140666666666126,0.0040000000000000036,100,0.17140562666666667,2.266793514557537
1460_banana.csv,0.6,0.5682390000000009,0.5684066666666673,0.03176099999999904,0.031593333333332696,0.03299999999999992,100,0.16527233333333335,2.2018924701822042
1460_banana.csv,0.65,0.6142700000000022,0.6139313333333354,0.03572999999999782,0.03606866666666464,0.027000000000000024,100,0.1723719511111111,2.142922369952966
1460_banana.csv,0.7,0.6641423333333332,0.6619676666666668,0.03585766666666679,0.03803233333333311,0.0129999999999999,100,0.1646108844444444,2.065707497597144
1460_banana.csv,0.75,0.7192046666666695,0.719036333333336,0.03079533333333051,0.030963666666663947,0.006000000000000005,100,0.16170076777777775,1.7241971237651694
1460_banana.csv,0.8,0.6882470000000029,0.6870733333333361,0.1117529999999971,0.11292666666666396,0.06400000000000006,100,0.15632386111111113,1.9238838442941135
1460_banana.csv,0.85,0.7638000000000029,0.7637166666666695,0.08619999999999706,0.08628333333333049,0.03199999999999992,100,0.1293949722222222,1.828314597799049
1460_banana.csv,0.9,0.835351333333336,0.8353520000000025,0.06464866666666402,0.06464799999999749,0.02200000000000002,100,0.11343897222222221,1.498524114698927
1460_banana.csv,0.95,0.8643696666666654,0.8837003333333344,0.08563033333333459,0.06629966666666554,0.010000000000000009,100,0.07306511111111112,1.9788630098111453
1462_banknote-authentication.csv,0.05,0.06030000000000002,0.059793000000000006,0.010300000000000017,0.009793000000000003,0.006000000000000005,100,0.04927477777777777,0.892326179622568
1462_banknote-authentication.csv,0.1,0.10991899999999945,0.10656933333333278,0.009918999999999442,0.006569333333332775,0.0049999999999999906,100,0.08399881222222223,0.9138664209014739
1462_banknote-authentication.csv,0.15,0.13938399999999948,0.13846333333333274,0.010616000000000514,0.01153666666666725,0.008000000000000007,100,0.10911984000000002,1.143813438082507
1462_banknote-authentication.csv,0.2,0.18581633333333206,0.1861509999999987,0.014183666666667955,0.013849000000001305,0.0010000000000000009,100,0.14304911555555555,1.0858543990170233
1462_banknote-authentication.csv,0.25,0.23619999999999824,0.23510999999999826,0.013800000000001755,0.014890000000001735,0.028000000000000025,100,0.1597766433333333,1.1932120150949013
1462_banknote-authentication.csv,0.3,0.2853123333333338,0.28405666666666707,0.01468766666666621,0.01594333333333292,0.02300000000000002,100,0.18033901777777778,1.2186485980354915
1462_banknote-authentication.csv,0.35,0.337869999999998,0.3400453333333317,0.012130000000001973,0.009954666666668277,0.020000000000000018,100,0.20199823444444445,1.3468871802254403
1462_banknote-authentication.csv,0.4,0.39404033333333144,0.3941239999999981,0.005959666666668584,0.005876000000001935,0.05399999999999999,100,0.21634533333333333,1.387740383419667
1462_banknote-authentication.csv,0.44,0.43728366666666785,0.43694900000000103,0.002716333333332155,0.003050999999998971,0.056999999999999995,100,0.2210458344444444,1.32802149445758
1462_banknote-authentication.csv,0.49,0.4763559999999986,0.4764396666666656,0.013644000000001377,0.013560333333334396,0.031000000000000028,100,0.22009664333333334,1.3745208247941565
1462_banknote-authentication.csv,0.54,0.5453973333333341,0.5457320000000007,0.005397333333334031,0.0057320000000006255,0.06099999999999994,100,0.2264072655555556,1.3000431434339021
1462_banknote-authentication.csv,0.6,0.5899176666666658,0.5904209999999992,0.010082333333334192,0.009579000000000781,0.04500000000000004,100,0.21081393222222217,1.5014830259579057
1462_banknote-authentication.csv,0.65,0.6368613333333364,0.6367773333333363,0.013138666666663634,0.013222666666663718,0.041000000000000036,100,0.20683222222222228,1.3353565556727578
1462_banknote-authentication.csv,0.7,0.6890856666666697,0.6890013333333364,0.01091433333333025,0.010998666666663603,0.06000000000000005,100,0.18969466666666668,1.2030855470525927
1462_banknote-authentication.csv,0.75,0.7379449999999967,0.7387826666666637,0.012055000000003258,0.011217333333336299,0.04200000000000004,100,0.16892188777777778,1.1359257399524174
1462_banknote-authentication.csv,0.8,0.8140999999999977,0.8147696666666644,0.01409999999999767,0.01476966666666435,0.050999999999999934,100,0.13897055444444448,1.042844123827456
1462_banknote-authentication.csv,0.85,0.8389500000000033,0.8392023333333367,0.011049999999996674,0.010797666666663264,0.009000000000000008,100,0.1266178888888889,0.9278920085063889
1462_banknote-authentication.csv,0.9,0.8917573333333322,0.8922589999999992,0.008242666666667842,0.007741000000000775,0.026000000000000023,100,0.08027308777777778,0.953871558564739
1462_banknote-authentication.csv,0.95,0.9396999999999965,0.9405406666666634,0.010300000000003418,0.009459333333336595,0.020000000000000018,100,0.04945095444444445,0.8310995188714096
1462_banknote-authentication.csv,0.05,0.06105300000000006,0.06146633333333339,0.011053000000000056,0.011466333333333384,0.0029999999999999957,100,0.052858056666666674,1.0851514235073059
1462_banknote-authentication.csv,0.1,0.10673833333333275,0.10422633333333285,0.006738333333332749,0.004226333333332846,0.006999999999999992,100,0.08493624888888887,0.7804301545447798
1462_banknote-authentication.csv,0.15,0.13493333333333282,0.13426499999999944,0.015066666666667172,0.015735000000000554,0.00899999999999998,100,0.10764326555555553,1.1677106915582214
1462_banknote-authentication.csv,0.2,0.1905016666666654,0.1905016666666654,0.009498333333334608,0.009498333333334608,0.028999999999999998,100,0.14709423444444444,1.1953175364668223
1462_banknote-authentication.csv,0.25,0.24130366666666508,0.23912466666666507,0.008696333333334916,0.01087533333333493,0.03500000000000003,100,0.1705421111111111,1.2698607693609032
1462_banknote-authentication.csv,0.3,0.31124933333333243,0.3117523333333324,0.011249333333332445,0.011752333333332421,0.05199999999999999,100,0.19518157666666666,1.1641327445363954
1462_banknote-authentication.csv,0.35,0.34598699999999893,0.34690699999999913,0.0040130000000010435,0.003093000000000845,0.03700000000000003,100,0.20249046555555558,1.2386829180038532
1462_banknote-authentication.csv,0.4,0.38900066666666483,0.38933633333333145,0.010999333333335193,0.01066366666666857,0.04299999999999998,100,0.2149546844444444,1.3247231062660358
1462_banknote-authentication.csv,0.44,0.43711633333333455,0.43627966666666773,0.002883666666665452,0.003720333333332271,0.029000000000000026,100,0.2203904622222222,1.4075453049609112
1462_banknote-authentication.csv,0.49,0.48739999999999856,0.48739999999999856,0.0026000000000014345,0.0026000000000014345,0.08600000000000008,100,0.22608871555555557,1.2439370933080638
1462_banknote-authentication.csv,0.54,0.5382020000000007,0.5382856666666674,0.0017979999999993002,0.001714333333332596,0.050999999999999934,100,0.22984831555555552,1.193256584922063
1462_banknote-authentication.csv,0.6,0.5873159999999991,0.5880703333333323,0.012684000000000917,0.011929666666667726,0.02200000000000002,100,0.21392586111111112,1.4608296202507105
1462_banknote-authentication.csv,0.65,0.6478216666666685,0.6482410000000017,0.002178333333331506,0.0017589999999982897,0.039000000000000035,100,0.20401896000000005,1.2853746889410074
1462_banknote-authentication.csv,0.7,0.677244666666668,0.6765746666666682,0.022755333333331906,0.023425333333331744,0.027000000000000024,100,0.18857533333333332,1.525428538970645
1462_banknote-authentication.csv,0.75,0.7635490000000028,0.7634656666666694,0.013549000000002809,0.013465666666669374,0.06700000000000006,100,0.16728926222222223,1.2433475980656117
1462_banknote-authentication.csv,0.8,0.8010479999999962,0.8015499999999962,0.0010479999999961631,0.0015499999999961656,0.039999999999999925,100,0.1505537988888889,0.9363889458386461
1462_banknote-authentication.csv,0.85,0.8585986666666653,0.858263666666665,0.008598666666665311,0.008263666666665004,0.03400000000000003,100,0.11643277777777776,0.8407551218251497
1462_banknote-authentication.csv,0.9,0.8912549999999989,0.8918406666666658,0.008745000000001113,0.008159333333334184,0.038000000000000034,100,0.08613363888888888,0.8997324566214479
1462_banknote-authentication.csv,0.95,0.9396999999999965,0.9405406666666634,0.010300000000003418,0.009459333333336595,0.017000000000000015,100,0.04922030555555554,0.8425660042609276
1466_cardiotocography.csv,0.05,0.03509999999999992,0.015354666666666565,0.01490000000000008,0.03464533333333344,0.009000000000000001,100,0.03596120444444444,0.44191121843301795
1466_cardiotocography.csv,0.1,0.11100999999999944,0.10205766666666667,0.011009999999999437,0.002057666666666666,0.086,100,0.07684816,0.6735054201120023
1466_cardiotocography.csv,0.15,0.1375373333333328,0.13670133333333276,0.012462666666667205,0.013298666666667236,0.11200000000000002,100,0.11643746222222222,0.8502828982332851
1466_cardiotocography.csv,0.2,0.18539799999999873,0.18573266666666538,0.01460200000000128,0.01426733333333463,0.12,100,0.13600851,0.8883308415237425
1466_cardiotocography.csv,0.25,0.23619999999999824,0.23519399999999824,0.013800000000001755,0.014806000000001762,0.10999999999999999,100,0.16290266666666675,0.8975389654208603
1466_cardiotocography.csv,0.3,0.3090079999999996,0.30624733333333276,0.009007999999999627,0.006247333333332772,0.20600000000000002,100,0.18603028777777778,1.091757202571746
1466_cardiotocography.csv,0.35,0.3454813333333323,0.34564933333333236,0.00451866666666767,0.004350666666667613,0.21700000000000008,100,0.20265451,1.093158870863955
1466_cardiotocography.csv,0.4,0.38790999999999815,0.38816166666666474,0.012090000000001877,0.011838333333335282,0.21899999999999997,100,0.20698131,1.2968474834090284
1466_cardiotocography.csv,0.44,0.425151333333333,0.4248166666666663,0.01484866666666701,0.015183333333333715,0.24000000000000005,100,0.2202116266666667,1.191039849710935
1466_cardiotocography.csv,0.49,0.46204899999999927,0.4619653333333326,0.027951000000000725,0.028034666666667374,0.20900000000000007,100,0.22205976000000002,1.3120629294649073
1466_cardiotocography.csv,0.54,0.5377000000000007,0.5377836666666674,0.0022999999999993026,0.0022163333333325985,0.18799999999999994,100,0.21507952333333333,1.4870821774056422
1466_cardiotocography.csv,0.6,0.5899173333333326,0.5897486666666658,0.01008266666666735,0.010251333333334167,0.17500000000000004,100,0.21321810666666663,1.3279399719410763
1466_cardiotocography.csv,0.65,0.6445586666666686,0.644559000000002,0.005441333333331411,0.005440999999998031,0.17600000000000005,100,0.20218064000000002,1.45797032530425
1466_cardiotocography.csv,0.7,0.6889183333333364,0.688750000000003,0.011081666666663548,0.011249999999996985,0.16200000000000003,100,0.19093183444444445,1.1727751898433763
1466_cardiotocography.csv,0.75,0.7601186666666685,0.7593656666666685,0.010118666666668497,0.009365666666668493,0.135,100,0.16551608333333337,1.3831776285655588
1466_cardiotocography.csv,0.8,0.8118409999999974,0.8120079999999975,0.011840999999997326,0.012007999999997465,0.10999999999999999,100,0.14654614555555556,1.2198385312199354
1466_cardiotocography.csv,0.85,0.8394536666666699,0.8394540000000031,0.010546333333330105,0.010545999999996836,0.07900000000000007,100,0.11987420444444444,1.2120071938351777
1466_cardiotocography.csv,0.9,0.8879916666666651,0.8887443333333321,0.012008333333334953,0.011255666666667885,0.06399999999999995,100,0.08384482666666669,1.1588018262404236
1466_cardiotocography.csv,0.95,0.9396999999999965,0.9399533333333301,0.010300000000003418,0.010046666666669868,0.03500000000000003,100,0.04813559555555555,1.287431465061227
1466_cardiotocography.csv,0.05,0.0415679999999999,0.019960999999999878,0.008432000000000106,0.030039000000000125,0.021000000000000005,100,0.043319960000000005,0.4855173244495299
1466_cardiotocography.csv,0.1,0.10581799999999943,0.10338933333333286,0.005817999999999421,0.0033893333333328557,0.057999999999999996,100,0.08086836,0.6510120143289704
1466_cardiotocography.csv,0.15,0.1377049999999995,0.1303496666666664,0.0122950000000005,0.019650333333333603,0.069,100,0.11702450111111114,0.9036835778639067
1466_cardiotocography.csv,0.2,0.18581633333333203,0.1601053333333326,0.014183666666667982,0.03989466666666741,0.09199999999999997,100,0.14359267111111113,0.8948001150076876
1466_cardiotocography.csv,0.25,0.23619999999999824,0.2353609999999983,0.013800000000001755,0.014639000000001706,0.16500000000000004,100,0.16939373777777778,0.9203489612890787
1466_cardiotocography.csv,0.3,0.2861429999999999,0.2802010000000002,0.013857000000000064,0.01979899999999979,0.17300000000000004,100,0.17961370111111108,1.1788066029576565
1466_cardiotocography.csv,0.35,0.3370306666666647,0.33895566666666493,0.012969333333335276,0.011044333333335044,0.19900000000000007,100,0.1912683322222222,1.3479268986279336
1466_cardiotocography.csv,0.4,0.39009233333333143,0.3900926666666647,0.00990766666666859,0.009907333333335322,0.18699999999999994,100,0.21934008333333335,1.0157938489862195
1466_cardiotocography.csv,0.44,0.4325980000000006,0.4316776666666673,0.007401999999999409,0.00832233333333271,0.194,100,0.2194307066666667,1.2641803211751133
1466_cardiotocography.csv,0.49,0.46204899999999927,0.4617979999999993,0.027951000000000725,0.02820200000000067,0.16200000000000003,100,0.21780576,1.287562042401663
1466_cardiotocography.csv,0.54,0.5377000000000007,0.537616333333334,0.0022999999999993026,0.0023836666666660067,0.22199999999999998,100,0.22203188888888892,1.1710846487224156
1466_cardiotocography.csv,0.6,0.6050363333333344,0.6050353333333344,0.00503633333333442,0.005035333333334391,0.16000000000000003,100,0.2178951822222222,1.2440806963463695
1466_cardiotocography.csv,0.65,0.6405426666666694,0.5994166666666684,0.009457333333330653,0.05058333333333165,0.16600000000000004,100,0.2002111944444445,1.4219648205059208
1466_cardiotocography.csv,0.7,0.6884996666666697,0.6880803333333363,0.011500333333330226,0.011919666666663664,0.14300000000000002,100,0.18487186111111112,1.4197376482839876
1466_cardiotocography.csv,0.75,0.7619593333333358,0.761373666666669,0.011959333333335764,0.011373666666668947,0.131,100,0.17004146222222222,1.2480216965989717
1466_cardiotocography.csv,0.8,0.8118409999999974,0.8120079999999975,0.011840999999997326,0.012007999999997465,0.10499999999999998,100,0.14264864,1.3952659612329505
1466_cardiotocography.csv,0.85,0.8395376666666698,0.8396220000000031,0.010462333333330132,0.01037799999999689,0.08600000000000008,100,0.11711392333333333,1.3611005335499802
1466_cardiotocography.csv,0.9,0.8855656666666649,0.8869869999999987,0.014434333333335103,0.013013000000001274,0.05500000000000005,100,0.08121138222222223,1.4212637511695232
1466_cardiotocography.csv,0.95,0.9396999999999965,0.9755820000000026,0.010300000000003418,0.025582000000002658,0.03400000000000003,100,0.045615062222222225,1.1558481931558402
1475_first-order-theorem-proving.csv,0.05,0.10857566666666592,0.10807366666666593,0.058575666666665915,0.05807366666666593,0.046,100,0.06285562769475309,2.399695570240499
1475_first-order-theorem-proving.csv,0.1,0.1338626666666663,0.06437000000000001,0.03386266666666629,0.035629999999999995,0.013999999999999999,100,0.07181182797805491,2.4302097345359037
1475_first-order-theorem-proving.csv,0.15,0.19267699999999888,0.19434899999999902,0.04267699999999888,0.04434899999999903,0.07800000000000001,100,0.09673121941861929,2.547647683212183
1475_first-order-theorem-proving.csv,0.2,0.23275233333333176,0.23057133333333193,0.032752333333331746,0.030571333333331924,0.04899999999999999,100,0.09687679621488413,2.6116512556642575
1475_first-order-theorem-proving.csv,0.25,0.23611533333333162,0.23510866666666497,0.013884666666668377,0.014891333333335033,0.0020000000000000018,100,0.10250733829176116,2.5763273468099577
1475_first-order-theorem-proving.csv,0.3,0.3106639999999991,0.30003466666666595,0.010663999999999119,3.466666666596119e-05,0.07900000000000001,100,0.10036215657376545,2.81839003110302
1475_first-order-theorem-proving.csv,0.35,0.2948510000000002,0.19418933333333313,0.05514899999999978,0.15581066666666685,0.004999999999999949,100,0.10377160297342529,2.785141622077009
1475_first-order-theorem-proving.csv,0.4,0.2844760000000004,0.19276799999999975,0.11552399999999963,0.20723200000000028,0.06,100,0.09531524521445861,2.785283777572374
1475_first-order-theorem-proving.csv,0.44,0.35736066666666655,0.35627099999999945,0.08263933333333345,0.08372900000000055,0.01100000000000001,100,0.10938550959104937,2.7771208635649303
1475_first-order-theorem-proving.csv,0.49,0.41006233333333214,0.412998333333332,0.07993766666666785,0.07700166666666797,0.014999999999999958,100,0.11341556296009166,2.7332178377820435
1475_first-order-theorem-proving.csv,0.54,0.44196900000000044,0.44121566666666695,0.09803099999999959,0.09878433333333309,0.07200000000000001,100,0.11578346455133953,2.824366142134521
1475_first-order-theorem-proving.csv,0.6,0.474515333333332,0.4745153333333321,0.12548466666666797,0.12548466666666785,0.07599999999999996,100,0.10957747977101283,2.791364844699782
1475_first-order-theorem-proving.csv,0.65,0.5979866666666673,0.5965583333333339,0.05201333333333269,0.053441666666666165,0.04400000000000004,100,0.12798976292438274,2.7170072294307013
1475_first-order-theorem-proving.csv,0.7,0.574848,0.5755203333333335,0.12515199999999993,0.12447966666666643,0.1439999999999999,100,0.1131783699744856,2.8116142335726604
1475_first-order-theorem-proving.csv,0.75,0.7095860000000038,0.7125166666666707,0.040413999999996175,0.037483333333329316,0.04500000000000004,100,0.09702307150663618,2.7514431417274325
1475_first-order-theorem-proving.csv,0.8,0.7335190000000001,0.736453000000001,0.0664809999999999,0.06354699999999902,0.06400000000000006,100,0.0969782967926729,2.7674582499187164
1475_first-order-theorem-proving.csv,0.85,0.6712866666666683,0.6710376666666682,0.17871333333333173,0.17896233333333178,0.16599999999999993,100,0.10477307525046102,2.762484800872595
1475_first-order-theorem-proving.csv,0.9,0.7781609999999984,0.778753333333331,0.12183900000000158,0.12124666666666906,0.11399999999999999,100,0.09339825081167509,2.692951487854783
1475_first-order-theorem-proving.csv,0.95,0.7886476666666636,0.7894836666666637,0.16135233333333632,0.16051633333333626,0.1409999999999999,100,0.08448308610550648,2.6945652385507652
1475_first-order-theorem-proving.csv,0.05,0.08439599999999994,0.039821999999999885,0.03439599999999994,0.010178000000000118,0.020000000000000004,100,0.05911130190709877,2.266727159613362
1475_first-order-theorem-proving.csv,0.1,0.08447933333333327,0.03898266666666655,0.015520666666666738,0.06101733333333346,0.044999999999999984,100,0.05699942540469524,2.6173193583343397
1475_first-order-theorem-proving.csv,0.15,0.16698399999999958,0.1271923333333331,0.016983999999999583,0.022807666666666893,0.015000000000000013,100,0.07982453949164563,2.4866724992865925
1475_first-order-theorem-proving.csv,0.2,0.2985346666666666,0.29024733333333314,0.0985346666666666,0.09024733333333312,0.09699999999999998,100,0.11504460243459311,2.620973371014209
1475_first-order-theorem-proving.csv,0.25,0.2613836666666668,0.25744666666666666,0.011383666666666792,0.007446666666666657,0.027000000000000024,100,0.1038367102626543,2.6631778338592955
1475_first-order-theorem-proving.csv,0.3,0.30573599999999934,0.29904099999999934,0.005735999999999353,0.0009590000000006538,0.02400000000000002,100,0.11879460950573822,2.662114275799118
1475_first-order-theorem-proving.csv,0.35,0.24004799999999846,0.2388743333333317,0.10995200000000152,0.11112566666666829,0.11299999999999996,100,0.10366706722813682,2.5812961494670827
1475_first-order-theorem-proving.csv,0.4,0.3679920000000003,0.3607866666666664,0.0320079999999997,0.0392133333333336,0.020000000000000018,100,0.11783563758673102,2.7178499143627675
1475_first-order-theorem-proving.csv,0.44,0.31521433333333204,0.30700699999999886,0.12478566666666796,0.13299300000000114,0.04299999999999998,100,0.10086981272719461,2.8298193735779087
1475_first-order-theorem-proving.csv,0.49,0.43678100000000086,0.4351080000000007,0.05321899999999913,0.054891999999999275,0.061,100,0.1277563484563555,2.6453772499781514
1475_first-order-theorem-proving.csv,0.54,0.494548,0.4913669999999999,0.04545200000000005,0.04863300000000015,0.02200000000000002,100,0.12016929589223356,2.8163324067315747
1475_first-order-theorem-proving.csv,0.6,0.48901766666666635,0.4808099999999996,0.11098233333333363,0.11919000000000035,0.06999999999999995,100,0.10385832482802554,2.8835141672467137
1475_first-order-theorem-proving.csv,0.65,0.5501663333333342,0.545983000000001,0.09983366666666582,0.10401699999999903,0.062000000000000055,100,0.10014834678464567,2.902177396432802
1475_first-order-theorem-proving.csv,0.7,0.6441453333333356,0.6431416666666684,0.05585466666666439,0.05685833333333157,0.050999999999999934,100,0.11263812011604149,2.8335062504395347
1475_first-order-theorem-proving.csv,0.75,0.5717653333333339,0.5677496666666674,0.1782346666666661,0.18225033333333263,0.14400000000000002,100,0.1026149837750706,2.8028632209718323
1475_first-order-theorem-proving.csv,0.8,0.7321736666666658,0.7855286666666661,0.06782633333333421,0.014471333333333947,0.062000000000000055,100,0.09755277352355694,2.7318334083998748
1475_first-order-theorem-proving.csv,0.85,0.7358823333333345,0.7249950000000018,0.11411766666666545,0.12500499999999815,0.10999999999999999,100,0.10015894787788328,2.735644166687008
1475_first-order-theorem-proving.csv,0.9,0.7950926666666642,0.7950929999999975,0.1049073333333358,0.10490700000000253,0.07399999999999995,100,0.09016539908904006,2.484882968306307
1475_first-order-theorem-proving.csv,0.95,0.7484496666666679,0.8076569999999998,0.20155033333333205,0.1423430000000001,0.11999999999999988,100,0.08784496489957165,2.6563430357644835
1479_hill-valley.csv,0.05,0.016447333333333213,0.02155299999999989,0.033552666666666786,0.02844700000000011,0.029,100,0.051630998888888884,2.7697151984327872
1479_hill-valley.csv,0.1,0.015607333333333223,0.019375999999999893,0.08439266666666678,0.08062400000000011,0.091,100,0.04688855444444446,2.7588001642366424
1479_hill-valley.csv,0.15,0.012259333333333233,0.016614333333333224,0.13774066666666676,0.13338566666666676,0.263,100,0.04142363888888889,2.6781375401477834
1479_hill-valley.csv,0.2,0.013767666666666567,0.019962333333333224,0.18623233333333344,0.1800376666666668,0.064,100,0.049450493333333324,2.746719488402366
1479_hill-valley.csv,0.25,0.014354333333333228,0.02063199999999989,0.23564566666666678,0.2293680000000001,0.09400000000000003,100,0.04905196777777778,2.7918360528224664
1479_hill-valley.csv,0.3,0.017197999999999887,0.021218333333333218,0.2828020000000001,0.27878166666666676,0.3,100,0.04857868777777778,2.7889227574360693
1479_hill-valley.csv,0.35,0.33524500000000074,0.3335633333333338,0.014754999999999241,0.016436666666666155,0.14700000000000002,100,0.04809744333333334,2.9077645538072834
1479_hill-valley.csv,0.4,0.9882423333333372,0.9812820000000022,0.5882423333333372,0.5812820000000022,0.265,100,0.04230499888888889,2.7087778669981506
1479_hill-valley.csv,0.44,0.36137633333333385,0.35986233333333373,0.07862366666666615,0.08013766666666627,0.05299999999999999,100,0.04597028777777777,2.761523875395911
1479_hill-valley.csv,0.49,0.01376766666666656,0.02708033333333322,0.4762323333333334,0.4629196666666668,0.10299999999999998,100,0.05518832333333333,2.923481017819996
1479_hill-valley.csv,0.54,0.36950066666666725,0.3696643333333338,0.17049933333333278,0.17033566666666622,0.22499999999999998,100,0.035963848888888886,2.80418800588493
1479_hill-valley.csv,0.6,0.5551986666666665,0.5540203333333334,0.04480133333333347,0.04597966666666653,0.10599999999999998,100,0.041742750000000016,2.7746861181881175
1479_hill-valley.csv,0.65,0.013683333333333225,0.021970999999999893,0.6363166666666668,0.6280290000000002,0.34700000000000003,100,0.05377386111111111,2.877109776869768
1479_hill-valley.csv,0.7,0.49673333333333364,0.4927926666666672,0.20326666666666632,0.20720733333333274,0.18599999999999994,100,0.03935121222222222,2.706802753654336
1479_hill-valley.csv,0.75,0.5555333333333337,0.554018666666667,0.19446666666666634,0.195981333333333,0.126,100,0.04793037666666667,2.7875156484025636
1479_hill-valley.csv,0.8,0.37008733333333377,0.371252666666667,0.4299126666666663,0.42874733333333304,0.44500000000000006,100,0.050840083333333334,2.8106889358888028
1479_hill-valley.csv,0.85,0.9875723333333369,0.9785170000000022,0.13757233333333696,0.1285170000000022,0.125,100,0.044440426666666664,2.877220766583785
1479_hill-valley.csv,0.9,0.014773666666666555,0.02063199999999989,0.8852263333333334,0.8793680000000001,0.487,100,0.049817826666666676,2.8091389330851526
1479_hill-valley.csv,0.95,0.44111966666666735,0.43692500000000045,0.5088803333333326,0.5130749999999995,0.5419999999999999,100,0.04833646555555556,2.8787648283064726
1479_hill-valley.csv,0.05,0.013766666666666563,0.018873666666666553,0.03623333333333344,0.03112633333333345,0.247,100,0.04438082111111111,2.779808754153408
1479_hill-valley.csv,0.1,0.018874333333333215,0.022139666666666558,0.08112566666666679,0.07786033333333345,0.089,100,0.05266651000000001,2.7797300899859807
1479_hill-valley.csv,0.15,0.3696690000000005,0.3710023333333337,0.21966900000000053,0.22100233333333372,0.58,100,0.043908305555555555,2.845172745182104
1479_hill-valley.csv,0.2,0.012678999999999906,0.018622333333333223,0.1873210000000001,0.1813776666666668,0.05000000000000002,100,0.04441882666666666,2.743339126560225
1479_hill-valley.csv,0.25,0.0130139999999999,0.019040666666666553,0.23698600000000009,0.23095933333333346,0.044999999999999984,100,0.04496768444444444,2.815713887985507
1479_hill-valley.csv,0.3,0.0120079999999999,0.016195999999999895,0.2879920000000001,0.2838040000000001,0.02799999999999997,100,0.038272643333333335,2.7025261656875874
1479_hill-valley.csv,0.35,0.9884103333333372,0.9812820000000022,0.6384103333333372,0.6312820000000022,0.504,100,0.037041373333333336,2.6293707374632147
1479_hill-valley.csv,0.4,0.015020666666666562,0.017618666666666557,0.38497933333333345,0.38238133333333346,0.131,100,0.04380887111111111,2.7501981807494658
1479_hill-valley.csv,0.44,0.014856333333333239,0.019043999999999894,0.42514366666666675,0.4209560000000001,0.15599999999999997,100,0.036431328888888885,2.7090511064907137
1479_hill-valley.csv,0.49,0.014685666666666564,0.018036999999999886,0.47531433333333345,0.47196300000000013,0.15099999999999997,100,0.043599576666666674,2.896867395069282
1479_hill-valley.csv,0.54,0.9885776666666705,0.9812820000000022,0.4485776666666704,0.4412820000000022,0.039999999999999925,100,0.04213058222222223,2.8833241147534774
1479_hill-valley.csv,0.6,0.9879913333333371,0.980946666666669,0.38799133333333713,0.380946666666669,0.07300000000000006,100,0.043011684444444455,2.8161054590803904
1479_hill-valley.csv,0.65,0.9884103333333372,0.9812820000000024,0.33841033333333714,0.3312820000000024,0.18899999999999995,100,0.03297415111111111,2.716335076957432
1479_hill-valley.csv,0.7,0.6308340000000007,0.6279810000000001,0.06916599999999928,0.07201899999999983,0.10899999999999999,100,0.03846851,2.795054982902585
1479_hill-valley.csv,0.75,0.4452199999999997,0.4441269999999998,0.3047800000000003,0.3058730000000002,0.457,100,0.04108362111111111,2.773611893117269
1479_hill-valley.csv,0.8,0.6628313333333338,0.6600613333333333,0.13716866666666627,0.13993866666666677,0.126,100,0.04110541666666667,2.8120258668822498
1479_hill-valley.csv,0.85,0.013683333333333228,0.018873333333333218,0.8363166666666667,0.8311266666666668,0.48,100,0.04396122666666666,2.8040530053693105
1479_hill-valley.csv,0.9,0.5552823333333332,0.5532673333333336,0.3447176666666668,0.34673266666666647,0.352,100,0.03648179888888889,2.7522132749565293
1479_hill-valley.csv,0.95,0.9888286666666706,0.9812820000000024,0.03882866666667062,0.031282000000002474,0.30699999999999994,100,0.041408417777777776,2.819595409831674
1485_madelon.csv,0.05,0.010167333333333263,0.014855999999999904,0.03983266666666674,0.0351440000000001,0.109,100,0.008641448888888887,2.5546908200611074
1485_madelon.csv,0.1,0.01025099999999993,0.015778666666666566,0.08974900000000008,0.08422133333333344,0.745,100,0.007733532222222223,2.464023774207594
1485_madelon.csv,0.15,0.010167333333333263,0.01493966666666657,0.13983266666666674,0.13506033333333342,0.11399999999999999,100,0.008603043333333334,2.65755575637861
1485_madelon.csv,0.2,0.010167333333333263,0.01493966666666657,0.18983266666666676,0.18506033333333344,0.133,100,0.008652666666666668,2.6813837194934345
1485_madelon.csv,0.25,0.010167333333333264,0.014772333333333236,0.23983266666666675,0.23522766666666675,0.238,100,0.007002234444444444,2.7289151219130696
1485_madelon.csv,0.3,0.010167333333333264,0.015023333333333238,0.28983266666666674,0.28497666666666677,0.17800000000000005,100,0.009800749999999999,2.7179716090312884
1485_madelon.csv,0.35,0.010167333333333263,0.014855999999999904,0.3398326666666667,0.33514400000000005,0.26899999999999996,100,0.009205071111111112,2.596392950489638
1485_madelon.csv,0.4,0.010083666666666598,0.015107333333333237,0.3899163333333334,0.38489266666666677,0.09200000000000003,100,0.008767221111111112,2.708919952834233
1485_madelon.csv,0.44,0.010167333333333263,0.014855999999999904,0.42983266666666675,0.4251440000000001,0.218,100,0.00947787888888889,2.6306306998962263
1485_madelon.csv,0.49,0.05263399999999982,0.05732266666666682,0.43736600000000014,0.4326773333333332,0.118,100,0.007431638888888889,2.675722958710284
1485_madelon.csv,0.54,0.44455033333333316,0.44354133333333323,0.09544966666666688,0.0964586666666668,0.016000000000000014,100,0.009572728888888889,2.7853089949160026
1485_madelon.csv,0.6,0.4444666666666665,0.4438759999999998,0.15553333333333347,0.15612400000000015,0.02100000000000002,100,0.010397173333333332,2.7718957240140707
1485_madelon.csv,0.65,0.4444666666666665,0.44370866666666653,0.2055333333333335,0.2062913333333335,0.478,100,0.008868527777777777,2.6875373383249115
1485_madelon.csv,0.7,0.6306666666666674,0.6281486666666669,0.06933333333333258,0.07185133333333305,0.028999999999999915,100,0.010694305555555554,2.8524427887763086
1485_madelon.csv,0.75,0.6306666666666674,0.6278980000000002,0.11933333333333263,0.12210199999999982,0.253,100,0.010025351111111112,2.740876648124434
1485_madelon.csv,0.8,0.6306666666666674,0.6278976666666669,0.16933333333333267,0.17210233333333314,0.020000000000000018,100,0.010188395555555554,2.7431315972195733
1485_madelon.csv,0.85,0.4444666666666665,0.4437083333333332,0.40553333333333347,0.4062916666666668,0.15000000000000002,100,0.008122222222222222,2.722591769368132
1485_madelon.csv,0.9,0.6306666666666674,0.6279816666666669,0.26933333333333265,0.27201833333333314,0.09999999999999998,100,0.009632021111111111,2.7028235479399063
1485_madelon.csv,0.95,0.6306666666666674,0.6278976666666669,0.3193333333333326,0.32210233333333305,0.001000000000000112,100,0.009084222222222221,2.7999868207444045
1485_madelon.csv,0.05,0.010167333333333263,0.015023333333333238,0.03983266666666674,0.03497666666666677,0.051000000000000004,100,0.005087982222222223,2.539377696009811
1485_madelon.csv,0.1,0.01025099999999993,0.015443666666666566,0.08974900000000008,0.08455633333333344,0.036000000000000004,100,0.006831106666666667,2.681331416912675
1485_madelon.csv,0.15,0.010167333333333263,0.014856333333333235,0.13983266666666674,0.13514366666666677,0.169,100,0.008697576666666665,2.676511713026398
1485_madelon.csv,0.2,0.01025099999999993,0.01493966666666657,0.18974900000000008,0.18506033333333344,0.026999999999999996,100,0.008734666666666665,2.7376086768023407
1485_madelon.csv,0.25,0.01025099999999993,0.014772333333333236,0.23974900000000007,0.23522766666666675,0.14100000000000001,100,0.008325087777777778,2.7564809781819664
1485_madelon.csv,0.3,0.010167333333333263,0.014855999999999904,0.28983266666666674,0.28514400000000006,0.145,100,0.0076668122222222235,2.638380437740391
1485_madelon.csv,0.35,0.010083666666666598,0.015107333333333237,0.3399163333333334,0.3348926666666667,0.172,100,0.009385648888888886,2.7328753079250827
1485_madelon.csv,0.4,0.010083666666666598,0.015107999999999904,0.3899163333333334,0.3848920000000001,0.383,100,0.011104749999999998,2.726216697754167
1485_madelon.csv,0.44,0.44455033333333316,0.4433736666666665,0.004550333333333156,0.003373666666666497,0.14400000000000002,100,0.00890051,2.545701048556385
1485_madelon.csv,0.49,0.010167333333333263,0.014855999999999904,0.47983266666666674,0.47514400000000007,0.065,100,0.009343132222222222,2.7050111817246267
1485_madelon.csv,0.54,0.5718666666666671,0.5670043333333334,0.03186666666666704,0.027004333333333408,0.38,100,0.010280732222222224,2.717669890851243
1485_madelon.csv,0.6,0.4444666666666665,0.4437083333333332,0.15553333333333347,0.15629166666666677,0.013000000000000012,100,0.012473328888888887,2.756641009135679
1485_madelon.csv,0.65,0.6306666666666674,0.6279816666666669,0.019333333333332647,0.02201833333333314,0.138,100,0.00936176,2.6750853277293207
1485_madelon.csv,0.7,0.4444666666666665,0.4437919999999998,0.25553333333333345,0.25620800000000016,0.30000000000000004,100,0.011426554444444448,2.795495595237305
1485_madelon.csv,0.75,0.6306666666666674,0.6281490000000002,0.11933333333333263,0.12185099999999982,0.25,100,0.010172012222222223,2.6517256477026554
1485_madelon.csv,0.8,0.6306666666666674,0.6282330000000003,0.16933333333333267,0.17176699999999978,0.49800000000000005,100,0.009334545555555553,2.643245358883767
1485_madelon.csv,0.85,0.6306666666666674,0.6280650000000002,0.2193333333333326,0.22193499999999977,0.014000000000000012,100,0.009463478888888889,2.798271795885981
1485_madelon.csv,0.9,0.9900000000000042,0.981868666666669,0.09000000000000419,0.08186866666666903,0.09999999999999998,100,0.012077754444444444,2.7967975135898664
1485_madelon.csv,0.95,0.6306666666666674,0.6281486666666669,0.3193333333333326,0.32185133333333305,0.02400000000000002,100,0.009163595555555553,2.823501563501496
1489_phoneme.csv,0.05,0.14603433333333304,0.10264599999999989,0.09603433333333304,0.05264599999999989,0.017,100,0.07097001222222223,2.638330321916386
1489_phoneme.csv,0.1,0.1698363333333331,0.14855266666666633,0.06983633333333308,0.04855266666666633,0.0,100,0.08065001222222222,2.5359953505097215
1489_phoneme.csv,0.15,0.2897483333333336,0.28221233333333356,0.1397483333333336,0.13221233333333357,0.033,100,0.10257627888888889,2.7757293488614483
1489_phoneme.csv,0.2,0.3439666666666651,0.2740213333333328,0.14396666666666508,0.07402133333333277,0.034,100,0.1055510433333333,2.675719042196663
1489_phoneme.csv,0.25,0.3110976666666662,0.2543216666666666,0.06109766666666622,0.004321666666666613,0.044999999999999984,100,0.10651830555555558,2.7097304991268154
1489_phoneme.csv,0.3,0.3578703333333321,0.3093699999999994,0.057870333333332136,0.009369999999999434,0.057999999999999996,100,0.10938541666666668,2.7026751948001455
1489_phoneme.csv,0.35,0.45426799999999956,0.4422089999999999,0.10426799999999958,0.09220899999999993,0.01100000000000001,100,0.13168859555555557,2.656282693925624
1489_phoneme.csv,0.4,0.4946309999999996,0.4654850000000001,0.09463099999999958,0.06548500000000007,0.0030000000000000027,100,0.13314090666666664,2.52191488651973
1489_phoneme.csv,0.44,0.4932089999999997,0.4628060000000001,0.05320899999999967,0.022806000000000104,0.04899999999999999,100,0.13137804888888888,2.6735024293840732
1489_phoneme.csv,0.49,0.5682573333333342,0.5306486666666679,0.07825733333333418,0.04064866666666789,0.02799999999999997,100,0.12138485666666664,2.632921407261916
1489_phoneme.csv,0.54,0.7141716666666681,0.6926470000000013,0.17417166666666806,0.1526470000000013,0.018000000000000016,100,0.11430004,2.5524385098017843
1489_phoneme.csv,0.6,0.6563596666666678,0.6097073333333337,0.05635966666666781,0.009707333333333734,0.029000000000000026,100,0.12949577333333334,2.399633326804797
1489_phoneme.csv,0.65,0.6669193333333343,0.6662506666666677,0.016919333333334285,0.016250666666667635,0.01200000000000001,100,0.13340099888888887,2.36374981163655
1489_phoneme.csv,0.7,0.6945196666666695,0.7681263333333347,0.005480333333330423,0.06812633333333473,0.009999999999999898,100,0.11088119444444447,2.4100879814102036
1489_phoneme.csv,0.75,0.7789213333333319,0.8156056666666646,0.02892133333333191,0.06560566666666456,0.020000000000000018,100,0.09466397333333333,2.3524326031172826
1489_phoneme.csv,0.8,0.8376296666666672,0.8423173333333334,0.037629666666667116,0.04231733333333332,0.07099999999999995,100,0.07800283999999999,2.083847504929979
1489_phoneme.csv,0.85,0.892093666666666,0.9379030000000008,0.04209366666666603,0.08790300000000084,0.09100000000000008,100,0.06634281777777778,1.872399586474486
1489_phoneme.csv,0.9,0.8836433333333317,0.9341343333333343,0.01635666666666835,0.034134333333334266,0.038000000000000034,100,0.06741187111111112,1.9278835272894108
1489_phoneme.csv,0.95,0.9201220000000012,0.9588290000000022,0.02987799999999874,0.008829000000002196,0.05399999999999994,100,0.054571271111111125,1.905456145989683
1489_phoneme.csv,0.05,0.21128366666666543,0.15373733333333284,0.16128366666666544,0.10373733333333283,0.048,100,0.07537943999999999,2.7593083371707396
1489_phoneme.csv,0.1,0.2079923333333322,0.18764499999999903,0.10799233333333219,0.08764499999999903,0.02099999999999999,100,0.08523997333333332,2.7001173832838012
1489_phoneme.csv,0.15,0.26322500000000026,0.2592886666666668,0.11322500000000027,0.10928866666666678,0.04600000000000001,100,0.09789962111111113,2.6759387813990063
1489_phoneme.csv,0.2,0.3392676666666663,0.32117099999999965,0.1392676666666663,0.12117099999999964,0.037000000000000005,100,0.09603984333333333,2.758948118763265
1489_phoneme.csv,0.25,0.32946333333333283,0.2741826666666665,0.07946333333333283,0.02418266666666652,0.0040000000000000036,100,0.11329567111111113,2.677763734964468
1489_phoneme.csv,0.3,0.4877706666666666,0.4566143333333337,0.18777066666666659,0.1566143333333337,0.05299999999999999,100,0.11410602111111114,2.751956745281133
1489_phoneme.csv,0.35,0.5105509999999994,0.47730100000000003,0.16055099999999944,0.12730100000000005,0.006000000000000005,100,0.1131105822222222,2.678489443809034
1489_phoneme.csv,0.4,0.5856676666666676,0.5862543333333339,0.18566766666666756,0.18625433333333385,0.08999999999999997,100,0.11712895444444445,2.738611494414826
1489_phoneme.csv,0.44,0.5374490000000006,0.537533000000001,0.09744900000000062,0.09753300000000104,0.01100000000000001,100,0.1197994788888889,2.6803618821837425
1489_phoneme.csv,0.49,0.5782093333333339,0.5402696666666673,0.08820933333333392,0.05026966666666732,0.03600000000000003,100,0.14115644444444445,2.43060537490251
1489_phoneme.csv,0.54,0.7083020000000004,0.7067096666666669,0.1683020000000004,0.16670966666666687,0.05999999999999994,100,0.11828139555555557,2.493688074658271
1489_phoneme.csv,0.6,0.6243916666666691,0.5816720000000016,0.024391666666669143,0.018327999999998346,0.019000000000000017,100,0.1273253988888889,2.4054458889758754
1489_phoneme.csv,0.65,0.6948573333333367,0.6966986666666699,0.044857333333336635,0.046698666666669886,0.009000000000000008,100,0.1241540655555556,2.3824374376729307
1489_phoneme.csv,0.7,0.6966993333333369,0.6984563333333368,0.0033006666666630657,0.0015436666666631682,0.02399999999999991,100,0.1208504488888889,2.4201803928892116
1489_phoneme.csv,0.75,0.8320286666666655,0.8507856666666661,0.08202866666666553,0.10078566666666611,0.06300000000000006,100,0.07584786111111111,2.3975463744636087
1489_phoneme.csv,0.8,0.8345333333333332,0.8388023333333327,0.034533333333333194,0.038802333333332606,0.03699999999999992,100,0.08292700444444442,2.135329569386339
1489_phoneme.csv,0.85,0.8219803333333311,0.8299329999999976,0.028019666666668885,0.02006700000000239,0.009000000000000008,100,0.08206444888888889,2.110120859443878
1489_phoneme.csv,0.9,0.8807839999999995,0.9171233333333352,0.019216000000000566,0.017123333333335156,0.03500000000000003,100,0.07016930111111112,1.9617426981058266
1489_phoneme.csv,0.95,0.9396999999999965,0.9728153333333355,0.010300000000003418,0.02281533333333552,0.006000000000000116,100,0.051094137777777784,2.0021029307964504
1494_qsar-biodeg.csv,0.05,0.13703799999999944,0.05473266666666657,0.08703799999999944,0.004732666666666566,0.012999999999999998,100,0.06963344333333334,2.7255664389821797
1494_qsar-biodeg.csv,0.1,0.3602083333333339,0.3181596666666673,0.26020833333333393,0.21815966666666728,0.145,100,0.09836947888888892,2.7515841529824003
1494_qsar-biodeg.csv,0.15,0.38877166666666535,0.34178433333333247,0.23877166666666536,0.19178433333333247,0.098,100,0.0924192211111111,2.907652419851636
1494_qsar-biodeg.csv,0.2,0.36430733333333304,0.34898100000000004,0.16430733333333303,0.14898100000000003,0.05199999999999999,100,0.10111454555555556,2.837083281828784
1494_qsar-biodeg.csv,0.25,0.408541333333332,0.39480299999999907,0.15854133333333198,0.14480299999999907,0.06,100,0.10439466666666669,2.7987218672065093
1494_qsar-biodeg.csv,0.3,0.39823499999999856,0.38399499999999887,0.09823499999999857,0.08399499999999888,0.0020000000000000018,100,0.10736600444444443,2.8056549234161143
1494_qsar-biodeg.csv,0.35,0.5527613333333343,0.5003240000000007,0.20276133333333435,0.15032400000000068,0.10900000000000004,100,0.1120456388888889,2.745609271373215
1494_qsar-biodeg.csv,0.4,0.5441406666666673,0.4965590000000006,0.14414066666666725,0.09655900000000056,0.032999999999999974,100,0.11849322666666667,2.6426438604229174
1494_qsar-biodeg.csv,0.44,0.6397090000000015,0.6468303333333344,0.19970900000000152,0.2068303333333344,0.07900000000000001,100,0.09941424888888889,2.6806508800374735
1494_qsar-biodeg.csv,0.49,0.5782093333333341,0.5392636666666675,0.08820933333333414,0.04926366666666748,0.05700000000000005,100,0.1189809722222222,2.6851911467846543
1494_qsar-biodeg.csv,0.54,0.7583113333333343,0.7573910000000004,0.2183113333333343,0.21739100000000033,0.07999999999999996,100,0.09282254555555555,2.687950444833129
1494_qsar-biodeg.csv,0.6,0.7821866666666644,0.8179509999999975,0.1821866666666644,0.21795099999999756,0.051000000000000045,100,0.09602230555555558,2.6256833923291545
1494_qsar-biodeg.csv,0.65,0.8079149999999969,0.8209766666666636,0.15791499999999692,0.17097666666666356,0.126,100,0.09115464333333331,2.404677678742862
1494_qsar-biodeg.csv,0.7,0.7756270000000011,0.8099726666666672,0.07562700000000111,0.10997266666666727,0.06000000000000005,100,0.10053375444444444,2.4249428956302412
1494_qsar-biodeg.csv,0.75,0.8331933333333333,0.8376299999999992,0.08319333333333334,0.08762999999999921,0.09699999999999998,100,0.08404322111111112,2.2995603304402383
1494_qsar-biodeg.csv,0.8,0.80917233333333,0.8232383333333303,0.009172333333330007,0.023238333333330252,0.04399999999999993,100,0.09001430555555556,2.1772335515406276
1494_qsar-biodeg.csv,0.85,0.915353000000002,0.9527133333333345,0.06535300000000199,0.10271333333333454,0.09100000000000008,100,0.05961678222222222,1.9997392410475747
1494_qsar-biodeg.csv,0.9,0.8285820000000002,0.8362036666666663,0.07141799999999987,0.06379633333333368,0.04200000000000004,100,0.0807516388888889,2.45060707793525
1494_qsar-biodeg.csv,0.95,0.9396999999999965,0.9743246666666693,0.010300000000003418,0.024324666666669326,0.006000000000000116,100,0.04642476000000001,2.066717972179356
1494_qsar-biodeg.csv,0.05,0.20875833333333216,0.1259263333333331,0.15875833333333217,0.07592633333333311,0.06,100,0.08593809333333334,2.557230777518041
1494_qsar-biodeg.csv,0.1,0.2996126666666659,0.22348866666666686,0.1996126666666659,0.12348866666666686,0.055999999999999994,100,0.09065130999999998,2.7526629476646023
1494_qsar-biodeg.csv,0.15,0.2901670000000002,0.19209466666666655,0.14016700000000018,0.04209466666666656,0.05000000000000002,100,0.09571832333333333,2.69311037456537
1494_qsar-biodeg.csv,0.2,0.40017066666666506,0.3834143333333323,0.20017066666666505,0.1834143333333323,0.10899999999999999,100,0.11563807111111114,2.7941731143306385
1494_qsar-biodeg.csv,0.25,0.3443956666666657,0.3349289999999991,0.09439566666666571,0.08492899999999909,0.020000000000000018,100,0.12214718222222222,2.650069799043032
1494_qsar-biodeg.csv,0.3,0.494453999999999,0.47569799999999957,0.19445399999999902,0.17569799999999958,0.019000000000000017,100,0.10019917666666667,2.8739193254735462
1494_qsar-biodeg.csv,0.35,0.4984806666666665,0.46037133333333313,0.14848066666666654,0.11037133333333315,0.07200000000000001,100,0.12123439555555557,2.676101052576971
1494_qsar-biodeg.csv,0.4,0.5725960000000011,0.5169826666666671,0.17259600000000108,0.11698266666666712,0.138,100,0.12243741777777777,2.6683788205609598
1494_qsar-biodeg.csv,0.44,0.567906000000001,0.5305506666666673,0.12790600000000102,0.09055066666666728,0.07300000000000001,100,0.13155371555555556,2.6622548884411237
1494_qsar-biodeg.csv,0.49,0.5744410000000008,0.5361646666666675,0.08444100000000077,0.04616466666666752,0.0030000000000000027,100,0.1316178611111111,2.59903774091692
1494_qsar-biodeg.csv,0.54,0.7219586666666669,0.7360273333333329,0.18195866666666682,0.1960273333333329,0.051999999999999935,100,0.10027784333333332,2.670258867473981
1494_qsar-biodeg.csv,0.6,0.6409610000000021,0.5943096666666682,0.040961000000002135,0.0056903333333317985,0.030999999999999917,100,0.10820740444444445,2.7423474125159335
1494_qsar-biodeg.csv,0.65,0.7815133333333315,0.8167739999999982,0.13151333333333148,0.1667739999999982,0.052000000000000046,100,0.09458664888888889,2.5653382180562234
1494_qsar-biodeg.csv,0.7,0.7943526666666625,0.8077466666666632,0.09435266666666253,0.10774666666666322,0.08100000000000007,100,0.0995284211111111,2.4321407748619723
1494_qsar-biodeg.csv,0.75,0.8308426666666671,0.8384646666666663,0.08084266666666706,0.0884646666666663,0.06800000000000006,100,0.08271605666666668,2.4203089610133652
1494_qsar-biodeg.csv,0.8,0.8166186666666644,0.8295139999999975,0.01661866666666434,0.029513999999997487,0.08699999999999997,100,0.07879479555555556,2.256139493905312
1494_qsar-biodeg.csv,0.85,0.8511313333333325,0.8593256666666669,0.0011313333333324849,0.009325666666666899,0.028000000000000025,100,0.07611302666666667,2.2143240214942743
1494_qsar-biodeg.csv,0.9,0.8969463333333326,0.9435130000000009,0.0030536666666673984,0.04351300000000091,0.03600000000000003,100,0.06553133333333333,2.0923323788859305
1494_qsar-biodeg.csv,0.95,0.9382776666666636,0.9686246666666682,0.011722333333336388,0.018624666666668288,0.005999999999999894,100,0.05241373777777778,2.2368287565310543
1496_ringnorm.csv,0.05,0.03393033333333325,0.020467333333333223,0.016069666666666753,0.02953266666666678,0.019000000000000003,100,0.039877416666666665,2.131395138232095
1496_ringnorm.csv,0.1,0.07492900000000002,0.06353799999999996,0.025070999999999982,0.03646200000000005,0.034,100,0.056213093333333325,2.1034222182662723
1496_ringnorm.csv,0.15,0.1612133333333333,0.14403266666666653,0.011213333333333297,0.005967333333333463,0.00899999999999998,100,0.08417850111111111,2.2769696345875823
1496_ringnorm.csv,0.2,0.19711133333333214,0.17927499999999902,0.0028886666666678718,0.020725000000000993,0.007000000000000006,100,0.10736599555555555,2.224287219244268
1496_ringnorm.csv,0.25,0.23619699999999838,0.2054406666666654,0.01380300000000162,0.04455933333333459,0.008000000000000007,100,0.10766808333333336,2.438384342893757
1496_ringnorm.csv,0.3,0.2941803333333331,0.2527329999999998,0.0058196666666668895,0.04726700000000017,0.010000000000000009,100,0.13450063444444443,2.303906869220714
1496_ringnorm.csv,0.35,0.3392053333333315,0.32915299999999825,0.010794666666668451,0.020847000000001725,0.0019999999999999463,100,0.13409169333333334,2.3860967585021333
1496_ringnorm.csv,0.4,0.362983,0.35075699999999976,0.03701700000000002,0.04924300000000026,0.008000000000000007,100,0.12855739000000002,2.5193790090272756
1496_ringnorm.csv,0.44,0.387753333333332,0.3731819999999993,0.052246666666667996,0.06681800000000071,0.043999999999999984,100,0.14128895444444442,2.414669923146523
1496_ringnorm.csv,0.49,0.45401699999999956,0.4425436666666666,0.03598300000000043,0.04745633333333338,0.03699999999999998,100,0.1393667822222222,2.5479673465088704
1496_ringnorm.csv,0.54,0.4982293333333332,0.4674909999999996,0.041770666666666845,0.07250900000000043,0.007000000000000006,100,0.13772386222222224,2.523087194073338
1496_ringnorm.csv,0.6,0.5716763333333341,0.533568333333334,0.02832366666666586,0.066431666666666,0.0050000000000000044,100,0.13991427888888888,2.4231727739361224
1496_ringnorm.csv,0.65,0.5989739999999997,0.557603,0.05102600000000035,0.09239700000000006,0.040000000000000036,100,0.12703688444444441,2.562012626120789
1496_ringnorm.csv,0.7,0.6545323333333348,0.6537783333333342,0.04546766666666513,0.04622166666666572,0.0019999999999998908,100,0.1178692222222222,2.55673663317946
1496_ringnorm.csv,0.75,0.7090820000000048,0.7694590000000026,0.040917999999995236,0.019459000000002558,0.02300000000000002,100,0.11824687111111111,2.4143545828836075
1496_ringnorm.csv,0.8,0.7889703333333314,0.8172729999999986,0.011029666666668603,0.01727299999999854,0.025000000000000022,100,0.09355125666666667,2.4484302424224733
1496_ringnorm.csv,0.85,0.818538666666665,0.8252376666666649,0.031461333333335006,0.024762333333335107,0.026000000000000023,100,0.09517210999999999,1.9841106293352357
1496_ringnorm.csv,0.9,0.8426619999999999,0.8655250000000003,0.05733800000000011,0.0344749999999997,0.007000000000000006,100,0.07437797333333333,2.305878568308028
1496_ringnorm.csv,0.95,0.9392816666666632,0.9687920000000015,0.010718333333336716,0.018792000000001585,0.030000000000000027,100,0.05233459888888889,2.083398070159819
1496_ringnorm.csv,0.05,0.036448666666666574,0.03110099999999988,0.013551333333333429,0.018899000000000124,0.013999999999999999,100,0.04234491,2.0478701738791107
1496_ringnorm.csv,0.1,0.08773499999999985,0.06796833333333326,0.01226500000000015,0.03203166666666675,0.013999999999999999,100,0.06150326555555556,2.176423344205682
1496_ringnorm.csv,0.15,0.09777466666666616,0.07256999999999984,0.05222533333333383,0.07743000000000015,0.07799999999999999,100,0.06254104333333334,2.1653764884455975
1496_ringnorm.csv,0.2,0.18489599999999884,0.17208066666666572,0.015104000000001172,0.027919333333334295,0.024999999999999994,100,0.10653330111111113,2.13680455322471
1496_ringnorm.csv,0.25,0.2095799999999989,0.18789399999999906,0.040420000000001094,0.06210600000000094,0.011999999999999983,100,0.09880028777777777,2.4940365857176654
1496_ringnorm.csv,0.3,0.26916700000000016,0.23649633333333328,0.030832999999999833,0.06350366666666671,0.030999999999999972,100,0.1263103322222222,2.2189382307672982
1496_ringnorm.csv,0.35,0.32258433333333203,0.3137906666666654,0.02741566666666795,0.03620933333333459,0.07199999999999995,100,0.13335344444444444,2.2995802063347384
1496_ringnorm.csv,0.4,0.3865766666666651,0.37066333333333257,0.013423333333334897,0.029336666666667455,0.006000000000000005,100,0.13856931555555557,2.400095627465217
1496_ringnorm.csv,0.44,0.4178666666666653,0.4010246666666657,0.022133333333334726,0.038975333333334305,0.04099999999999998,100,0.1418535677777778,2.4244541297376316
1496_ringnorm.csv,0.49,0.45410066666666626,0.4426273333333333,0.03589933333333373,0.047372666666666674,0.02799999999999997,100,0.14685561222222224,2.4648003120764153
1496_ringnorm.csv,0.54,0.5397080000000006,0.5033543333333345,0.00029199999999940385,0.03664566666666558,0.010000000000000009,100,0.15142117666666668,2.2519417923218588
1496_ringnorm.csv,0.6,0.5708373333333341,0.5331480000000006,0.029162666666665893,0.06685199999999936,0.017000000000000015,100,0.14180509333333335,2.4055165913690333
1496_ringnorm.csv,0.65,0.6187036666666693,0.578078000000002,0.031296333333330706,0.07192199999999804,0.0010000000000000009,100,0.13444041222222222,2.3197804901793053
1496_ringnorm.csv,0.7,0.6668336666666674,0.6386913333333338,0.03316633333333252,0.06130866666666612,0.03200000000000003,100,0.12647450666666665,2.289709007251571
1496_ringnorm.csv,0.75,0.7153630000000025,0.7821046666666679,0.034636999999997475,0.03210466666666789,0.03400000000000003,100,0.11222627888888889,2.2630584066368953
1496_ringnorm.csv,0.8,0.7721126666666667,0.810561333333333,0.027887333333333375,0.010561333333332978,0.0020000000000000018,100,0.09869223444444444,2.467479856555948
1496_ringnorm.csv,0.85,0.7990296666666645,0.8239836666666643,0.05097033333333545,0.02601633333333564,0.016000000000000014,100,0.08954766555555554,2.2496281740986332
1496_ringnorm.csv,0.9,0.8777736666666655,0.9134373333333349,0.02222633333333457,0.013437333333334855,0.010000000000000009,100,0.07181215444444444,2.235475190118862
1496_ringnorm.csv,0.95,0.9178630000000018,0.9570690000000015,0.032136999999998195,0.007069000000001546,0.01200000000000001,100,0.05603129333333334,2.1123085576028133
1497_wall-robot-navigation.csv,0.05,0.0603836666666667,0.03237633333333319,0.010383666666666694,0.017623666666666815,0.010000000000000002,100,0.05105881222222222,1.092799630622996
1497_wall-robot-navigation.csv,0.1,0.11008633333333276,0.10682033333333277,0.010086333333332753,0.006820333333332762,0.0020000000000000018,100,0.08477644,0.9701502278540116
1497_wall-robot-navigation.csv,0.15,0.15374566666666642,0.1518983333333329,0.003745666666666425,0.0018983333333329189,0.0050000000000000044,100,0.10957430555555556,1.305634806830685
1497_wall-robot-navigation.csv,0.2,0.18564899999999873,0.18606733333333206,0.01435100000000128,0.013932666666667953,0.028999999999999998,100,0.12613544444444444,1.551274653290196
1497_wall-robot-navigation.csv,0.25,0.23619999999999824,0.2355283333333316,0.013800000000001755,0.014471666666668409,0.012999999999999984,100,0.1579979377777778,1.5226816838939987
1497_wall-robot-navigation.csv,0.3,0.3090726666666659,0.3079853333333325,0.009072666666665896,0.007985333333332512,0.014000000000000012,100,0.1778364444444444,1.4827460934762722
1497_wall-robot-navigation.csv,0.35,0.3374506666666647,0.33903999999999823,0.0125493333333353,0.010960000000001746,0.008000000000000007,100,0.18466951555555558,1.6347861335352627
1497_wall-robot-navigation.csv,0.4,0.3672386666666674,0.367071333333334,0.03276133333333264,0.032928666666665996,0.0010000000000000009,100,0.18587668444444444,1.6852579900894995
1497_wall-robot-navigation.csv,0.44,0.43636333333333455,0.4355266666666678,0.0036366666666654557,0.004473333333332219,0.02100000000000002,100,0.2077285011111111,1.6660347658429466
1497_wall-robot-navigation.csv,0.49,0.48731633333333185,0.48739999999999856,0.0026836666666681386,0.0026000000000014345,0.026000000000000023,100,0.20764890111111106,1.676083368357722
1497_wall-robot-navigation.csv,0.54,0.5380346666666673,0.5382020000000007,0.0019653333333327083,0.0017979999999993002,0.030000000000000027,100,0.2199317988888889,1.3749732497899971
1497_wall-robot-navigation.csv,0.6,0.5873996666666657,0.587818999999999,0.012600333333334324,0.012181000000000997,0.010000000000000009,100,0.20536266666666667,1.5640534872963707
1497_wall-robot-navigation.csv,0.65,0.6385346666666696,0.6383673333333364,0.01146533333333044,0.011632666666663627,0.0050000000000000044,100,0.20109348444444441,1.4369165026019108
1497_wall-robot-navigation.csv,0.7,0.6888346666666697,0.6884153333333364,0.011165333333330252,0.011584666666663579,0.02100000000000002,100,0.1770131233333333,1.6231457933279292
1497_wall-robot-navigation.csv,0.75,0.7299149999999991,0.7313373333333325,0.020085000000000908,0.018662666666667493,0.0010000000000000009,100,0.16168970666666665,1.6883767194699437
1497_wall-robot-navigation.csv,0.8,0.7904223333333283,0.7907566666666619,0.009577666666671703,0.009243333333338155,0.02200000000000002,100,0.13965686222222223,1.522030558240035
1497_wall-robot-navigation.csv,0.85,0.83869866666667,0.8389513333333365,0.011301333333329944,0.011048666666663487,0.010000000000000009,100,0.11262016,1.5232235059610282
1497_wall-robot-navigation.csv,0.9,0.8718426666666637,0.8719253333333303,0.028157333333336365,0.02807466666666969,0.01100000000000001,100,0.09076361222222222,1.2981908678549394
1497_wall-robot-navigation.csv,0.95,0.9196200000000014,0.9218790000000012,0.03037999999999852,0.02812099999999873,0.01200000000000001,100,0.0553620122222222,1.4789397164004774
1497_wall-robot-navigation.csv,0.05,0.03551999999999992,0.016275999999999898,0.014480000000000083,0.0337240000000001,0.012000000000000004,100,0.04022708777777778,1.14574946951167
1497_wall-robot-navigation.csv,0.1,0.10791266666666632,0.11025799999999966,0.007912666666666318,0.010257999999999656,0.023000000000000007,100,0.07163193222222222,1.330646174040288
1497_wall-robot-navigation.csv,0.15,0.14786699999999947,0.14635633333333273,0.0021330000000005234,0.003643666666667267,0.0,100,0.11120882111111112,1.3736538045761664
1497_wall-robot-navigation.csv,0.2,0.18698766666666541,0.1874896666666654,0.013012333333334597,0.012510333333334622,0.014000000000000012,100,0.1462183066666667,1.126057210093628
1497_wall-robot-navigation.csv,0.25,0.23619999999999824,0.23510999999999826,0.013800000000001755,0.014890000000001735,0.006000000000000005,100,0.15555370999999998,1.4554514864799133
1497_wall-robot-navigation.csv,0.3,0.2886563333333332,0.28740266666666686,0.011343666666666807,0.012597333333333127,0.008000000000000007,100,0.18008187111111112,1.378491467309544
1497_wall-robot-navigation.csv,0.35,0.3514253333333331,0.35100666666666647,0.001425333333333112,0.0010066666666664892,0.02300000000000002,100,0.19916526222222225,1.4573509814987164
1497_wall-robot-navigation.csv,0.4,0.3890849999999981,0.38942099999999813,0.010915000000001895,0.010579000000001892,0.019999999999999962,100,0.21525999999999992,1.308850856772989
1497_wall-robot-navigation.csv,0.44,0.42565400000000003,0.4248169999999999,0.01434599999999997,0.015183000000000113,0.009000000000000008,100,0.19503339888888888,1.8191991425273408
1497_wall-robot-navigation.csv,0.49,0.4637223333333325,0.4635549999999992,0.026277666666667476,0.026445000000000773,0.02300000000000002,100,0.21651601777777774,1.4685166762977417
1497_wall-robot-navigation.csv,0.54,0.5607083333333346,0.5609596666666679,0.02070833333333455,0.02095966666666782,0.03200000000000003,100,0.20341130111111114,1.7108149650520645
1497_wall-robot-navigation.csv,0.6,0.600836666666667,0.6007520000000003,0.0008366666666670408,0.000752000000000308,0.014000000000000012,100,0.21084508777777775,1.4700753982173753
1497_wall-robot-navigation.csv,0.65,0.6416303333333359,0.641714333333336,0.008369666666664166,0.008285666666663971,0.030000000000000027,100,0.1914632222222222,1.669755598956574
1497_wall-robot-navigation.csv,0.7,0.6629673333333328,0.6614623333333333,0.03703266666666716,0.03853766666666669,1.1102230246251565e-16,100,0.18035458999999998,1.7140232137582723
1497_wall-robot-navigation.csv,0.75,0.736189999999997,0.7361899999999973,0.013810000000002987,0.013810000000002653,0.006000000000000005,100,0.1663637988888889,1.4682673947881622
1497_wall-robot-navigation.csv,0.8,0.7889999999999948,0.7894183333333282,0.011000000000005228,0.010581666666671818,0.018000000000000016,100,0.14356466222222225,1.3991385985278257
1497_wall-robot-navigation.csv,0.85,0.8393700000000032,0.8396220000000031,0.010629999999996809,0.01037799999999689,0.018000000000000016,100,0.11442815444444447,1.4336006269268398
1497_wall-robot-navigation.csv,0.9,0.8884103333333319,0.8891626666666654,0.011589666666668164,0.010837333333334587,0.016000000000000014,100,0.08049004000000001,1.2489724175968524
1497_wall-robot-navigation.csv,0.95,0.918532333333335,0.9194526666666683,0.031467666666665006,0.030547333333331705,0.008000000000000118,100,0.05966924888888889,1.4342818471298049
1504_steel-plates-fault.csv,0.05,0.03267366666666658,0.01912799999999989,0.017326333333333423,0.03087200000000011,0.012000000000000004,100,0.029404376666666666,2.0321069822576847
1504_steel-plates-fault.csv,0.1,0.07258633333333338,0.059600999999999946,0.027413666666666628,0.04039900000000006,0.027999999999999997,100,0.054448915555555547,2.1777432215727446
1504_steel-plates-fault.csv,0.15,0.14267466666666637,0.11386966666666647,0.007325333333333628,0.03613033333333353,0.03399999999999999,100,0.07014055444444446,2.2384070623892187
1504_steel-plates-fault.csv,0.2,0.182803999999999,0.1705746666666658,0.017196000000001016,0.02942533333333422,0.024999999999999994,100,0.09038988888888888,2.3789220236289634
1504_steel-plates-fault.csv,0.25,0.23644966666666495,0.2049396666666654,0.013550333333335052,0.04506033333333459,0.0010000000000000009,100,0.10657423444444443,2.30000551238882
1504_steel-plates-fault.csv,0.3,0.2982019999999998,0.25733933333333336,0.0017980000000001883,0.042660666666666625,0.006000000000000005,100,0.12581408444444442,2.3547982129766454
1504_steel-plates-fault.csv,0.35,0.3556923333333336,0.34262866666666664,0.005692333333333632,0.007371333333333341,0.04700000000000004,100,0.13984719444444443,2.3400517646949592
1504_steel-plates-fault.csv,0.4,0.4011699999999986,0.3855906666666658,0.001169999999998561,0.014409333333334218,0.045999999999999985,100,0.14173909333333334,2.392567869053896
1504_steel-plates-fault.csv,0.44,0.44280566666666726,0.4329220000000009,0.0028056666666672614,0.007077999999999085,0.01200000000000001,100,0.1379501111111111,2.4099849078360105
1504_steel-plates-fault.csv,0.49,0.4981456666666666,0.4674909999999996,0.008145666666666607,0.02250900000000039,0.049000000000000044,100,0.1478106666666667,2.462323199440277
1504_steel-plates-fault.csv,0.54,0.5589536666666669,0.5215120000000006,0.01895366666666687,0.018487999999999394,0.06799999999999995,100,0.14804783999999999,2.307992801111313
1504_steel-plates-fault.csv,0.6,0.5947846666666662,0.5545023333333335,0.005215333333333794,0.045497666666666436,0.026000000000000023,100,0.1381974488888889,2.5124934593424086
1504_steel-plates-fault.csv,0.65,0.6416303333333355,0.598074666666668,0.0083696666666645,0.05192533333333205,0.050000000000000044,100,0.1387618844444444,2.2598415936577543
1504_steel-plates-fault.csv,0.7,0.6754023333333353,0.741479333333334,0.02459766666666463,0.04147933333333409,0.016000000000000014,100,0.11805777777777778,2.3412123328391314
1504_steel-plates-fault.csv,0.75,0.7888073333333312,0.819706666666665,0.038807333333331195,0.06970666666666503,0.006000000000000005,100,0.10156972888888888,2.4118337490755626
1504_steel-plates-fault.csv,0.8,0.8145326666666637,0.8250806666666637,0.01453266666666364,0.025080666666663642,0.03499999999999992,100,0.08977075,2.307111678166593
1504_steel-plates-fault.csv,0.85,0.8463350000000022,0.8495986666666682,0.003664999999997809,0.0004013333333318103,0.04200000000000004,100,0.08160516,2.089446088992141
1504_steel-plates-fault.csv,0.9,0.914767333333335,0.9555620000000018,0.01476733333333502,0.05556200000000178,0.03700000000000003,100,0.05778719444444444,2.14824603590598
1504_steel-plates-fault.csv,0.95,0.963808,0.9874876666666705,0.013808000000000042,0.03748766666667058,0.03700000000000003,100,0.04113859888888889,1.845662394114365
1504_steel-plates-fault.csv,0.05,0.033510333333333246,0.019462666666666555,0.016489666666666757,0.030537333333333447,0.027000000000000003,100,0.03490630555555556,1.9531336122958176
1504_steel-plates-fault.csv,0.1,0.07476066666666667,0.04527266666666654,0.025239333333333336,0.05472733333333347,0.012999999999999998,100,0.05680775111111111,2.0999729560714844
1504_steel-plates-fault.csv,0.15,0.17510966666666655,0.12233766666666648,0.025109666666666558,0.02766233333333351,0.017999999999999988,100,0.07657610999999999,2.2727892070474427
1504_steel-plates-fault.csv,0.2,0.18205066666666572,0.16965366666666587,0.01794933333333429,0.03034633333333414,0.014000000000000012,100,0.08586922111111112,2.4991603176670742
1504_steel-plates-fault.csv,0.25,0.23577966666666494,0.20519033333333206,0.014220333333335056,0.04480966666666794,0.017999999999999988,100,0.10528116000000001,2.397627342642089
1504_steel-plates-fault.csv,0.3,0.29803066666666617,0.2564156666666666,0.0019693333333338225,0.04358433333333339,0.0030000000000000027,100,0.1213243822222222,2.417837475484804
1504_steel-plates-fault.csv,0.35,0.3410503333333316,0.330663666666665,0.008949666666668354,0.019336333333334954,0.0040000000000000036,100,0.13590864333333333,2.3185302061463964
1504_steel-plates-fault.csv,0.4,0.4116663333333319,0.3955799999999989,0.01166633333333189,0.004420000000001145,0.046999999999999986,100,0.13264688444444445,2.5019126409535346
1504_steel-plates-fault.csv,0.44,0.4408813333333338,0.4303270000000008,0.0008813333333337892,0.00967299999999921,0.0010000000000000009,100,0.1407336488888889,2.4811760825079214
1504_steel-plates-fault.csv,0.49,0.493376333333333,0.4628896666666668,0.0033763333333329815,0.02711033333333318,0.033999999999999975,100,0.13878903444444443,2.5123895468125923
1504_steel-plates-fault.csv,0.54,0.5730163333333339,0.5364996666666672,0.03301633333333387,0.0035003333333328834,0.02200000000000002,100,0.1380039822222222,2.432574713218799
1504_steel-plates-fault.csv,0.6,0.5944489999999993,0.5530776666666665,0.005551000000000639,0.04692233333333351,0.007000000000000006,100,0.13551088888888885,2.4170105678336427
1504_steel-plates-fault.csv,0.65,0.650833666666668,0.6063573333333342,0.0008336666666679537,0.04364266666666583,0.04200000000000004,100,0.13429386111111113,2.341254165635113
1504_steel-plates-fault.csv,0.7,0.6809396666666688,0.632775333333335,0.019060333333331125,0.06722466666666493,0.002000000000000113,100,0.12029647111111112,2.4271043643592627
1504_steel-plates-fault.csv,0.75,0.7870406666666654,0.8185289999999987,0.03704066666666539,0.06852899999999873,0.02100000000000002,100,0.10304346222222223,2.3134650703745443
1504_steel-plates-fault.csv,0.8,0.8009636666666632,0.8091696666666636,0.0009636666666631433,0.009169666666663523,0.018000000000000016,100,0.09897073777777779,2.2055884611748273
1504_steel-plates-fault.csv,0.85,0.8823866666666648,0.9303616666666682,0.03238666666666479,0.08036166666666822,0.05400000000000005,100,0.06945675999999999,2.1089722769154626
1504_steel-plates-fault.csv,0.9,0.9385286666666637,0.9687083333333348,0.03852866666666366,0.06870833333333481,0.06799999999999995,100,0.052602101111111105,2.1713456835132297
1504_steel-plates-fault.csv,0.95,0.9649836666666666,0.9882426666666707,0.014983666666666617,0.038242666666670755,0.03400000000000003,100,0.03758697222222222,1.8468988292132664
1507_twonorm.csv,0.05,0.03636533333333324,0.022811999999999878,0.01363466666666676,0.027188000000000125,0.010000000000000002,100,0.04216877777777778,2.401455976385964
1507_twonorm.csv,0.1,0.08514899999999993,0.04065933333333322,0.014851000000000072,0.059340666666666785,0.05500000000000001,100,0.05858260444444444,2.3477553364414065
1507_twonorm.csv,0.15,0.13108199999999945,0.12137833333333284,0.018918000000000545,0.028621666666667156,0.041999999999999996,100,0.06856050111111112,2.4446585365160343
1507_twonorm.csv,0.2,0.19158933333333217,0.13379966666666637,0.008410666666667843,0.06620033333333364,0.018000000000000016,100,0.08679578222222223,2.602777396334185
1507_twonorm.csv,0.25,0.23670099999999825,0.18055799999999914,0.013299000000001754,0.06944200000000086,0.024999999999999994,100,0.1021133333333333,2.498496581663007
1507_twonorm.csv,0.3,0.2669056666666669,0.26363966666666677,0.033094333333333115,0.03636033333333322,0.024999999999999967,100,0.09038557666666663,2.716406984755875
1507_twonorm.csv,0.35,0.3476593333333327,0.336770666666666,0.002340666666667268,0.013229333333333981,0.03999999999999998,100,0.12214711555555556,2.659411894219818
1507_twonorm.csv,0.4,0.41132933333333194,0.3963276666666654,0.011329333333331915,0.0036723333333346098,0.0050000000000000044,100,0.11166663444444441,2.767265604353687
1507_twonorm.csv,0.44,0.4230586666666661,0.40856299999999945,0.01694133333333392,0.03143700000000055,0.02799999999999997,100,0.12606842111111113,2.597885250293069
1507_twonorm.csv,0.49,0.4748499999999986,0.46011299999999883,0.015150000000001385,0.029887000000001163,0.01899999999999996,100,0.1318871677777778,2.622795525997511
1507_twonorm.csv,0.54,0.5126000000000008,0.5126000000000008,0.027399999999999203,0.027399999999999203,0.016000000000000014,100,0.12579846222222224,2.7428890552407466
1507_twonorm.csv,0.6,0.6116663333333351,0.5544556666666683,0.01166633333333511,0.04554433333333163,0.0010000000000000009,100,0.12777624333333334,2.6736039601129127
1507_twonorm.csv,0.65,0.659536,0.592867333333334,0.009535999999999989,0.057132666666666054,0.007000000000000006,100,0.10238459555555558,2.7434808834427122
1507_twonorm.csv,0.7,0.7384489999999966,0.7817566666666652,0.038448999999996625,0.08175666666666526,0.031000000000000028,100,0.10044344333333333,2.6551711268251705
1507_twonorm.csv,0.75,0.7609570000000021,0.7732780000000016,0.010957000000002104,0.023278000000001575,0.0050000000000000044,100,0.09559357666666667,2.6086409991630424
1507_twonorm.csv,0.8,0.7916769999999952,0.7992123333333291,0.008323000000004854,0.0007876666666709609,0.029000000000000026,100,0.09551519555555554,2.496305380462037
1507_twonorm.csv,0.85,0.8608649999999972,0.9286873333333351,0.010864999999997238,0.07868733333333511,0.02400000000000002,100,0.06926890111111111,2.4574021842330307
1507_twonorm.csv,0.9,0.9144326666666687,0.9524566666666667,0.014432666666668648,0.05245666666666671,0.03300000000000003,100,0.05782341666666666,2.4469348151933183
1507_twonorm.csv,0.95,0.9654856666666668,0.9809490000000024,0.015485666666666842,0.030949000000002447,0.031000000000000028,100,0.03432122111111111,2.219774664156284
1507_twonorm.csv,0.05,0.035100666666666586,0.01585733333333323,0.014899333333333417,0.03414266666666677,0.028000000000000004,100,0.038724715555555546,2.3026314301367394
1507_twonorm.csv,0.1,0.0852326666666666,0.0675583333333333,0.01476733333333341,0.0324416666666667,0.05,100,0.058775221111111116,2.335371935885354
1507_twonorm.csv,0.15,0.15917833333333278,0.07851766666666671,0.009178333333332789,0.07148233333333329,0.03199999999999999,100,0.07403016000000001,2.4100980869108017
1507_twonorm.csv,0.2,0.18279899999999902,0.18355099999999916,0.017201000000000993,0.016449000000000852,0.04400000000000001,100,0.08311455555555555,2.503375930017111
1507_twonorm.csv,0.25,0.23860766666666558,0.14511766666666623,0.01139233333333442,0.10488233333333377,0.0030000000000000027,100,0.10103388444444446,2.5796394320506533
1507_twonorm.csv,0.3,0.30062666666666643,0.18899433333333324,0.0006266666666664422,0.11100566666666675,0.01799999999999996,100,0.10131760444444442,2.744424056585929
1507_twonorm.csv,0.35,0.3476616666666659,0.3389506666666658,0.002338333333334053,0.011049333333334188,0.006999999999999951,100,0.11168877666666666,2.675089920219922
1507_twonorm.csv,0.4,0.4085713333333316,0.39030366666666555,0.008571333333331599,0.009696333333334473,0.026000000000000023,100,0.13125255999999996,2.646076541855387
1507_twonorm.csv,0.44,0.43837133333333433,0.4372836666666675,0.001628666666665668,0.002716333333332488,0.02799999999999997,100,0.13772613777777776,2.6500402457721224
1507_twonorm.csv,0.49,0.5180170000000003,0.47353733333333403,0.02801700000000029,0.01646266666666596,0.022999999999999965,100,0.13315977333333331,2.61442360945672
1507_twonorm.csv,0.54,0.5379510000000007,0.4884413333333338,0.0020489999999993014,0.05155866666666625,0.009000000000000008,100,0.11413659555555554,2.801921777589301
1507_twonorm.csv,0.6,0.5901706666666658,0.5908416666666657,0.009829333333334134,0.009158333333334268,0.014000000000000012,100,0.12588852888888888,2.684258576869752
1507_twonorm.csv,0.65,0.6317576666666694,0.5680163333333346,0.018242333333330585,0.08198366666666546,0.0010000000000000009,100,0.11126156777777778,2.7430502304333015
1507_twonorm.csv,0.7,0.7384489999999965,0.783764666666665,0.038448999999996514,0.08376466666666504,0.026000000000000023,100,0.11010122111111112,2.639875001659985
1507_twonorm.csv,0.75,0.761792666666669,0.7927946666666681,0.011792666666669005,0.04279466666666809,0.039000000000000035,100,0.10201282111111111,2.5966128128193957
1507_twonorm.csv,0.8,0.7920863333333297,0.8194669999999972,0.007913666666670371,0.019466999999997125,0.014000000000000012,100,0.0800598611111111,2.5673939126679346
1507_twonorm.csv,0.85,0.8306670000000014,0.8405573333333337,0.0193329999999986,0.009442666666666266,0.05800000000000005,100,0.07882682666666667,2.4755819818581193
1507_twonorm.csv,0.9,0.9139306666666684,0.9523750000000005,0.013930666666668423,0.052375000000000504,0.027000000000000024,100,0.059993,2.435289526908373
1507_twonorm.csv,0.95,0.964815,0.9879910000000038,0.014815000000000023,0.03799100000000388,0.02100000000000002,100,0.04059250111111111,2.306613445217772
1526_wall-robot-navigation.csv,0.05,0.06030000000000002,0.05945700000000001,0.010300000000000017,0.009457000000000007,0.013999999999999999,100,0.04736659888888891,0.25400119505959456
1526_wall-robot-navigation.csv,0.1,0.10631999999999941,0.10405899999999953,0.006319999999999409,0.004058999999999521,0.022000000000000006,100,0.08797193222222222,0.5628183556612064
1526_wall-robot-navigation.csv,0.15,0.13393299999999944,0.13401799999999944,0.016067000000000553,0.01598200000000055,0.03799999999999999,100,0.1266153011111111,0.4227090878341354
1526_wall-robot-navigation.csv,0.2,0.18606733333333206,0.18648566666666536,0.013932666666667953,0.013514333333334655,0.04500000000000001,100,0.15861141666666667,0.5541599278549975
1526_wall-robot-navigation.csv,0.25,0.23619999999999824,0.23569633333333162,0.013800000000001755,0.01430366666666838,0.057999999999999996,100,0.18573358222222222,0.5623351446467941
1526_wall-robot-navigation.csv,0.3,0.30940766666666586,0.30999433333333254,0.00940766666666587,0.00999433333333255,0.06899999999999998,100,0.20436259,0.7071209071450404
1526_wall-robot-navigation.csv,0.35,0.34648666666666567,0.3463193333333323,0.003513333333334312,0.0036806666666676646,0.07499999999999996,100,0.22364297222222224,0.692855882212928
1526_wall-robot-navigation.csv,0.4,0.3916049999999982,0.3920239999999981,0.008395000000001818,0.007976000000001926,0.069,100,0.2363727499999999,0.7706340521182196
1526_wall-robot-navigation.csv,0.44,0.43703266666666774,0.43678166666666773,0.002967333333332267,0.0032183333333322683,0.07500000000000001,100,0.24280468444444442,0.7360934952126452
1526_wall-robot-navigation.csv,0.49,0.48380166666666524,0.48388533333333184,0.006198333333334749,0.006114666666668156,0.07599999999999996,100,0.24650904333333334,0.8058057022799829
1526_wall-robot-navigation.csv,0.54,0.5577800000000009,0.5585333333333342,0.017780000000000906,0.01853333333333418,0.069,100,0.24421074999999995,0.7879173514338684
1526_wall-robot-navigation.csv,0.6,0.6083116666666682,0.6087306666666681,0.008311666666668271,0.008730666666668108,0.07999999999999996,100,0.23599799999999996,0.7706340521182193
1526_wall-robot-navigation.csv,0.65,0.6491606666666684,0.6494970000000018,0.0008393333333316377,0.0005029999999982548,0.07799999999999996,100,0.22496208333333334,0.6474466390625229
1526_wall-robot-navigation.csv,0.7,0.6891693333333364,0.6892523333333364,0.010830666666663546,0.010747666666663602,0.06599999999999995,100,0.2063505988888889,0.701682788384949
1526_wall-robot-navigation.csv,0.75,0.7634653333333361,0.7628800000000024,0.013465333333336105,0.012880000000002445,0.05999999999999994,100,0.1851215677777778,0.6882932554458933
1526_wall-robot-navigation.csv,0.8,0.8132633333333309,0.814100333333331,0.013263333333330851,0.014100333333330939,0.050000000000000044,100,0.15755876777777775,0.6474938951524445
1526_wall-robot-navigation.csv,0.85,0.8633003333333304,0.8627973333333303,0.013300333333330472,0.01279733333333033,0.04399999999999993,100,0.12622810111111113,0.5715899294801335
1526_wall-robot-navigation.csv,0.9,0.896192,0.8946019999999995,0.0038080000000000336,0.005398000000000569,0.03200000000000003,100,0.08955388777777779,0.3250829734197074
1526_wall-robot-navigation.csv,0.95,0.9396999999999965,0.9410436666666635,0.010300000000003418,0.008956333333336453,0.016999999999999904,100,0.04870752888888889,0.2540011950595943
1526_wall-robot-navigation.csv,0.05,0.06030000000000002,0.05945700000000001,0.010300000000000017,0.009457000000000007,0.013999999999999999,100,0.04732282111111112,0.25400119505959456
1526_wall-robot-navigation.csv,0.1,0.10531599999999942,0.10347333333333285,0.005315999999999418,0.0034733333333328426,0.02700000000000001,100,0.0896195766666667,0.32508297341970777
1526_wall-robot-navigation.csv,0.15,0.13745466666666614,0.1369536666666661,0.012545333333333852,0.013046333333333882,0.03599999999999999,100,0.1266013733333333,0.5715899294801341
1526_wall-robot-navigation.csv,0.2,0.18573266666666535,0.186318333333332,0.014267333333334659,0.013681666666668008,0.048000000000000015,100,0.15899568444444445,0.5004024235662434
1526_wall-robot-navigation.csv,0.25,0.23619999999999824,0.23569633333333162,0.013800000000001755,0.01430366666666838,0.04999999999999999,100,0.18425491555555562,0.7104018746900467
1526_wall-robot-navigation.csv,0.3,0.3087379999999992,0.3077343333333325,0.00873799999999919,0.00773433333333251,0.07099999999999998,100,0.2060185277777778,0.6547077258840008
1526_wall-robot-navigation.csv,0.35,0.34765933333333243,0.3479103333333325,0.0023406666666675457,0.002089666666667489,0.061,100,0.22345290111111113,0.7445224342935003
1526_wall-robot-navigation.csv,0.4,0.39261233333333145,0.3930316666666647,0.007387666666668569,0.006968333333335297,0.066,100,0.23576004888888893,0.8615585139432238
1526_wall-robot-navigation.csv,0.44,0.43711633333333444,0.4365306666666676,0.002883666666665563,0.0034693333333323806,0.08000000000000002,100,0.2446757777777778,0.6859298002802212
1526_wall-robot-navigation.csv,0.49,0.4866463333333319,0.4866463333333319,0.003353666666668087,0.003353666666668087,0.08199999999999996,100,0.24870709333333338,0.6929471672523186
1526_wall-robot-navigation.csv,0.54,0.5544333333333343,0.5545173333333342,0.014433333333334297,0.01451733333333416,0.08000000000000002,100,0.24339391555555562,0.9047082239203876
1526_wall-robot-navigation.csv,0.6,0.6072196666666679,0.6071350000000012,0.0072196666666679565,0.007135000000001224,0.08399999999999996,100,0.2362211511111111,0.7238713124646035
1526_wall-robot-navigation.csv,0.65,0.6500813333333347,0.6507520000000014,8.133333333470993e-05,0.0007520000000014182,0.062000000000000055,100,0.22289513777777775,0.782169786405754
1526_wall-robot-navigation.csv,0.7,0.6891693333333364,0.6892523333333364,0.010830666666663546,0.010747666666663602,0.07299999999999995,100,0.20881333333333338,0.6108643020828245
1526_wall-robot-navigation.csv,0.75,0.7517519999999996,0.7515849999999996,0.0017519999999996427,0.0015849999999996145,0.07099999999999995,100,0.18521779,0.6684158377578937
1526_wall-robot-navigation.csv,0.8,0.8135979999999976,0.8144349999999977,0.013597999999997556,0.014434999999997644,0.04200000000000004,100,0.15624939555555556,0.5938629765227831
1526_wall-robot-navigation.csv,0.85,0.8631323333333304,0.8624616666666636,0.013132333333330415,0.012461666666663596,0.04299999999999993,100,0.1263837011111111,0.5715899294801334
1526_wall-robot-navigation.csv,0.9,0.8920079999999992,0.8924263333333327,0.007992000000000776,0.007573666666667367,0.030000000000000027,100,0.09021445666666668,0.5303100583234394
1526_wall-robot-navigation.csv,0.95,0.9396999999999965,0.9412956666666635,0.010300000000003418,0.008704333333336423,0.014999999999999902,100,0.047087132222222196,0.2540011950595943
1535_volcanoes-b5.csv,0.05,0.7273240000000011,0.710071000000001,0.677324000000001,0.660071000000001,0.34700000000000003,100,0.11052645666666666,2.5150547305772575
1535_volcanoes-b5.csv,0.1,0.7281596666666675,0.7171043333333343,0.6281596666666676,0.6171043333333344,0.357,100,0.11891141666666666,2.4033049271771096
1535_volcanoes-b5.csv,0.15,0.6332530000000015,0.6062863333333346,0.4832530000000015,0.45628633333333457,0.38,100,0.12579684,2.203785730272977
1535_volcanoes-b5.csv,0.2,0.7707190000000013,0.7734803333333338,0.5707190000000013,0.5734803333333338,0.466,100,0.1164872266666667,1.9314300435405605
1535_volcanoes-b5.csv,0.25,0.7490146666666673,0.7516106666666665,0.4990146666666673,0.5016106666666665,0.249,100,0.11391534555555555,2.251780751034894
1535_volcanoes-b5.csv,0.3,0.7639230000000007,0.7651783333333332,0.4639230000000007,0.4651783333333332,0.27999999999999997,100,0.11492121777777778,2.140719459675598
1535_volcanoes-b5.csv,0.35,0.759483333333334,0.7619123333333332,0.409483333333334,0.4119123333333332,0.20900000000000007,100,0.11651965666666668,2.1393909451499877
1535_volcanoes-b5.csv,0.4,0.7999536666666642,0.823397333333331,0.3999536666666642,0.42339733333333096,0.28,100,0.09141455444444445,1.8785354996268728
1535_volcanoes-b5.csv,0.44,0.7952630000000008,0.8263296666666663,0.35526300000000083,0.3863296666666663,0.20800000000000002,100,0.1044073988888889,1.9354196004502908
1535_volcanoes-b5.csv,0.49,0.8110986666666634,0.8211433333333304,0.3210986666666634,0.33114333333333046,0.20700000000000007,100,0.09247539555555555,1.8311563940824716
1535_volcanoes-b5.csv,0.54,0.8137793333333302,0.8224836666666637,0.27377933333333015,0.2824836666666637,0.20799999999999996,100,0.09453229333333332,1.6652591615109085
1535_volcanoes-b5.csv,0.6,0.850520666666669,0.8521946666666683,0.25052066666666906,0.25219466666666834,0.23399999999999999,100,0.07811689333333334,1.407463545887713
1535_volcanoes-b5.csv,0.65,0.837549333333333,0.8397253333333324,0.187549333333333,0.1897253333333324,0.18399999999999994,100,0.08752252777777779,1.3933861473330442
1535_volcanoes-b5.csv,0.7,0.93961633333333,0.9735700000000024,0.23961633333333,0.2735700000000024,0.20800000000000007,100,0.049233043333333344,1.154239373023921
1535_volcanoes-b5.csv,0.75,0.963808,0.9874876666666705,0.213808,0.23748766666667054,0.15600000000000003,100,0.041177728888888904,1.2707738188317075
1535_volcanoes-b5.csv,0.8,0.9396999999999965,0.9742406666666693,0.1396999999999965,0.17424066666666926,0.131,100,0.04830544333333334,1.1149062369157532
1535_volcanoes-b5.csv,0.85,0.9396999999999965,0.9736536666666691,0.08969999999999656,0.1236536666666691,0.061000000000000054,100,0.04959907111111111,1.1104541337062592
1535_volcanoes-b5.csv,0.9,0.9878246666666705,0.9897486666666708,0.08782466666667044,0.0897486666666708,0.06099999999999994,100,0.02500446555555556,1.0813033714438463
1535_volcanoes-b5.csv,0.95,0.9897490000000041,0.9898323333333375,0.03974900000000414,0.03983233333333758,0.049000000000000044,100,0.016202239999999993,0.5925369148840959
1535_volcanoes-b5.csv,0.05,0.5216849999999996,0.4922043333333332,0.47168499999999963,0.4422043333333332,0.389,100,0.11987497333333334,2.2928986190387755
1535_volcanoes-b5.csv,0.1,0.7043690000000011,0.6913876666666676,0.6043690000000012,0.5913876666666676,0.33699999999999997,100,0.1173702711111111,2.3856490852108956
1535_volcanoes-b5.csv,0.15,0.7622463333333341,0.7637543333333333,0.6122463333333341,0.6137543333333333,0.47,100,0.11679606555555555,2.03582081393376
1535_volcanoes-b5.csv,0.2,0.7644230000000004,0.7652606666666664,0.5644230000000003,0.5652606666666664,0.339,100,0.10128297333333332,2.212270852754756
1535_volcanoes-b5.csv,0.25,0.7573946666666677,0.8068933333333327,0.5073946666666677,0.5568933333333327,0.33599999999999997,100,0.10734508444444442,2.1584863702000536
1535_volcanoes-b5.csv,0.3,0.7614926666666674,0.7624143333333332,0.4614926666666674,0.4624143333333332,0.195,100,0.10770560444444448,2.255244112967929
1535_volcanoes-b5.csv,0.35,0.7644240000000004,0.7652609999999999,0.41442400000000046,0.4152609999999999,0.11600000000000005,100,0.10437046222222221,2.2661968837551676
1535_volcanoes-b5.csv,0.4,0.862273999999999,0.8771670000000008,0.46227399999999896,0.4771670000000008,0.267,100,0.07365352333333335,1.7930365132681245
1535_volcanoes-b5.csv,0.44,0.7928319999999975,0.8230619999999976,0.35283199999999754,0.3830619999999976,0.315,100,0.10375542666666668,1.6460527467469208
1535_volcanoes-b5.csv,0.49,0.7793983333333342,0.8143296666666667,0.2893983333333342,0.32432966666666674,0.22999999999999998,100,0.11056925666666664,1.7933647343294454
1535_volcanoes-b5.csv,0.54,0.8097553333333305,0.8211409999999972,0.26975533333333046,0.2811409999999972,0.21199999999999997,100,0.09566186111111108,1.6501352089548473
1535_volcanoes-b5.csv,0.6,0.8166266666666637,0.8248296666666638,0.21662666666666375,0.22482966666666382,0.15600000000000003,100,0.08998690111111111,1.6470350018048923
1535_volcanoes-b5.csv,0.65,0.8520290000000024,0.8520280000000017,0.20202900000000235,0.20202800000000165,0.22899999999999998,100,0.07954674999999999,1.29484386849302
1535_volcanoes-b5.csv,0.7,0.9396999999999965,0.9742406666666693,0.23969999999999658,0.27424066666666935,0.2390000000000001,100,0.04822432888888887,1.0057891084880772
1535_volcanoes-b5.csv,0.75,0.922130000000001,0.9544703333333342,0.172130000000001,0.2044703333333342,0.18300000000000005,100,0.05933344,0.964317422884462
1535_volcanoes-b5.csv,0.8,0.9396999999999965,0.9736536666666691,0.1396999999999965,0.17365366666666904,0.132,100,0.04931353222222221,1.1827949707652459
1535_volcanoes-b5.csv,0.85,0.965151,0.9883263333333374,0.115151,0.13832633333333744,0.11499999999999999,100,0.03088788888888889,1.0062450155638265
1535_volcanoes-b5.csv,0.9,0.9857330000000034,0.9897486666666708,0.08573300000000339,0.0897486666666708,0.06299999999999994,100,0.026901754444444443,0.7820953057115747
1535_volcanoes-b5.csv,0.95,0.9878246666666705,0.9897486666666708,0.0378246666666705,0.03974866666667087,0.01200000000000001,100,0.025345878888888892,0.7457389563184179
1538_volcanoes-d1.csv,0.05,0.986569333333337,0.988744000000004,0.9365693333333369,0.9387440000000039,0.35100000000000003,100,0.03900908777777777,2.535628801015747
1538_volcanoes-d1.csv,0.1,0.9891633333333372,0.9897486666666708,0.8891633333333372,0.8897486666666709,0.41800000000000004,100,0.026678305555555556,2.312754319716384
1538_volcanoes-d1.csv,0.15,0.9698363333333341,0.9883260000000041,0.819836333333334,0.8383260000000041,0.551,100,0.03433297222222222,1.9853114805581895
1538_volcanoes-d1.csv,0.2,0.969083333333334,0.988242000000004,0.769083333333334,0.7882420000000039,0.5309999999999999,100,0.03955924,1.9760316900794628
1538_volcanoes-d1.csv,0.25,0.9817170000000025,0.9893300000000042,0.7317170000000025,0.7393300000000042,0.373,100,0.028336998888888888,2.1776233230828197
1538_volcanoes-d1.csv,0.3,0.9679956666666669,0.9883260000000041,0.6679956666666669,0.6883260000000042,0.36500000000000005,100,0.03128763888888889,2.0618741368010234
1538_volcanoes-d1.csv,0.35,0.9812986666666691,0.9884093333333374,0.6312986666666691,0.6384093333333374,0.273,100,0.03938444,2.152687041482131
1538_volcanoes-d1.csv,0.4,0.9815496666666693,0.9893300000000042,0.5815496666666693,0.5893300000000041,0.31199999999999994,100,0.028360367777777777,2.068503830249566
1538_volcanoes-d1.csv,0.44,0.9700036666666675,0.9882423333333374,0.5300036666666674,0.5482423333333375,0.174,100,0.03683059555555556,2.1867038565782377
1538_volcanoes-d1.csv,0.49,0.9830556666666697,0.9894976666666707,0.49305566666666967,0.4994976666666707,0.22299999999999998,100,0.027621626666666663,2.029257471853748
1538_volcanoes-d1.csv,0.54,0.9891633333333374,0.9897486666666708,0.44916333333333736,0.4497486666666708,0.21899999999999997,100,0.02401272333333333,1.9495789806751476
1538_volcanoes-d1.csv,0.6,0.9893306666666708,0.9898323333333375,0.3893306666666708,0.38983233333333756,0.3360000000000001,100,0.02255633777777778,1.5530560587885496
1538_volcanoes-d1.csv,0.65,0.9859003333333368,0.9897486666666708,0.3359003333333368,0.3397486666666708,0.14200000000000002,100,0.026551839999999993,1.859149948093431
1538_volcanoes-d1.csv,0.7,0.9897490000000041,0.9898323333333375,0.28974900000000414,0.2898323333333376,0.05800000000000005,100,0.016704856666666667,1.8875369043686785
1538_volcanoes-d1.csv,0.75,0.9897490000000041,0.9898323333333375,0.2397490000000041,0.23983233333333753,0.10399999999999998,100,0.02125688888888889,1.7096727094331625
1538_volcanoes-d1.csv,0.8,0.9897490000000041,0.9898323333333375,0.18974900000000405,0.1898323333333375,0.15200000000000002,100,0.014024915555555557,1.5361041945083018
1538_volcanoes-d1.csv,0.85,0.9894143333333375,0.9898323333333375,0.13941433333333753,0.13983233333333756,0.01100000000000001,100,0.022673710000000003,1.6941824080169554
1538_volcanoes-d1.csv,0.9,0.9897490000000041,0.9898323333333375,0.08974900000000408,0.08983233333333751,0.018000000000000016,100,0.01919352333333333,1.5876051658886445
1538_volcanoes-d1.csv,0.95,0.9897490000000041,0.9898323333333375,0.03974900000000414,0.03983233333333758,0.05999999999999994,100,0.011858417777777776,1.704999312810286
1538_volcanoes-d1.csv,0.05,0.9813823333333357,0.9884933333333373,0.9313823333333356,0.9384933333333373,0.41500000000000004,100,0.036017221111111115,2.4320176815524084
1538_volcanoes-d1.csv,0.1,0.9838900000000032,0.9877383333333374,0.8838900000000032,0.8877383333333374,0.4630000000000001,100,0.04184813777777777,2.355927522091505
1538_volcanoes-d1.csv,0.15,0.9847290000000031,0.9884933333333373,0.834729000000003,0.8384933333333373,0.384,100,0.03229335444444444,2.290686361562481
1538_volcanoes-d1.csv,0.2,0.9867370000000035,0.9887443333333374,0.7867370000000036,0.7887443333333375,0.273,100,0.033931706666666665,2.41293291880712
1538_volcanoes-d1.csv,0.25,0.9796253333333355,0.9882423333333374,0.7296253333333355,0.7382423333333374,0.37,100,0.035306154444444446,2.151552885911837
1538_volcanoes-d1.csv,0.3,0.9692506666666674,0.9883260000000041,0.6692506666666673,0.6883260000000042,0.333,100,0.033174751111111116,2.189984681350246
1538_volcanoes-d1.csv,0.35,0.9899163333333375,0.9898323333333375,0.6399163333333375,0.6398323333333376,0.277,100,0.021466826666666664,2.1565591641696615
1538_volcanoes-d1.csv,0.4,0.9678283333333335,0.9882423333333374,0.5678283333333335,0.5882423333333374,0.251,100,0.03526725666666666,2.146651355641137
1538_volcanoes-d1.csv,0.44,0.9673263333333335,0.988410000000004,0.5273263333333336,0.5484100000000041,0.302,100,0.03258850666666667,2.0041996142048184
1538_volcanoes-d1.csv,0.49,0.9679956666666669,0.9883260000000041,0.47799566666666693,0.49832600000000415,0.30200000000000005,100,0.030709444444444452,1.86347387777449
1538_volcanoes-d1.csv,0.54,0.969083333333334,0.9883260000000041,0.4290833333333339,0.4483260000000041,0.256,100,0.037043106666666666,1.7600781446075036
1538_volcanoes-d1.csv,0.6,0.9891633333333374,0.9898323333333375,0.3891633333333374,0.38983233333333756,0.18800000000000006,100,0.023377151111111116,1.8602205333573274
1538_volcanoes-d1.csv,0.65,0.9897490000000041,0.9898323333333375,0.3397490000000041,0.3398323333333375,0.21799999999999997,100,0.017613265555555556,1.7688189766352906
1538_volcanoes-d1.csv,0.7,0.9880756666666706,0.9897486666666708,0.2880756666666706,0.2897486666666709,0.14700000000000002,100,0.025565416666666663,1.6849454218884756
1538_volcanoes-d1.csv,0.75,0.9897490000000041,0.9898323333333375,0.2397490000000041,0.23983233333333753,0.038000000000000034,100,0.01159627888888889,1.8427197339782304
1538_volcanoes-d1.csv,0.8,0.9880756666666706,0.9897486666666708,0.18807566666667053,0.18974866666667078,0.07599999999999996,100,0.024298528888888886,1.6875585417558003
1538_volcanoes-d1.csv,0.85,0.9897490000000041,0.9898323333333375,0.13974900000000412,0.13983233333333756,0.03600000000000003,100,0.015936493333333333,1.579810209205526
1538_volcanoes-d1.csv,0.9,0.9897490000000041,0.9898323333333375,0.08974900000000408,0.08983233333333751,0.0040000000000000036,100,0.011011995555555553,1.5764213418174438
1538_volcanoes-d1.csv,0.95,0.9897490000000041,0.9898323333333375,0.03974900000000414,0.03983233333333758,0.050000000000000044,100,0.010254465555555554,1.1981204847068394
1539_volcanoes-d2.csv,0.05,0.9464149999999975,0.9740730000000025,0.8964149999999974,0.9240730000000025,0.391,100,0.04944870666666667,2.406311039930205
1539_volcanoes-d2.csv,0.1,0.9228066666666686,0.9604200000000016,0.8228066666666686,0.8604200000000016,0.399,100,0.05554771,2.4124211960602056
1539_volcanoes-d2.csv,0.15,0.9864860000000035,0.9897486666666708,0.8364860000000035,0.8397486666666708,0.506,100,0.026791573333333332,2.0690547883965023
1539_volcanoes-d2.csv,0.2,0.9419663333333301,0.9757496666666695,0.7419663333333302,0.7757496666666694,0.37000000000000005,100,0.04480944,2.217437952993457
1539_volcanoes-d2.csv,0.25,0.9799600000000023,0.9883260000000041,0.7299600000000023,0.7383260000000041,0.20700000000000002,100,0.031348678888888884,2.3807925016903977
1539_volcanoes-d2.csv,0.3,0.952802666666665,0.9831286666666698,0.6528026666666651,0.6831286666666698,0.433,100,0.04376970111111111,1.9978106170768102
1539_volcanoes-d2.csv,0.35,0.9655693333333335,0.9883263333333374,0.6155693333333335,0.6383263333333374,0.3430000000000001,100,0.030843062222222228,1.978689297278168
1539_volcanoes-d2.csv,0.4,0.9192016666666681,0.9581580000000017,0.5192016666666681,0.5581580000000017,0.28200000000000003,100,0.05477811111111111,1.9574061595961436
1539_volcanoes-d2.csv,0.44,0.9703383333333342,0.9885773333333373,0.5303383333333342,0.5485773333333372,0.25200000000000006,100,0.028629532222222226,1.933078253109163
1539_volcanoes-d2.csv,0.49,0.9648999999999999,0.9883263333333374,0.4748999999999999,0.4983263333333374,0.28800000000000003,100,0.03249844444444444,1.7626895096702577
1539_volcanoes-d2.csv,0.54,0.9398679999999966,0.9756656666666693,0.39986799999999656,0.4356656666666693,0.10099999999999998,100,0.04550852777777777,2.0613635948699063
1539_volcanoes-d2.csv,0.6,0.9650673333333333,0.9882426666666707,0.3650673333333333,0.38824266666667073,0.14400000000000002,100,0.03622884888888889,1.8978835925140056
1539_volcanoes-d2.csv,0.65,0.988159333333337,0.9897486666666708,0.33815933333333703,0.3397486666666708,0.04300000000000004,100,0.02415355555555555,1.925771841962999
1539_volcanoes-d2.csv,0.7,0.9896653333333374,0.9898323333333375,0.28966533333333744,0.2898323333333376,0.17000000000000004,100,0.019434973333333334,1.6005958512856047
1539_volcanoes-d2.csv,0.75,0.9879083333333372,0.9897486666666708,0.23790833333333716,0.23974866666667083,0.18500000000000005,100,0.02441661777777778,1.387118979042603
1539_volcanoes-d2.csv,0.8,0.9889123333333373,0.9898323333333375,0.18891233333333723,0.1898323333333375,0.038999999999999924,100,0.023263888888888883,1.5818027459565223
1539_volcanoes-d2.csv,0.85,0.9897490000000041,0.9898323333333375,0.13974900000000412,0.13983233333333756,0.07900000000000007,100,0.017946084444444444,1.4573150073429668
1539_volcanoes-d2.csv,0.9,0.9897490000000041,0.9898323333333375,0.08974900000000408,0.08983233333333751,0.03400000000000003,100,0.016926598888888887,1.4635521946834231
1539_volcanoes-d2.csv,0.95,0.9897490000000041,0.9898323333333375,0.03974900000000414,0.03983233333333758,0.04699999999999993,100,0.010995333333333334,1.5736851615968628
1539_volcanoes-d2.csv,0.05,0.9224733333333347,0.9553093333333341,0.8724733333333347,0.9053093333333341,0.35700000000000004,100,0.05899685666666667,2.506433727388722
1539_volcanoes-d2.csv,0.1,0.9808803333333358,0.9882423333333374,0.8808803333333358,0.8882423333333375,0.29500000000000004,100,0.03495579888888889,2.460079182526182
1539_volcanoes-d2.csv,0.15,0.94137933333333,0.9745760000000026,0.79137933333333,0.8245760000000025,0.31900000000000006,100,0.04612584888888889,2.310119630658103
1539_volcanoes-d2.csv,0.2,0.9404559999999967,0.9760846666666695,0.7404559999999967,0.7760846666666694,0.277,100,0.044189444444444455,2.3798304105745633
1539_volcanoes-d2.csv,0.25,0.9652346666666667,0.9882426666666707,0.7152346666666667,0.7382426666666707,0.378,100,0.03655030555555555,2.0471889690893987
1539_volcanoes-d2.csv,0.3,0.9654020000000001,0.9882426666666707,0.665402,0.6882426666666708,0.289,100,0.03779122111111111,2.144693433108606
1539_volcanoes-d2.csv,0.35,0.9684140000000004,0.9883260000000041,0.6184140000000005,0.6383260000000042,0.30700000000000005,100,0.030370732222222217,2.067754457106659
1539_volcanoes-d2.csv,0.4,0.9679120000000002,0.9882423333333374,0.5679120000000002,0.5882423333333374,0.21299999999999997,100,0.034938598888888894,2.051009621709733
1539_volcanoes-d2.csv,0.44,0.9396999999999965,0.9736536666666691,0.49969999999999654,0.5336536666666691,0.316,100,0.05046119555555555,1.8643926570301388
1539_volcanoes-d2.csv,0.49,0.9649836666666666,0.9882426666666707,0.4749836666666666,0.4982426666666707,0.28200000000000003,100,0.03518386222222223,1.7871964668056042
1539_volcanoes-d2.csv,0.54,0.9654020000000001,0.9883263333333374,0.42540200000000006,0.4483263333333374,0.125,100,0.03049990666666667,1.9829489826453666
1539_volcanoes-d2.csv,0.6,0.9639753333333334,0.9874876666666705,0.36397533333333343,0.38748766666667056,0.11499999999999999,100,0.04168140444444444,1.9394150023715686
1539_volcanoes-d2.csv,0.65,0.9648999999999999,0.9883263333333374,0.31489999999999985,0.3383263333333374,0.20199999999999996,100,0.034553487777777774,1.605716666843532
1539_volcanoes-d2.csv,0.7,0.9648999999999999,0.9882426666666707,0.2648999999999999,0.28824266666667075,0.275,100,0.03672907888888889,1.305417880946802
1539_volcanoes-d2.csv,0.75,0.9702546666666675,0.9885773333333373,0.2202546666666675,0.2385773333333373,0.19100000000000006,100,0.028734795555555553,1.4483238413896715
1539_volcanoes-d2.csv,0.8,0.9897490000000041,0.9898323333333375,0.18974900000000405,0.1898323333333375,0.19099999999999995,100,0.015713151111111115,1.3935740375111918
1539_volcanoes-d2.csv,0.85,0.9892470000000041,0.9898323333333375,0.13924700000000412,0.13983233333333756,0.135,100,0.022618848888888893,1.1855007368086812
1539_volcanoes-d2.csv,0.9,0.9897490000000041,0.9898323333333375,0.08974900000000408,0.08983233333333751,0.02400000000000002,100,0.016559315555555558,1.439693379214706
1539_volcanoes-d2.csv,0.95,0.9897490000000041,0.9898323333333375,0.03974900000000414,0.03983233333333758,0.010999999999999899,100,0.013295309999999998,1.4077916725788113
1540_volcanoes-d3.csv,0.05,0.9756830000000014,0.9856440000000035,0.9256830000000014,0.9356440000000035,0.574,100,0.04370184333333332,2.2075166263655865
1540_volcanoes-d3.csv,0.1,0.9811313333333357,0.9884096666666708,0.8811313333333357,0.8884096666666709,0.515,100,0.03831533333333333,2.2757695759129417
1540_volcanoes-d3.csv,0.15,0.9862350000000034,0.9886606666666707,0.8362350000000034,0.8386606666666707,0.346,100,0.034907612222222224,2.390047840365188
1540_volcanoes-d3.csv,0.2,0.9523686666666648,0.9759180000000026,0.7523686666666647,0.7759180000000026,0.35400000000000004,100,0.04889287111111111,2.2372909739290217
1540_volcanoes-d3.csv,0.25,0.9679956666666669,0.9883260000000041,0.7179956666666669,0.7383260000000041,0.495,100,0.030972323333333333,2.013671017257191
1540_volcanoes-d3.csv,0.3,0.9710913333333343,0.9883260000000041,0.6710913333333344,0.6883260000000042,0.316,100,0.03252991555555555,2.2087679379035268
1540_volcanoes-d3.csv,0.35,0.9532909999999981,0.9760016666666693,0.6032909999999981,0.6260016666666693,0.266,100,0.04868205666666667,2.2351949115461656
1540_volcanoes-d3.csv,0.4,0.9886613333333372,0.9897486666666708,0.5886613333333371,0.5897486666666708,0.21499999999999997,100,0.026673337777777778,2.2543074664235885
1540_volcanoes-d3.csv,0.44,0.9654856666666668,0.9883263333333374,0.5254856666666667,0.5483263333333375,0.317,100,0.03200952888888889,1.8656247235635428
1540_volcanoes-d3.csv,0.49,0.9686650000000004,0.9883260000000041,0.47866500000000045,0.49832600000000415,0.253,100,0.029167284444444448,2.029620765463264
1540_volcanoes-d3.csv,0.54,0.965151,0.9882426666666707,0.42515099999999995,0.4482426666666707,0.253,100,0.03850595111111112,1.8772996057601166
1540_volcanoes-d3.csv,0.6,0.9893306666666706,0.9898323333333375,0.3893306666666706,0.38983233333333756,0.19500000000000006,100,0.023480582222222223,1.7673097440004102
1540_volcanoes-d3.csv,0.65,0.9897490000000041,0.9898323333333375,0.3397490000000041,0.3398323333333375,0.18999999999999995,100,0.02083836777777778,1.6860017978961626
1540_volcanoes-d3.csv,0.7,0.9897490000000041,0.9898323333333375,0.28974900000000414,0.2898323333333376,0.19400000000000006,100,0.021263416666666667,1.5376871997347903
1540_volcanoes-d3.csv,0.75,0.9801273333333357,0.9893303333333373,0.23012733333333568,0.2393303333333373,0.11699999999999999,100,0.028522111111111116,1.5688210878106839
1540_volcanoes-d3.csv,0.8,0.9897490000000041,0.9898323333333375,0.18974900000000405,0.1898323333333375,0.134,100,0.016545345555555556,1.6644160763855045
1540_volcanoes-d3.csv,0.85,0.9888286666666706,0.9898323333333375,0.1388286666666706,0.13983233333333756,0.02499999999999991,100,0.02361254555555556,1.8196032334181962
1540_volcanoes-d3.csv,0.9,0.9897490000000041,0.9898323333333375,0.08974900000000408,0.08983233333333751,0.03700000000000003,100,0.01167130111111111,1.3936679930923948
1540_volcanoes-d3.csv,0.95,0.9896653333333374,0.9898323333333375,0.03966533333333744,0.03983233333333758,0.04200000000000004,100,0.012363834444444442,1.1406031979421796
1540_volcanoes-d3.csv,0.05,0.9861513333333369,0.9887443333333374,0.9361513333333369,0.9387443333333374,0.47000000000000003,100,0.03736370111111111,2.382540245892389
1540_volcanoes-d3.csv,0.1,0.971175000000001,0.9882423333333374,0.871175000000001,0.8882423333333375,0.5700000000000001,100,0.03624451555555555,2.226218658180468
1540_volcanoes-d3.csv,0.15,0.981541000000002,0.9831283333333368,0.831541000000002,0.8331283333333368,0.23500000000000001,100,0.04594539555555555,2.615818971015921
1540_volcanoes-d3.csv,0.2,0.9844780000000032,0.9884096666666708,0.7844780000000031,0.7884096666666709,0.39299999999999996,100,0.03476410111111111,2.2215281484177196
1540_volcanoes-d3.csv,0.25,0.9860676666666702,0.9886603333333372,0.7360676666666702,0.7386603333333372,0.43300000000000005,100,0.040455262222222226,2.0563643976274477
1540_volcanoes-d3.csv,0.3,0.9725136666666678,0.9884096666666708,0.6725136666666678,0.6884096666666708,0.411,100,0.03646319555555556,2.0072962498089972
1540_volcanoes-d3.csv,0.35,0.9841400000000031,0.9873186666666705,0.6341400000000031,0.6373186666666705,0.237,100,0.04215026222222222,2.1977344113440367
1540_volcanoes-d3.csv,0.4,0.9628699999999998,0.9858940000000037,0.5628699999999998,0.5858940000000037,0.274,100,0.04294112888888889,2.115335203573249
1540_volcanoes-d3.csv,0.44,0.9724300000000011,0.9884933333333373,0.5324300000000011,0.5484933333333373,0.22100000000000003,100,0.03411575444444445,2.193029582787522
1540_volcanoes-d3.csv,0.49,0.9892470000000041,0.9898323333333375,0.4992470000000041,0.49983233333333754,0.41800000000000004,100,0.021804545555555558,1.717970709458315
1540_volcanoes-d3.csv,0.54,0.9655693333333335,0.9883263333333374,0.42556933333333347,0.4483263333333374,0.266,100,0.03077205666666667,1.7911120235809705
1540_volcanoes-d3.csv,0.6,0.973852333333335,0.988577000000004,0.373852333333335,0.38857700000000406,0.14600000000000002,100,0.028718510000000003,1.9739942720367767
1540_volcanoes-d3.csv,0.65,0.988159333333337,0.9897486666666708,0.33815933333333703,0.3397486666666708,0.12,100,0.024316145555555554,1.9498774283221416
1540_volcanoes-d3.csv,0.7,0.9881593333333373,0.9897486666666708,0.2881593333333373,0.2897486666666709,0.1250000000000001,100,0.02497475,1.7747372011063989
1540_volcanoes-d3.csv,0.75,0.9879920000000039,0.9897486666666708,0.23799200000000387,0.23974866666667083,0.14400000000000002,100,0.02456757333333333,1.526239981801262
1540_volcanoes-d3.csv,0.8,0.9893306666666708,0.9898323333333375,0.18933066666667075,0.1898323333333375,0.14100000000000001,100,0.021702271111111112,1.4758706779587731
1540_volcanoes-d3.csv,0.85,0.9896653333333374,0.9898323333333375,0.13966533333333742,0.13983233333333756,0.122,100,0.01520686222222222,1.2571030897133795
1540_volcanoes-d3.csv,0.9,0.9897490000000041,0.9898323333333375,0.08974900000000408,0.08983233333333751,0.040000000000000036,100,0.015892234444444445,1.4539394774495933
1540_volcanoes-d3.csv,0.95,0.9897490000000041,0.9898323333333375,0.03974900000000414,0.03983233333333758,0.0119999999999999,100,0.011124109999999998,1.442450560163999
1541_volcanoes-d4.csv,0.05,0.987155333333337,0.9889953333333374,0.937155333333337,0.9389953333333374,0.311,100,0.02872663444444445,2.5183515367095937
1541_volcanoes-d4.csv,0.1,0.9880756666666703,0.9894136666666707,0.8880756666666704,0.8894136666666708,0.364,100,0.02847282111111111,2.401705306637944
1541_volcanoes-d4.csv,0.15,0.9899163333333375,0.9898323333333375,0.8399163333333375,0.8398323333333375,0.33499999999999996,100,0.019649043333333335,2.4327554696241624
1541_volcanoes-d4.csv,0.2,0.9896653333333374,0.9897486666666708,0.7896653333333374,0.7897486666666709,0.238,100,0.025321728888888888,2.3031027771357038
1541_volcanoes-d4.csv,0.25,0.9862350000000034,0.9886606666666707,0.7362350000000034,0.7386606666666707,0.266,100,0.03405763888888889,2.350865379874598
1541_volcanoes-d4.csv,0.3,0.9825536666666693,0.9884933333333373,0.6825536666666694,0.6884933333333374,0.2700000000000001,100,0.03062955555555555,2.2847487500636516
1541_volcanoes-d4.csv,0.35,0.9899163333333375,0.9898323333333375,0.6399163333333375,0.6398323333333376,0.132,100,0.022763448888888885,2.4588356223505334
1541_volcanoes-d4.csv,0.4,0.9885776666666705,0.9897486666666708,0.5885776666666704,0.5897486666666708,0.21299999999999997,100,0.02693876,2.1644209239248022
1541_volcanoes-d4.csv,0.44,0.9899163333333375,0.9898323333333375,0.5499163333333374,0.5498323333333375,0.13400000000000006,100,0.022433893333333333,2.176009398402212
1541_volcanoes-d4.csv,0.49,0.9892470000000039,0.9898323333333375,0.4992470000000039,0.49983233333333754,0.11599999999999999,100,0.023731932222222224,2.205747160878623
1541_volcanoes-d4.csv,0.54,0.9890796666666707,0.9898323333333375,0.44907966666667065,0.4498323333333375,0.17899999999999994,100,0.02275707888888889,1.9442453094880627
1541_volcanoes-d4.csv,0.6,0.9898326666666708,0.9898323333333375,0.3898326666666708,0.38983233333333756,0.10999999999999999,100,0.01973316777777778,2.0381069885421987
1541_volcanoes-d4.csv,0.65,0.9897490000000041,0.9898323333333375,0.3397490000000041,0.3398323333333375,0.19299999999999995,100,0.021013239999999996,1.6712879721538927
1541_volcanoes-d4.csv,0.7,0.9879083333333372,0.9897486666666708,0.2879083333333372,0.2897486666666709,0.12300000000000011,100,0.024619638888888885,1.6504480353883932
1541_volcanoes-d4.csv,0.75,0.9897490000000041,0.9898323333333375,0.2397490000000041,0.23983233333333753,0.16600000000000004,100,0.014891656666666668,1.423838727253751
1541_volcanoes-d4.csv,0.8,0.9897490000000041,0.9898323333333375,0.18974900000000405,0.1898323333333375,0.127,100,0.012160376666666669,1.6429559706657673
1541_volcanoes-d4.csv,0.85,0.9897490000000041,0.9898323333333375,0.13974900000000412,0.13983233333333756,0.121,100,0.014554351111111112,1.36463936171009
1541_volcanoes-d4.csv,0.9,0.9896653333333374,0.9898323333333375,0.08966533333333737,0.08983233333333751,0.06099999999999994,100,0.015623354444444444,1.2879969256452366
1541_volcanoes-d4.csv,0.95,0.9897490000000041,0.9898323333333375,0.03974900000000414,0.03983233333333758,0.03300000000000003,100,0.011563532222222221,1.4443588211369238
1541_volcanoes-d4.csv,0.05,0.9868206666666702,0.9887443333333374,0.9368206666666702,0.9387443333333374,0.343,100,0.03136524888888889,2.445945218245135
1541_volcanoes-d4.csv,0.1,0.9864860000000035,0.9887443333333374,0.8864860000000035,0.8887443333333375,0.29100000000000004,100,0.03132095111111111,2.4295255377039497
1541_volcanoes-d4.csv,0.15,0.9870716666666701,0.9894976666666707,0.8370716666666701,0.8394976666666707,0.41900000000000004,100,0.02726273777777778,2.2737735895340707
1541_volcanoes-d4.csv,0.2,0.9867370000000035,0.9888276666666707,0.7867370000000036,0.7888276666666707,0.326,100,0.028654589999999994,2.29498324738125
1541_volcanoes-d4.csv,0.25,0.9873226666666702,0.9897486666666708,0.7373226666666702,0.7397486666666708,0.29800000000000004,100,0.02691926555555556,2.281372755407925
1541_volcanoes-d4.csv,0.3,0.9859840000000033,0.9887443333333374,0.6859840000000033,0.6887443333333374,0.15200000000000002,100,0.03153802111111111,2.3676665685360945
1541_volcanoes-d4.csv,0.35,0.9877410000000038,0.9894976666666707,0.6377410000000038,0.6394976666666707,0.236,100,0.02803127111111111,2.2895311601796218
1541_volcanoes-d4.csv,0.4,0.9899163333333375,0.9898323333333375,0.5899163333333375,0.5898323333333375,0.22199999999999998,100,0.021932323333333333,2.113105706407621
1541_volcanoes-d4.csv,0.44,0.9897490000000041,0.9898323333333375,0.549749000000004,0.5498323333333375,0.202,100,0.017430862222222225,2.2066840939898733
1541_volcanoes-d4.csv,0.49,0.9897490000000041,0.9898323333333375,0.4997490000000041,0.49983233333333754,0.29500000000000004,100,0.020891194444444445,1.8356326740133784
1541_volcanoes-d4.csv,0.54,0.9899163333333375,0.9898323333333375,0.44991633333333747,0.4498323333333375,0.123,100,0.019704545555555557,1.9544878731077386
1541_volcanoes-d4.csv,0.6,0.9897490000000041,0.9898323333333375,0.3897490000000041,0.38983233333333756,0.15200000000000002,100,0.021338865555555548,1.8317930106968294
1541_volcanoes-d4.csv,0.65,0.9897490000000041,0.9898323333333375,0.3397490000000041,0.3398323333333375,0.18000000000000005,100,0.019176026666666665,1.727889059173305
1541_volcanoes-d4.csv,0.7,0.9897490000000041,0.9898323333333375,0.28974900000000414,0.2898323333333376,0.09500000000000008,100,0.01891729333333333,1.7046263701656037
1541_volcanoes-d4.csv,0.75,0.9897490000000041,0.9898323333333375,0.2397490000000041,0.23983233333333753,0.02400000000000002,100,0.018385204444444445,1.7057686561754037
1541_volcanoes-d4.csv,0.8,0.9897490000000041,0.9898323333333375,0.18974900000000405,0.1898323333333375,0.041999999999999926,100,0.012938906666666665,1.7773741837809864
1541_volcanoes-d4.csv,0.85,0.9897490000000041,0.9898323333333375,0.13974900000000412,0.13983233333333756,0.08700000000000008,100,0.008291416666666667,1.3991612104049138
1541_volcanoes-d4.csv,0.9,0.9897490000000041,0.9898323333333375,0.08974900000000408,0.08983233333333751,0.10299999999999998,100,0.016256617777777774,1.8234546677515053
1541_volcanoes-d4.csv,0.95,0.9897490000000041,0.9898323333333375,0.03974900000000414,0.03983233333333758,0.027999999999999914,100,0.007514243333333332,1.5766617290413705
1566_hill-valley.csv,0.05,0.6304080000000005,0.6252140000000007,0.5804080000000005,0.5752140000000007,0.595,100,0.06645220444444444,2.922720742190289
1566_hill-valley.csv,0.1,0.9126080000000016,0.918885000000002,0.8126080000000017,0.818885000000002,0.556,100,0.06544921777777778,2.856048298852017
1566_hill-valley.csv,0.15,0.941253000000003,0.9316110000000007,0.791253000000003,0.7816110000000007,0.503,100,0.05669925666666667,2.9230107825576566
1566_hill-valley.csv,0.2,0.925758333333336,0.9171223333333341,0.725758333333336,0.7171223333333341,0.461,100,0.05685697222222222,2.8384973341375916
1566_hill-valley.csv,0.25,0.9211500000000008,0.9434316666666689,0.6711500000000008,0.6934316666666689,0.537,100,0.07120290666666666,2.8221785083492197
1566_hill-valley.csv,0.3,0.44137199999999976,0.3930446666666665,0.14137199999999978,0.0930446666666665,0.25000000000000006,100,0.07532257333333334,2.8892492094932374
1566_hill-valley.csv,0.35,0.8502060000000001,0.8565693333333351,0.5002060000000002,0.5065693333333351,0.42300000000000004,100,0.06957940444444445,2.8834841457070346
1566_hill-valley.csv,0.4,0.9760976666666691,0.9744176666666681,0.5760976666666691,0.574417666666668,0.43000000000000005,100,0.06056249333333333,2.7900840631459327
1566_hill-valley.csv,0.44,0.16302833333333316,0.1567516666666666,0.27697166666666684,0.28324833333333344,0.07600000000000001,100,0.06901094555555555,2.8591566378322772
1566_hill-valley.csv,0.49,0.5620640000000007,0.5603853333333338,0.07206400000000068,0.07038533333333385,0.10799999999999998,100,0.07746912333333333,2.8954829656884704
1566_hill-valley.csv,0.54,0.9776890000000029,0.9796953333333359,0.4376890000000029,0.4396953333333359,0.18599999999999994,100,0.06376441222222223,2.903692233839131
1566_hill-valley.csv,0.6,0.9677186666666684,0.9739170000000023,0.3677186666666684,0.3739170000000023,0.31500000000000006,100,0.062480222222222215,2.870622875465148
1566_hill-valley.csv,0.65,0.6561983333333337,0.6538556666666667,0.006198333333333639,0.0038556666666667017,0.04300000000000004,100,0.0766058711111111,2.8923381301619657
1566_hill-valley.csv,0.7,0.9283570000000012,0.9414190000000027,0.22835700000000125,0.24141900000000271,0.0029999999999998916,100,0.06987233333333333,2.927310050177
1566_hill-valley.csv,0.75,0.973919666666669,0.9789410000000025,0.22391966666666896,0.2289410000000025,0.03300000000000003,100,0.06509808333333333,2.8821632076540613
1566_hill-valley.csv,0.8,0.9105959999999993,0.9611043333333354,0.11059599999999925,0.1611043333333354,0.18599999999999994,100,0.06761988444444444,2.8099911787278793
1566_hill-valley.csv,0.85,0.9402416666666672,0.9662130000000024,0.09024166666666722,0.11621300000000245,0.09600000000000009,100,0.06793059,2.879956155557293
1566_hill-valley.csv,0.9,0.981792333333336,0.9747470000000011,0.08179233333333602,0.07474700000000112,0.374,100,0.05487179888888888,2.8238015631939914
1566_hill-valley.csv,0.95,0.9749236666666695,0.9677946666666676,0.024923666666669564,0.017794666666667625,0.1509999999999999,100,0.057632960000000004,2.8237631251838717
1566_hill-valley.csv,0.05,0.9388256666666691,0.9392393333333353,0.8888256666666691,0.8892393333333353,0.62,100,0.06558348777777777,2.914608412276949
1566_hill-valley.csv,0.1,0.028760666666666504,0.038638333333333205,0.0712393333333335,0.0613616666666668,0.44000000000000006,100,0.05818227888888888,2.8549075556952674
1566_hill-valley.csv,0.15,0.2844863333333338,0.2877506666666667,0.1344863333333338,0.13775066666666672,0.266,100,0.061096315555555565,2.8912923837762863
1566_hill-valley.csv,0.2,0.9827970000000031,0.9755010000000014,0.7827970000000031,0.7755010000000013,0.5920000000000001,100,0.057313715555555554,2.788297459443159
1566_hill-valley.csv,0.25,0.9693993333333365,0.9667136666666685,0.7193993333333365,0.7167136666666685,0.398,100,0.062064693333333344,2.9111613903015487
1566_hill-valley.csv,0.3,0.9534836666666684,0.9585080000000024,0.6534836666666684,0.6585080000000023,0.5090000000000001,100,0.06906763888888888,2.8759067718061817
1566_hill-valley.csv,0.35,0.8891563333333344,0.892417666666668,0.5391563333333345,0.542417666666668,0.18000000000000005,100,0.06460553777777778,2.880328706953507
1566_hill-valley.csv,0.4,0.9819603333333363,0.9741610000000013,0.5819603333333363,0.5741610000000013,0.267,100,0.057661398888888896,2.796927921616813
1566_hill-valley.csv,0.44,0.5299006666666665,0.5286419999999996,0.08990066666666646,0.08864199999999961,0.10500000000000004,100,0.06628512333333333,2.885963362713017
1566_hill-valley.csv,0.49,0.9441853333333341,0.9652086666666693,0.4541853333333341,0.4752086666666693,0.41800000000000004,100,0.06972619888888891,2.8492717556917455
1566_hill-valley.csv,0.54,0.9803680000000028,0.975502666666668,0.44036800000000276,0.4355026666666679,0.19799999999999995,100,0.05824054555555555,2.841333508208617
1566_hill-valley.csv,0.6,0.9843893333333366,0.976508333333335,0.3843893333333366,0.376508333333335,0.14200000000000002,100,0.05943549333333333,2.8811999722960637
1566_hill-valley.csv,0.65,0.7334333333333342,0.7447453333333336,0.08343333333333414,0.09474533333333357,0.02400000000000002,100,0.07616738999999999,2.939468502500273
1566_hill-valley.csv,0.7,0.9518900000000027,0.9440930000000014,0.2518900000000027,0.24409300000000145,0.22899999999999993,100,0.05832392333333333,2.849805083671523
1566_hill-valley.csv,0.75,0.8935933333333343,0.9003776666666685,0.14359333333333435,0.15037766666666852,0.09099999999999997,100,0.0702824211111111,2.8755162752958854
1566_hill-valley.csv,0.8,0.9763510000000029,0.9743363333333355,0.1763510000000028,0.17433633333333542,0.14300000000000002,100,0.06205018222222223,2.861634311984936
1566_hill-valley.csv,0.85,0.9200549999999993,0.9675516666666688,0.07005499999999931,0.11755166666666883,0.15000000000000002,100,0.06645777777777778,2.8376751100345006
1566_hill-valley.csv,0.9,0.9668813333333344,0.9788590000000021,0.06688133333333435,0.07885900000000212,0.03300000000000003,100,0.06330544,2.8475003477061778
1566_hill-valley.csv,0.95,0.9698986666666694,0.964535333333335,0.019898666666669396,0.01453533333333501,0.03399999999999992,100,0.06159988888888889,2.829016169173447
182_satimage.csv,0.05,0.060132000000000026,0.059373,0.010132000000000023,0.009373,0.019000000000000003,100,0.04506186111111112,0.796376330029663
182_satimage.csv,0.1,0.10958433333333277,0.10631833333333277,0.009584333333332765,0.00631833333333276,0.046000000000000006,100,0.0882214711111111,0.7349359658033254
182_satimage.csv,0.15,0.1356906666666661,0.1351893333333328,0.014309333333333896,0.014810666666667194,0.057999999999999996,100,0.11520775444444445,0.8408957344671831
182_satimage.csv,0.2,0.18556533333333206,0.18598366666666538,0.014434666666667956,0.01401633333333463,0.062,100,0.1319329988888889,1.1820034573248877
182_satimage.csv,0.25,0.23619999999999824,0.2351936666666649,0.013800000000001755,0.014806333333335087,0.065,100,0.15796935444444446,1.2177435514286705
182_satimage.csv,0.3,0.28614399999999995,0.2826293333333336,0.013856000000000035,0.017370666666666368,0.06999999999999998,100,0.1755776566666667,1.362430393562057
182_satimage.csv,0.35,0.3379536666666647,0.3401289999999984,0.012046333333335268,0.009871000000001573,0.08299999999999996,100,0.19650086555555554,1.4472447555778771
182_satimage.csv,0.4,0.3722589999999999,0.37267733333333325,0.027741000000000127,0.027322666666666773,0.10100000000000003,100,0.19906971,1.5213129047257599
182_satimage.csv,0.44,0.41335433333333155,0.41301833333333177,0.026645666666668455,0.026981666666668236,0.08400000000000002,100,0.20485010999999997,1.6783949779400298
182_satimage.csv,0.49,0.4590369999999996,0.4595389999999995,0.030963000000000407,0.030461000000000515,0.07699999999999996,100,0.19499750666666663,1.83218165676655
182_satimage.csv,0.54,0.5567760000000012,0.5565253333333343,0.016776000000001123,0.01652533333333428,0.08100000000000002,100,0.2162679288888889,1.5420124006781046
182_satimage.csv,0.6,0.6025163333333338,0.6021803333333338,0.0025163333333337867,0.0021803333333337838,0.07799999999999996,100,0.20655726555555556,1.5798368883510818
182_satimage.csv,0.65,0.616111666666669,0.615521666666669,0.03388833333333108,0.03447833333333106,0.06400000000000006,100,0.19007427111111114,1.8024399297032359
182_satimage.csv,0.7,0.6883320000000029,0.6880803333333363,0.011667999999997014,0.011919666666663664,0.06799999999999995,100,0.1845081544444444,1.5520071851549728
182_satimage.csv,0.75,0.7560190000000009,0.7547640000000004,0.006019000000000885,0.0047640000000004346,0.06399999999999995,100,0.1656302222222222,1.5618128342575734
182_satimage.csv,0.8,0.7887479999999949,0.7887469999999951,0.011252000000005147,0.011253000000004953,0.06500000000000006,100,0.14653408333333331,1.5806770891190203
182_satimage.csv,0.85,0.8151039999999977,0.8154386666666645,0.03489600000000226,0.03456133333333544,0.03799999999999992,100,0.12238618999999998,1.6191111956008526
182_satimage.csv,0.9,0.8715079999999968,0.8715909999999972,0.02849200000000318,0.028409000000002793,0.02200000000000002,100,0.08704205666666665,1.5728995869950921
182_satimage.csv,0.95,0.9033886666666674,0.9028866666666668,0.04661133333333256,0.04711333333333312,0.0129999999999999,100,0.06298673777777779,1.4838089254464257
182_satimage.csv,0.05,0.03795599999999991,0.04291166666666656,0.01204400000000009,0.0070883333333334395,0.021,100,0.04242208333333333,0.9807011706382459
182_satimage.csv,0.1,0.10991966666666611,0.10615133333333276,0.009919666666666105,0.006151333333332759,0.02700000000000001,100,0.07860769333333333,1.1253711997921032
182_satimage.csv,0.15,0.13711866666666614,0.1363656666666661,0.012881333333333855,0.013634333333333887,0.05199999999999999,100,0.11517539888888889,0.8033736316490658
182_satimage.csv,0.2,0.1856489999999987,0.1861509999999987,0.014351000000001307,0.013849000000001305,0.056999999999999995,100,0.13630245666666668,1.2170107816313702
182_satimage.csv,0.25,0.2566146666666664,0.2528476666666661,0.00661466666666638,0.002847666666666082,0.059,100,0.15678655555555554,1.3737766419021216
182_satimage.csv,0.3,0.2918359999999998,0.2848883333333333,0.008164000000000171,0.01511166666666669,0.07799999999999999,100,0.1891420933333333,1.1286114591663898
182_satimage.csv,0.35,0.33761799999999803,0.33929099999999823,0.012382000000001947,0.010709000000001745,0.06999999999999995,100,0.1868143066666667,1.5914007396729706
182_satimage.csv,0.4,0.3844746666666651,0.38430699999999846,0.015525333333334945,0.015693000000001567,0.10800000000000004,100,0.21341808444444443,1.169215987095858
182_satimage.csv,0.44,0.414023666666665,0.4136046666666652,0.02597633333333499,0.026395333333334825,0.08500000000000002,100,0.20472252777777775,1.6190133432626699
182_satimage.csv,0.49,0.47250666666666546,0.471418333333332,0.017493333333334526,0.018581666666667995,0.08499999999999996,100,0.21654393777777772,1.469729225408642
182_satimage.csv,0.54,0.47663766666666696,0.4783123333333337,0.06336233333333308,0.06168766666666636,0.10200000000000004,100,0.21294739888888892,1.544770104972966
182_satimage.csv,0.6,0.5857253333333323,0.5863959999999988,0.014274666666667657,0.01360400000000117,0.08099999999999996,100,0.2053192622222222,1.5943691988493183
182_satimage.csv,0.65,0.6335983333333359,0.6336820000000027,0.016401666666664094,0.01631799999999728,0.08899999999999997,100,0.19969544444444445,1.5549979809525607
182_satimage.csv,0.7,0.6987000000000029,0.6971890000000027,0.0012999999999970813,0.0028109999999972324,0.025999999999999912,100,0.17036935444444443,1.7852812817149013
182_satimage.csv,0.75,0.7235563333333349,0.7239743333333348,0.02644366666666509,0.02602566666666517,0.07899999999999996,100,0.16810863444444443,1.5521204916649842
182_satimage.csv,0.8,0.7998766666666629,0.8001276666666629,0.00012333333333713892,0.0001276666666628623,0.04600000000000004,100,0.13900077777777778,1.5947720247818173
182_satimage.csv,0.85,0.8382800000000034,0.8387006666666696,0.011719999999996622,0.01129933333333033,0.026999999999999913,100,0.1157512211111111,1.396344454650177
182_satimage.csv,0.9,0.8839753333333316,0.8841419999999987,0.016024666666668463,0.01585800000000137,0.026000000000000023,100,0.08656402111111111,1.3674938444700495
182_satimage.csv,0.95,0.9385286666666635,0.9398713333333306,0.011471333333336498,0.01012866666666934,0.007999999999999896,100,0.0529841288888889,1.344140914783608
23_cmc.csv,0.05,0.08790533333333311,0.03318899999999989,0.03790533333333311,0.01681100000000011,0.14400000000000002,100,0.06244578213293652,2.709890530081645
23_cmc.csv,0.1,0.17836433333333232,0.06821300000000001,0.07836433333333231,0.031786999999999996,0.217,100,0.07285176796368575,2.8252969822901544
23_cmc.csv,0.15,0.028590333333333214,0.024317999999999885,0.12140966666666678,0.1256820000000001,0.096,100,0.05311899478844796,2.7948022363060963
23_cmc.csv,0.2,0.02465799999999987,0.02875733333333322,0.17534200000000014,0.1712426666666668,0.09799999999999998,100,0.05802049112685185,2.7218481397759207
23_cmc.csv,0.25,0.18078899999999914,0.07348933333333336,0.06921100000000086,0.17651066666666665,0.05299999999999999,100,0.07391515397615739,2.7289876736156673
23_cmc.csv,0.3,0.07106000000000001,0.04853099999999988,0.22893999999999998,0.2514690000000001,0.126,100,0.07084059370370371,2.857482168085254
23_cmc.csv,0.35,0.10288800000000013,0.06209933333333335,0.24711199999999983,0.28790066666666664,0.07900000000000001,100,0.07496388071188588,2.8759328768286165
23_cmc.csv,0.4,0.18883499999999903,0.1012216666666668,0.211165000000001,0.2987783333333332,0.19100000000000003,100,0.07524511686541951,2.692061202811271
23_cmc.csv,0.44,0.24344833333333346,0.16554833333333352,0.19655166666666654,0.2744516666666665,0.02300000000000002,100,0.08549716354166667,2.861702372924229
23_cmc.csv,0.49,0.33726666666666544,0.20425000000000013,0.15273333333333455,0.28574999999999984,0.04899999999999999,100,0.08248223086104811,2.885270003780961
23_cmc.csv,0.54,0.5696036666666674,0.5291473333333339,0.02960366666666736,0.010852666666666178,0.06399999999999995,100,0.07993134750249432,2.911612605864108
23_cmc.csv,0.6,0.29135533333333297,0.26706599999999964,0.308644666666667,0.33293400000000034,0.119,100,0.0813410966536848,2.931036110679879
23_cmc.csv,0.65,0.4638053333333324,0.4477293333333328,0.18619466666666762,0.2022706666666672,0.135,100,0.09364870509228393,2.874853683533506
23_cmc.csv,0.7,0.48549999999999965,0.4579439999999994,0.2145000000000003,0.24205600000000055,0.1529999999999999,100,0.08849993759054547,2.9197929967167315
23_cmc.csv,0.75,0.4373490000000001,0.4258726666666669,0.3126509999999999,0.3241273333333331,0.19099999999999995,100,0.08887003967374653,2.8571430864772194
23_cmc.csv,0.8,0.5197576666666659,0.5041799999999996,0.28024233333333415,0.2958200000000004,0.263,100,0.07967894297037037,2.9456642192958995
23_cmc.csv,0.85,0.686382333333335,0.763850333333334,0.163617666666665,0.08614966666666601,0.23099999999999998,100,0.0819527081515432,2.8321514439867466
23_cmc.csv,0.9,0.7965909999999997,0.8664533333333342,0.1034090000000003,0.033546666666665836,0.20099999999999996,100,0.07362719434993702,2.822668736169263
23_cmc.csv,0.95,0.8067323333333337,0.8531353333333341,0.14326766666666624,0.09686466666666582,0.2549999999999999,100,0.07420738089379567,2.877120380097968
23_cmc.csv,0.05,0.01644733333333321,0.01854066666666656,0.03355266666666679,0.03145933333333344,0.26,100,0.04808009474197531,2.773592873416213
23_cmc.csv,0.1,0.02447899999999989,0.0189559999999999,0.07552100000000012,0.0810440000000001,0.11299999999999999,100,0.0485118343767621,2.779095976908688
23_cmc.csv,0.15,0.10515000000000001,0.06670533333333338,0.04484999999999999,0.08329466666666661,0.20100000000000004,100,0.07388403037632575,2.764613870648138
23_cmc.csv,0.2,0.07248066666666667,0.04090599999999989,0.12751933333333335,0.15909400000000012,0.178,100,0.06752369956775006,2.8314018733119095
23_cmc.csv,0.25,0.033700333333333214,0.03545966666666655,0.21629966666666678,0.21454033333333344,0.15600000000000003,100,0.06517552429969137,2.8474182352901884
23_cmc.csv,0.3,0.04744066666666655,0.0394023333333332,0.25255933333333347,0.2605976666666668,0.139,100,0.07140192806039777,2.823172441221057
23_cmc.csv,0.35,0.014604999999999887,0.028670999999999888,0.3353950000000001,0.3213290000000001,0.10700000000000004,100,0.0575007949691358,2.916349798722797
23_cmc.csv,0.4,0.16638499999999934,0.05698933333333328,0.23361500000000068,0.34301066666666674,0.013000000000000012,100,0.07272860454349175,2.8868346280567785
23_cmc.csv,0.44,0.01627966666666655,0.028919333333333228,0.4237203333333335,0.41108066666666676,0.09799999999999998,100,0.05694432361000881,2.8042081698264445
23_cmc.csv,0.49,0.407732333333332,0.3950793333333321,0.08226766666666802,0.09492066666666787,0.02799999999999997,100,0.08611876566234569,2.8478488883009345
23_cmc.csv,0.54,0.31798566666666533,0.19084333333333334,0.2220143333333347,0.34915666666666667,0.16200000000000003,100,0.09065489069916856,2.8444710715051884
23_cmc.csv,0.6,0.43016366666666705,0.42002866666666716,0.16983633333333292,0.17997133333333282,0.13399999999999995,100,0.09226957438611107,2.8345671696648393
23_cmc.csv,0.65,0.5129789999999997,0.476881,0.13702100000000028,0.17311900000000002,0.07100000000000006,100,0.09204142670871127,2.8449401625258797
23_cmc.csv,0.7,0.8114123333333336,0.8561500000000001,0.11141233333333367,0.15615000000000012,0.09599999999999997,100,0.07611769125771603,2.937634001798551
23_cmc.csv,0.75,0.4797146666666662,0.4705893333333325,0.2702853333333338,0.2794106666666675,0.21599999999999997,100,0.09023018617160496,2.874723674119659
23_cmc.csv,0.8,0.4408810000000005,0.429489333333334,0.3591189999999995,0.37051066666666604,0.28700000000000003,100,0.09314790794938274,2.879525502547883
23_cmc.csv,0.85,0.7205376666666676,0.7743053333333331,0.12946233333333235,0.07569466666666691,0.22799999999999998,100,0.08095500185061726,2.8993310177452556
23_cmc.csv,0.9,0.7103210000000016,0.7717990000000006,0.18967899999999838,0.12820099999999945,0.19699999999999995,100,0.07987477735081884,2.8562904422215714
23_cmc.csv,0.95,0.6376210000000017,0.6342683333333345,0.3123789999999983,0.3157316666666654,0.2839999999999999,100,0.08752384585494458,2.854035146109981
28_optdigits.csv,0.05,0.01217533333333324,0.011924333333333254,0.03782466666666676,0.03807566666666675,0.038000000000000006,100,0.024695576666666667,0.881851074462493
28_optdigits.csv,0.1,0.06030000000000002,0.030363666666666525,0.039699999999999985,0.06963633333333348,0.0059999999999999915,100,0.047933928888888894,0.9961763912559185
28_optdigits.csv,0.15,0.11577733333333297,0.10749599999999997,0.034222666666667026,0.04250400000000003,0.03900000000000001,100,0.07755376,1.1795760406820506
28_optdigits.csv,0.2,0.14746799999999985,0.1235103333333331,0.05253200000000016,0.07648966666666691,0.09799999999999998,100,0.09578637333333334,1.4013597991071234
28_optdigits.csv,0.25,0.21091666666666561,0.17148066666666587,0.039083333333334386,0.07851933333333413,0.067,100,0.1300538433333333,1.5187534019335698
28_optdigits.csv,0.3,0.183878999999999,0.133547333333333,0.116121000000001,0.166452666666667,0.069,100,0.10872035111111111,1.672169935098477
28_optdigits.csv,0.35,0.2920100000000001,0.22157699999999972,0.057989999999999875,0.12842300000000026,0.11300000000000004,100,0.13363436,1.8677492646366098
28_optdigits.csv,0.4,0.31965066666666603,0.2623656666666664,0.080349333333334,0.13763433333333364,0.10499999999999998,100,0.1391360177777778,1.9378238306885598
28_optdigits.csv,0.44,0.3377703333333324,0.28424599999999983,0.1022296666666676,0.15575400000000017,0.13500000000000006,100,0.13453979,2.027413092340854
28_optdigits.csv,0.49,0.3990053333333319,0.387694333333332,0.09099466666666811,0.10230566666666802,0.15000000000000002,100,0.14732986111111113,2.087778305956264
28_optdigits.csv,0.54,0.42874100000000054,0.41542133333333386,0.1112589999999995,0.12457866666666617,0.15100000000000002,100,0.15498072333333332,2.1795546274648707
28_optdigits.csv,0.6,0.47755700000000045,0.46046933333333356,0.12244299999999952,0.13953066666666641,0.15800000000000003,100,0.15301732888888886,2.2579187132351954
28_optdigits.csv,0.65,0.49161400000000005,0.4706756666666664,0.15838599999999997,0.17932433333333364,0.11099999999999999,100,0.15056478222222222,2.41305266452922
28_optdigits.csv,0.7,0.5785380000000001,0.5414346666666668,0.12146199999999985,0.1585653333333331,0.1250000000000001,100,0.1389865988888889,2.4937885226667698
28_optdigits.csv,0.75,0.6367660000000017,0.5948876666666681,0.11323399999999828,0.15511233333333185,0.08000000000000007,100,0.13607786111111111,2.536309337895037
28_optdigits.csv,0.8,0.6838663333333358,0.7125056666666685,0.11613366666666425,0.08749433333333156,0.07399999999999995,100,0.11707770111111111,2.628796199196793
28_optdigits.csv,0.85,0.7749709999999992,0.7836003333333328,0.07502900000000079,0.06639966666666719,0.07100000000000006,100,0.10397722666666667,2.518724879028978
28_optdigits.csv,0.9,0.7643040000000028,0.7756200000000022,0.13569599999999726,0.12437999999999783,0.031000000000000028,100,0.09456444444444444,2.6402578672169685
28_optdigits.csv,0.95,0.8238873333333337,0.8447483333333339,0.1261126666666662,0.10525166666666608,0.020000000000000018,100,0.07643014555555555,2.646581366781488
28_optdigits.csv,0.05,0.03509999999999992,0.015270999999999898,0.01490000000000008,0.03472900000000011,0.0010000000000000009,100,0.03248272888888888,0.9154429339553336
28_optdigits.csv,0.1,0.08046366666666668,0.039570999999999884,0.019536333333333322,0.06042900000000012,0.023000000000000007,100,0.05896699,0.9956394400499538
28_optdigits.csv,0.15,0.1086596666666662,0.04669066666666655,0.0413403333333338,0.10330933333333345,0.01899999999999999,100,0.06900129333333332,1.2729243052066992
28_optdigits.csv,0.2,0.12807966666666612,0.10816233333333343,0.07192033333333389,0.09183766666666658,0.05399999999999999,100,0.07719844444444444,1.4174240134502225
28_optdigits.csv,0.25,0.2105816666666656,0.17089499999999921,0.03941833333333439,0.07910500000000079,0.10299999999999998,100,0.12219458999999999,1.402458486224567
28_optdigits.csv,0.3,0.2362829999999983,0.18047466666666578,0.06371700000000169,0.1195253333333342,0.09300000000000003,100,0.12601699999999996,1.4705866810799022
28_optdigits.csv,0.35,0.23259299999999836,0.1614573333333327,0.11740700000000162,0.18854266666666727,0.09000000000000002,100,0.11332575444444445,1.9087559358666875
28_optdigits.csv,0.4,0.23712033333333163,0.18022299999999913,0.1628796666666684,0.2197770000000009,0.04799999999999999,100,0.11522472888888888,2.0574867231539367
28_optdigits.csv,0.44,0.3465699999999993,0.3396986666666663,0.09343000000000068,0.10030133333333369,0.15199999999999997,100,0.14566304000000002,2.009986877768066
28_optdigits.csv,0.49,0.33574233333333325,0.3316359999999996,0.15425766666666674,0.1583640000000004,0.132,100,0.13478744333333334,2.207860292613214
28_optdigits.csv,0.54,0.4535176666666668,0.4366823333333334,0.08648233333333322,0.10331766666666664,0.16100000000000003,100,0.16403702666666667,2.0610957216634045
28_optdigits.csv,0.6,0.47889566666666705,0.46189166666666687,0.12110433333333293,0.1381083333333331,0.15600000000000003,100,0.16049844,2.192850478351002
28_optdigits.csv,0.65,0.47872833333333376,0.46189166666666687,0.17127166666666627,0.18810833333333316,0.133,100,0.14560410111111108,2.414617890219623
28_optdigits.csv,0.7,0.48157366666666707,0.4635646666666668,0.2184263333333329,0.23643533333333316,0.09300000000000008,100,0.13504406222222223,2.597314331655898
28_optdigits.csv,0.75,0.6620553333333336,0.616827333333334,0.08794466666666645,0.13317266666666605,0.10799999999999998,100,0.1403479288888889,2.4547128204482567
28_optdigits.csv,0.8,0.7063966666666709,0.7352066666666703,0.09360333333332915,0.0647933333333297,0.08699999999999997,100,0.11463072333333332,2.6327077425814736
28_optdigits.csv,0.85,0.7909196666666624,0.7961943333333295,0.05908033333333762,0.053805666666670526,0.08500000000000008,100,0.09393942666666667,2.5552852871037843
28_optdigits.csv,0.9,0.8039713333333305,0.8142709999999976,0.09602866666666954,0.08572900000000239,0.05999999999999994,100,0.08163222222222224,2.688982885370741
28_optdigits.csv,0.95,0.8393900000000003,0.8677876666666671,0.11060999999999965,0.08221233333333289,0.030000000000000027,100,0.07250622222222222,2.597112876840606
294_satellite_image.csv,0.05,0.0413999999999999,0.019960999999999878,0.0086000000000001,0.030039000000000125,0.019000000000000003,100,0.04303491555555554,0.7738829242462107
294_satellite_image.csv,0.1,0.10489766666666614,0.10230166666666621,0.004897666666666134,0.0023016666666662022,0.02500000000000001,100,0.0791004211111111,0.678839963944686
294_satellite_image.csv,0.15,0.13267266666666613,0.13217066666666613,0.01732733333333386,0.017829333333333863,0.046999999999999986,100,0.10629748444444446,0.830316207839445
294_satellite_image.csv,0.2,0.17602699999999932,0.17661299999999927,0.023973000000000688,0.02338700000000074,0.055999999999999994,100,0.13333655111111115,1.0262611132146295
294_satellite_image.csv,0.25,0.2115043333333323,0.21142099999999897,0.038495666666667705,0.03857900000000103,0.056999999999999995,100,0.1494204444444444,1.2884772624707268
294_satellite_image.csv,0.3,0.2848103333333338,0.2835546666666671,0.015189666666666213,0.016445333333332868,0.06299999999999997,100,0.17958830666666661,1.268497728656346
294_satellite_image.csv,0.35,0.33569033333333126,0.3377829999999982,0.014309666666668719,0.012217000000001754,0.06499999999999995,100,0.19577800444444443,1.3131670247838052
294_satellite_image.csv,0.4,0.3676573333333339,0.3680756666666672,0.03234266666666613,0.03192433333333283,0.069,100,0.2059696488888889,1.2878340195556675
294_satellite_image.csv,0.44,0.414107666666665,0.4136883333333319,0.025892333333335016,0.02631166666666812,0.04799999999999999,100,0.21005207111111113,1.5819421824581725
294_satellite_image.csv,0.49,0.4571963333333329,0.4577819999999995,0.032803666666667064,0.03221800000000047,0.069,100,0.20680756,1.6550213900003399
294_satellite_image.csv,0.54,0.537616333333334,0.537616333333334,0.0023836666666660067,0.0023836666666660067,0.05300000000000005,100,0.2179747766666667,1.4006146102598054
294_satellite_image.csv,0.6,0.5571106666666678,0.5568600000000009,0.042889333333332225,0.04313999999999907,0.05699999999999994,100,0.18956112888888887,1.9558879756705227
294_satellite_image.csv,0.65,0.6162763333333356,0.6160226666666687,0.033723666666664376,0.033977333333331305,0.04800000000000004,100,0.19321837666666666,1.7554277541212178
294_satellite_image.csv,0.7,0.6628839999999996,0.6614623333333333,0.03711600000000037,0.03853766666666669,0.040999999999999925,100,0.18166972888888888,1.712737775979522
294_satellite_image.csv,0.75,0.7561026666666676,0.7551823333333338,0.006102666666667589,0.005182333333333844,0.039000000000000035,100,0.15986815999999998,1.776962907802099
294_satellite_image.csv,0.8,0.7638000000000029,0.7637166666666695,0.03619999999999712,0.03628333333333056,0.026000000000000023,100,0.14570849333333333,1.7929419166219747
294_satellite_image.csv,0.85,0.8318373333333351,0.8315030000000017,0.018162666666664884,0.01849699999999832,0.02499999999999991,100,0.11969664333333334,1.7511259416107725
294_satellite_image.csv,0.9,0.8689129999999968,0.868827999999997,0.031087000000003195,0.031172000000002975,0.017000000000000015,100,0.08995250666666665,1.7109633021321755
294_satellite_image.csv,0.95,0.9175283333333352,0.9197873333333348,0.03247166666666479,0.03021266666666511,0.009000000000000119,100,0.056996537777777787,1.8376372746616874
294_satellite_image.csv,0.05,0.03551999999999992,0.035688999999999915,0.014480000000000083,0.014311000000000088,0.023000000000000003,100,0.03985162111111111,0.6825279850492539
294_satellite_image.csv,0.1,0.11686966666666616,0.11569799999999955,0.016869666666666158,0.015697999999999546,0.02600000000000001,100,0.07635783444444445,0.9946941236606575
294_satellite_image.csv,0.15,0.13753199999999946,0.1346009999999995,0.012468000000000534,0.015399000000000496,0.06,100,0.09893659555555556,1.187424510219174
294_satellite_image.csv,0.2,0.1856489999999987,0.18606733333333206,0.014351000000001307,0.013932666666667953,0.03900000000000001,100,0.14319544444444446,1.0548725667355836
294_satellite_image.csv,0.25,0.2362836666666649,0.235695666666665,0.013716333333335107,0.014304333333335001,0.05199999999999999,100,0.15559259,1.4124806560355403
294_satellite_image.csv,0.3,0.284224666666667,0.2828016666666671,0.015775333333332975,0.01719833333333287,0.06599999999999998,100,0.169401301111111,1.3835493900856821
294_satellite_image.csv,0.35,0.31183699999999914,0.31250799999999906,0.038163000000000835,0.037492000000000913,0.06299999999999994,100,0.17781475,1.6070981839832643
294_satellite_image.csv,0.4,0.3871536666666648,0.38774166666666476,0.012846333333335236,0.012258333333335258,0.025000000000000022,100,0.20012466666666667,1.568984209908191
294_satellite_image.csv,0.44,0.40882333333333154,0.4094953333333317,0.031176666666668462,0.03050466666666829,0.05399999999999999,100,0.19268638222222223,1.7669452499034335
294_satellite_image.csv,0.49,0.43686533333333444,0.43619600000000097,0.05313466666666555,0.05380399999999902,0.08699999999999997,100,0.20370408333333334,1.5775009248519107
294_satellite_image.csv,0.54,0.5296680000000007,0.5283293333333341,0.010331999999999342,0.011670666666665941,0.05700000000000005,100,0.21923282111111114,1.4675500760450464
294_satellite_image.csv,0.6,0.5635530000000011,0.563888000000001,0.0364469999999989,0.03611199999999892,0.05699999999999994,100,0.20064208333333333,1.732692061382286
294_satellite_image.csv,0.65,0.6083960000000014,0.6080586666666682,0.04160399999999864,0.04194133333333183,0.06600000000000006,100,0.19369504000000004,1.7212799279247184
294_satellite_image.csv,0.7,0.6674170000000001,0.6664970000000002,0.03258299999999981,0.03350299999999973,0.04299999999999993,100,0.18253112888888892,1.762221476777839
294_satellite_image.csv,0.75,0.7164420000000032,0.7182840000000031,0.03355799999999676,0.03171599999999686,0.028000000000000025,100,0.16970401222222223,1.5866468809538434
294_satellite_image.csv,0.8,0.7889999999999948,0.7894183333333282,0.011000000000005228,0.010581666666671818,0.006000000000000005,100,0.1401905277777778,1.5767886899720738
294_satellite_image.csv,0.85,0.8148529999999977,0.8153549999999978,0.03514700000000226,0.034645000000002146,0.029999999999999916,100,0.11797387888888888,1.8037192609421708
294_satellite_image.csv,0.9,0.8685753333333306,0.8686586666666638,0.03142466666666943,0.03134133333333622,0.0040000000000000036,100,0.08904386222222221,1.6277332676963607
294_satellite_image.csv,0.95,0.9182813333333352,0.9199546666666681,0.031718666666664785,0.030045333333331814,0.0039999999999998925,100,0.058437212222222215,1.6905465404174111
30_page-blocks.csv,0.05,0.21125299999999897,0.21133699999999897,0.16125299999999898,0.16133699999999895,0.026999999999999996,100,0.11243948777777776,2.0389093515147834
30_page-blocks.csv,0.1,0.23619999999999824,0.2354439999999983,0.13619999999999824,0.1354439999999983,0.035,100,0.12721231555555554,2.132814856326854
30_page-blocks.csv,0.15,0.28096166666666716,0.2745970000000003,0.13096166666666717,0.12459700000000032,0.02300000000000002,100,0.13603224333333333,2.3268216962522086
30_page-blocks.csv,0.2,0.33678166666666465,0.33937533333333153,0.13678166666666464,0.13937533333333152,0.023999999999999994,100,0.16686584333333335,2.0263505539170303
30_page-blocks.csv,0.25,0.34029599999999843,0.3427216666666653,0.09029599999999843,0.09272166666666531,0.010999999999999982,100,0.1624183055555556,2.101124598983824
30_page-blocks.csv,0.3,0.4156966666666653,0.41536033333333217,0.11569666666666534,0.11536033333333218,0.013000000000000012,100,0.176637,2.014252342353762
30_page-blocks.csv,0.35,0.474515333333332,0.4746826666666656,0.12451533333333203,0.12468266666666561,0.018000000000000016,100,0.17676519444444444,2.119809791183453
30_page-blocks.csv,0.4,0.4748499999999986,0.4750173333333322,0.07484999999999858,0.07501733333333216,0.01899999999999996,100,0.19610183444444446,1.934305714366182
30_page-blocks.csv,0.44,0.540879333333334,0.5403773333333339,0.10087933333333404,0.10037733333333393,0.029000000000000026,100,0.1933583322222222,1.742589145061913
30_page-blocks.csv,0.49,0.5679046666666673,0.5684076666666674,0.07790466666666729,0.07840766666666743,0.026000000000000023,100,0.19934744444444444,1.6925687637197329
30_page-blocks.csv,0.54,0.6156930000000024,0.6156060000000023,0.07569300000000234,0.07560600000000228,0.009000000000000008,100,0.19168917666666666,1.7091313956672163
30_page-blocks.csv,0.6,0.657360666666667,0.6571950000000004,0.05736066666666706,0.05719500000000044,0.009000000000000008,100,0.18405152333333333,1.4631594018443452
30_page-blocks.csv,0.65,0.6885833333333364,0.6882480000000031,0.03858333333333641,0.03824800000000306,0.02100000000000002,100,0.17120344333333334,1.4194153418597226
30_page-blocks.csv,0.7,0.7427996666666653,0.7426326666666657,0.04279966666666535,0.042632666666665764,0.015000000000000013,100,0.1567876211111111,1.1894021791840443
30_page-blocks.csv,0.75,0.7889159999999948,0.7892506666666615,0.038915999999994844,0.03925066666666155,0.0050000000000000044,100,0.14464488888888888,1.237095844210757
30_page-blocks.csv,0.8,0.8387823333333366,0.8389510000000032,0.03878233333333658,0.03895100000000318,0.031000000000000028,100,0.12123830666666667,1.0570159106190489
30_page-blocks.csv,0.85,0.8749389999999974,0.874687666666664,0.02493899999999738,0.024687666666664,0.013000000000000012,100,0.09137541666666665,0.864367195352615
30_page-blocks.csv,0.9,0.8903366666666657,0.9357263333333344,0.009663333333334356,0.035726333333334415,0.028000000000000025,100,0.06700016,0.6582954809023899
30_page-blocks.csv,0.95,0.963808,0.9639700000000001,0.013808000000000042,0.013970000000000149,0.019000000000000017,100,0.04164758222222221,0.6582954809025808
30_page-blocks.csv,0.05,0.2361996666666649,0.23519299999999826,0.18619966666666488,0.18519299999999828,0.023999999999999994,100,0.11158655444444447,2.2404635425151405
30_page-blocks.csv,0.1,0.165299666666666,0.16630166666666588,0.065299666666666,0.06630166666666587,0.015,100,0.10064277666666664,2.071554612169423
30_page-blocks.csv,0.15,0.3049809999999997,0.29518633333333294,0.15498099999999973,0.14518633333333295,0.014000000000000012,100,0.14237784333333328,2.304055160834918
30_page-blocks.csv,0.2,0.3336753333333314,0.335514666666665,0.13367533333333137,0.135514666666665,0.0020000000000000018,100,0.14958126222222223,2.307276488951442
30_page-blocks.csv,0.25,0.3867376666666649,0.3869903333333316,0.13673766666666493,0.1369903333333316,0.025000000000000022,100,0.17716161777777778,2.004734928510291
30_page-blocks.csv,0.3,0.438706000000001,0.4377856666666676,0.138706000000001,0.13778566666666764,0.008000000000000007,100,0.16675660444444446,2.3127408041891084
30_page-blocks.csv,0.35,0.46179799999999926,0.46154699999999926,0.11179799999999929,0.11154699999999929,0.004999999999999949,100,0.17606482111111113,2.1956079270859328
30_page-blocks.csv,0.4,0.5679063333333343,0.568156333333334,0.16790633333333427,0.16815633333333402,0.066,100,0.17810027111111107,2.0544231820208094
30_page-blocks.csv,0.44,0.5412140000000008,0.541130333333334,0.10121400000000075,0.10113033333333404,0.02200000000000002,100,0.19380635999999998,1.9192815697351069
30_page-blocks.csv,0.49,0.6182033333333359,0.6180330000000024,0.1282033333333359,0.1280330000000024,0.039000000000000035,100,0.18025339888888892,1.9279461426368256
30_page-blocks.csv,0.54,0.6183706666666692,0.6184516666666691,0.07837066666666914,0.07845166666666903,0.017000000000000015,100,0.18225445666666665,1.7702266409545653
30_page-blocks.csv,0.6,0.6872240000000028,0.6878060000000024,0.08722400000000285,0.08780600000000238,0.049000000000000044,100,0.16808017333333336,1.5933599718886033
30_page-blocks.csv,0.65,0.6843836666666692,0.6841323333333356,0.034383666666669144,0.03413233333333554,0.0040000000000000036,100,0.1803936388888889,1.3889993238255394
30_page-blocks.csv,0.7,0.7879916666666619,0.7882423333333287,0.08799166666666192,0.08824233333332876,0.05800000000000005,100,0.14391227111111113,1.2168986882653396
30_page-blocks.csv,0.75,0.8138489999999977,0.8141839999999977,0.06384899999999771,0.06418399999999769,0.038000000000000034,100,0.13435747111111113,1.167740625736577
30_page-blocks.csv,0.8,0.8389500000000033,0.8393703333333365,0.03895000000000326,0.039370333333336505,0.026000000000000023,100,0.11889608333333333,1.1762695571826434
30_page-blocks.csv,0.85,0.8567516666666655,0.8565003333333321,0.00675166666666549,0.006500333333332109,0.014000000000000012,100,0.11195112333333332,0.9294074082953783
30_page-blocks.csv,0.9,0.8723219999999996,0.8847046666666678,0.027678000000000424,0.015295333333332217,0.006000000000000005,100,0.07330336,0.8999699524673347
30_page-blocks.csv,0.95,0.9650673333333333,0.9669073333333338,0.015067333333333321,0.01690733333333383,0.030000000000000027,100,0.030047932222222212,0.5825579297213282
312_scene.csv,0.05,0.9889123333333373,0.9879056666666706,0.9389123333333372,0.9379056666666705,0.028999999999999998,100,0.03992013777777778,2.787314805772579
312_scene.csv,0.1,0.632509333333334,0.6300750000000002,0.5325093333333341,0.5300750000000002,0.028999999999999998,100,0.04072899999999999,2.8105008248604557
312_scene.csv,0.15,0.7423176666666682,0.7353610000000005,0.5923176666666682,0.5853610000000005,0.04000000000000001,100,0.050204906666666674,2.7393025648634666
312_scene.csv,0.2,0.9854813333333368,0.9801926666666687,0.7854813333333368,0.7801926666666688,0.055999999999999994,100,0.04352079555555556,2.767627622177432
312_scene.csv,0.25,0.9878246666666705,0.9786006666666687,0.7378246666666705,0.7286006666666687,0.08700000000000002,100,0.04866646555555556,2.8686093241100474
312_scene.csv,0.3,0.9732513333333362,0.9664563333333344,0.6732513333333363,0.6664563333333344,0.01200000000000001,100,0.05839877777777778,2.8644522119860345
312_scene.csv,0.35,0.9674693333333355,0.9664616666666681,0.6174693333333355,0.6164616666666681,0.02100000000000002,100,0.061693017777777776,2.8165376549430707
312_scene.csv,0.4,0.9870710000000035,0.9801130000000029,0.5870710000000035,0.5801130000000029,0.0030000000000000027,100,0.05321830555555555,2.8070549471268165
312_scene.csv,0.44,0.9827153333333359,0.9783496666666682,0.5427153333333359,0.5383496666666683,0.07100000000000001,100,0.049885715555555564,2.7652904910084946
312_scene.csv,0.49,0.9690610000000018,0.9729103333333353,0.47906100000000185,0.48291033333333533,0.007000000000000006,100,0.05982797666666667,2.8157773793133876
312_scene.csv,0.54,0.9564926666666683,0.9669546666666673,0.4164926666666683,0.42695466666666726,0.028000000000000025,100,0.05903311555555556,2.6819782503162584
312_scene.csv,0.6,0.9357920000000007,0.9633530000000019,0.33579200000000076,0.3633530000000019,0.07300000000000006,100,0.055023034444444445,2.6343041308871293
312_scene.csv,0.65,0.9591723333333321,0.9775960000000026,0.30917233333333205,0.32759600000000255,0.19699999999999995,100,0.049163212222222225,2.3730584370247874
312_scene.csv,0.7,0.9675773333333336,0.9884096666666706,0.26757733333333367,0.28840966666667067,0.2370000000000001,100,0.03460327111111111,2.3815539215628947
312_scene.csv,0.75,0.9692466666666675,0.9877383333333374,0.21924666666666748,0.23773833333333738,0.19000000000000006,100,0.04096541666666665,2.549740085644114
312_scene.csv,0.8,0.9818006666666692,0.9884930000000041,0.18180066666666916,0.18849300000000402,0.12,100,0.03962046555555556,2.517574131253016
312_scene.csv,0.85,0.9865696666666701,0.9897486666666708,0.13656966666667014,0.13974866666667085,0.136,100,0.02631666666666666,2.4275303300771887
312_scene.csv,0.9,0.9899163333333375,0.9898323333333375,0.08991633333333748,0.08983233333333751,0.010000000000000009,100,0.021422634444444446,2.473399010217253
312_scene.csv,0.95,0.9899163333333375,0.9898323333333375,0.03991633333333755,0.03983233333333758,0.050000000000000044,100,0.01528764,2.2052326058688525
312_scene.csv,0.05,0.6371166666666673,0.6339280000000002,0.5871166666666673,0.5839280000000001,0.09400000000000001,100,0.04313242111111111,2.8050402515289026
312_scene.csv,0.1,0.740139333333335,0.7354473333333347,0.6401393333333351,0.6354473333333347,0.08299999999999999,100,0.04563325666666666,2.791226349157216
312_scene.csv,0.15,0.7409763333333349,0.7319246666666669,0.5909763333333349,0.5819246666666669,0.033,100,0.053491777777777784,2.8749361945611542
312_scene.csv,0.2,0.7404746666666681,0.7355340000000009,0.540474666666668,0.5355340000000008,0.009000000000000008,100,0.05952746222222222,2.7752863628643265
312_scene.csv,0.25,0.9861500000000033,0.9749983333333345,0.7361500000000033,0.7249983333333345,0.09300000000000003,100,0.054102083333333335,2.8326434712244533
312_scene.csv,0.3,0.7346133333333345,0.7251436666666665,0.43461333333333446,0.42514366666666653,0.0020000000000000018,100,0.05671184888888886,2.839388017792784
312_scene.csv,0.35,0.9702343333333358,0.9709820000000011,0.6202343333333358,0.6209820000000011,0.15300000000000002,100,0.060930998888888886,2.7439706008012807
312_scene.csv,0.4,0.9464453333333344,0.9581726666666686,0.5464453333333343,0.5581726666666685,0.059,100,0.06643320444444444,2.767860424241722
312_scene.csv,0.44,0.9804550000000027,0.9804453333333364,0.5404550000000028,0.5404453333333363,0.09100000000000003,100,0.051121337777777776,2.795907228546483
312_scene.csv,0.49,0.9753426666666695,0.9731543333333343,0.4853426666666695,0.48315433333333435,0.043999999999999984,100,0.055839639999999996,2.80825419050964
312_scene.csv,0.54,0.9400656666666676,0.9636040000000016,0.40006566666666754,0.42360400000000153,0.16999999999999993,100,0.0561585511111111,2.589636571271555
312_scene.csv,0.6,0.9776910000000015,0.9817876666666698,0.37769100000000155,0.38178766666666986,0.258,100,0.04436863444444446,2.574089417997394
312_scene.csv,0.65,0.963284666666666,0.9791060000000027,0.313284666666666,0.3291060000000027,0.10399999999999998,100,0.049605443333333346,2.5084367026869265
312_scene.csv,0.7,0.9696686666666672,0.988242000000004,0.2696686666666672,0.288242000000004,0.271,100,0.04024427888888888,2.2654252331261393
312_scene.csv,0.75,0.9656530000000002,0.9880746666666705,0.2156530000000002,0.23807466666667054,0.25,100,0.03944033222222222,2.247972526521699
312_scene.csv,0.8,0.9591026666666659,0.979272000000002,0.15910266666666584,0.17927200000000199,0.19999999999999996,100,0.04326753777777778,2.2838867645034346
312_scene.csv,0.85,0.9807130000000022,0.9884933333333373,0.1307130000000022,0.13849333333333735,0.01200000000000001,100,0.03235196777777778,2.6054726288079184
312_scene.csv,0.9,0.9899163333333375,0.9822040000000025,0.08991633333333748,0.0822040000000025,0.09599999999999997,100,0.02040233777777778,2.4000461423922257
312_scene.csv,0.95,0.9897490000000041,0.9898323333333375,0.03974900000000414,0.03983233333333758,0.050000000000000044,100,0.021844915555555552,2.38143914877427
375_JapaneseVowels.csv,0.05,0.060718333333333374,0.060963666666666694,0.010718333333333371,0.010963666666666691,0.0030000000000000027,100,0.05223596777777777,0.8774765466827454
375_JapaneseVowels.csv,0.1,0.08071466666666668,0.039654666666666546,0.01928533333333332,0.06034533333333346,0.037000000000000005,100,0.05905541666666667,0.8636136030728224
375_JapaneseVowels.csv,0.15,0.13560666666666607,0.1350213333333328,0.014393333333333924,0.014978666666667195,0.03399999999999999,100,0.11073818222222219,0.8679982731374333
375_JapaneseVowels.csv,0.2,0.1679109999999998,0.16883066666666635,0.0320890000000002,0.03116933333333366,0.024999999999999994,100,0.11767086555555557,1.3806572951317015
375_JapaneseVowels.csv,0.25,0.1874896666666654,0.16102566666666596,0.06251033333333461,0.08897433333333404,0.031,100,0.12262557666666668,1.7144473095884978
375_JapaneseVowels.csv,0.3,0.2852286666666671,0.28372166666666715,0.014771333333332914,0.01627833333333284,0.014000000000000012,100,0.1645757011111111,1.5671505272265234
375_JapaneseVowels.csv,0.35,0.32149666666666527,0.32292133333333195,0.028503333333334713,0.027078666666668028,0.004999999999999949,100,0.17652622222222225,1.6215943060538476
375_JapaneseVowels.csv,0.4,0.3868179999999981,0.38740633333333147,0.013182000000001914,0.012593666666668557,0.01799999999999996,100,0.18802997333333335,1.81110613342151
375_JapaneseVowels.csv,0.44,0.40630499999999825,0.40722833333333164,0.03369500000000175,0.032771666666668364,0.025999999999999968,100,0.1896359511111111,1.7004428318833007
375_JapaneseVowels.csv,0.49,0.432848333333334,0.4320950000000007,0.05715166666666599,0.05790499999999932,0.021999999999999964,100,0.18220166666666668,1.9488950880871616
375_JapaneseVowels.csv,0.54,0.45426766666666635,0.45493733333333297,0.08573233333333369,0.08506266666666706,0.0030000000000000027,100,0.1767050711111111,2.057769250115326
375_JapaneseVowels.csv,0.6,0.5271580000000009,0.5256520000000007,0.07284199999999907,0.0743479999999993,0.01100000000000001,100,0.17750356000000003,2.12924026607603
375_JapaneseVowels.csv,0.65,0.5793669999999995,0.579451333333333,0.0706330000000005,0.07054866666666704,0.01200000000000001,100,0.17031100444444444,2.2040749818660252
375_JapaneseVowels.csv,0.7,0.6608753333333333,0.6587000000000003,0.039124666666666696,0.04129999999999967,0.03700000000000003,100,0.16412500000000005,2.032119502511788
375_JapaneseVowels.csv,0.75,0.6668296666666668,0.6645700000000005,0.08317033333333324,0.08542999999999945,0.0,100,0.15199236777777775,2.2059673298653304
375_JapaneseVowels.csv,0.8,0.7638000000000029,0.7635490000000028,0.03619999999999712,0.036450999999997236,0.01200000000000001,100,0.14006335444444443,1.966408118089396
375_JapaneseVowels.csv,0.85,0.8134306666666642,0.8138489999999976,0.036569333333335785,0.036151000000002376,0.025000000000000022,100,0.10840586111111111,2.21097474157449
375_JapaneseVowels.csv,0.9,0.8306740000000008,0.8292500000000005,0.06932599999999922,0.07074999999999954,0.006000000000000005,100,0.09944379000000002,2.0368667982576834
375_JapaneseVowels.csv,0.95,0.9316679999999985,0.9318383333333318,0.018332000000001458,0.018161666666668186,0.018000000000000016,100,0.05361041777777777,1.8432240206367645
375_JapaneseVowels.csv,0.05,0.03509999999999992,0.015270999999999898,0.01490000000000008,0.03472900000000011,0.030000000000000002,100,0.033506323333333345,0.7861127073028252
375_JapaneseVowels.csv,0.1,0.1097569999999997,0.08036833333333344,0.009756999999999696,0.01963166666666656,0.035,100,0.07212955555555559,0.8897994642303582
375_JapaneseVowels.csv,0.15,0.12631866666666625,0.11410699999999996,0.02368133333333375,0.035893000000000036,0.01999999999999999,100,0.09632442666666668,0.9122636291806049
375_JapaneseVowels.csv,0.2,0.18481199999999873,0.18539766666666538,0.015188000000001284,0.014602333333334633,0.009000000000000008,100,0.11791331000000001,1.474676876501231
375_JapaneseVowels.csv,0.25,0.23611599999999824,0.18039133333333246,0.013884000000001756,0.06960866666666754,0.010000000000000009,100,0.1347622788888889,1.486976340082079
375_JapaneseVowels.csv,0.3,0.284224666666667,0.28338733333333377,0.015775333333332975,0.01661266666666622,0.013999999999999957,100,0.16774473777777776,1.4395003638507713
375_JapaneseVowels.csv,0.35,0.3205726666666653,0.32157733333333205,0.029427333333334693,0.02842266666666793,0.008000000000000007,100,0.16523951555555552,1.8523786062964125
375_JapaneseVowels.csv,0.4,0.36305500000000107,0.3632223333333345,0.03694499999999895,0.03677766666666554,0.009000000000000008,100,0.1787383322222222,1.8577088295144257
375_JapaneseVowels.csv,0.44,0.38874933333333156,0.38967333333333154,0.05125066666666844,0.05032666666666846,0.02100000000000002,100,0.18537297222222227,1.7574196557020372
375_JapaneseVowels.csv,0.49,0.4576146666666664,0.45853499999999947,0.0323853333333336,0.03146500000000052,0.030000000000000027,100,0.17970116000000005,2.1049504735606637
375_JapaneseVowels.csv,0.54,0.4636386666666659,0.4629693333333326,0.07636133333333411,0.07703066666666741,0.01200000000000001,100,0.18666058222222218,2.0076701891230693
375_JapaneseVowels.csv,0.6,0.5609593333333343,0.560876333333334,0.039040666666665724,0.039123666666666,0.030000000000000027,100,0.1750402488888889,2.150132962312684
375_JapaneseVowels.csv,0.65,0.6091530000000017,0.6088156666666682,0.0408469999999983,0.041184333333331824,0.006000000000000005,100,0.18348844444444443,2.0222934995195736
375_JapaneseVowels.csv,0.7,0.6126780000000022,0.6123380000000018,0.08732199999999779,0.08766199999999813,0.0129999999999999,100,0.17364024888888885,2.1101173270629516
375_JapaneseVowels.csv,0.75,0.7385326666666631,0.7387836666666632,0.011467333333336938,0.011216333333336825,0.041000000000000036,100,0.1448314788888889,2.058349970637969
375_JapaneseVowels.csv,0.8,0.7562700000000009,0.7551830000000003,0.04372999999999916,0.044816999999999774,0.014000000000000012,100,0.13588377333333332,2.1102307424520697
375_JapaneseVowels.csv,0.85,0.8316700000000017,0.831419333333335,0.018329999999998292,0.018580666666665024,0.017000000000000015,100,0.10852522666666667,1.86141368083186
375_JapaneseVowels.csv,0.9,0.8589333333333317,0.8597696666666653,0.04106666666666836,0.0402303333333347,0.025000000000000022,100,0.08312604000000003,2.154591567316799
375_JapaneseVowels.csv,0.95,0.9155203333333352,0.9188670000000015,0.0344796666666648,0.031132999999998412,0.019000000000000017,100,0.055061967777777776,2.1467130475554006
40733_yeast.csv,0.05,0.011505999999999914,0.014856666666666574,0.03849400000000009,0.03514333333333343,0.008,100,0.03856052777777778,2.752406377087488
40733_yeast.csv,0.1,0.011505999999999907,0.014521666666666573,0.0884940000000001,0.08547833333333343,0.02500000000000001,100,0.03822153222222222,2.697912846899056
40733_yeast.csv,0.15,0.011254999999999916,0.015358333333333236,0.1387450000000001,0.13464166666666677,0.207,100,0.03756499,2.826848784510191
40733_yeast.csv,0.2,0.011840999999999905,0.015107666666666566,0.1881590000000001,0.18489233333333344,0.045999999999999985,100,0.040947973333333325,2.8128675092979494
40733_yeast.csv,0.25,0.011171333333333248,0.016194999999999894,0.23882866666666674,0.2338050000000001,0.24,100,0.042927132222222227,2.879815542915198
40733_yeast.csv,0.3,0.011506333333333245,0.015357333333333232,0.28849366666666676,0.28464266666666677,0.0050000000000000044,100,0.04235211,2.8122947704512553
40733_yeast.csv,0.35,0.011087666666666584,0.015608999999999896,0.33891233333333337,0.3343910000000001,0.12900000000000006,100,0.03988930666666667,2.8686583653495155
40733_yeast.csv,0.4,0.012594666666666568,0.01962633333333322,0.38740533333333343,0.3803736666666668,0.05299999999999999,100,0.049468812222222214,2.8025625773762495
40733_yeast.csv,0.44,0.011338999999999912,0.016110999999999893,0.42866100000000007,0.4238890000000001,0.014000000000000012,100,0.0421156388888889,2.816453999673749
40733_yeast.csv,0.49,0.013096666666666562,0.019291999999999886,0.47690333333333346,0.4707080000000001,0.07400000000000007,100,0.044171351111111104,2.7997264033052276
40733_yeast.csv,0.54,0.01988266666666653,0.02071866666666654,0.5201173333333335,0.5192813333333335,0.132,100,0.038008026666666674,2.857622780726038
40733_yeast.csv,0.6,0.011338666666666582,0.016111999999999894,0.5886613333333334,0.5838880000000001,0.0050000000000000044,100,0.03653211,2.7692927506203517
40733_yeast.csv,0.65,0.2713380000000003,0.2728416666666668,0.3786619999999997,0.3771583333333332,0.07100000000000006,100,0.04150112333333333,2.8506082880746773
40733_yeast.csv,0.7,0.2809706666666673,0.2797103333333338,0.41902933333333264,0.4202896666666662,0.19699999999999995,100,0.03760876777777778,2.713419664472473
40733_yeast.csv,0.75,0.3198333333333341,0.3229280000000006,0.4301666666666659,0.4270719999999994,0.126,100,0.0412456388888889,2.744944562509935
40733_yeast.csv,0.8,0.2792956666666673,0.279710666666667,0.5207043333333328,0.520289333333333,0.124,100,0.04086046222222223,2.8370844260713843
40733_yeast.csv,0.85,0.3578586666666674,0.35592766666666725,0.4921413333333326,0.4940723333333327,0.118,100,0.03804722111111111,2.7597968465015605
40733_yeast.csv,0.9,0.3518286666666675,0.3488930000000007,0.5481713333333325,0.5511069999999993,0.236,100,0.035699782222222226,2.7561719181144744
40733_yeast.csv,0.95,0.3518286666666675,0.3484736666666674,0.5981713333333325,0.6015263333333325,0.30399999999999994,100,0.03347279555555556,2.7575563474963056
40733_yeast.csv,0.05,0.011422333333333246,0.014690333333333245,0.03857766666666676,0.03530966666666676,0.05,100,0.037325222222222225,2.607155039056663
40733_yeast.csv,0.1,0.012259333333333242,0.0162839999999999,0.08774066666666676,0.08371600000000011,0.01100000000000001,100,0.03435503444444444,2.7313427819689937
40733_yeast.csv,0.15,0.014351999999999896,0.018961999999999892,0.1356480000000001,0.1310380000000001,0.01999999999999999,100,0.04765913777777778,2.7443415455581768
40733_yeast.csv,0.2,0.011255333333333247,0.015191333333333239,0.18874466666666675,0.18480866666666676,0.05200000000000002,100,0.04222414555555555,2.74277806552505
40733_yeast.csv,0.25,0.012594333333333234,0.015526666666666567,0.23740566666666676,0.23447333333333342,0.057999999999999996,100,0.04272966666666666,2.7937125094385493
40733_yeast.csv,0.3,0.01150599999999991,0.0158599999999999,0.2884940000000001,0.2841400000000001,0.034999999999999976,100,0.04314988777777778,2.8415577761199105
40733_yeast.csv,0.35,0.27133833333333346,0.27367833333333336,0.07866166666666652,0.07632166666666662,0.16100000000000003,100,0.04799122666666667,2.8980096810805906
40733_yeast.csv,0.4,0.011171333333333252,0.015859333333333232,0.38882866666666677,0.3841406666666668,0.022999999999999965,100,0.042863448888888885,2.8466302266040366
40733_yeast.csv,0.44,0.018456999999999876,0.02473466666666655,0.4215430000000001,0.41526533333333343,0.032999999999999974,100,0.05247195111111111,2.891683954871111
40733_yeast.csv,0.49,0.011171333333333252,0.0153579999999999,0.47882866666666674,0.4746420000000001,0.11099999999999999,100,0.039048910000000006,2.827481167825623
40733_yeast.csv,0.54,0.011171333333333252,0.015274333333333234,0.5288286666666668,0.5247256666666668,0.20900000000000002,100,0.03919717666666666,2.7837187546857174
40733_yeast.csv,0.6,0.011254999999999916,0.016278999999999898,0.5887450000000001,0.583721,0.03499999999999992,100,0.040257167777777776,2.8868144641152855
40733_yeast.csv,0.65,0.2681546666666668,0.2673956666666666,0.3818453333333332,0.38260433333333344,0.10299999999999998,100,0.045540856666666664,2.7179525893326733
40733_yeast.csv,0.7,0.27234300000000017,0.27501800000000015,0.4276569999999998,0.4249819999999998,0.19199999999999995,100,0.04516623444444444,2.840041794471956
40733_yeast.csv,0.75,0.31799100000000075,0.31455266666666726,0.43200899999999925,0.43544733333333274,0.16200000000000003,100,0.037909887777777776,2.828593432298327
40733_yeast.csv,0.8,0.36950066666666725,0.3689103333333339,0.4304993333333328,0.43108966666666615,0.07899999999999996,100,0.03341079555555555,2.7959368514744596
40733_yeast.csv,0.85,0.35936633333333406,0.35693266666666723,0.4906336666666659,0.49306733333333275,0.10699999999999998,100,0.031668732222222225,2.8229302978501782
40733_yeast.csv,0.9,0.3694170000000006,0.36949700000000046,0.5305829999999994,0.5305029999999995,0.14,100,0.037809194444444444,2.8003856106027536
40733_yeast.csv,0.95,0.014521666666666582,0.019294999999999892,0.9354783333333334,0.9307050000000001,0.1349999999999999,100,0.03364953777777777,2.772774097559302
44_spambase.csv,0.05,0.08288999999999998,0.04049299999999988,0.032889999999999975,0.00950700000000012,0.0040000000000000036,100,0.056686299724937016,1.9752186054784202
44_spambase.csv,0.1,0.18480133333333232,0.18597166666666579,0.08480133333333231,0.08597166666666578,0.024999999999999994,100,0.09916012790123455,2.1570540438204184
44_spambase.csv,0.15,0.19911966666666545,0.19903599999999877,0.04911966666666545,0.049035999999998775,0.015000000000000013,100,0.10983839209876542,2.1447788155412777
44_spambase.csv,0.2,0.21108566666666564,0.21108566666666564,0.011085666666665633,0.011085666666665633,0.017000000000000015,100,0.11362901743055556,2.2205167907614864
44_spambase.csv,0.25,0.24297699999999844,0.17912999999999923,0.007023000000001556,0.07087000000000077,0.021999999999999992,100,0.13582143131944446,2.0579786486638127
44_spambase.csv,0.3,0.3199836666666654,0.32132399999999883,0.0199836666666654,0.021323999999998844,0.020999999999999963,100,0.15412840972222222,2.1881496204333115
44_spambase.csv,0.35,0.33149233333333145,0.33341733333333173,0.018507666666668532,0.016582666666668244,0.07099999999999995,100,0.14732915354166667,2.1628860346240595
44_spambase.csv,0.4,0.411844666666665,0.4109213333333317,0.011844666666665005,0.010921333333331673,0.019000000000000017,100,0.16179755162808643,2.4332053988989264
44_spambase.csv,0.44,0.46204899999999927,0.46171433333333256,0.022048999999999264,0.02171433333333256,0.0020000000000000018,100,0.16936596648485763,2.1969592428069173
44_spambase.csv,0.49,0.5273253333333342,0.5259030000000007,0.03732533333333421,0.035903000000000684,0.0010000000000000009,100,0.1616421497222222,2.442235217901473
44_spambase.csv,0.54,0.555521000000001,0.5555213333333342,0.015521000000001006,0.015521333333334164,0.029000000000000026,100,0.1703455453317901,2.3128529877132338
44_spambase.csv,0.6,0.6130970000000023,0.6126733333333354,0.013097000000002357,0.012673333333335424,0.006000000000000005,100,0.16544997172839504,2.220323913934058
44_spambase.csv,0.65,0.6370286666666694,0.636108333333336,0.01297133333333067,0.013891666666663971,0.016000000000000014,100,0.16781193171611872,2.1561009113563756
44_spambase.csv,0.7,0.7031373333333372,0.7052293333333373,0.003137333333337211,0.005229333333337305,0.0040000000000000036,100,0.1437995331712963,2.2620739199614195
44_spambase.csv,0.75,0.7638000000000029,0.7635490000000028,0.013800000000002921,0.013549000000002809,0.01100000000000001,100,0.12762043009889143,2.1166333937491273
44_spambase.csv,0.8,0.8001276666666629,0.8001273333333297,0.0001276666666628623,0.00012733333332970442,0.01100000000000001,100,0.11722722713529857,2.1129817525950387
44_spambase.csv,0.85,0.8147693333333312,0.8144339999999979,0.03523066666666874,0.035566000000002096,0.017999999999999905,100,0.10370638824074074,1.8639012125747112
44_spambase.csv,0.9,0.897699333333333,0.9434293333333342,0.0023006666666670617,0.04342933333333421,0.010000000000000009,100,0.06562654555555557,2.0371288516705355
44_spambase.csv,0.95,0.915855000000002,0.9522930000000009,0.03414499999999798,0.0022930000000009887,0.0119999999999999,100,0.058614036072530865,2.052677726149109
44_spambase.csv,0.05,0.06030000000000002,0.03044733333333319,0.010300000000000017,0.019552666666666812,0.008,100,0.04793911499999999,1.592589638915796
44_spambase.csv,0.1,0.1506513333333332,0.14872166666666642,0.05065133333333319,0.04872166666666641,0.013999999999999999,100,0.07986531451203703,2.074109363422684
44_spambase.csv,0.15,0.21780466666666545,0.21788833333333216,0.06780466666666546,0.06788833333333216,0.017000000000000015,100,0.11189692055555556,2.239836709020254
44_spambase.csv,0.2,0.24364633333333183,0.24180066666666528,0.043646333333331816,0.041800666666665265,0.007000000000000006,100,0.12241828465277776,2.385348205976126
44_spambase.csv,0.25,0.2656513333333335,0.2608776666666668,0.015651333333333517,0.010877666666666785,0.044999999999999984,100,0.14204037194444447,2.1618296736381217
44_spambase.csv,0.3,0.3392079999999983,0.3414659999999985,0.0392079999999983,0.041465999999998504,0.0050000000000000044,100,0.14487534694444443,2.3861892866436634
44_spambase.csv,0.35,0.38506099999999827,0.38506266666666505,0.03506099999999829,0.03506266666666508,0.0030000000000000027,100,0.14498439844320984,2.440771493598698
44_spambase.csv,0.4,0.4238116666666665,0.42305833333333304,0.023811666666666453,0.023058333333333014,0.013000000000000012,100,0.15770911508981478,2.4328952270919917
44_spambase.csv,0.44,0.44171800000000083,0.44196900000000056,0.00171800000000083,0.0019690000000005536,0.01100000000000001,100,0.18380029976666662,2.125980259616726
44_spambase.csv,0.49,0.5133533333333342,0.5129346666666674,0.023353333333334225,0.022934666666667436,0.021999999999999964,100,0.15959340769876543,2.4532727002138683
44_spambase.csv,0.54,0.5864803333333325,0.5866473333333325,0.04648033333333246,0.046647333333332486,0.013000000000000012,100,0.1742269751234568,2.2166294514114706
44_spambase.csv,0.6,0.6526743333333342,0.6499970000000012,0.05267433333333427,0.04999700000000118,0.038000000000000034,100,0.162926735154321,2.2008830675857842
44_spambase.csv,0.65,0.6611263333333333,0.6587006666666668,0.011126333333333238,0.008700666666666801,0.0,100,0.15268830317129628,2.2246372330313813
44_spambase.csv,0.7,0.6902443333333359,0.6901563333333358,0.009755666666664053,0.009843666666664141,0.007999999999999896,100,0.14485415027499998,2.235604358102543
44_spambase.csv,0.75,0.7637163333333362,0.7635493333333361,0.013716333333336217,0.013549333333336078,0.010000000000000009,100,0.13818523922067902,1.9679226162239978
44_spambase.csv,0.8,0.7889153333333282,0.7889979999999951,0.01108466666667185,0.011002000000004952,0.028000000000000025,100,0.11854306465277778,2.215697686423392
44_spambase.csv,0.85,0.8121756666666641,0.8125939999999975,0.0378243333333359,0.03740600000000249,0.03599999999999992,100,0.11650746551697529,1.9897077461536248
44_spambase.csv,0.9,0.8646373333333306,0.8652216666666642,0.03536266666666943,0.0347783333333358,0.018000000000000016,100,0.07831050848765432,2.0723512384078804
44_spambase.csv,0.95,0.9396999999999965,0.9397849999999968,0.010300000000003418,0.010215000000003194,0.009000000000000119,100,0.04474456513516628,1.9056939000073156
4538_GesturePhaseSegmentationProcessed.csv,0.05,0.011924666666666578,0.015529333333333237,0.038075333333333426,0.03447066666666677,0.22400000000000003,100,0.03198835111111111,2.7360050402702085
4538_GesturePhaseSegmentationProcessed.csv,0.1,0.011422666666666578,0.015024666666666573,0.08857733333333342,0.08497533333333343,0.271,100,0.03380619888888889,2.788148031716647
4538_GesturePhaseSegmentationProcessed.csv,0.15,0.011422333333333246,0.013263333333333243,0.13857766666666674,0.13673666666666676,0.047000000000000014,100,0.031928471111111106,2.6718519704382504
4538_GesturePhaseSegmentationProcessed.csv,0.2,0.012677333333333226,0.015780333333333233,0.18732266666666678,0.18421966666666678,0.05500000000000002,100,0.04027619,2.6681606879941553
4538_GesturePhaseSegmentationProcessed.csv,0.25,0.01142233333333325,0.014606333333333242,0.23857766666666674,0.23539366666666675,0.067,100,0.03772570111111111,2.7013912215619436
4538_GesturePhaseSegmentationProcessed.csv,0.3,0.01150599999999991,0.015442666666666568,0.2884940000000001,0.28455733333333344,0.02100000000000002,100,0.042542812222222226,2.78222333559083
4538_GesturePhaseSegmentationProcessed.csv,0.35,0.011254999999999916,0.015358333333333236,0.3387450000000001,0.3346416666666667,0.07700000000000001,100,0.03838139,2.8046392214485536
4538_GesturePhaseSegmentationProcessed.csv,0.4,0.011171333333333248,0.015944333333333234,0.38882866666666677,0.3840556666666668,0.068,100,0.040422776666666674,2.8676270690522188
4538_GesturePhaseSegmentationProcessed.csv,0.44,0.012928999999999897,0.0153559999999999,0.4270710000000001,0.4246440000000001,0.10999999999999999,100,0.044759462222222234,2.7790869165359946
4538_GesturePhaseSegmentationProcessed.csv,0.49,0.012928999999999908,0.018789333333333224,0.4770710000000001,0.4712106666666668,0.10699999999999998,100,0.04923445666666666,2.75958931716306
4538_GesturePhaseSegmentationProcessed.csv,0.54,0.013263666666666564,0.02238899999999989,0.5267363333333335,0.5176110000000002,0.05800000000000005,100,0.05341155555555556,2.8516874813698467
4538_GesturePhaseSegmentationProcessed.csv,0.6,0.012677999999999903,0.019291666666666554,0.5873220000000001,0.5807083333333334,0.09899999999999998,100,0.046277443333333335,2.803666425378621
4538_GesturePhaseSegmentationProcessed.csv,0.65,0.011506333333333243,0.01694899999999989,0.6384936666666667,0.6330510000000001,0.026000000000000023,100,0.04199862666666667,2.7864245207302374
4538_GesturePhaseSegmentationProcessed.csv,0.7,0.011087666666666584,0.015106999999999898,0.6889123333333333,0.6848930000000001,0.18099999999999994,100,0.03995477777777778,2.7442450059350025
4538_GesturePhaseSegmentationProcessed.csv,0.75,0.011589999999999911,0.01694899999999989,0.7384100000000001,0.7330510000000001,0.127,100,0.0425002488888889,2.828884616906279
4538_GesturePhaseSegmentationProcessed.csv,0.8,0.011589999999999911,0.016865333333333225,0.7884100000000002,0.7831346666666669,0.062000000000000055,100,0.04146667111111111,2.7631279105398234
4538_GesturePhaseSegmentationProcessed.csv,0.85,0.011338666666666582,0.016446999999999892,0.8386613333333334,0.8335530000000001,0.03699999999999992,100,0.038483390000000006,2.785330131715554
4538_GesturePhaseSegmentationProcessed.csv,0.9,0.011505999999999907,0.016028666666666563,0.8884940000000001,0.8839713333333334,0.013000000000000012,100,0.032668871111111115,2.7093890438546553
4538_GesturePhaseSegmentationProcessed.csv,0.95,0.010669333333333253,0.015609999999999902,0.9393306666666668,0.93439,0.038000000000000034,100,0.02734387888888889,2.6566536386858655
4538_GesturePhaseSegmentationProcessed.csv,0.05,0.010501999999999925,0.014858666666666576,0.039498000000000075,0.03514133333333343,0.137,100,0.02848230666666667,2.6527469846761775
4538_GesturePhaseSegmentationProcessed.csv,0.1,0.010501999999999926,0.01536166666666657,0.08949800000000008,0.08463833333333344,0.224,100,0.028452848888888896,2.7497675277392424
4538_GesturePhaseSegmentationProcessed.csv,0.15,0.012760999999999906,0.016282999999999898,0.13723900000000008,0.13371700000000009,0.11199999999999999,100,0.03805729333333334,2.6028642575673864
4538_GesturePhaseSegmentationProcessed.csv,0.2,0.011087666666666584,0.014941666666666575,0.18891233333333343,0.18505833333333344,0.11499999999999999,100,0.03906192333333333,2.7120563718898825
4538_GesturePhaseSegmentationProcessed.csv,0.25,0.012091666666666574,0.014522999999999908,0.23790833333333342,0.2354770000000001,0.07899999999999999,100,0.039875395555555554,2.6512634999587834
4538_GesturePhaseSegmentationProcessed.csv,0.3,0.011422333333333246,0.015274999999999903,0.28857766666666673,0.28472500000000006,0.136,100,0.03641833777777778,2.841396600924754
4538_GesturePhaseSegmentationProcessed.csv,0.35,0.011673666666666574,0.014183999999999903,0.3383263333333334,0.33581600000000006,0.03600000000000003,100,0.040715484444444436,2.7685729124200904
4538_GesturePhaseSegmentationProcessed.csv,0.4,0.011254999999999916,0.015358333333333233,0.3887450000000001,0.38464166666666677,0.14800000000000002,100,0.03821322666666666,2.773132198866988
4538_GesturePhaseSegmentationProcessed.csv,0.44,0.0223953333333332,0.024484999999999882,0.4176046666666668,0.41551500000000013,0.12200000000000005,100,0.05451656,2.844281417623559
4538_GesturePhaseSegmentationProcessed.csv,0.49,0.014853333333333229,0.017701666666666557,0.4751466666666668,0.47229833333333343,0.11299999999999999,100,0.043842848888888876,2.820094123780301
4538_GesturePhaseSegmentationProcessed.csv,0.54,0.012594333333333234,0.02054799999999989,0.5274056666666668,0.5194520000000001,0.019000000000000017,100,0.04936408333333334,2.840473990334704
4538_GesturePhaseSegmentationProcessed.csv,0.6,0.012929666666666563,0.01945933333333322,0.5870703333333334,0.5805406666666667,0.118,100,0.045056865555555554,2.8132887033220455
4538_GesturePhaseSegmentationProcessed.csv,0.65,0.011673999999999907,0.01694899999999989,0.6383260000000002,0.6330510000000001,0.07999999999999996,100,0.04284978222222222,2.777721506854991
4538_GesturePhaseSegmentationProcessed.csv,0.7,0.011254999999999916,0.016362999999999895,0.688745,0.683637,0.010000000000000009,100,0.040155532222222234,2.839112028902145
4538_GesturePhaseSegmentationProcessed.csv,0.75,0.011589666666666576,0.01694899999999989,0.7384103333333334,0.7330510000000001,0.01200000000000001,100,0.04290409333333334,2.847509806692719
4538_GesturePhaseSegmentationProcessed.csv,0.8,0.011673666666666575,0.016781666666666563,0.7883263333333335,0.7832183333333335,0.051000000000000045,100,0.04226442111111111,2.773422239234649
4538_GesturePhaseSegmentationProcessed.csv,0.85,0.011422333333333246,0.0154419999999999,0.8385776666666668,0.8345580000000001,0.127,100,0.033566145555555565,2.773805393856622
4538_GesturePhaseSegmentationProcessed.csv,0.9,0.01142233333333325,0.016195999999999895,0.8885776666666668,0.8838040000000001,0.10599999999999998,100,0.03959299888888888,2.7521927124034606
4538_GesturePhaseSegmentationProcessed.csv,0.95,0.011254999999999916,0.01602833333333323,0.938745,0.9339716666666668,0.10999999999999999,100,0.03990830555555556,2.736514686403197
60_waveform-5000.csv,0.05,0.02381066666666655,0.01778299999999989,0.026189333333333453,0.032217000000000114,0.009000000000000001,100,0.042766234444444454,2.3433988648670403
60_waveform-5000.csv,0.1,0.05341666666666651,0.030697333333333195,0.0465833333333335,0.06930266666666682,0.1,100,0.05035979888888888,2.318928675056242
60_waveform-5000.csv,0.15,0.1290739999999995,0.045851333333333216,0.0209260000000005,0.10414866666666678,0.009999999999999981,100,0.06765164,2.5673705244821123
60_waveform-5000.csv,0.2,0.13300633333333275,0.04400733333333321,0.06699366666666726,0.1559926666666668,0.013000000000000012,100,0.06720543444444443,2.640836983230829
60_waveform-5000.csv,0.25,0.20766333333333223,0.13597866666666633,0.04233666666666777,0.11402133333333367,0.0030000000000000027,100,0.08037477777777777,2.5520760725694034
60_waveform-5000.csv,0.3,0.20506799999999886,0.13606299999999963,0.09493200000000113,0.16393700000000036,0.124,100,0.08123652777777778,2.502155022325435
60_waveform-5000.csv,0.35,0.2460459999999993,0.14511199999999969,0.10395400000000068,0.2048880000000003,0.035999999999999976,100,0.08379767111111112,2.7117948102090685
60_waveform-5000.csv,0.4,0.2268689999999987,0.1430219999999996,0.1731310000000013,0.25697800000000043,0.067,100,0.08799046222222225,2.6861934640546132
60_waveform-5000.csv,0.44,0.23272099999999996,0.16521833333333324,0.20727900000000005,0.27478166666666676,0.02200000000000002,100,0.10510983444444445,2.6173153714505863
60_waveform-5000.csv,0.49,0.29797466666666644,0.22669766666666652,0.19202533333333355,0.26330233333333347,0.03700000000000003,100,0.09752593222222218,2.8093573946064168
60_waveform-5000.csv,0.54,0.34237166666666563,0.26204766666666646,0.1976283333333344,0.2779523333333336,0.02100000000000002,100,0.10273299999999999,2.791595117475734
60_waveform-5000.csv,0.6,0.214881333333333,0.1341446666666665,0.38511866666666694,0.4658553333333335,0.061000000000000054,100,0.0803159322222222,2.8836849883357796
60_waveform-5000.csv,0.65,0.4026693333333331,0.389437,0.24733066666666692,0.26056300000000004,0.06899999999999995,100,0.08264725666666665,2.9077634095656606
60_waveform-5000.csv,0.7,0.6250440000000008,0.6174273333333338,0.07495599999999913,0.08257266666666618,0.029000000000000026,100,0.09573006555555558,2.7912142727328195
60_waveform-5000.csv,0.75,0.6214403333333333,0.6350090000000002,0.12855966666666674,0.11499099999999984,0.06500000000000006,100,0.07931231555555555,2.8755162752959293
60_waveform-5000.csv,0.8,0.7935746666666659,0.8415699999999999,0.006425333333334171,0.041569999999999885,0.039999999999999925,100,0.07310206222222222,2.813749377871244
60_waveform-5000.csv,0.85,0.8861553333333307,0.9485413333333341,0.036155333333330764,0.09854133333333415,0.07000000000000006,100,0.06727547888888888,2.7616733031228224
60_waveform-5000.csv,0.9,0.9201309999999995,0.9647000000000007,0.020130999999999455,0.06470000000000065,0.029000000000000026,100,0.06434622222222222,2.827731727666784
60_waveform-5000.csv,0.95,0.9883266666666705,0.9816176666666689,0.038326666666670506,0.031617666666668987,0.050000000000000044,100,0.038878287777777784,2.6290862395653796
60_waveform-5000.csv,0.05,0.014434333333333233,0.013262999999999909,0.03556566666666677,0.036737000000000096,0.05,100,0.03330448444444444,2.3783430093409943
60_waveform-5000.csv,0.1,0.013681333333333242,0.01712066666666656,0.08631866666666677,0.08287933333333344,0.1,100,0.039017923333333336,2.4301274800742583
60_waveform-5000.csv,0.15,0.08514899999999993,0.03923399999999989,0.06485100000000006,0.11076600000000011,0.059,100,0.058273751111111126,2.4652294094989644
60_waveform-5000.csv,0.2,0.18447033333333224,0.13179066666666645,0.015529666666667774,0.06820933333333357,0.028999999999999998,100,0.0832508888888889,2.401517227490556
60_waveform-5000.csv,0.25,0.20389566666666556,0.13530866666666638,0.04610433333333444,0.11469133333333362,0.022999999999999993,100,0.08143917333333334,2.6141388662643115
60_waveform-5000.csv,0.3,0.20155033333333228,0.134554333333333,0.09844966666666771,0.165445666666667,0.06699999999999998,100,0.07935884,2.553456430429581
60_waveform-5000.csv,0.35,0.2230973333333321,0.1395006666666663,0.12690266666666788,0.21049933333333368,0.0010000000000000564,100,0.08789737333333333,2.734231258619807
60_waveform-5000.csv,0.4,0.3498279999999994,0.27100866666666645,0.050172000000000605,0.12899133333333357,0.07999999999999996,100,0.09721258222222222,2.8085029087392748
60_waveform-5000.csv,0.44,0.23674033333333327,0.1646333333333333,0.20325966666666673,0.2753666666666667,0.01200000000000001,100,0.10106547888888891,2.602546711370606
60_waveform-5000.csv,0.49,0.32963966666666655,0.2745243333333334,0.16036033333333344,0.21547566666666657,0.050000000000000044,100,0.09682313777777779,2.8180999907356155
60_waveform-5000.csv,0.54,0.27711366666666637,0.269165333333333,0.26288633333333367,0.27083466666666706,0.02200000000000002,100,0.09893974555555554,2.750028690808167
60_waveform-5000.csv,0.6,0.3984893333333337,0.34881833333333356,0.20151066666666628,0.2511816666666664,0.05600000000000005,100,0.09195097222222222,2.744733116654369
60_waveform-5000.csv,0.65,0.46985033333333404,0.4539346666666667,0.180149666666666,0.1960653333333333,0.041000000000000036,100,0.09273947888888891,2.81769781641387
60_waveform-5000.csv,0.7,0.5751270000000004,0.5532646666666674,0.12487299999999957,0.14673533333333255,0.04500000000000004,100,0.09202833777777779,2.924574262591835
60_waveform-5000.csv,0.75,0.4029253333333337,0.3854193333333335,0.3470746666666663,0.3645806666666665,0.028000000000000025,100,0.08327082111111112,2.895595099644135
60_waveform-5000.csv,0.8,0.7309953333333306,0.7782416666666655,0.06900466666666949,0.021758333333334545,0.04299999999999993,100,0.08145103444444445,2.8718578771206444
60_waveform-5000.csv,0.85,0.8726673333333311,0.9080010000000001,0.022667333333331152,0.05800100000000008,0.04600000000000004,100,0.06923721222222223,2.8491117247395095
60_waveform-5000.csv,0.9,0.9776016666666686,0.9713926666666675,0.07760166666666857,0.07139266666666744,0.07499999999999996,100,0.05382444444444445,2.7914875122278637
60_waveform-5000.csv,0.95,0.9668953333333338,0.9737456666666677,0.016895333333333817,0.023745666666667775,0.030000000000000027,100,0.050023684444444445,2.7138908725919264
679_rmftsa_sleepdata.csv,0.05,0.16949133333333272,0.1271903333333331,0.11949133333333271,0.0771903333333331,0.03799999999999999,100,0.08215191693676908,2.35328484876387
679_rmftsa_sleepdata.csv,0.1,0.2362833333333316,0.18039133333333243,0.1362833333333316,0.08039133333333243,0.145,100,0.10569625805665442,2.5173666019139382
679_rmftsa_sleepdata.csv,0.15,0.2094283333333321,0.13673599999999966,0.05942833333333211,0.013264000000000331,0.069,100,0.09396621149180424,2.6014045270835053
679_rmftsa_sleepdata.csv,0.2,0.30941899999999917,0.19083933333333333,0.10941899999999916,0.009160666666666678,0.08999999999999997,100,0.12109507182080145,2.3788219579593655
679_rmftsa_sleepdata.csv,0.25,0.25140699999999955,0.14704066666666635,0.0014069999999995475,0.10295933333333365,0.04899999999999999,100,0.1040879402600593,2.5639457708142377
679_rmftsa_sleepdata.csv,0.3,0.23314066666666658,0.1668929999999999,0.06685933333333341,0.1331070000000001,0.009000000000000008,100,0.11349859693567634,2.5105706404421664
679_rmftsa_sleepdata.csv,0.35,0.28298199999999946,0.20299633333333336,0.06701800000000052,0.14700366666666662,0.05700000000000005,100,0.10571742848975756,2.670306654929131
679_rmftsa_sleepdata.csv,0.4,0.3357539999999989,0.250071,0.06424600000000114,0.14992900000000003,0.038000000000000034,100,0.10797248449204731,2.678836441549202
679_rmftsa_sleepdata.csv,0.44,0.46547866666666576,0.44897933333333223,0.02547866666666576,0.008979333333332229,0.017000000000000015,100,0.129171185631047,2.569190597974313
679_rmftsa_sleepdata.csv,0.49,0.345551999999999,0.2565189999999999,0.14444800000000096,0.2334810000000001,0.09799999999999998,100,0.10875122917058101,2.5117686300405095
679_rmftsa_sleepdata.csv,0.54,0.21278999999999998,0.16178599999999987,0.32721000000000006,0.37821400000000016,0.20400000000000001,100,0.11188397799381983,2.5836493566725576
679_rmftsa_sleepdata.csv,0.6,0.38902833333333364,0.3486533333333336,0.21097166666666634,0.2513466666666664,0.015000000000000013,100,0.10370273696519985,2.6572766481971337
679_rmftsa_sleepdata.csv,0.65,0.47663766666666696,0.45787366666666696,0.17336233333333306,0.19212633333333307,0.07100000000000006,100,0.117105187096158,2.6813828318186173
679_rmftsa_sleepdata.csv,0.7,0.43650633333333333,0.42117666666666664,0.2634936666666666,0.2788233333333333,0.121,100,0.10767460445355574,2.758848061232023
679_rmftsa_sleepdata.csv,0.75,0.34044233333333246,0.25140933333333315,0.40955766666666754,0.49859066666666685,0.284,100,0.10616622057977551,2.6326587013432885
679_rmftsa_sleepdata.csv,0.8,0.6888030000000035,0.7242320000000031,0.11119699999999655,0.07576799999999695,0.07600000000000007,100,0.09833586707023181,2.718009546704651
679_rmftsa_sleepdata.csv,0.85,0.6251406666666685,0.5893760000000017,0.22485933333333152,0.2606239999999983,0.13,100,0.11073162361345577,2.639534658130289
679_rmftsa_sleepdata.csv,0.9,0.7370266666666633,0.7563773333333313,0.16297333333333675,0.14362266666666867,0.09199999999999997,100,0.09881660776010313,2.6945354924977436
679_rmftsa_sleepdata.csv,0.95,0.5894596666666672,0.5996773333333337,0.3605403333333328,0.3503226666666662,0.30699999999999994,100,0.09359051146010623,2.636885018648245
679_rmftsa_sleepdata.csv,0.05,0.20817233333333213,0.13673599999999966,0.15817233333333214,0.08673599999999966,0.14800000000000002,100,0.09328056654162581,2.5443250781328457
679_rmftsa_sleepdata.csv,0.1,0.21890633333333212,0.13908233333333297,0.11890633333333211,0.03908233333333297,0.143,100,0.09497283089374159,2.584744400862069
679_rmftsa_sleepdata.csv,0.15,0.2572839999999993,0.18264333333333266,0.1072839999999993,0.032643333333332664,0.159,100,0.10799496744813128,2.413778384315943
679_rmftsa_sleepdata.csv,0.2,0.25207499999999927,0.1467049999999997,0.05207499999999926,0.053295000000000314,0.037000000000000005,100,0.105731970351589,2.5162612110606326
679_rmftsa_sleepdata.csv,0.25,0.252074333333333,0.14871433333333306,0.0020743333333330116,0.10128566666666694,0.07899999999999999,100,0.10803975378882658,2.3826735360588303
679_rmftsa_sleepdata.csv,0.3,0.3665743333333327,0.28926499999999983,0.06657433333333274,0.010735000000000161,0.11200000000000004,100,0.12366488187065341,2.5832381219745773
679_rmftsa_sleepdata.csv,0.35,0.23004099999999994,0.16220299999999993,0.11995900000000004,0.18779700000000005,0.09499999999999997,100,0.10733834676611784,2.4534396345408056
679_rmftsa_sleepdata.csv,0.4,0.2669893333333335,0.18699499999999944,0.1330106666666665,0.21300500000000058,0.08300000000000002,100,0.10420574370698439,2.543169202039879
679_rmftsa_sleepdata.csv,0.44,0.4884440000000004,0.46783800000000003,0.048444000000000376,0.02783800000000003,0.04199999999999998,100,0.1363616959912647,2.524140001415679
679_rmftsa_sleepdata.csv,0.49,0.3343293333333322,0.24847833333333333,0.1556706666666678,0.24152166666666666,0.08699999999999997,100,0.12036416536769586,2.6148523511949655
679_rmftsa_sleepdata.csv,0.54,0.3440446666666657,0.2577739999999999,0.19595533333333431,0.28222600000000014,0.09200000000000003,100,0.11035751234005098,2.636844581218635
679_rmftsa_sleepdata.csv,0.6,0.4164303333333327,0.4071333333333328,0.1835696666666673,0.19286666666666719,0.18899999999999995,100,0.12647094393876812,2.620797609876109
679_rmftsa_sleepdata.csv,0.65,0.4417173333333336,0.43300166666666645,0.20828266666666645,0.21699833333333357,0.14700000000000002,100,0.11070730627485383,2.7213159560392777
679_rmftsa_sleepdata.csv,0.7,0.33156766666666515,0.21170566666666682,0.3684323333333348,0.48829433333333316,0.35699999999999993,100,0.10517314691356457,2.6039373169987976
679_rmftsa_sleepdata.csv,0.75,0.4636399999999998,0.4470579999999996,0.2863600000000002,0.3029420000000004,0.268,100,0.11786426342613229,2.6377026731397617
679_rmftsa_sleepdata.csv,0.8,0.5319270000000009,0.49716066666666714,0.2680729999999991,0.3028393333333329,0.17000000000000004,100,0.11252243386046042,2.7300097674921164
679_rmftsa_sleepdata.csv,0.85,0.684030000000003,0.7174476666666696,0.16596999999999695,0.13255233333333039,0.06399999999999995,100,0.09920011627669839,2.7604629561709633
679_rmftsa_sleepdata.csv,0.9,0.7086349999999986,0.7346856666666666,0.19136500000000145,0.16531433333333345,0.20499999999999996,100,0.0877887429652431,2.6312838326757437
679_rmftsa_sleepdata.csv,0.95,0.6830180000000012,0.7008563333333347,0.2669819999999987,0.2491436666666652,0.2639999999999999,100,0.09073850245311384,2.6489435468796985
AedesQuinx.csv,0.05,0.1279026666666663,0.04207899999999989,0.0779026666666663,0.007921000000000115,0.005999999999999998,100,0.06682441777777778,2.6094251838675566
AedesQuinx.csv,0.1,0.16890366666666615,0.09401966666666677,0.06890366666666614,0.00598033333333324,0.012999999999999998,100,0.07424371,2.569819027674162
AedesQuinx.csv,0.15,0.2240183333333321,0.139668333333333,0.0740183333333321,0.010331666666666989,0.04500000000000001,100,0.09252386111111113,2.7100333615472
AedesQuinx.csv,0.2,0.32946666666666613,0.30148799999999953,0.12946666666666612,0.10148799999999952,0.125,100,0.10110284,2.74641973248275
AedesQuinx.csv,0.25,0.3652303333333341,0.3611223333333335,0.1152303333333341,0.11112233333333349,0.07700000000000001,100,0.11765866222222224,2.6777660633373213
AedesQuinx.csv,0.3,0.35778366666666706,0.3523340000000001,0.057783666666667066,0.0523340000000001,0.0,100,0.11605352333333332,2.66115875276576
AedesQuinx.csv,0.35,0.40453466666666565,0.3964926666666656,0.054534666666665677,0.04649266666666563,0.006000000000000005,100,0.10528133333333335,2.779037875294302
AedesQuinx.csv,0.4,0.44430533333333283,0.43023333333333286,0.04430533333333281,0.030233333333332835,0.008000000000000007,100,0.11301780444444443,2.7922276239148256
AedesQuinx.csv,0.44,0.45552299999999957,0.44145099999999965,0.015522999999999565,0.001450999999999647,0.020000000000000018,100,0.10556713777777778,2.856521306390012
AedesQuinx.csv,0.49,0.47847266666666655,0.4541833333333331,0.011527333333333445,0.035816666666666885,0.04299999999999998,100,0.11385944444444447,2.7990151689150675
AedesQuinx.csv,0.54,0.48308,0.4613859999999998,0.056920000000000026,0.07861400000000024,0.031000000000000028,100,0.11724633333333336,2.786613030368956
AedesQuinx.csv,0.6,0.5922943333333346,0.5544370000000011,0.0077056666666653895,0.04556299999999891,0.03199999999999992,100,0.1053123511111111,2.765092420656739
AedesQuinx.csv,0.65,0.6359430000000023,0.5979140000000014,0.014056999999997766,0.05208599999999863,0.008000000000000007,100,0.10838908777777777,2.826517932467667
AedesQuinx.csv,0.7,0.6792516666666685,0.688377000000001,0.02074833333333148,0.01162299999999894,0.02399999999999991,100,0.09854844444444444,2.8205157164137793
AedesQuinx.csv,0.75,0.7139333333333376,0.7403970000000032,0.03606666666666236,0.009602999999996809,0.051999999999999935,100,0.09659263444444445,2.802633011979499
AedesQuinx.csv,0.8,0.7801763333333316,0.7963416666666651,0.01982366666666846,0.0036583333333349843,0.0,100,0.08564343444444444,2.635072309919205
AedesQuinx.csv,0.85,0.8212186666666658,0.8763296666666676,0.028781333333334214,0.026329666666667584,0.031000000000000028,100,0.07395412888888889,2.579270265120461
AedesQuinx.csv,0.9,0.9204630000000009,0.9403083333333331,0.020463000000000897,0.04030833333333306,0.029000000000000026,100,0.05499099555555555,2.576106596800262
AedesQuinx.csv,0.95,0.8616209999999969,0.9322896666666687,0.0883790000000031,0.017710333333331274,0.08199999999999996,100,0.06867272888888888,2.586198153106302
AedesQuinx.csv,0.05,0.13101533333333298,0.06202433333333334,0.08101533333333298,0.012024333333333338,0.037000000000000005,100,0.07006633333333333,2.354364042056352
AedesQuinx.csv,0.1,0.18054133333333253,0.10934833333333346,0.08054133333333252,0.009348333333333458,0.017,100,0.07640819000000001,2.600700752261576
AedesQuinx.csv,0.15,0.23886233333333198,0.1448673333333329,0.08886233333333199,0.005132666666667091,0.04200000000000001,100,0.08522111111111112,2.7355514510440813
AedesQuinx.csv,0.2,0.308334999999999,0.18866500000000003,0.10833499999999902,0.011334999999999984,0.04799999999999999,100,0.10531066666666668,2.6572671892066064
AedesQuinx.csv,0.25,0.3652326666666659,0.2945416666666665,0.11523266666666587,0.04454166666666648,0.10299999999999998,100,0.10377184333333334,2.835181864429364
AedesQuinx.csv,0.3,0.41332966666666576,0.40009466666666593,0.11332966666666577,0.10009466666666594,0.07700000000000001,100,0.10845005666666667,2.783288101675418
AedesQuinx.csv,0.35,0.38096533333333255,0.37309366666666566,0.030965333333332568,0.02309366666666568,0.014999999999999958,100,0.10970821777777777,2.713598715123749
AedesQuinx.csv,0.4,0.48357933333333336,0.46557133333333306,0.08357933333333334,0.06557133333333304,0.14,100,0.11077519444444443,2.7793575385909497
AedesQuinx.csv,0.44,0.40855433333333235,0.3971629999999992,0.03144566666666765,0.04283700000000079,0.08500000000000002,100,0.10324444444444446,2.7790663539806633
AedesQuinx.csv,0.49,0.46843233333333395,0.44950300000000015,0.02156766666666604,0.04049699999999984,0.063,100,0.10999279555555556,2.7286753308103275
AedesQuinx.csv,0.54,0.557111000000001,0.5172413333333338,0.017111000000000987,0.02275866666666626,0.038999999999999924,100,0.10374282666666666,2.851058359395645
AedesQuinx.csv,0.6,0.48308,0.46565733333333326,0.11691999999999997,0.13434266666666672,0.118,100,0.12022336000000002,2.657898575300672
AedesQuinx.csv,0.65,0.6479890000000019,0.6044363333333348,0.0020109999999980976,0.045563666666665226,0.008000000000000007,100,0.11265054555555556,2.7428591033555128
AedesQuinx.csv,0.7,0.7168616666666693,0.7414000000000023,0.016861666666669328,0.041400000000002324,0.0040000000000000036,100,0.10028095444444445,2.7190017610860395
AedesQuinx.csv,0.75,0.7136000000000051,0.7398133333333373,0.03639999999999488,0.01018666666666268,0.0020000000000000018,100,0.11144153222222224,2.6445561376123434
AedesQuinx.csv,0.8,0.7685040000000015,0.7820783333333345,0.031495999999998525,0.017921666666665503,0.007000000000000006,100,0.08758966666666668,2.68988647625971
AedesQuinx.csv,0.85,0.7651556666666675,0.7853470000000002,0.08484433333333252,0.06465299999999974,0.05799999999999994,100,0.09124906222222222,2.6802811009154297
AedesQuinx.csv,0.9,0.8899186666666649,0.9055763333333327,0.010081333333335163,0.005576333333332628,0.014000000000000012,100,0.06597321222222223,2.6083595626068505
AedesQuinx.csv,0.95,0.9179496666666679,0.9513680000000003,0.03205033333333207,0.001368000000000369,0.004999999999999893,100,0.05830224000000001,2.5176434297522716
AedesSex.csv,0.05,0.06088566666666671,0.06104800000000003,0.01088566666666671,0.01104800000000003,0.0010000000000000009,100,0.052915167777777786,0.9423418296040069
AedesSex.csv,0.1,0.11016999999999942,0.10682033333333277,0.010169999999999416,0.006820333333332762,0.008000000000000007,100,0.08387224333333332,0.9521230377719724
AedesSex.csv,0.15,0.16046233333333335,0.16037700000000002,0.010462333333333351,0.010377000000000025,0.014999999999999986,100,0.11411912333333335,1.3599731725594673
AedesSex.csv,0.2,0.18556533333333203,0.18581633333333203,0.014434666666667983,0.014183666666667982,0.016000000000000014,100,0.13766770666666667,1.0569874795717273
AedesSex.csv,0.25,0.25803699999999985,0.2544369999999995,0.00803699999999985,0.004436999999999525,0.010000000000000009,100,0.16069779888888888,1.3868497645751925
AedesSex.csv,0.3,0.31124933333333243,0.31150133333333246,0.011249333333332445,0.011501333333332475,0.0010000000000000009,100,0.18641659555555554,1.276438598263471
AedesSex.csv,0.35,0.36799166666666716,0.3680753333333338,0.017991666666667183,0.018075333333333832,0.031000000000000028,100,0.20714765666666665,1.3612885597602271
AedesSex.csv,0.4,0.3876573333333315,0.38799299999999814,0.0123426666666685,0.012007000000001877,0.01100000000000001,100,0.21852630555555558,1.1578213832588025
AedesSex.csv,0.44,0.43627966666666784,0.4356103333333344,0.0037203333333321598,0.004389666666665626,0.0020000000000000018,100,0.21713282111111112,1.3407908525957248
AedesSex.csv,0.49,0.48739999999999856,0.48698133333333193,0.0026000000000014345,0.0030186666666680573,0.0040000000000000036,100,0.2289868122222222,1.138395573571045
AedesSex.csv,0.54,0.5385366666666674,0.5384530000000007,0.0014633333333325949,0.001546999999999299,0.0020000000000000018,100,0.21728787111111114,1.3195796786823775
AedesSex.csv,0.6,0.6244780000000024,0.6246440000000024,0.024478000000002442,0.02464400000000244,0.027000000000000024,100,0.21223913222222224,1.3228313961621827
AedesSex.csv,0.65,0.6392876666666697,0.6392043333333363,0.010712333333330326,0.010795666666663761,0.0030000000000000027,100,0.2099601111111111,1.1304588271416647
AedesSex.csv,0.7,0.6856440000000025,0.6856443333333357,0.014355999999997482,0.014355666666664213,0.0039999999999998925,100,0.19889667888888887,1.1395284800850147
AedesSex.csv,0.75,0.7743839999999994,0.774299666666666,0.024383999999999406,0.024299666666666053,0.028000000000000025,100,0.16165863444444448,1.2217243133830369
AedesSex.csv,0.8,0.7889999999999948,0.7894183333333282,0.011000000000005228,0.010581666666671818,0.015000000000000013,100,0.14761141666666666,1.1583749085467496
AedesSex.csv,0.85,0.8660716666666627,0.8659046666666625,0.01607166666666271,0.01590466666666257,0.02400000000000002,100,0.10518597333333334,1.1734714417345666
AedesSex.csv,0.9,0.8894139999999987,0.8893299999999988,0.010586000000001317,0.010670000000001179,0.0050000000000000044,100,0.08765073777777775,1.1033873684547382
AedesSex.csv,0.95,0.9396999999999965,0.9742406666666693,0.010300000000003418,0.024240666666669353,0.007000000000000117,100,0.04750979,0.7069839318708288
AedesSex.csv,0.05,0.06030000000000002,0.05987666666666668,0.010300000000000017,0.00987666666666668,0.009000000000000001,100,0.04873698999999999,0.9043546225319912
AedesSex.csv,0.1,0.11309833333333277,0.10924699999999951,0.013098333333332768,0.009246999999999506,0.0020000000000000018,100,0.08814141666666664,1.0698561535161601
AedesSex.csv,0.15,0.13610933333333275,0.13535733333333277,0.013890666666667245,0.01464266666666722,0.00899999999999998,100,0.11323920444444445,0.9643366836342766
AedesSex.csv,0.2,0.1866529999999987,0.18707133333333206,0.013347000000001302,0.012928666666667948,0.0010000000000000009,100,0.1444897377777778,1.1664529134965784
AedesSex.csv,0.25,0.26389500000000005,0.25979,0.013895000000000046,0.009790000000000021,0.0040000000000000036,100,0.17037189333333333,1.2882779043137262
AedesSex.csv,0.3,0.31066366666666584,0.3107479999999992,0.01066366666666585,0.010747999999999203,0.0040000000000000036,100,0.1890272122222222,1.193260565941548
AedesSex.csv,0.35,0.346320999999999,0.34740833333333254,0.003679000000000987,0.002591666666667436,0.0020000000000000018,100,0.20056992333333337,1.212913193307706
AedesSex.csv,0.4,0.3911843333333314,0.39135199999999803,0.008815666666668609,0.008648000000001987,0.015000000000000013,100,0.2192730344444444,1.2062710147034816
AedesSex.csv,0.44,0.4369490000000012,0.43627966666666773,0.0030509999999988047,0.003720333333332271,0.01200000000000001,100,0.2133619677777778,1.304824150140198
AedesSex.csv,0.49,0.4805333333333319,0.48220866666666534,0.009466666666668067,0.007791333333334649,0.008000000000000007,100,0.2274564566666667,1.1234999302521704
AedesSex.csv,0.54,0.5476563333333342,0.5480746666666674,0.007656333333334153,0.00807466666666734,0.01100000000000001,100,0.22686624,1.2081917854249025
AedesSex.csv,0.6,0.6115873333333354,0.6110833333333352,0.011587333333335392,0.011083333333335221,0.029000000000000026,100,0.2159141111111111,1.2129314378632883
AedesSex.csv,0.65,0.6418813333333359,0.6415470000000028,0.008118666666664165,0.008452999999997268,0.008000000000000007,100,0.20076658222222218,1.416566700074776
AedesSex.csv,0.7,0.7135163333333381,0.7143536666666713,0.013516333333338126,0.014353666666671372,0.03600000000000003,100,0.17859264,1.3512039303222525
AedesSex.csv,0.75,0.7360226666666639,0.7368593333333309,0.013977333333336062,0.013140666666669132,0.008000000000000007,100,0.1667405822222222,1.3003204469559695
AedesSex.csv,0.8,0.8009643333333296,0.8014663333333296,0.00096433333332957,0.0014663333333295725,0.014000000000000012,100,0.14611304888888887,0.9570513663477191
AedesSex.csv,0.85,0.8394536666666699,0.8393703333333365,0.010546333333330105,0.010629666666663429,0.006000000000000005,100,0.12216719555555555,1.0869487555706343
AedesSex.csv,0.9,0.8887446666666654,0.8884926666666654,0.011255333333334616,0.011507333333334646,0.016000000000000014,100,0.08791244888888888,1.0888322101531636
AedesSex.csv,0.95,0.9232176666666673,0.9233850000000009,0.026782333333332686,0.026614999999999056,0.007000000000000117,100,0.05968312333333334,0.8500158932655604
ArabicDigit.csv,0.05,0.060132000000000026,0.027765333333333194,0.010132000000000023,0.02223466666666681,0.024,100,0.04513829333333334,1.6152394929251968
ArabicDigit.csv,0.1,0.11887333333333293,0.11359899999999966,0.018873333333332923,0.013598999999999653,0.02500000000000001,100,0.07774050999999998,1.5773187288759838
ArabicDigit.csv,0.15,0.14248633333333266,0.13796466666666596,0.007513666666667335,0.012035333333334036,0.04799999999999999,100,0.09133287111111113,1.8113998777386295
ArabicDigit.csv,0.2,0.19058533333333205,0.19083633333333203,0.009414666666667959,0.009163666666667986,0.05300000000000002,100,0.12856207111111112,1.8033848186065322
ArabicDigit.csv,0.25,0.24013233333333162,0.23761866666666506,0.009867666666668384,0.012381333333334937,0.055999999999999994,100,0.13665256,2.1495111822255106
ArabicDigit.csv,0.3,0.2947649999999997,0.28589033333333314,0.005235000000000267,0.014109666666666854,0.03999999999999998,100,0.1490690877777778,2.17448823257767
ArabicDigit.csv,0.35,0.3403813333333318,0.342305333333332,0.009618666666668163,0.00769466666666796,0.05499999999999999,100,0.16614974555555556,2.0902580070719634
ArabicDigit.csv,0.4,0.39286399999999805,0.3929486666666648,0.007136000000001974,0.007051333333335241,0.07400000000000001,100,0.17597189333333332,2.1042700385117454
ArabicDigit.csv,0.44,0.43711633333333455,0.4367816666666676,0.002883666666665452,0.0032183333333323794,0.06,100,0.19537832333333335,1.8722088276175148
ArabicDigit.csv,0.49,0.461379666666666,0.4452209999999999,0.02862033333333397,0.04477900000000007,0.057999999999999996,100,0.1790189511111111,2.144859875713152
ArabicDigit.csv,0.54,0.560122666666668,0.5601230000000011,0.020122666666667954,0.020123000000001112,0.03200000000000003,100,0.18048869333333328,2.194403650119419
ArabicDigit.csv,0.6,0.5902523333333323,0.5900846666666656,0.00974766666666771,0.009915333333334386,0.06399999999999995,100,0.18323776000000003,2.0307645268393477
ArabicDigit.csv,0.65,0.6485746666666682,0.6474036666666683,0.0014253333333318352,0.0025963333333317573,0.051000000000000045,100,0.17101326555555554,1.978021317890739
ArabicDigit.csv,0.7,0.7003766666666703,0.7331976666666693,0.00037666666667035553,0.033197666666669345,0.04799999999999993,100,0.1582757822222222,1.8889976880454407
ArabicDigit.csv,0.75,0.763214333333336,0.7933796666666683,0.013214333333335992,0.04337966666666826,0.02400000000000002,100,0.13837940444444446,1.9969054391272465
ArabicDigit.csv,0.8,0.7891673333333281,0.7985426666666622,0.01083266666667193,0.0014573333333378624,0.03300000000000003,100,0.12483119444444446,2.031465971124271
ArabicDigit.csv,0.85,0.8392013333333368,0.83920266666667,0.010798666666663181,0.010797333333329995,0.006000000000000005,100,0.09570823444444444,1.9292037468027479
ArabicDigit.csv,0.9,0.8898339999999988,0.9311990000000014,0.01016600000000123,0.03119900000000142,0.016000000000000014,100,0.06931496000000001,1.6854740899332308
ArabicDigit.csv,0.95,0.9648999999999999,0.9881586666666705,0.014899999999999913,0.03815866666667056,0.01100000000000001,100,0.038712617777777784,1.639995728267049
ArabicDigit.csv,0.05,0.06030000000000002,0.02877133333333319,0.010300000000000017,0.021228666666666812,0.022000000000000002,100,0.04584144444444444,1.5477079962942442
ArabicDigit.csv,0.1,0.11376299999999966,0.04191166666666655,0.01376299999999965,0.05808833333333346,0.036000000000000004,100,0.06667086555555554,1.8148465590127292
ArabicDigit.csv,0.15,0.16255533333333322,0.14621533333333314,0.012555333333333224,0.0037846666666668527,0.03599999999999999,100,0.10078620444444443,2.0072933248978564
ArabicDigit.csv,0.2,0.1981153333333321,0.1974459999999988,0.0018846666666679224,0.002554000000001222,0.05200000000000002,100,0.13127704333333332,1.716333072250378
ArabicDigit.csv,0.25,0.26096533333333344,0.21857499999999935,0.010965333333333438,0.03142500000000065,0.04999999999999999,100,0.14254497333333332,1.999517692302456
ArabicDigit.csv,0.3,0.3112493333333325,0.3114176666666658,0.0112493333333325,0.011417666666665827,0.044999999999999984,100,0.1662056666666666,1.8828243943367535
ArabicDigit.csv,0.35,0.35008666666666627,0.35125799999999974,8.666666666629075e-05,0.0012579999999997593,0.05399999999999999,100,0.17096675000000006,2.0417407058731243
ArabicDigit.csv,0.4,0.40605199999999814,0.4052966666666649,0.0060519999999981144,0.005296666666664895,0.064,100,0.17739917333333335,2.1067556559713267
ArabicDigit.csv,0.44,0.4412160000000009,0.43971000000000077,0.001216000000000883,0.0002899999999992353,0.07500000000000001,100,0.1846959288888889,2.030321078947988
ArabicDigit.csv,0.49,0.480282333333332,0.4813716666666654,0.009717666666668012,0.00862833333333457,0.04799999999999999,100,0.19203541666666665,1.9440437271076905
ArabicDigit.csv,0.54,0.5630510000000012,0.5633860000000012,0.023051000000001154,0.023386000000001128,0.05500000000000005,100,0.17375973777777776,2.252939377005783
ArabicDigit.csv,0.6,0.5921839999999993,0.5920996666666657,0.007816000000000711,0.007900333333334286,0.05999999999999994,100,0.18165912333333334,2.090231405569682
ArabicDigit.csv,0.65,0.6616273333333331,0.6592006666666667,0.0116273333333331,0.009200666666666635,0.025000000000000022,100,0.1607122344444444,2.1694951944611702
ArabicDigit.csv,0.7,0.6884156666666695,0.6390776666666691,0.011584333333330421,0.06092233333333086,0.052999999999999936,100,0.15390337333333334,2.057573724946556
ArabicDigit.csv,0.75,0.7530906666666668,0.7523376666666665,0.003090666666666797,0.0023376666666664603,0.028000000000000025,100,0.1377826488888889,2.1194376384014704
ArabicDigit.csv,0.8,0.8120083333333308,0.8182886666666643,0.012008333333330734,0.01828866666666429,0.01100000000000001,100,0.12050659000000001,1.8562754377446666
ArabicDigit.csv,0.85,0.8383640000000034,0.8382820000000032,0.011635999999996538,0.011717999999996787,0.0010000000000000009,100,0.10094343999999998,1.9488095429476184
ArabicDigit.csv,0.9,0.867815666666664,0.8677186666666652,0.032184333333336035,0.03228133333333483,0.0010000000000000009,100,0.0764583288888889,1.8944616458420624
ArabicDigit.csv,0.95,0.9396999999999965,0.9736536666666691,0.010300000000003418,0.023653666666669126,0.006000000000000116,100,0.04955966555555555,1.684666401803395
BNG.csv,0.05,0.03509999999999992,0.034765666666666584,0.01490000000000008,0.015234333333333419,0.032,100,0.032990222222222226,0.5414785390969689
BNG.csv,0.1,0.11075566666666613,0.10698799999999944,0.010755666666666122,0.006987999999999439,0.01100000000000001,100,0.09049309333333336,0.7735928838776004
BNG.csv,0.15,0.16037866666666667,0.16037833333333334,0.010378666666666675,0.01037833333333335,0.0,100,0.12762763888888887,0.9110547128625928
BNG.csv,0.2,0.21091633333333226,0.21074933333333226,0.010916333333332251,0.01074933333333225,0.006000000000000005,100,0.14986306222222223,0.919257739855023
BNG.csv,0.25,0.2361996666666649,0.23544466666666494,0.013800333333335107,0.014555333333335058,0.026999999999999996,100,0.16678555999999997,1.0525366428034784
BNG.csv,0.3,0.2916689999999998,0.2854756666666667,0.0083310000000002,0.014524333333333306,0.02799999999999997,100,0.18520831555555553,1.2554139786466543
BNG.csv,0.35,0.35987566666666765,0.36062866666666776,0.00987566666666767,0.010628666666667785,0.0030000000000000027,100,0.2137281455555556,1.1143412905602266
BNG.csv,0.4,0.38782533333333147,0.3883286666666648,0.012174666666668554,0.011671333333335199,0.009000000000000008,100,0.2209931155555555,1.2244303352652346
BNG.csv,0.44,0.4198803333333323,0.42004699999999917,0.0201196666666677,0.01995300000000083,0.016000000000000014,100,0.23444512333333337,0.9858958247749084
BNG.csv,0.49,0.4602083333333329,0.4602919999999995,0.029791666666667105,0.029708000000000512,0.020999999999999963,100,0.2222123155555556,1.3066868378043188
BNG.csv,0.54,0.537616333333334,0.537616333333334,0.0023836666666660067,0.0023836666666660067,0.03700000000000003,100,0.22658983444444442,1.2293819350064892
BNG.csv,0.6,0.6125113333333355,0.6121743333333354,0.01251133333333554,0.012174333333335396,0.008000000000000007,100,0.2143139066666666,1.3691762240318734
BNG.csv,0.65,0.6422160000000026,0.6423836666666694,0.00778399999999746,0.0076163333333306715,0.01100000000000001,100,0.2111854433333334,1.2337186144610333
BNG.csv,0.7,0.7069880000000047,0.7083260000000045,0.006988000000004768,0.008326000000004496,0.019000000000000017,100,0.18259246555555553,1.4909581274791612
BNG.csv,0.75,0.7566046666666676,0.7558516666666674,0.006604666666667591,0.005851666666667366,0.009000000000000008,100,0.17688377333333333,1.2205896177214497
BNG.csv,0.8,0.8120919999999974,0.8126776666666641,0.012091999999997327,0.012677666666664034,0.007000000000000006,100,0.15406558222222227,0.793747751204013
BNG.csv,0.85,0.8410490000000027,0.8409656666666695,0.008950999999997267,0.00903433333333048,0.01200000000000001,100,0.12468811111111112,0.8097433878212643
BNG.csv,0.9,0.8828866666666649,0.8831376666666652,0.01711333333333509,0.016862333333334867,0.0,100,0.09323330666666665,0.9690471746746505
BNG.csv,0.95,0.9396999999999965,0.9406246666666636,0.010300000000003418,0.0093753333333364,0.0009999999999998899,100,0.0475705011111111,0.6919086304694477
BNG.csv,0.05,0.06339566666666675,0.06364200000000007,0.01339566666666675,0.01364200000000007,0.0020000000000000018,100,0.05370666666666666,0.58193612759995
BNG.csv,0.1,0.10991899999999945,0.10606733333333278,0.009918999999999442,0.006067333333332772,0.015,100,0.08417664000000002,0.7069839318711683
BNG.csv,0.15,0.16029499999999997,0.16054566666666664,0.01029499999999997,0.010545666666666648,0.0010000000000000009,100,0.12303863999999999,1.0474260195640248
BNG.csv,0.2,0.19066899999999873,0.19075266666666538,0.009331000000001283,0.009247333333334634,0.01100000000000001,100,0.14535024888888892,1.1346522476627565
BNG.csv,0.25,0.2848103333333338,0.2834710000000005,0.034810333333333776,0.03347100000000047,0.016000000000000014,100,0.1867714788888889,1.1013400728540554
BNG.csv,0.3,0.2840573333333337,0.2834713333333338,0.015942666666666272,0.016528666666666192,0.02799999999999997,100,0.18796141666666666,1.0147412768200168
BNG.csv,0.35,0.3515916666666664,0.3520103333333332,0.0015916666666664359,0.002010333333333225,0.002999999999999947,100,0.20690292888888892,1.152209400592862
BNG.csv,0.4,0.3733466666666664,0.37359766666666644,0.02665333333333364,0.026402333333333583,0.03300000000000003,100,0.20669211000000004,1.3145979968942836
BNG.csv,0.44,0.4361123333333344,0.43577766666666756,0.0038876666666656234,0.00422233333333244,0.01200000000000001,100,0.22614043999999997,1.2266946338036668
BNG.csv,0.49,0.4855956666666668,0.4886943333333337,0.004404333333333177,0.0013056666666663164,0.01100000000000001,100,0.22948464888888898,1.2746092839967715
BNG.csv,0.54,0.5576963333333347,0.5577803333333344,0.017696333333334646,0.017780333333334397,0.006000000000000005,100,0.23318421777777773,1.0846168654667574
BNG.csv,0.6,0.6080596666666681,0.6075553333333346,0.00805966666666813,0.00755533333333458,0.0010000000000000009,100,0.21715252777777777,1.360999871328516
BNG.csv,0.65,0.6381163333333364,0.6376980000000031,0.011883666666663628,0.012301999999996927,0.010000000000000009,100,0.21107929333333333,1.2631507308664185
BNG.csv,0.7,0.688667000000003,0.6883316666666698,0.011332999999996929,0.011668333333330172,0.007999999999999896,100,0.20029079555555554,1.0656336153239157
BNG.csv,0.75,0.7638000000000029,0.7638003333333362,0.013800000000002921,0.01380033333333619,0.016000000000000014,100,0.16794576000000003,1.3095581981226085
BNG.csv,0.8,0.7889999999999948,0.7894183333333282,0.011000000000005228,0.010581666666671818,0.013000000000000012,100,0.1578669288888889,0.8601253956473272
BNG.csv,0.85,0.8371923333333363,0.8371096666666695,0.012807666666663664,0.01289033333333045,0.015000000000000013,100,0.1294172222222222,1.2136287768096794
BNG.csv,0.9,0.8906689999999988,0.8904176666666657,0.0093310000000012,0.009582333333334359,0.0040000000000000036,100,0.08970242666666667,0.9796594067102515
BNG.csv,0.95,0.9238870000000002,0.9243053333333338,0.02611299999999972,0.0256946666666662,0.0019999999999998908,100,0.05503236777777778,1.1628963413141824
BNG_breast-w.csv,0.05,0.07092566666666679,0.06925233333333347,0.020925666666666787,0.01925233333333347,0.0010000000000000009,100,0.057689132222222224,0.6721584245124503
BNG_breast-w.csv,0.1,0.11711566666666616,0.11452066666666617,0.017115666666666154,0.014520666666666168,0.007000000000000006,100,0.09472178222222226,0.7786014407067678
BNG_breast-w.csv,0.15,0.14366866666666617,0.14207533333333278,0.006331333333333827,0.007924666666667218,0.010999999999999982,100,0.12362611111111114,0.7192841495301083
BNG_breast-w.csv,0.2,0.1954379999999988,0.1948523333333321,0.004562000000001204,0.0051476666666679105,0.020000000000000018,100,0.14860588888888887,0.9975029995524063
BNG_breast-w.csv,0.25,0.2616346666666669,0.2617180000000002,0.011634666666666904,0.011718000000000173,0.010000000000000009,100,0.18079373777777782,0.9611093242475756
BNG_breast-w.csv,0.3,0.2905853333333334,0.28933133333333355,0.009414666666666571,0.010668666666666438,0.01799999999999996,100,0.18649299555555557,1.123378977728764
BNG_breast-w.csv,0.35,0.34849599999999936,0.3491653333333329,0.001504000000000616,0.0008346666666670943,0.01799999999999996,100,0.20786935444444438,1.1564144081354066
BNG_breast-w.csv,0.4,0.3740996666666664,0.37443433333333304,0.025900333333333636,0.025565666666666986,0.03500000000000003,100,0.2122198611111111,1.2422038815892311
BNG_breast-w.csv,0.44,0.43661433333333444,0.4363633333333343,0.0033856666666655655,0.0036366666666656777,0.0050000000000000044,100,0.22829737333333333,1.1760675417855193
BNG_breast-w.csv,0.49,0.4748499999999989,0.4745989999999987,0.015150000000001107,0.015401000000001275,0.010000000000000009,100,0.22914507888888885,1.2780866171298566
BNG_breast-w.csv,0.54,0.5613776666666679,0.5615453333333345,0.02137766666666785,0.021545333333334415,0.018000000000000016,100,0.23984948444444437,0.8358720329050795
BNG_breast-w.csv,0.6,0.5884899999999991,0.5885736666666656,0.011510000000000908,0.011426333333334426,0.017000000000000015,100,0.22060753222222224,1.3073855224984112
BNG_breast-w.csv,0.65,0.6408773333333361,0.6409613333333362,0.009122666666663948,0.009038666666663864,0.014000000000000012,100,0.21312386111111115,1.2502873241176726
BNG_breast-w.csv,0.7,0.6908300000000032,0.6876446666666698,0.009169999999996792,0.012355333333330165,0.0030000000000001137,100,0.19430012888888892,1.0717407735953985
BNG_breast-w.csv,0.75,0.7356016666666632,0.73568533333333,0.014398333333336844,0.014314666666670028,0.01200000000000001,100,0.17604166555555556,1.247710874770882
BNG_breast-w.csv,0.8,0.8100839999999973,0.8105859999999973,0.010083999999997206,0.010585999999997209,0.006000000000000005,100,0.15434797333333333,0.8410299705998326
BNG_breast-w.csv,0.85,0.8386150000000033,0.8388673333333365,0.011384999999996648,0.01113266666666346,0.008000000000000007,100,0.12591266666666664,1.186963307145626
BNG_breast-w.csv,0.9,0.8678303333333294,0.8674956666666627,0.03216966666667065,0.032504333333337354,0.008000000000000007,100,0.09555371000000003,1.0276524923205974
BNG_breast-w.csv,0.95,0.9391979999999966,0.9403739999999968,0.010802000000003309,0.009626000000003132,0.0009999999999998899,100,0.05274002111111112,0.9036624078402846
BNG_breast-w.csv,0.05,0.07812100000000005,0.07402133333333343,0.02812100000000005,0.024021333333333422,0.006000000000000005,100,0.058435728888888885,0.6261874982359088
BNG_breast-w.csv,0.1,0.1089986666666661,0.10598366666666612,0.0089986666666661,0.00598366666666611,0.010000000000000009,100,0.08602689333333333,0.4602071629054709
BNG_breast-w.csv,0.15,0.14299699999999949,0.1418236666666661,0.007003000000000509,0.008176333333333896,0.010999999999999982,100,0.1237725377777778,0.7023549649028498
BNG_breast-w.csv,0.2,0.18656933333333206,0.1869876666666654,0.01343066666666795,0.013012333333334625,0.014000000000000012,100,0.14880133333333334,0.9853157794790814
BNG_breast-w.csv,0.25,0.23611599999999824,0.23510999999999826,0.013884000000001756,0.014890000000001735,0.028999999999999998,100,0.17137876,0.8938657569451959
BNG_breast-w.csv,0.3,0.2937623333333331,0.2859769999999999,0.006237666666666863,0.014023000000000063,0.02699999999999997,100,0.18825431555555558,1.067511164538379
BNG_breast-w.csv,0.35,0.34849599999999936,0.34899799999999953,0.001504000000000616,0.001002000000000447,0.006999999999999951,100,0.20961877666666667,1.0880629695028496
BNG_breast-w.csv,0.4,0.3894213333333315,0.3897566666666648,0.010578666666668513,0.010243333333335214,0.019000000000000017,100,0.23041955555555554,0.8954933326505254
BNG_breast-w.csv,0.44,0.41552966666666513,0.41552899999999865,0.02447033333333487,0.024471000000001353,0.02699999999999997,100,0.23078946222222224,1.0682578609130582
BNG_breast-w.csv,0.49,0.4884073333333319,0.4858933333333319,0.0015926666666680744,0.004106666666668091,0.01899999999999996,100,0.2344552655555556,1.084175710954484
BNG_breast-w.csv,0.54,0.537616333333334,0.5377836666666674,0.0023836666666660067,0.0022163333333325985,0.0050000000000000044,100,0.2252777455555556,1.2534959792748601
BNG_breast-w.csv,0.6,0.6120906666666688,0.6119223333333353,0.012090666666668803,0.011922333333335366,0.006000000000000005,100,0.2215084211111111,1.1064669962596552
BNG_breast-w.csv,0.65,0.6515033333333343,0.6510860000000012,0.0015033333333343002,0.0010860000000011416,0.0020000000000000018,100,0.21114894555555555,1.1387558942260432
BNG_breast-w.csv,0.7,0.6888346666666697,0.6884156666666696,0.011165333333330252,0.01158433333333031,0.0119999999999999,100,0.19759470666666665,1.1472948864370993
BNG_breast-w.csv,0.75,0.7392856666666646,0.739871666666665,0.01071433333333538,0.01012833333333496,0.007000000000000006,100,0.17782408333333324,1.0455206379989108
BNG_breast-w.csv,0.8,0.8120919999999974,0.8125103333333308,0.012091999999997327,0.012510333333330736,0.0030000000000000027,100,0.15380321777777778,1.0094652838852216
BNG_breast-w.csv,0.85,0.8397890000000032,0.8395380000000032,0.01021099999999675,0.010461999999996752,0.006000000000000005,100,0.12402036777777779,1.0333077147593346
BNG_breast-w.csv,0.9,0.884140666666665,0.8814589999999985,0.015859333333335,0.018541000000001473,0.0050000000000000044,100,0.09317535111111114,1.0789366870092805
BNG_breast-w.csv,0.95,0.935098333333331,0.9363586666666648,0.014901666666668922,0.01364133333333517,0.0019999999999998908,100,0.05341158222222221,0.877920831141219
HTRU.csv,0.05,0.21074899999999894,0.2110006666666656,0.16074899999999892,0.16100066666666557,0.056999999999999995,100,0.1269298711111111,1.6623453246438054
HTRU.csv,0.1,0.22502833333333194,0.2251119999999986,0.12502833333333194,0.12511199999999859,0.07899999999999999,100,0.1476496211111111,1.6014248443207686
HTRU.csv,0.15,0.2966006666666661,0.29576533333333277,0.14660066666666613,0.14576533333333277,0.08500000000000002,100,0.1786644177777778,1.5308788654671757
HTRU.csv,0.2,0.3324156666666647,0.3345913333333317,0.1324156666666647,0.13459133333333168,0.04799999999999999,100,0.17177988888888895,1.8641891357869513
HTRU.csv,0.25,0.4110066666666648,0.410838666666665,0.1610066666666648,0.16083866666666502,0.08200000000000002,100,0.1971623766666667,1.7158425878606478
HTRU.csv,0.3,0.4110906666666648,0.410838666666665,0.11109066666666478,0.11083866666666503,0.056999999999999995,100,0.20107167111111107,1.6120712716711039
HTRU.csv,0.35,0.4622999999999992,0.4621326666666659,0.11229999999999923,0.11213266666666594,0.031000000000000028,100,0.21143477333333333,1.648809784071593
HTRU.csv,0.4,0.4622999999999992,0.4621326666666659,0.06229999999999919,0.06213266666666589,0.027000000000000024,100,0.199721,1.7272884557574102
HTRU.csv,0.44,0.5040326666666671,0.5009326666666672,0.06403266666666713,0.060932666666667246,0.04799999999999999,100,0.2198182877777778,1.3486576366312444
HTRU.csv,0.49,0.5891626666666657,0.5897499999999991,0.09916266666666573,0.09974999999999912,0.050000000000000044,100,0.20632646222222223,1.4035632446379829
HTRU.csv,0.54,0.6605393333333331,0.6600393333333333,0.12053933333333311,0.12003933333333328,0.08399999999999996,100,0.1957697822222222,1.4049374352507633
HTRU.csv,0.6,0.6883316666666697,0.6880803333333363,0.0883316666666697,0.08808033333333631,0.041000000000000036,100,0.1870365988888889,1.3430475502699026
HTRU.csv,0.65,0.7194566666666701,0.720377000000003,0.06945666666667005,0.07037700000000302,0.05799999999999994,100,0.17462575111111114,1.1460608951497946
HTRU.csv,0.7,0.7638000000000029,0.7638003333333362,0.06380000000000297,0.06380033333333623,0.04700000000000004,100,0.16541630555555556,1.1434225199245696
HTRU.csv,0.75,0.8139326666666643,0.8146859999999977,0.0639326666666643,0.06468599999999769,0.062000000000000055,100,0.13900644444444446,0.9230388752154699
HTRU.csv,0.8,0.8674949999999961,0.8674953333333292,0.06749499999999609,0.06749533333332913,0.07299999999999995,100,0.1062650622222222,0.7068239009163371
HTRU.csv,0.85,0.8848949999999983,0.8845593333333318,0.034894999999998344,0.03455933333333183,0.025000000000000022,100,0.09397641222222224,0.8238592729411318
HTRU.csv,0.9,0.8974473333333333,0.8959406666666664,0.0025526666666667586,0.004059333333333637,0.01200000000000001,100,0.07979408444444445,0.5396118558356361
HTRU.csv,0.95,0.964732,0.9881586666666705,0.014732000000000078,0.03815866666667056,0.015000000000000013,100,0.040435537777777766,0.6385078411645265
HTRU.csv,0.05,0.18489599999999876,0.1852306666666654,0.13489599999999874,0.1352306666666654,0.06,100,0.11831799999999999,1.3460870753171141
HTRU.csv,0.1,0.21083299999999894,0.2111686666666656,0.11083299999999893,0.11116866666666558,0.022999999999999993,100,0.1321459322222222,1.608665101053302
HTRU.csv,0.15,0.3314076666666648,0.3336676666666651,0.18140766666666483,0.1836676666666651,0.091,100,0.16845442111111109,1.7883450702163846
HTRU.csv,0.2,0.3119199999999991,0.3122553333333324,0.11191999999999908,0.11225533333333237,0.067,100,0.1834515288888889,1.5438526713914769
HTRU.csv,0.25,0.36648566666666754,0.3662346666666675,0.11648566666666754,0.11623466666666749,0.08900000000000002,100,0.20122639555555558,1.3989367234102763
HTRU.csv,0.3,0.3895886666666647,0.3896729999999981,0.0895886666666647,0.08967299999999812,0.018000000000000016,100,0.19719891555555555,1.6880513194414843
HTRU.csv,0.35,0.4381203333333345,0.4375346666666676,0.08812033333333452,0.08753466666666765,0.050000000000000044,100,0.21060293777777775,1.484202883790911
HTRU.csv,0.4,0.4806229999999985,0.48003699999999877,0.0806229999999985,0.08003699999999875,0.04199999999999998,100,0.20638517333333334,1.6548972518789968
HTRU.csv,0.44,0.48739999999999856,0.48739999999999856,0.047399999999998554,0.047399999999998554,0.02200000000000002,100,0.2092430844444444,1.4717638290160604
HTRU.csv,0.49,0.5657283333333343,0.5662306666666675,0.07572833333333429,0.07623066666666756,0.026000000000000023,100,0.21065586111111112,1.4816371828749364
HTRU.csv,0.54,0.610327333333335,0.6098233333333352,0.07032733333333496,0.06982333333333512,0.04499999999999993,100,0.21299869333333332,1.272184361779256
HTRU.csv,0.6,0.6382836666666697,0.6381163333333363,0.03828366666666971,0.038116333333336305,0.01200000000000001,100,0.20427269333333334,1.3933350455056652
HTRU.csv,0.65,0.7130980000000049,0.7145210000000045,0.06309800000000487,0.06452100000000449,0.03500000000000003,100,0.17712247111111112,1.2731380577202631
HTRU.csv,0.7,0.7636326666666695,0.7635493333333361,0.06363266666666956,0.06354933333333612,0.02200000000000002,100,0.16831464333333337,1.1956314005817734
HTRU.csv,0.75,0.7889159999999948,0.7892506666666615,0.038915999999994844,0.03925066666666155,0.02100000000000002,100,0.15697061777777777,1.041015630125093
HTRU.csv,0.8,0.8676626666666628,0.867327999999996,0.06766266666666276,0.06732799999999595,0.05899999999999994,100,0.09953188888888889,0.8602098354719518
HTRU.csv,0.85,0.8561646666666656,0.8562483333333323,0.006164666666665597,0.006248333333332301,0.0040000000000000036,100,0.12061274999999999,0.8465246990885951
HTRU.csv,0.9,0.9005380000000012,0.8980226666666683,0.0005380000000011487,0.001977333333331721,0.017000000000000015,100,0.07062000000000002,0.6339675744161645
HTRU.csv,0.95,0.9396999999999965,0.9405406666666634,0.010300000000003418,0.009459333333336595,0.0039999999999998925,100,0.04825662666666667,0.7320040530467119
MagicTelescope.csv,0.05,0.06030000000000002,0.02910633333333319,0.010300000000000017,0.020893666666666814,0.0040000000000000036,100,0.046776083333333315,2.1391316021338773
MagicTelescope.csv,0.1,0.14886999999999947,0.09410300000000006,0.04886999999999947,0.005896999999999944,0.006999999999999992,100,0.0745540211111111,2.1807337069075765
MagicTelescope.csv,0.15,0.1225479999999996,0.11794733333333293,0.027452000000000393,0.03205266666666706,0.04799999999999999,100,0.06698877666666667,2.28880777970974
MagicTelescope.csv,0.2,0.1646303333333328,0.12869766666666643,0.035369666666667215,0.07130233333333358,0.05500000000000002,100,0.08356611111111115,2.2392716962363077
MagicTelescope.csv,0.25,0.17727099999999898,0.1316266666666664,0.07272900000000102,0.11837333333333361,0.07599999999999998,100,0.09872673222222224,2.34500094352376
MagicTelescope.csv,0.3,0.19368066666666545,0.134469333333333,0.10631933333333454,0.165530666666667,0.07199999999999998,100,0.08825608333333335,2.628248733073594
MagicTelescope.csv,0.35,0.2864000000000004,0.2790313333333335,0.0635999999999996,0.07096866666666646,0.01799999999999996,100,0.12121609333333333,2.5414892601901746
MagicTelescope.csv,0.4,0.2947673333333332,0.29326233333333335,0.10523266666666681,0.10673766666666668,0.10800000000000004,100,0.1299241822222222,2.3919731056690416
MagicTelescope.csv,0.44,0.43301466666666755,0.4325123333333342,0.006985333333332455,0.007487666666665782,0.06,100,0.14107926555555556,2.606847310136482
MagicTelescope.csv,0.49,0.43075133333333404,0.41617433333333415,0.05924866666666595,0.07382566666666585,0.007000000000000006,100,0.1431189377777778,2.5476003488546715
MagicTelescope.csv,0.54,0.4281563333333338,0.41868933333333397,0.11184366666666623,0.12131066666666607,0.04200000000000004,100,0.11489730111111113,2.7582559040741574
MagicTelescope.csv,0.6,0.48097899999999955,0.47452966666666624,0.11902100000000043,0.12547033333333374,0.0040000000000000036,100,0.1273021988888889,2.774163495163338
MagicTelescope.csv,0.65,0.5349390000000005,0.5346880000000005,0.11506099999999952,0.11531199999999953,0.016000000000000014,100,0.13219586222222224,2.7405760045290997
MagicTelescope.csv,0.7,0.5417160000000008,0.5407956666666675,0.1582839999999992,0.1592043333333325,0.04299999999999993,100,0.12684972888888887,2.761094085697963
MagicTelescope.csv,0.75,0.5890809999999992,0.5493859999999999,0.1609190000000008,0.20061400000000007,0.08499999999999996,100,0.1323879288888889,2.653476383591442
MagicTelescope.csv,0.8,0.6424713333333354,0.639204333333335,0.15752866666666465,0.160795666666665,0.015000000000000013,100,0.10934793222222224,2.748364078656957
MagicTelescope.csv,0.85,0.6774986666666685,0.6805123333333352,0.1725013333333315,0.16948766666666482,0.016000000000000014,100,0.11539630555555554,2.54036703639233
MagicTelescope.csv,0.9,0.7903233333333302,0.819797666666664,0.10967666666666986,0.08020233333333604,0.041000000000000036,100,0.08405237666666666,2.62685569988151
MagicTelescope.csv,0.95,0.7281626666666686,0.787542000000001,0.22183733333333133,0.162457999999999,0.09499999999999997,100,0.09962784,2.639421545872912
MagicTelescope.csv,0.05,0.03526866666666659,0.016443333333333233,0.014731333333333416,0.03355666666666677,0.011000000000000003,100,0.039483248888888885,2.1553034709106105
MagicTelescope.csv,0.1,0.060132000000000026,0.02793299999999986,0.03986799999999998,0.07206700000000014,0.066,100,0.04546966666666667,2.2093583381336765
MagicTelescope.csv,0.15,0.16463266666666623,0.12744233333333313,0.014632666666666239,0.022557666666666865,0.009000000000000008,100,0.08181633777777778,2.346736642786622
MagicTelescope.csv,0.2,0.17552099999999926,0.17576966666666594,0.02447900000000075,0.024230333333334075,0.00899999999999998,100,0.08784149333333331,2.523983512731158
MagicTelescope.csv,0.25,0.21108566666666562,0.1683829999999992,0.03891433333333438,0.0816170000000008,0.025999999999999995,100,0.09742577777777778,2.455307632201793
MagicTelescope.csv,0.3,0.2361996666666649,0.2354439999999983,0.0638003333333351,0.0645560000000017,0.030999999999999972,100,0.11905062666666667,2.411344775042612
MagicTelescope.csv,0.35,0.3102549999999995,0.2015576666666667,0.039745000000000474,0.1484423333333333,0.028000000000000025,100,0.11022500444444444,2.6847017822745283
MagicTelescope.csv,0.4,0.33443166666666463,0.3292333333333318,0.0655683333333354,0.0707666666666682,0.059,100,0.12628822222222222,2.5480140992677596
MagicTelescope.csv,0.44,0.344385333333333,0.3426236666666661,0.09561466666666701,0.0973763333333339,0.045999999999999985,100,0.13014390666666664,2.534261145339013
MagicTelescope.csv,0.49,0.31000766666666624,0.30490699999999954,0.17999233333333375,0.18509300000000045,0.126,100,0.12762677777777776,2.534364421724085
MagicTelescope.csv,0.54,0.43527500000000097,0.42681433333333463,0.10472499999999907,0.11318566666666541,0.0030000000000000027,100,0.12270867888888887,2.80269992867714
MagicTelescope.csv,0.6,0.4866463333333319,0.48605999999999855,0.11335366666666807,0.11394000000000143,0.040999999999999925,100,0.14834329333333332,2.5885004829060305
MagicTelescope.csv,0.65,0.5110623333333337,0.45477533333333403,0.1389376666666663,0.195224666666666,0.040000000000000036,100,0.12726401222222225,2.754829444650572
MagicTelescope.csv,0.7,0.49717200000000067,0.46483933333333444,0.2028279999999993,0.23516066666666552,0.10399999999999998,100,0.12596904333333334,2.7650734009569704
MagicTelescope.csv,0.75,0.6020943333333338,0.5604686666666674,0.14790566666666616,0.1895313333333326,0.04400000000000004,100,0.12114713222222223,2.7892201396892147
MagicTelescope.csv,0.8,0.544895333333334,0.5441426666666674,0.2551046666666661,0.2558573333333326,0.125,100,0.11759743444444444,2.831110688702891
MagicTelescope.csv,0.85,0.6212973333333358,0.582511000000002,0.22870266666666417,0.267488999999998,0.131,100,0.13262992333333334,2.6408786744449095
MagicTelescope.csv,0.9,0.695008000000002,0.7618356666666672,0.20499199999999806,0.13816433333333278,0.09299999999999997,100,0.10701035111111111,2.7194315589200895
MagicTelescope.csv,0.95,0.7917436666666637,0.8202976666666641,0.15825633333333622,0.1297023333333358,0.03299999999999992,100,0.09067874999999999,2.5475880387445033
abalone.csv,0.05,0.10272166666666625,0.07131333333333321,0.05272166666666625,0.021313333333333212,0.065,100,0.06308334555555555,2.5942866834902185
abalone.csv,0.1,0.18632466666666617,0.13681966666666637,0.08632466666666616,0.03681966666666636,0.028999999999999998,100,0.07469343444444444,2.6422379487851595
abalone.csv,0.15,0.10305266666666615,0.0740773333333332,0.04694733333333384,0.07592266666666679,0.05099999999999999,100,0.06320635999999999,2.6527459421605055
abalone.csv,0.2,0.22880633333333175,0.18649899999999903,0.02880633333333174,0.013501000000000984,0.0040000000000000036,100,0.08939315111111112,2.685902169900249
abalone.csv,0.25,0.251008999999999,0.21196399999999901,0.001008999999998983,0.038036000000000986,0.009000000000000008,100,0.10522287111111112,2.6874099463499856
abalone.csv,0.3,0.2676590000000003,0.225019333333333,0.032340999999999676,0.074980666666667,0.021999999999999964,100,0.09240525666666669,2.723746131804465
abalone.csv,0.35,0.256950333333333,0.21857966666666584,0.09304966666666697,0.13142033333333414,0.07199999999999995,100,0.08673515111111112,2.7656250030053533
abalone.csv,0.4,0.38758266666666524,0.37427066666666564,0.012417333333334779,0.02572933333333438,0.02400000000000002,100,0.10900423999999999,2.790131561532094
abalone.csv,0.44,0.4972556666666674,0.46492300000000103,0.05725566666666737,0.024923000000001028,0.07200000000000001,100,0.1092585988888889,2.8621809229315036
abalone.csv,0.49,0.48057500000000003,0.4507576666666673,0.009424999999999961,0.03924233333333271,0.0010000000000000009,100,0.12249975999999999,2.7384803407580023
abalone.csv,0.54,0.5361103333333338,0.5010113333333341,0.003889666666666236,0.038988666666665894,0.027000000000000024,100,0.11412355111111111,2.7444206721223563
abalone.csv,0.6,0.5231420000000006,0.48787366666666754,0.07685799999999943,0.11212633333333244,0.08099999999999996,100,0.10947431555555558,2.8219970840319277
abalone.csv,0.65,0.7687823333333335,0.8029556666666666,0.11878233333333343,0.1529556666666666,0.15800000000000003,100,0.08728848444444445,2.7892987342009596
abalone.csv,0.7,0.7197833333333343,0.7225516666666675,0.019783333333334374,0.022551666666667525,0.04399999999999993,100,0.09612321222222223,2.7547065843442717
abalone.csv,0.75,0.7533723333333343,0.7556330000000002,0.0033723333333343097,0.005633000000000221,0.025000000000000022,100,0.10419959555555555,2.6718044720499003
abalone.csv,0.8,0.7690466666666678,0.8173680000000002,0.030953333333332278,0.01736800000000016,0.06699999999999995,100,0.08712653777777778,2.648986411869387
abalone.csv,0.85,0.7649249999999999,0.7656776666666661,0.08507500000000012,0.08432233333333383,0.052999999999999936,100,0.09582619555555556,2.644662489543842
abalone.csv,0.9,0.7438230000000012,0.8028716666666664,0.1561769999999988,0.0971283333333336,0.118,100,0.0936059288888889,2.6536901578173024
abalone.csv,0.95,0.7862089999999978,0.8217196666666642,0.16379100000000213,0.12828033333333577,0.08099999999999996,100,0.07933007111111111,2.6166606134320665
abalone.csv,0.05,0.037138999999999874,0.025495666666666535,0.01286100000000013,0.024504333333333468,0.032,100,0.04565402111111111,2.5873521169316622
abalone.csv,0.1,0.12070733333333294,0.08462666666666659,0.02070733333333294,0.01537333333333342,0.0040000000000000036,100,0.06633989333333334,2.7158067400784005
abalone.csv,0.15,0.1870683333333324,0.13371399999999978,0.0370683333333324,0.016286000000000217,0.012999999999999984,100,0.07405846222222222,2.6992176392549845
abalone.csv,0.2,0.2448149999999986,0.2098733333333323,0.04481499999999858,0.00987333333333229,0.04799999999999999,100,0.08909008333333332,2.786361428012851
abalone.csv,0.25,0.23467699999999847,0.18356799999999904,0.01532300000000153,0.06643200000000096,0.0030000000000000027,100,0.08540875111111113,2.819484420116506
abalone.csv,0.3,0.3360713333333323,0.26480133333333317,0.03607133333333229,0.03519866666666682,0.007000000000000006,100,0.09210331000000002,2.8303515573161553
abalone.csv,0.35,0.41560466666666573,0.40915133333333265,0.06560466666666576,0.05915133333333267,0.04700000000000004,100,0.1087450433333333,2.7983493158127972
abalone.csv,0.4,0.3705046666666662,0.35894800000000004,0.029495333333333817,0.04105199999999998,0.031000000000000028,100,0.1067331111111111,2.8046091999078677
abalone.csv,0.44,0.38357566666666637,0.37101366666666685,0.05642433333333363,0.06898633333333315,0.08000000000000002,100,0.11122011555555555,2.6305235570459002
abalone.csv,0.49,0.6011783333333334,0.6051166666666669,0.11117833333333338,0.11511666666666687,0.030000000000000027,100,0.08769476777777778,2.8726626243784006
abalone.csv,0.54,0.45192533333333273,0.45033533333333264,0.0880746666666673,0.08966466666666739,0.09400000000000003,100,0.11461885666666669,2.7637714826037922
abalone.csv,0.6,0.5557750000000007,0.5190876666666675,0.04422499999999929,0.08091233333333248,0.020000000000000018,100,0.11406352333333335,2.775330834492543
abalone.csv,0.65,0.6448156666666685,0.6454056666666679,0.00518433333333157,0.004594333333332146,0.038000000000000034,100,0.11070463444444442,2.7150660668760804
abalone.csv,0.7,0.6249653333333339,0.5904546666666671,0.07503466666666603,0.10954533333333283,0.10599999999999998,100,0.10132939555555556,2.8002589856538393
abalone.csv,0.75,0.6588850000000013,0.6608966666666675,0.09111499999999872,0.08910333333333254,0.03300000000000003,100,0.10715924000000002,2.714104537273729
abalone.csv,0.8,0.7469243333333344,0.8029566666666663,0.05307566666666563,0.0029566666666662744,0.10199999999999998,100,0.08715419,2.599758934634704
abalone.csv,0.85,0.7298316666666704,0.7277406666666703,0.12016833333332955,0.12225933333332972,0.05999999999999994,100,0.09997603999999999,2.701433588821649
abalone.csv,0.9,0.8941023333333322,0.9449386666666677,0.0058976666666678,0.04493866666666768,0.04500000000000004,100,0.06544162666666667,2.7348101951128756
abalone.csv,0.95,0.7573070000000012,0.7584800000000003,0.19269299999999878,0.1915199999999997,0.11299999999999999,100,0.0833520711111111,2.6739480328188883
ailerons.csv,0.05,0.059880333333333355,0.032041999999999855,0.009880333333333352,0.017958000000000147,0.033,100,0.045492884444444444,2.2768482610519554
ailerons.csv,0.1,0.16102733333333294,0.11035566666666673,0.061027333333332934,0.010355666666666721,0.059,100,0.07621233222222222,2.4598560588534797
ailerons.csv,0.15,0.20598999999999884,0.1241649999999998,0.055989999999998846,0.02583500000000019,0.07200000000000001,100,0.08066273222222226,2.7455279045859236
ailerons.csv,0.2,0.1888256666666657,0.13312966666666637,0.011174333333334313,0.06687033333333364,0.036000000000000004,100,0.08980740444444445,2.540153872046202
ailerons.csv,0.25,0.2866516666666661,0.17342400000000008,0.03665166666666608,0.07657599999999992,0.030000000000000027,100,0.1075629288888889,2.6699682655939094
ailerons.csv,0.3,0.3662346666666673,0.37167466666666643,0.06623466666666733,0.07167466666666644,0.09200000000000003,100,0.12520463444444446,2.676359975421852
ailerons.csv,0.35,0.3098403333333325,0.18941666666666668,0.04015966666666748,0.1605833333333333,0.05499999999999999,100,0.12108142666666667,2.6117745554884526
ailerons.csv,0.4,0.3838936666666653,0.3704133333333326,0.01610633333333472,0.029586666666667427,0.0050000000000000044,100,0.1014574488888889,2.8071469171412002
ailerons.csv,0.44,0.40478499999999934,0.3959879999999997,0.03521500000000066,0.04401200000000033,0.02200000000000002,100,0.11591396777777778,2.7277215544388884
ailerons.csv,0.49,0.4754369999999993,0.47736399999999934,0.014563000000000714,0.012636000000000647,0.03700000000000003,100,0.13572011,2.70476626607981
ailerons.csv,0.54,0.4146726666666657,0.40328066666666584,0.12532733333333435,0.1367193333333342,0.07200000000000001,100,0.11060166666666667,2.816487469461999
ailerons.csv,0.6,0.5409630000000007,0.5398753333333342,0.05903699999999923,0.06012466666666583,0.01200000000000001,100,0.13853415444444445,2.6393961625850997
ailerons.csv,0.65,0.5690950000000007,0.5407840000000005,0.08090499999999934,0.10921599999999954,0.05900000000000005,100,0.10621097222222224,2.8045975220951034
ailerons.csv,0.7,0.648826000000002,0.647739000000002,0.05117399999999794,0.052260999999998003,0.015000000000000013,100,0.13123182666666666,2.58533925784975
ailerons.csv,0.75,0.6500026666666683,0.6452343333333346,0.09999733333333172,0.10476566666666542,0.04799999999999993,100,0.10961608333333334,2.726985225827122
ailerons.csv,0.8,0.7296676666666678,0.7624190000000012,0.07033233333333222,0.037580999999998865,0.01200000000000001,100,0.08424433222222222,2.8183254651905956
ailerons.csv,0.85,0.7057406666666696,0.7827843333333345,0.1442593333333304,0.06721566666666545,0.027999999999999914,100,0.09493376000000002,2.683459219326719
ailerons.csv,0.9,0.8319290000000007,0.8824416666666679,0.06807099999999933,0.01755833333333212,0.03500000000000003,100,0.07263875,2.7095214965895624
ailerons.csv,0.95,0.9175303333333348,0.9530486666666677,0.032469666666665176,0.0030486666666676987,0.02399999999999991,100,0.059554026666666676,2.584161665532993
ailerons.csv,0.05,0.06690766666666678,0.0355563333333332,0.01690766666666678,0.014443666666666806,0.036000000000000004,100,0.053714999999999985,2.399778081266439
ailerons.csv,0.1,0.1520523333333328,0.09418666666666674,0.052052333333332784,0.005813333333333268,0.018000000000000002,100,0.07422741666666666,2.3481192840213208
ailerons.csv,0.15,0.1889069999999989,0.13304533333333304,0.038906999999998915,0.01695466666666695,0.013999999999999985,100,0.0848732122222222,2.4645848352432793
ailerons.csv,0.2,0.19133566666666552,0.19275766666666572,0.008664333333334495,0.007242333333334294,0.024999999999999994,100,0.08954805666666667,2.5535421948996095
ailerons.csv,0.25,0.18547833333333216,0.1314566666666664,0.06452166666666784,0.11854333333333361,0.10500000000000001,100,0.08012291555555555,2.575735119990986
ailerons.csv,0.3,0.2820493333333337,0.27518233333333364,0.017950666666666282,0.02481766666666635,0.006000000000000005,100,0.11050507888888889,2.6664395831698933
ailerons.csv,0.35,0.31228099999999887,0.18104433333333328,0.03771900000000111,0.1689556666666667,5.551115123125783e-17,100,0.10070060444444444,2.826551402255845
ailerons.csv,0.4,0.3364379999999986,0.3029276666666662,0.0635620000000014,0.09707233333333382,0.010000000000000009,100,0.11462935999999999,2.6307657004115246
ailerons.csv,0.44,0.4237143333333337,0.4122390000000003,0.01628566666666631,0.027760999999999703,0.006000000000000005,100,0.11454424333333335,2.627014586593428
ailerons.csv,0.49,0.43325633333333324,0.42244966666666633,0.05674366666666675,0.06755033333333366,0.006000000000000005,100,0.10481343999999998,2.836194141028156
ailerons.csv,0.54,0.47284133333333217,0.45592333333333207,0.06715866666666787,0.08407666666666797,0.0020000000000000018,100,0.1077193288888889,2.822218664848356
ailerons.csv,0.6,0.4834146666666667,0.46607566666666667,0.11658533333333326,0.1339243333333333,0.04899999999999993,100,0.116768,2.7913062427470754
ailerons.csv,0.65,0.6226353333333355,0.6217116666666687,0.027364666666664483,0.02828833333333136,0.031000000000000028,100,0.12343430555555557,2.667409761803253
ailerons.csv,0.7,0.6570366666666674,0.6576270000000008,0.042963333333332576,0.042372999999999106,0.031000000000000028,100,0.11675827888888887,2.669174683078431
ailerons.csv,0.75,0.6297496666666692,0.5850220000000018,0.1202503333333308,0.16497799999999818,0.06799999999999995,100,0.11765719444444446,2.7905341344668484
ailerons.csv,0.8,0.7503299999999994,0.788363333333333,0.04967000000000066,0.011636666666667073,0.02300000000000002,100,0.10894424888888889,2.619889585228934
ailerons.csv,0.85,0.8112553333333308,0.8278373333333309,0.0387446666666692,0.022162666666669106,0.03600000000000003,100,0.07765761777777777,2.640650582552099
ailerons.csv,0.9,0.8465046666666683,0.9099996666666689,0.053495333333331674,0.00999966666666885,0.02200000000000002,100,0.07168304333333334,2.697292540007283
ailerons.csv,0.95,0.8894163333333317,0.9423420000000008,0.06058366666666826,0.0076579999999991655,0.005999999999999894,100,0.06512297222222223,2.68881117660447
anuranCalls.csv,0.05,0.08230433333333333,0.07686600000000007,0.032304333333333324,0.02686600000000007,0.0029999999999999957,100,0.05854855555555555,1.3824099273816755
anuranCalls.csv,0.1,0.13728066666666605,0.13527166666666604,0.037280666666666046,0.035271666666666035,0.007999999999999993,100,0.09265741666666667,1.3588308865494465
anuranCalls.csv,0.15,0.18548166666666538,0.18598366666666538,0.035481666666665385,0.03598366666666539,0.019000000000000017,100,0.12897233777777778,1.4484877815113455
anuranCalls.csv,0.2,0.2112523333333323,0.21125299999999897,0.011252333333332282,0.011252999999998958,0.026999999999999996,100,0.14760344444444443,1.5514989761485434
anuranCalls.csv,0.25,0.2841410000000004,0.2828020000000005,0.03414100000000042,0.0328020000000005,0.03600000000000003,100,0.16724052777777776,1.6660155724746712
anuranCalls.csv,0.3,0.3116679999999991,0.31208766666666576,0.011667999999999124,0.012087666666665775,0.04700000000000004,100,0.18529730666666663,1.5023975958106828
anuranCalls.csv,0.35,0.35385166666666673,0.35326599999999997,0.003851666666666753,0.003265999999999991,0.040000000000000036,100,0.2089436566666667,1.3199605875861578
anuranCalls.csv,0.4,0.4377020000000012,0.4372836666666676,0.03770200000000118,0.0372836666666676,0.064,100,0.21145934555555557,1.568307293154
anuranCalls.csv,0.44,0.4622999999999992,0.4622163333333326,0.02229999999999921,0.022216333333332616,0.065,100,0.21365486555555557,1.579087267005951
anuranCalls.csv,0.49,0.5313553333333338,0.5298490000000008,0.041355333333333855,0.0398490000000008,0.04700000000000004,100,0.22707494555555552,1.2661702752578101
anuranCalls.csv,0.54,0.5655610000000009,0.5660633333333343,0.025561000000000833,0.026063333333334215,0.020000000000000018,100,0.20877677777777773,1.4572116640166668
anuranCalls.csv,0.6,0.6576946666666668,0.6566923333333337,0.05769466666666678,0.05669233333333368,0.07200000000000006,100,0.18774775444444441,1.567706011641973
anuranCalls.csv,0.65,0.6627159999999996,0.6617133333333334,0.012715999999999616,0.011713333333333353,0.03400000000000003,100,0.1946715288888889,1.2955025718467885
anuranCalls.csv,0.7,0.69668966666667,0.697355000000003,0.0033103333333299734,0.002644999999997011,0.062000000000000055,100,0.18951738222222222,1.2703348514820971
anuranCalls.csv,0.75,0.7638000000000029,0.7638003333333362,0.013800000000002921,0.01380033333333619,0.04800000000000004,100,0.1590369822222222,1.3553487404764706
anuranCalls.csv,0.8,0.8328413333333353,0.8329263333333352,0.032841333333335276,0.03292633333333517,0.050999999999999934,100,0.1263986433333333,1.022318480152895
anuranCalls.csv,0.85,0.8445766666666685,0.8451650000000017,0.005423333333331448,0.004834999999998257,0.02100000000000002,100,0.11714734555555556,1.1608240463191084
anuranCalls.csv,0.9,0.8898323333333322,0.8898313333333323,0.010167666666667796,0.010168666666667714,0.02300000000000002,100,0.08493138999999998,1.0416754668852966
anuranCalls.csv,0.95,0.9396999999999965,0.9405406666666634,0.010300000000003418,0.009459333333336595,0.017000000000000015,100,0.04897299,0.8564289478707964
anuranCalls.csv,0.05,0.060132000000000026,0.059373,0.010132000000000023,0.009373,0.016,100,0.045192012222222216,1.2605010704526152
anuranCalls.csv,0.1,0.12524466666666623,0.1239899999999996,0.02524466666666622,0.023989999999999595,0.012999999999999998,100,0.07571676777777778,1.5697547778621699
anuranCalls.csv,0.15,0.16816199999999978,0.16908166666666638,0.01816199999999979,0.019081666666666386,0.009000000000000008,100,0.11638553222222223,1.6133165088866555
anuranCalls.csv,0.2,0.21226033333333233,0.21209299999999895,0.012260333333332318,0.012092999999998938,0.025999999999999995,100,0.1465905455555556,1.5931461826000752
anuranCalls.csv,0.25,0.24465033333333186,0.24196833333333206,0.00534966666666814,0.008031666666667936,0.017000000000000015,100,0.16985408333333332,1.4199753165843614
anuranCalls.csv,0.3,0.31511199999999895,0.3156989999999989,0.01511199999999896,0.01569899999999891,0.040000000000000036,100,0.18525533333333336,1.5640680323669496
anuranCalls.csv,0.35,0.39530066666666475,0.3958049999999982,0.04530066666666477,0.04580499999999821,0.07,100,0.19620332888888892,1.7883702448683294
anuranCalls.csv,0.4,0.41678533333333206,0.4161989999999989,0.016785333333332042,0.016198999999998853,0.046999999999999986,100,0.2134300833333333,1.4714493107411575
anuranCalls.csv,0.44,0.4369490000000012,0.43602866666666784,0.0030509999999988047,0.003971333333332161,0.028000000000000025,100,0.2209460622222222,1.2784016281052306
anuranCalls.csv,0.49,0.5312713333333338,0.5297650000000007,0.04127133333333377,0.039765000000000716,0.05400000000000005,100,0.2228318788888889,1.3896541823466955
anuranCalls.csv,0.54,0.5625490000000013,0.5625493333333343,0.022549000000001262,0.02254933333333431,0.04499999999999993,100,0.22545304,1.1596853854188192
anuranCalls.csv,0.6,0.6337656666666692,0.634100333333336,0.03376566666666925,0.034100333333336064,0.06300000000000006,100,0.20288888444444442,1.357423908291826
anuranCalls.csv,0.65,0.6631356666666663,0.6622996666666666,0.013135666666666324,0.012299666666666598,0.05499999999999994,100,0.18969294555555552,1.5116157808432575
anuranCalls.csv,0.7,0.6950980000000032,0.6960146666666697,0.004901999999996742,0.003985333333330288,0.052000000000000046,100,0.18686370111111109,1.2996520702043581
anuranCalls.csv,0.75,0.7755599999999989,0.7756436666666656,0.025559999999998917,0.02564366666666562,0.05600000000000005,100,0.15746675,1.339234519721145
anuranCalls.csv,0.8,0.8132633333333309,0.8140166666666643,0.013263333333330851,0.014016666666664235,0.031000000000000028,100,0.1418651677777778,1.050448332090466
anuranCalls.csv,0.85,0.8657356666666629,0.8659043333333294,0.01573566666666293,0.015904333333329412,0.029000000000000026,100,0.10793837666666665,1.072263283611048
anuranCalls.csv,0.9,0.8757566666666656,0.8720703333333323,0.024243333333334394,0.02792966666666774,0.025000000000000022,100,0.07599183999999999,1.1348539076082744
anuranCalls.csv,0.95,0.9396999999999965,0.9405406666666634,0.010300000000003418,0.009459333333336595,0.018000000000000016,100,0.04932030555555556,0.870994079550295
balance.1.csv,0.05,0.09937233333333288,0.09928866666666623,0.04937233333333288,0.04928866666666623,0.008,100,0.061778865555555555,1.7707513296745327
balance.1.csv,0.1,0.12515366666666627,0.12013433333333288,0.02515366666666627,0.02013433333333288,0.042,100,0.07154582666666666,2.07318470964094
balance.1.csv,0.15,0.21083366666666561,0.21091766666666562,0.06083366666666562,0.06091766666666562,0.0040000000000000036,100,0.10787499,2.062345849931026
balance.1.csv,0.2,0.21209299999999898,0.21200899999999895,0.012092999999998966,0.012008999999998937,0.0050000000000000044,100,0.11904698999999999,2.1337930901773956
balance.1.csv,0.25,0.26088166666666596,0.2572786666666658,0.010881666666665957,0.007278666666665823,0.0020000000000000018,100,0.13950527111111113,2.2007317581272674
balance.1.csv,0.3,0.34874566666666645,0.3511716666666666,0.048745666666666465,0.051171666666666615,0.03200000000000003,100,0.1481131511111111,2.2162233605711466
balance.1.csv,0.35,0.37962166666666564,0.38071099999999886,0.029621666666665658,0.030710999999998878,5.551115123125783e-17,100,0.15932103999999997,2.169255751138708
balance.1.csv,0.4,0.43477366666666756,0.43376900000000074,0.034773666666667535,0.033769000000000715,0.013000000000000012,100,0.15552035111111112,2.4101058568684897
balance.1.csv,0.44,0.43661433333333455,0.43653066666666757,0.0033856666666654545,0.003469333333332436,0.015000000000000013,100,0.16869125666666673,2.2062710594062236
balance.1.csv,0.49,0.5144073333333339,0.5112246666666671,0.02440733333333389,0.021224666666667114,0.049000000000000044,100,0.16260861777777777,2.2569114048582466
balance.1.csv,0.54,0.5638040000000012,0.5639720000000013,0.023804000000001158,0.023972000000001215,0.015000000000000013,100,0.17755977777777776,2.1189558076430606
balance.1.csv,0.6,0.592100666666666,0.5926026666666662,0.007899333333333924,0.007397333333333811,0.0030000000000000027,100,0.16366820444444447,2.2812681886427537
balance.1.csv,0.65,0.6245623333333357,0.6233880000000022,0.02543766666666436,0.02661199999999786,0.0010000000000000009,100,0.16254983444444446,2.1255462859261147
balance.1.csv,0.7,0.6678423333333342,0.6670070000000009,0.03215766666666575,0.03299299999999905,0.029000000000000026,100,0.13863139555555556,2.275473512245567
balance.1.csv,0.75,0.7492423333333332,0.7482389999999992,0.0007576666666667675,0.0017610000000007897,0.06400000000000006,100,0.1306389288888889,2.210067821865789
balance.1.csv,0.8,0.7743839999999994,0.7739649999999993,0.025616000000000638,0.026035000000000696,0.019000000000000017,100,0.12552622666666668,1.97934431400321
balance.1.csv,0.85,0.8331103333333331,0.8326059999999994,0.016889666666666914,0.017394000000000576,0.015000000000000013,100,0.09695876777777775,2.1437593391013117
balance.1.csv,0.9,0.8473376666666692,0.848341666666669,0.05266233333333081,0.05165833333333103,0.016000000000000014,100,0.08051446555555558,2.0668629182759295
balance.1.csv,0.95,0.9146836666666683,0.9159386666666679,0.03531633333333162,0.034061333333332056,0.050000000000000044,100,0.06050938222222222,1.890908538002155
balance.1.csv,0.05,0.0833083333333333,0.07686533333333341,0.0333083333333333,0.026865333333333408,0.023000000000000003,100,0.05694893777777779,1.9606634471794917
balance.1.csv,0.1,0.11936866666666632,0.046522666666666546,0.019368666666666312,0.05347733333333346,0.063,100,0.06823851,1.9153676405308704
balance.1.csv,0.15,0.21100099999999897,0.21116866666666562,0.06100099999999897,0.06116866666666562,0.00899999999999998,100,0.10875291,2.0684385581353655
balance.1.csv,0.2,0.21217666666666565,0.21209266666666562,0.012176666666665642,0.012092666666665614,0.02200000000000002,100,0.12325686555555554,2.0666097547380273
balance.1.csv,0.25,0.24590533333333198,0.2436409999999988,0.004094666666668023,0.006359000000001197,0.0020000000000000018,100,0.1250474788888889,2.3149339677114646
balance.1.csv,0.3,0.2966073333333332,0.28882266666666645,0.003392666666666766,0.011177333333333539,0.04199999999999998,100,0.15061844000000002,2.1250789668438412
balance.1.csv,0.35,0.3339253333333315,0.3364359999999984,0.016074666666668458,0.013564000000001575,0.04199999999999998,100,0.15328211000000003,2.161577672672951
balance.1.csv,0.4,0.3753543333333328,0.37585699999999944,0.024645666666667232,0.02414300000000058,0.025000000000000022,100,0.16242576,2.1612959175137494
balance.1.csv,0.44,0.3868219999999983,0.3870743333333317,0.053178000000001724,0.052925666666668314,0.05499999999999999,100,0.15887993777777776,2.3016664969208906
balance.1.csv,0.49,0.49717200000000067,0.4923986666666675,0.007172000000000678,0.0023986666666674927,0.0010000000000000009,100,0.1529551677777778,2.40453920441414
balance.1.csv,0.54,0.49546866666666667,0.4915343333333332,0.04453133333333337,0.04846566666666685,0.049000000000000044,100,0.1704433011111112,2.2431856485180246
balance.1.csv,0.6,0.5647246666666678,0.5650596666666675,0.035275333333332215,0.03494033333333246,0.028999999999999915,100,0.16599196777777778,2.278821989346663
balance.1.csv,0.65,0.6424680000000024,0.6412126666666688,0.007531999999997652,0.00878733333333126,0.009000000000000008,100,0.15532343444444444,2.217328107518556
balance.1.csv,0.7,0.6621410000000008,0.660721000000001,0.0378589999999992,0.039278999999998954,0.0050000000000000044,100,0.1416069988888889,2.3451283669849134
balance.1.csv,0.75,0.7604533333333353,0.760035333333335,0.010453333333335313,0.01003533333333495,0.05300000000000005,100,0.1263960622222222,2.199116782659667
balance.1.csv,0.8,0.7624613333333359,0.7612066666666687,0.03753866666666417,0.03879333333333135,0.0030000000000000027,100,0.13105808333333333,2.008036361496347
balance.1.csv,0.85,0.7889153333333282,0.789332999999995,0.06108466666667178,0.06066700000000502,0.007000000000000006,100,0.11469808333333333,2.0920091140208554
balance.1.csv,0.9,0.8653013333333306,0.8601043333333313,0.03469866666666943,0.03989566666666877,0.05400000000000005,100,0.07627099,1.7671976100463964
balance.1.csv,0.95,0.916357000000002,0.9563153333333351,0.03364299999999798,0.006315333333335116,0.050000000000000044,100,0.057799071111111114,2.1128612745578
balance.3.csv,0.05,0.1440099999999995,0.08798900000000008,0.0940099999999995,0.03798900000000008,0.0010000000000000009,100,0.07344624000000001,2.2334885303885734
balance.3.csv,0.1,0.08414499999999994,0.07803700000000005,0.015855000000000063,0.021962999999999955,0.07100000000000001,100,0.05908410111111111,2.048828324468113
balance.3.csv,0.15,0.17585999999999938,0.1768636666666659,0.025859999999999383,0.026863666666665897,0.011999999999999983,100,0.10606464888888889,1.9615036117313938
balance.3.csv,0.2,0.2133516666666656,0.21284999999999896,0.013351666666665596,0.012849999999998946,0.02100000000000002,100,0.10785910666666668,2.210825562273744
balance.3.csv,0.25,0.24849899999999886,0.24573299999999884,0.0015010000000011403,0.004267000000001159,0.04000000000000001,100,0.11774000000000001,2.453899712988815
balance.3.csv,0.3,0.30749699999999913,0.3027279999999993,0.007496999999999143,0.0027279999999992866,0.022999999999999965,100,0.13401326555555554,2.3450458559572795
balance.3.csv,0.35,0.35636133333333353,0.35862000000000027,0.006361333333333552,0.008620000000000294,0.02100000000000002,100,0.14486847111111112,2.325604502996824
balance.3.csv,0.4,0.3353353333333322,0.33525266666666514,0.06466466666666781,0.06474733333333488,0.06,100,0.1338323322222222,2.4658194382844365
balance.3.csv,0.44,0.4324283333333341,0.4322613333333341,0.007571666666665922,0.007738666666665894,0.0020000000000000018,100,0.14055757666666666,2.4907162480339453
balance.3.csv,0.49,0.4884073333333319,0.4858933333333319,0.0015926666666680744,0.004106666666668091,0.04600000000000004,100,0.13676830555555555,2.6529978335828543
balance.3.csv,0.54,0.46824033333333226,0.467821999999999,0.07175966666666778,0.07217800000000102,0.04500000000000004,100,0.16709852777777778,2.311348356948351
balance.3.csv,0.6,0.5655616666666677,0.5658966666666675,0.03443833333333224,0.034103333333332486,0.039000000000000035,100,0.14879508777777778,2.5447000303629133
balance.3.csv,0.65,0.620207000000002,0.619533333333335,0.02979299999999807,0.030466666666664977,0.026000000000000023,100,0.14875540444444446,2.347306807968549
balance.3.csv,0.7,0.6376173333333351,0.6365276666666683,0.06238266666666481,0.06347233333333169,0.005999999999999894,100,0.1321561288888889,2.4815387763008334
balance.3.csv,0.75,0.6363613333333352,0.634098666666668,0.11363866666666478,0.11590133333333197,0.020000000000000018,100,0.1304917988888889,2.485727209045193
balance.3.csv,0.8,0.7386999999999964,0.7391183333333298,0.061300000000003685,0.060881666666670275,0.02100000000000002,100,0.11211837333333331,2.380910748112156
balance.3.csv,0.85,0.7638840000000028,0.7634663333333359,0.0861159999999972,0.08653366666666407,0.010000000000000009,100,0.10602229333333332,2.457946389015175
balance.3.csv,0.9,0.7899849999999972,0.7893153333333303,0.11001500000000286,0.11068466666666976,0.019000000000000017,100,0.09621986222222223,2.4296319349293576
balance.3.csv,0.95,0.8775333333333312,0.8816323333333311,0.07246666666666879,0.06836766666666882,0.026000000000000023,100,0.06933872333333332,2.2451943124271976
balance.3.csv,0.05,0.105061666666666,0.10481066666666602,0.055061666666665995,0.05481066666666602,0.023000000000000003,100,0.062431576666666676,1.9147525626796362
balance.3.csv,0.1,0.16814833333333257,0.1679769999999992,0.06814833333333256,0.0679769999999992,0.02099999999999999,100,0.09076326222222222,2.081569503723782
balance.3.csv,0.15,0.16412699999999936,0.1645419999999992,0.014126999999999362,0.014541999999999194,0.030999999999999986,100,0.09230909333333333,2.0973680871610223
balance.3.csv,0.2,0.19928699999999877,0.1992033333333321,0.0007130000000012404,0.0007966666666679167,0.07,100,0.1078650788888889,2.078230023213933
balance.3.csv,0.25,0.24565433333333198,0.2433899999999988,0.004345666666668024,0.006610000000001198,0.03,100,0.12478220444444445,2.3195795994833373
balance.3.csv,0.3,0.2457379999999986,0.24280433333333207,0.05426200000000139,0.05719566666666792,0.045999999999999985,100,0.12585166222222222,2.417545034275981
balance.3.csv,0.35,0.34079299999999874,0.3451446666666658,0.009207000000001242,0.004855333333334155,0.08399999999999996,100,0.13450633333333337,2.3564095981406052
balance.3.csv,0.4,0.4074806666666649,0.40697766666666496,0.007480666666664859,0.006977666666664939,0.006000000000000005,100,0.15722539000000002,2.2781637743169507
balance.3.csv,0.44,0.3725096666666665,0.37610966666666595,0.06749033333333349,0.06389033333333405,0.07100000000000001,100,0.13763517666666664,2.4649106338808027
balance.3.csv,0.49,0.43510800000000094,0.4351920000000007,0.05489199999999905,0.0548079999999993,0.0010000000000000009,100,0.14148733333333335,2.490684356709982
balance.3.csv,0.54,0.49217699999999875,0.48798799999999876,0.04782300000000128,0.05201200000000128,0.0010000000000000009,100,0.1422751377777778,2.4944502963507618
balance.3.csv,0.6,0.5673193333333344,0.5672356666666676,0.03268066666666558,0.032764333333332396,0.013000000000000012,100,0.14070761777777777,2.580502123116057
balance.3.csv,0.65,0.5941310000000007,0.5932100000000008,0.05586899999999928,0.05678999999999923,0.0010000000000000009,100,0.12895275,2.506154247768001
balance.3.csv,0.7,0.6517556666666686,0.6499986666666687,0.048244333333331335,0.05000133333333123,0.06000000000000005,100,0.13085471555555556,2.4318425049317485
balance.3.csv,0.75,0.6585416666666679,0.657203666666668,0.09145833333333209,0.09279633333333204,0.020000000000000018,100,0.13321165666666668,2.442275072600739
balance.3.csv,0.8,0.7002970000000035,0.7018030000000033,0.09970299999999654,0.09819699999999676,0.029000000000000026,100,0.13869685666666665,2.0848453469669206
balance.3.csv,0.85,0.7584496666666677,0.7581186666666667,0.09155033333333229,0.09188133333333326,0.006000000000000005,100,0.1083985988888889,2.473907215055267
balance.3.csv,0.9,0.8108466666666634,0.8111806666666633,0.08915333333333664,0.08881933333333669,0.019000000000000017,100,0.09243503444444444,2.253325211367402
balance.3.csv,0.95,0.8944363333333322,0.944771000000001,0.05556366666666779,0.005228999999998929,0.050000000000000044,100,0.06264386111111112,2.28189227000344
balloon.csv,0.05,0.06004800000000002,0.059204999999999994,0.010048000000000015,0.009204999999999991,0.0010000000000000009,100,0.04463619555555556,0.4993802680595536
balloon.csv,0.1,0.10464333333333299,0.10715433333333292,0.004643333333332986,0.007154333333332916,0.017,100,0.06894699000000001,0.5378205813769111
balloon.csv,0.15,0.1353556666666661,0.1347703333333328,0.014644333333333898,0.015229666666667196,0.01100000000000001,100,0.11744868444444444,0.63934368356354
balloon.csv,0.2,0.18556533333333203,0.18573266666666538,0.014434666666667983,0.01426733333333463,0.0030000000000000027,100,0.1390018611111111,1.006243007918629
balloon.csv,0.25,0.23619999999999824,0.23519399999999824,0.013800000000001755,0.014806000000001762,0.007000000000000006,100,0.16846704888888892,0.8807330192676197
balloon.csv,0.3,0.2845593333333337,0.2838060000000005,0.01544066666666627,0.016193999999999487,0.009000000000000008,100,0.1801754877777778,1.1472089770137983
balloon.csv,0.35,0.33476633333333133,0.3367759999999982,0.015233666666668644,0.01322400000000179,0.003999999999999948,100,0.2032511733333333,1.133430128216798
balloon.csv,0.4,0.3612143333333346,0.36154900000000123,0.03878566666666544,0.03845099999999879,0.009000000000000008,100,0.20998490999999997,1.174315684904232
balloon.csv,0.44,0.414023666666665,0.4138556666666652,0.02597633333333499,0.026144333333334824,0.03300000000000003,100,0.22005561222222222,1.2717811930399432
balloon.csv,0.49,0.46204899999999927,0.4618816666666659,0.027951000000000725,0.028118333333334078,0.016000000000000014,100,0.2288337377777778,1.1917505438498441
balloon.csv,0.54,0.4767783333333326,0.47527066666666606,0.06322166666666745,0.06472933333333397,0.018000000000000016,100,0.21995018222222218,1.331713428984828
balloon.csv,0.6,0.6082276666666682,0.6078073333333346,0.008227666666668187,0.0078073333333346095,0.03200000000000003,100,0.21172361222222225,1.3512071149301013
balloon.csv,0.65,0.6422160000000026,0.642216333333336,0.00778399999999746,0.007783666666663969,0.029000000000000026,100,0.2109878711111111,1.2104047224711367
balloon.csv,0.7,0.6664103333333335,0.6658246666666667,0.03358966666666641,0.034175333333333224,0.019000000000000017,100,0.1949128211111111,1.3826819324985191
balloon.csv,0.75,0.7132653333333384,0.7146046666666716,0.036734666666661586,0.03539533333332845,0.0,100,0.18356951555555556,1.259623703550985
balloon.csv,0.8,0.7889159999999948,0.7893343333333281,0.0110840000000052,0.010665666666671902,0.01200000000000001,100,0.15663766555555556,1.0197075972120673
balloon.csv,0.85,0.8371086666666696,0.8371096666666695,0.012891333333330368,0.01289033333333045,0.01100000000000001,100,0.12857544444444444,1.1467398859957552
balloon.csv,0.9,0.8714239999999971,0.8714233333333303,0.028576000000002932,0.028576666666669692,0.010000000000000009,100,0.09971202111111113,1.147260771309556
balloon.csv,0.95,0.9053130000000006,0.9046436666666671,0.044686999999999366,0.04535633333333289,0.006000000000000116,100,0.06225312333333331,1.1980422695905681
balloon.csv,0.05,0.060132000000000026,0.059289,0.010132000000000023,0.009288999999999999,0.006999999999999999,100,0.04503863444444445,0.48602676465621264
balloon.csv,0.1,0.1082456666666661,0.10481199999999948,0.008245666666666096,0.0048119999999994695,0.0020000000000000018,100,0.08077953222222221,0.7880841485242507
balloon.csv,0.15,0.13434699999999944,0.1336779999999995,0.015653000000000555,0.016322000000000503,0.0050000000000000044,100,0.10912504333333332,0.9091849296426774
balloon.csv,0.2,0.18564899999999873,0.18598366666666538,0.01435100000000128,0.01401633333333463,0.01999999999999999,100,0.14492212888888886,0.8097433878212653
balloon.csv,0.25,0.23611599999999824,0.23510999999999826,0.013884000000001756,0.014890000000001735,0.0050000000000000044,100,0.1719462844444444,0.8938657569451959
balloon.csv,0.3,0.2888253333333335,0.29075433333333345,0.0111746666666665,0.009245666666666541,0.031000000000000028,100,0.18743933333333332,1.0858760179421607
balloon.csv,0.35,0.3337586666666647,0.3355176666666649,0.016241333333335273,0.014482333333335096,0.014000000000000012,100,0.1996571677777778,1.152209400592862
balloon.csv,0.4,0.374936333333333,0.374936333333333,0.02506366666666704,0.02506366666666704,0.008000000000000007,100,0.2188500266666666,1.03728771790849
balloon.csv,0.44,0.38958933333333157,0.39009266666666487,0.050410666666668436,0.049907333333335135,0.006000000000000005,100,0.21501652777777777,1.1967044480454974
balloon.csv,0.49,0.4346060000000008,0.433518333333334,0.055393999999999166,0.056481666666665986,0.01899999999999996,100,0.2197918888888889,1.2810200922987007
balloon.csv,0.54,0.47663766666666696,0.4783123333333337,0.06336233333333308,0.06168766666666636,0.008000000000000007,100,0.22530015444444448,1.1979297324876486
balloon.csv,0.6,0.5820433333333327,0.5820439999999995,0.017956666666667287,0.017956000000000527,0.019000000000000017,100,0.21407473222222226,1.4201206471766297
balloon.csv,0.65,0.6118396666666687,0.6110830000000019,0.03816033333333135,0.03891699999999809,0.006000000000000005,100,0.2048944444444444,1.4728712791871805
balloon.csv,0.7,0.6824523333333352,0.6820333333333352,0.01754766666666474,0.0179666666666648,0.017000000000000015,100,0.20115490111111112,1.2283409379780803
balloon.csv,0.75,0.7361063333333306,0.7368593333333309,0.013893666666669358,0.013140666666669132,0.030000000000000027,100,0.17006417333333335,1.3828593677244996
balloon.csv,0.8,0.7889159999999948,0.7893343333333281,0.0110840000000052,0.010665666666671902,0.018000000000000016,100,0.1574825011111111,1.0258549428872417
balloon.csv,0.85,0.8148529999999977,0.8156063333333311,0.03514700000000226,0.034393666666668876,0.010000000000000009,100,0.13106350666666666,1.1816440697700008
balloon.csv,0.9,0.8905853333333323,0.8904176666666657,0.009414666666667681,0.009582333333334359,0.010000000000000009,100,0.0912518177777778,0.9292274576655272
balloon.csv,0.95,0.890001999999999,0.8929299999999993,0.059998000000000995,0.05707000000000062,0.009000000000000119,100,0.06693517666666667,1.1968369650319208
bank8FM.csv,0.05,0.061387666666666736,0.03405166666666653,0.011387666666666733,0.015948333333333474,0.013000000000000005,100,0.05253975111111111,2.1593576355455206
bank8FM.csv,0.1,0.1376233333333327,0.10304966666666669,0.037623333333332704,0.0030496666666666866,0.010000000000000009,100,0.07780704000000001,2.1291328084747994
bank8FM.csv,0.15,0.16028866666666658,0.11554966666666654,0.010288666666666585,0.03445033333333346,0.030999999999999986,100,0.08390763888888887,2.3553915143735376
bank8FM.csv,0.2,0.18606733333333206,0.1603563333333326,0.013932666666667953,0.03964366666666741,0.047000000000000014,100,0.10667193222222222,2.1633463002431452
bank8FM.csv,0.25,0.2850633333333337,0.22132766666666653,0.035063333333333724,0.028672333333333466,0.006000000000000005,100,0.1395988711111111,2.2095187252089934
bank8FM.csv,0.3,0.30389799999999956,0.24326533333333336,0.0038979999999995685,0.05673466666666663,0.03199999999999997,100,0.1382188211111111,2.318380326444944
bank8FM.csv,0.35,0.38992799999999833,0.3781969999999985,0.039927999999998354,0.02819699999999853,0.051000000000000045,100,0.15556408333333333,2.2520766115258715
bank8FM.csv,0.4,0.41452599999999856,0.3975093333333321,0.01452599999999854,0.002490666666667918,0.0050000000000000044,100,0.16480935444444444,2.3082287224682165
bank8FM.csv,0.44,0.41276666666666506,0.3958376666666656,0.02723333333333494,0.044162333333334414,0.03899999999999998,100,0.1598990711111111,2.3965781708840797
bank8FM.csv,0.49,0.5433056666666674,0.4959730000000004,0.05330566666666736,0.005973000000000395,0.029000000000000026,100,0.16678311555555556,2.1716490812612745
bank8FM.csv,0.54,0.541130333333334,0.4944670000000005,0.0011303333333340104,0.045532999999999546,0.02300000000000002,100,0.15936548444444446,2.3188668815824993
bank8FM.csv,0.6,0.5643900000000013,0.5092773333333337,0.0356099999999987,0.09072266666666629,0.05899999999999994,100,0.15830338222222218,2.3749382401629395
bank8FM.csv,0.65,0.677502666666669,0.7285030000000012,0.027502666666669007,0.07850300000000121,0.08499999999999996,100,0.13056779,2.347567724461593
bank8FM.csv,0.7,0.6681723333333336,0.6284716666666668,0.031827666666666365,0.0715283333333332,0.020999999999999908,100,0.13214044888888887,2.3464962373149225
bank8FM.csv,0.75,0.7140183333333384,0.7730600000000025,0.03598166666666158,0.023060000000002523,0.007000000000000006,100,0.13041328444444444,2.1700407538674145
bank8FM.csv,0.8,0.7889989999999948,0.7940219999999955,0.011001000000005257,0.005978000000004591,0.0020000000000000018,100,0.11413539888888888,2.1237779036659994
bank8FM.csv,0.85,0.8366900000000029,0.8393740000000026,0.013309999999997046,0.01062599999999736,0.029000000000000026,100,0.09985996000000003,1.7487991167834558
bank8FM.csv,0.9,0.8535540000000005,0.8574036666666671,0.04644599999999954,0.0425963333333329,0.007000000000000006,100,0.08012598222222221,1.8649252238541218
bank8FM.csv,0.95,0.9142653333333353,0.9502886666666676,0.035734666666664694,0.000288666666667603,0.019000000000000017,100,0.06040361777777777,1.7792281318164547
bank8FM.csv,0.05,0.08489799999999995,0.039487333333333215,0.03489799999999994,0.010512666666666788,0.0020000000000000018,100,0.05585704333333334,1.9948042456190924
bank8FM.csv,0.1,0.13745899999999936,0.10824833333333345,0.037458999999999354,0.00824833333333344,0.0030000000000000027,100,0.0770561288888889,2.1591690241790085
bank8FM.csv,0.15,0.1610366666666664,0.11470999999999987,0.011036666666666417,0.03529000000000013,0.044,100,0.08714414555555555,2.2293314182647626
bank8FM.csv,0.2,0.2631406666666667,0.21957999999999933,0.06314066666666668,0.01957999999999932,0.007000000000000006,100,0.12492644444444444,2.1520005113108374
bank8FM.csv,0.25,0.2378733333333316,0.17745699999999928,0.012126666666668395,0.07254300000000072,0.010999999999999982,100,0.12727979888888888,2.1462707167331248
bank8FM.csv,0.3,0.2996229999999996,0.2394943333333333,0.0003770000000004048,0.06050566666666668,0.03699999999999998,100,0.14877418999999997,2.1247319749971805
bank8FM.csv,0.35,0.35075599999999996,0.3400359999999997,0.0007559999999999789,0.00996400000000025,0.020999999999999963,100,0.15339898999999999,2.237235198738408
bank8FM.csv,0.4,0.4419690000000008,0.42806533333333446,0.041969000000000756,0.02806533333333444,0.020999999999999963,100,0.16456432333333332,2.33330170886343
bank8FM.csv,0.44,0.4125993333333317,0.39575399999999894,0.027400666666668294,0.04424600000000106,0.033999999999999975,100,0.1642541111111111,2.244075270323551
bank8FM.csv,0.49,0.46689466666666574,0.45023266666666567,0.023105333333334255,0.03976733333333432,0.013999999999999957,100,0.1716011233333333,2.2749159587992054
bank8FM.csv,0.54,0.5232256666666673,0.4879573333333342,0.01677433333333278,0.05204266666666585,0.038000000000000034,100,0.16204319444444443,2.4412737978431664
bank8FM.csv,0.6,0.5900009999999992,0.5509776666666664,0.009999000000000757,0.04902233333333361,0.02100000000000002,100,0.1646870711111111,2.176771074840965
bank8FM.csv,0.65,0.6377816666666695,0.595062333333335,0.012218333333330555,0.054937666666665,0.0010000000000000009,100,0.1675901988888889,2.0186274950494436
bank8FM.csv,0.7,0.7559356666666674,0.7895340000000005,0.055935666666667494,0.08953400000000056,0.04800000000000004,100,0.1288497011111111,2.108079109728707
bank8FM.csv,0.75,0.6996230000000035,0.7635156666666687,0.05037699999999645,0.013515666666668702,0.010000000000000009,100,0.1369341111111111,2.1879061557982573
bank8FM.csv,0.8,0.766652666666669,0.7989943333333346,0.033347333333331064,0.0010056666666654612,0.009000000000000008,100,0.11134109333333335,2.1145570524864925
bank8FM.csv,0.85,0.8192939999999983,0.8275013333333316,0.030706000000001676,0.022498666666668332,0.0030000000000000027,100,0.09723787888888888,2.0312219819727377
bank8FM.csv,0.9,0.886570666666665,0.9306146666666681,0.01342933333333507,0.030614666666668122,0.013000000000000012,100,0.06936335111111111,1.7648515965397051
bank8FM.csv,0.95,0.9396999999999965,0.9755820000000026,0.010300000000003418,0.025582000000002658,0.03400000000000003,100,0.044976154444444444,1.664678087903551
breast-cancer.csv,0.05,0.060467333333333366,0.05970833333333335,0.010467333333333363,0.009708333333333347,0.006000000000000005,100,0.05064890666666666,1.5342104743406484
breast-cancer.csv,0.1,0.12314133333333291,0.11761466666666635,0.023141333333332903,0.017614666666666348,0.0010000000000000009,100,0.07852926222222223,1.82825296701035
breast-cancer.csv,0.15,0.1613003333333333,0.16087933333333335,0.011300333333333301,0.010879333333333352,0.025000000000000022,100,0.11502655555555555,1.6270671656001405
breast-cancer.csv,0.2,0.21100066666666561,0.21133633333333227,0.011000666666665604,0.011336333333332255,0.044999999999999984,100,0.13669662666666665,1.8396936324596833
breast-cancer.csv,0.25,0.23670199999999825,0.235862666666665,0.013298000000001753,0.014137333333335,0.04799999999999999,100,0.16255667111111108,1.602766203428187
breast-cancer.csv,0.3,0.31183666666666576,0.3119206666666658,0.011836666666665774,0.011920666666665802,0.049000000000000044,100,0.178888,1.6859183912412505
breast-cancer.csv,0.35,0.3493336666666662,0.34950066666666624,0.0006663333333337684,0.0004993333333337402,0.05600000000000005,100,0.1995179155555556,1.4870821774056422
breast-cancer.csv,0.4,0.3955493333333317,0.395632666666665,0.004450666666668324,0.0043673333333349995,0.07600000000000001,100,0.1887570344444444,1.813193397454317
breast-cancer.csv,0.44,0.44196900000000067,0.4408813333333339,0.0019690000000006647,0.0008813333333339002,0.055999999999999994,100,0.1998959677777778,1.742671196360607
breast-cancer.csv,0.49,0.49689233333333316,0.49136633333333324,0.006892333333333167,0.0013663333333332472,0.06800000000000006,100,0.21547119555555558,1.540502967855719
breast-cancer.csv,0.54,0.5670680000000007,0.5676536666666674,0.027068000000000647,0.027653666666667354,0.06299999999999994,100,0.20152295111111107,1.625208498545597
breast-cancer.csv,0.6,0.6132646666666688,0.6129270000000022,0.013264666666668812,0.012927000000002242,0.06800000000000006,100,0.20301966555555556,1.4444822737241205
breast-cancer.csv,0.65,0.6319250000000025,0.6327616666666692,0.01807499999999751,0.017238333333330802,0.014000000000000012,100,0.19320783444444445,1.5524367726826769
breast-cancer.csv,0.7,0.6888346666666697,0.6884993333333363,0.011165333333330252,0.011500666666663606,0.03600000000000003,100,0.1748822788888889,1.4650767727906082
breast-cancer.csv,0.75,0.7136836666666716,0.7153576666666711,0.0363163333333284,0.03464233333332889,0.0,100,0.1735278177777778,1.4382195822969095
breast-cancer.csv,0.8,0.7864799999999957,0.7865633333333292,0.013520000000004306,0.013436666666670871,0.03399999999999992,100,0.15099659,1.2213205828218323
breast-cancer.csv,0.85,0.8323393333333352,0.8325080000000017,0.01766066666666477,0.017491999999998287,0.029000000000000026,100,0.12519952333333334,1.048385448446806
breast-cancer.csv,0.9,0.8737689999999969,0.8732659999999968,0.026231000000003113,0.026734000000003255,0.020000000000000018,100,0.09341079555555556,0.8210425171841909
breast-cancer.csv,0.95,0.8975236666666677,0.8964323333333347,0.05247633333333224,0.05356766666666524,0.015999999999999903,100,0.07038677333333333,1.0144195706627832
breast-cancer.csv,0.05,0.08213700000000002,0.07619666666666676,0.03213700000000001,0.026196666666666757,0.0020000000000000018,100,0.05665532888888888,1.5190490544340773
breast-cancer.csv,0.1,0.1269006666666663,0.12631599999999968,0.026900666666666295,0.026315999999999673,0.023999999999999994,100,0.09130724888888889,1.4463836926675104
breast-cancer.csv,0.15,0.16104866666666665,0.1607953333333333,0.011048666666666651,0.010795333333333296,0.02200000000000002,100,0.10787347888888886,1.7794578831693768
breast-cancer.csv,0.2,0.18656933333333203,0.18707133333333203,0.013430666666667979,0.012928666666667976,0.011999999999999983,100,0.1374874877777778,1.4871025637572517
breast-cancer.csv,0.25,0.26481400000000027,0.2599570000000001,0.014814000000000271,0.009957000000000105,0.03200000000000003,100,0.16423563888888887,1.6836178986657542
breast-cancer.csv,0.3,0.3387916666666648,0.34029699999999835,0.03879166666666484,0.04029699999999836,0.08600000000000002,100,0.18618916000000002,1.6992678870772022
breast-cancer.csv,0.35,0.36180000000000134,0.3617163333333346,0.011800000000001365,0.011716333333334605,0.07,100,0.19526541666666666,1.623213406145442
breast-cancer.csv,0.4,0.41251533333333174,0.41226233333333184,0.012515333333331713,0.01226233333333182,0.061,100,0.2020355288888889,1.5738138209846348
breast-cancer.csv,0.44,0.4073939999999983,0.4068899999999984,0.03260600000000169,0.03311000000000158,0.027000000000000024,100,0.1980095766666667,1.7199150800025464
breast-cancer.csv,0.49,0.4653043333333324,0.46773599999999904,0.024695666666667615,0.02226400000000095,0.041000000000000036,100,0.21328122222222215,1.5286445720119122
breast-cancer.csv,0.54,0.5646410000000007,0.565394333333334,0.02464100000000069,0.025394333333333963,0.08299999999999996,100,0.20667541666666664,1.5347791617282607
breast-cancer.csv,0.6,0.6308373333333359,0.6313390000000025,0.030837333333335937,0.03133900000000256,0.09100000000000008,100,0.20237618999999998,1.4126694625631189
breast-cancer.csv,0.65,0.6422996666666689,0.6423843333333357,0.007700333333331089,0.007615666666664356,0.03500000000000003,100,0.18825224888888883,1.5314089024215654
breast-cancer.csv,0.7,0.6882476666666696,0.6879963333333362,0.011752333333330367,0.012003666666663748,0.04300000000000004,100,0.18723938999999995,1.3473686586208873
breast-cancer.csv,0.75,0.7426323333333307,0.7429673333333309,0.007367666666669326,0.0070326666666691295,0.07100000000000006,100,0.16173731555555557,1.1986481263811752
breast-cancer.csv,0.8,0.7743839999999994,0.7742159999999993,0.025616000000000638,0.025784000000000695,0.03699999999999992,100,0.14328244444444446,1.259027221690015
breast-cancer.csv,0.85,0.8614526666666643,0.8612019999999975,0.011452666666664335,0.011201999999997492,0.04700000000000004,100,0.10662313222222222,0.9262668033377077
breast-cancer.csv,0.9,0.8541483333333326,0.8531439999999993,0.0458516666666674,0.046856000000000675,0.01200000000000001,100,0.10351275111111112,1.0769864074881155
breast-cancer.csv,0.95,0.9524679999999982,0.9831286666666698,0.0024679999999982494,0.033128666666669804,0.029000000000000026,100,0.04374164888888888,0.49988970826729445
churn.csv,0.05,0.03409599999999992,0.015187333333333232,0.015904000000000085,0.03481266666666677,0.027000000000000003,100,0.028812821111111105,1.6480059696657445
churn.csv,0.1,0.03627633333333325,0.019289333333333217,0.06372366666666676,0.08071066666666679,0.017,100,0.041603354444444435,1.826315165905609
churn.csv,0.15,0.08581833333333325,0.040071999999999885,0.06418166666666675,0.10992800000000011,0.05400000000000002,100,0.05946430666666666,1.8967399877243634
churn.csv,0.2,0.10732066666666593,0.04677466666666655,0.09267933333333409,0.15322533333333346,0.04299999999999998,100,0.06548604,2.2115234555871295
churn.csv,0.25,0.18212133333333244,0.1202266666666665,0.06787866666666756,0.12977333333333352,0.05299999999999999,100,0.08953338222222222,2.119108425761937
churn.csv,0.3,0.18094866666666576,0.1331286666666664,0.11905133333333423,0.1668713333333336,0.02999999999999997,100,0.0856871766666667,2.035179243073046
churn.csv,0.35,0.22872199999999865,0.13104133333333312,0.12127800000000133,0.21895866666666686,0.03400000000000003,100,0.1006537011111111,2.2044986918236296
churn.csv,0.4,0.20029366666666662,0.1291139999999999,0.1997063333333334,0.2708860000000001,0.06,100,0.09659895111111111,2.3619036412602905
churn.csv,0.44,0.22401133333333328,0.14259966666666662,0.21598866666666672,0.2974003333333334,0.06,100,0.09677455555555556,2.467973356991158
churn.csv,0.49,0.23004066666666664,0.16412999999999994,0.2599593333333333,0.32587000000000005,0.01100000000000001,100,0.11032768444444441,2.43990603261924
churn.csv,0.54,0.3076949999999994,0.27401866666666624,0.23230500000000065,0.2659813333333338,0.020000000000000018,100,0.11442624,2.4566837719855186
churn.csv,0.6,0.31328766666666613,0.3034083333333331,0.28671233333333385,0.29659166666666686,0.05399999999999994,100,0.11471983999999999,2.441488115457164
churn.csv,0.65,0.37778866666666716,0.36397066666666733,0.27221133333333286,0.2860293333333327,0.09199999999999997,100,0.1042796388888889,2.6569019796998137
churn.csv,0.7,0.41515200000000047,0.3877640000000005,0.2848479999999995,0.31223599999999946,0.020000000000000018,100,0.11385405666666668,2.53261283066295
churn.csv,0.75,0.5892863333333348,0.5585453333333341,0.1607136666666652,0.19145466666666588,0.06000000000000005,100,0.10534334555555556,2.690594518967096
churn.csv,0.8,0.5699350000000007,0.5257960000000007,0.2300649999999993,0.27420399999999934,0.02300000000000002,100,0.10550516777777778,2.68199727001737
churn.csv,0.85,0.43256433333333394,0.40517800000000054,0.41743566666666604,0.44482199999999944,0.06099999999999994,100,0.09864869333333333,2.749797150665558
churn.csv,0.9,0.6840096666666676,0.7382083333333334,0.2159903333333324,0.16179166666666667,0.0040000000000000036,100,0.07630250999999999,2.7291872868232865
churn.csv,0.95,0.7931606666666652,0.8679616666666665,0.15683933333333477,0.08203833333333344,0.001000000000000112,100,0.07448033222222222,2.7478611192376436
churn.csv,0.05,0.010083666666666598,0.01175699999999992,0.0399163333333334,0.03824300000000008,0.042,100,0.019983416666666663,1.5572578192463413
churn.csv,0.1,0.06030000000000002,0.030363666666666525,0.039699999999999985,0.06963633333333348,0.07100000000000001,100,0.04756144444444444,1.5995783582508887
churn.csv,0.15,0.05996400000000001,0.02801566666666653,0.09003599999999998,0.12198433333333347,0.05499999999999999,100,0.04480296,1.9524316495458436
churn.csv,0.2,0.09150766666666649,0.03830933333333322,0.10849233333333352,0.1616906666666668,0.01999999999999999,100,0.061363478888888906,2.1495867074067543
churn.csv,0.25,0.17651599999999898,0.12685033333333315,0.07348400000000102,0.12314966666666685,0.07400000000000001,100,0.07772143444444445,2.269014984838497
churn.csv,0.3,0.2069189999999988,0.13614899999999971,0.09308100000000119,0.16385100000000027,0.03500000000000003,100,0.09750266666666665,2.1616053038008705
churn.csv,0.35,0.21798733333333212,0.12768666666666648,0.13201266666666786,0.2223133333333335,0.040000000000000036,100,0.10377852777777775,2.3269281952012797
churn.csv,0.4,0.2305486666666657,0.1408399999999997,0.16945133333333431,0.25916000000000033,0.02899999999999997,100,0.09719102666666668,2.4016316016680443
churn.csv,0.44,0.28815133333333304,0.15783566666666643,0.15184866666666696,0.2821643333333336,0.007000000000000006,100,0.10963289333333334,2.4234591624851496
churn.csv,0.49,0.30426033333333286,0.26673133333333293,0.18573966666666714,0.22326866666666706,0.126,100,0.10992469333333334,2.640301273449939
churn.csv,0.54,0.23138166666666662,0.16496733333333327,0.30861833333333344,0.3750326666666668,0.008000000000000007,100,0.10598912333333332,2.5174622538609794
churn.csv,0.6,0.2932843333333331,0.29152866666666627,0.3067156666666669,0.3084713333333337,0.041000000000000036,100,0.11935642111111112,2.406155977036062
churn.csv,0.65,0.281808333333333,0.27905033333333296,0.36819166666666703,0.37094966666666707,0.008000000000000007,100,0.10508968444444446,2.6081372941135736
churn.csv,0.7,0.3850033333333336,0.36389500000000047,0.31499666666666637,0.3361049999999995,0.006000000000000005,100,0.10492055444444444,2.6893102195076706
churn.csv,0.75,0.497059666666667,0.46749599999999975,0.252940333333333,0.28250400000000025,0.008000000000000007,100,0.10825050111111112,2.7613853798523746
churn.csv,0.8,0.43373733333333403,0.4063523333333342,0.366262666666666,0.39364766666666584,0.01100000000000001,100,0.09858610999999998,2.720047108861206
churn.csv,0.85,0.6394656666666673,0.6521113333333337,0.2105343333333327,0.19788866666666627,0.018999999999999906,100,0.09969917666666665,2.6566953136726554
churn.csv,0.9,0.6194310000000004,0.6466543333333337,0.2805689999999996,0.25334566666666636,0.0010000000000000009,100,0.07882263444444444,2.7895218578693703
churn.csv,0.95,0.9002086666666654,0.9509653333333343,0.04979133333333452,0.0009653333333343728,0.01200000000000001,100,0.06501196777777779,2.701561786086761
clean2.csv,0.05,0.06004800000000002,0.059204999999999994,0.010048000000000015,0.009204999999999991,0.022000000000000002,100,0.04473517666666667,0.7982813807611648
clean2.csv,0.1,0.08088200000000002,0.039654666666666546,0.019117999999999982,0.06034533333333346,0.018000000000000002,100,0.058845973333333336,0.9930548059981659
clean2.csv,0.15,0.1254813333333329,0.12413966666666625,0.024518666666667105,0.02586033333333375,0.046999999999999986,100,0.09495161222222225,0.9961526040886354
clean2.csv,0.2,0.18531433333333205,0.1858999999999987,0.014685666666667957,0.014100000000001306,0.031,100,0.12906076000000005,1.044899304174492
clean2.csv,0.25,0.23619999999999824,0.23510999999999826,0.013800000000001755,0.014890000000001735,0.036000000000000004,100,0.15191059,1.317029535274452
clean2.csv,0.3,0.28439200000000037,0.24486099999999994,0.015607999999999622,0.05513900000000005,0.008000000000000007,100,0.16037700000000002,1.509614766827441
clean2.csv,0.35,0.32116066666666526,0.3223339999999987,0.028839333333334716,0.0276660000000013,0.024999999999999967,100,0.1751455822222222,1.5016944797759233
clean2.csv,0.4,0.3696646666666669,0.3698323333333336,0.030335333333333103,0.030167666666666426,0.0050000000000000044,100,0.18100900444444437,1.7077687087529847
clean2.csv,0.44,0.40840433333333165,0.40899166666666503,0.031595666666668354,0.03100833333333497,0.010000000000000009,100,0.18650263444444448,1.7166830705163756
clean2.csv,0.49,0.45518833333333303,0.45527199999999957,0.03481166666666696,0.034728000000000425,0.0010000000000000009,100,0.1851489733333333,1.9662946256593163
clean2.csv,0.54,0.5318450000000008,0.530005333333334,0.008154999999999246,0.009994666666666041,0.0040000000000000036,100,0.1907850877777778,1.9827192419248978
clean2.csv,0.6,0.5832153333333324,0.5834676666666657,0.016784666666667558,0.01653233333333426,0.0010000000000000009,100,0.18794822222222224,1.918777617950028
clean2.csv,0.65,0.6371960000000029,0.6368613333333362,0.012803999999997151,0.013138666666663856,0.01200000000000001,100,0.18608739888888887,1.8270977041082268
clean2.csv,0.7,0.687072333333336,0.6865696666666694,0.012927666666664006,0.013430333333330546,0.015000000000000013,100,0.1674238877777778,1.9193883690263656
clean2.csv,0.75,0.7559353333333342,0.7545973333333336,0.005935333333334181,0.004597333333333564,0.0010000000000000009,100,0.15012846555555556,1.985927312217511
clean2.csv,0.8,0.7889993333333282,0.7941056666666622,0.011000666666671877,0.005894333333337887,0.007000000000000006,100,0.13173223444444446,1.9675537247871284
clean2.csv,0.85,0.8380290000000032,0.8379470000000031,0.011970999999996734,0.012052999999996872,0.0050000000000000044,100,0.11025331555555555,1.738754899190238
clean2.csv,0.9,0.8770289999999977,0.876441666666665,0.022971000000002295,0.023558333333335013,0.009000000000000008,100,0.07786695444444446,1.8239518260667476
clean2.csv,0.95,0.9396999999999965,0.9397016666666633,0.010300000000003418,0.010298333333336629,0.007000000000000117,100,0.05074499888888889,1.8050346484082904
clean2.csv,0.05,0.03535199999999992,0.015606333333333233,0.014648000000000085,0.03439366666666677,0.023000000000000003,100,0.03900852777777779,0.7243558459309016
clean2.csv,0.1,0.10314199999999976,0.1056553333333331,0.003141999999999756,0.005655333333333096,0.036000000000000004,100,0.07098541666666669,0.8404279825990743
clean2.csv,0.15,0.1276573333333329,0.12564633333333292,0.022342666666667094,0.02435366666666708,0.043,100,0.0968890877777778,1.1616259644779627
clean2.csv,0.2,0.18497966666666543,0.16052466666666595,0.015020333333334579,0.039475333333334056,0.007000000000000006,100,0.12311007111111114,1.1263609412662285
clean2.csv,0.25,0.23619999999999824,0.18013999999999913,0.013800000000001755,0.06986000000000087,0.026999999999999996,100,0.15159848444444443,1.314945805881792
clean2.csv,0.3,0.28430833333333366,0.2835550000000004,0.015691666666666326,0.0164449999999996,0.019999999999999962,100,0.15874076777777782,1.5659969340612638
clean2.csv,0.35,0.33585799999999794,0.33803433333333155,0.014142000000002042,0.011965666666668429,0.020999999999999963,100,0.1874865455555556,1.412619531757353
clean2.csv,0.4,0.36631800000000064,0.3666530000000007,0.03368199999999938,0.03334699999999935,0.016000000000000014,100,0.17639119444444445,1.8129716421017186
clean2.csv,0.44,0.4115913333333317,0.39801333333333194,0.028408666666668303,0.04198666666666806,0.008000000000000007,100,0.18804796777777774,1.73629165960224
clean2.csv,0.49,0.4593716666666663,0.4441283333333328,0.0306283333333337,0.0458716666666672,0.0020000000000000018,100,0.19090614555555557,1.929355455078085
clean2.csv,0.54,0.4832473333333333,0.4837506666666668,0.05675266666666673,0.05624933333333326,0.0030000000000000027,100,0.19724988777777777,1.9058127435566274
clean2.csv,0.6,0.5794496666666662,0.5795343333333327,0.02055033333333378,0.02046566666666727,0.007000000000000006,100,0.1818538611111111,1.9165695865389232
clean2.csv,0.65,0.6355226666666695,0.6352716666666695,0.014477333333330566,0.014728333333330568,0.0050000000000000044,100,0.18266419,1.9283266191943667
clean2.csv,0.7,0.6875763333333361,0.6871573333333363,0.012423666666663835,0.012842666666663671,0.004999999999999893,100,0.17232329333333335,1.867046280610383
clean2.csv,0.75,0.7561863333333343,0.7548476666666671,0.006186333333334293,0.004847666666667139,0.01200000000000001,100,0.15097406555555556,1.8975344346886414
clean2.csv,0.8,0.7889996666666615,0.789333999999995,0.011000333333338497,0.01066600000000506,0.007000000000000006,100,0.13556970666666668,1.8436594006997487
clean2.csv,0.85,0.8371083333333365,0.836859000000003,0.012891666666663526,0.01314099999999696,0.015000000000000013,100,0.11001036777777781,1.8335629683751413
clean2.csv,0.9,0.8621236666666637,0.8601926666666644,0.03787633333333629,0.03980733333333564,0.01200000000000001,100,0.07651472333333334,2.1109139123382814
clean2.csv,0.95,0.9396999999999965,0.9396173333333299,0.010300000000003418,0.010382666666670093,0.01100000000000001,100,0.04708775444444445,1.890029497408383
click-prediction.csv,0.05,0.9882430000000038,0.9820366666666691,0.9382430000000037,0.9320366666666691,0.40900000000000003,100,0.03360479555555555,2.6341017326751386
click-prediction.csv,0.1,0.9704220000000009,0.9813673333333357,0.8704220000000009,0.8813673333333357,0.493,100,0.03365186111111111,2.5092134359605818
click-prediction.csv,0.15,0.9899163333333375,0.9896646666666707,0.8399163333333375,0.8396646666666707,0.228,100,0.022247999999999997,2.6680229380818026
click-prediction.csv,0.2,0.9858163333333368,0.9884926666666707,0.7858163333333368,0.7884926666666707,0.334,100,0.03511944333333334,2.4965655413393977
click-prediction.csv,0.25,0.9725973333333345,0.9816183333333356,0.7225973333333345,0.7316183333333356,0.21800000000000003,100,0.033272021111111105,2.5724446807234846
click-prediction.csv,0.3,0.9697526666666676,0.9814510000000024,0.6697526666666676,0.6814510000000025,0.40599999999999997,100,0.028788234444444446,2.3070830977561863
click-prediction.csv,0.35,0.9889123333333373,0.9822040000000025,0.6389123333333373,0.6322040000000025,0.28600000000000003,100,0.02481400444444444,2.502314938403175
click-prediction.csv,0.4,0.9695016666666675,0.9813673333333357,0.5695016666666675,0.5813673333333357,0.391,100,0.030427728888888884,2.2797249178473145
click-prediction.csv,0.44,0.9899163333333375,0.9897486666666708,0.5499163333333374,0.5497486666666709,0.067,100,0.017685194444444444,2.590397819759069
click-prediction.csv,0.49,0.9885776666666705,0.9896650000000041,0.49857766666667047,0.49966500000000413,0.139,100,0.02452264333333333,2.4466659812816003
click-prediction.csv,0.54,0.9685813333333338,0.9884093333333374,0.4285813333333338,0.4484093333333373,0.08099999999999996,100,0.03126344444444444,2.4605077184377504
click-prediction.csv,0.6,0.9899163333333375,0.9822040000000025,0.38991633333333753,0.38220400000000254,0.06099999999999994,100,0.018698332222222218,2.577594907696184
click-prediction.csv,0.65,0.9896653333333374,0.9822040000000025,0.33966533333333737,0.3322040000000025,0.21099999999999997,100,0.021825754444444446,2.2774331134836396
click-prediction.csv,0.7,0.9863186666666702,0.9821203333333358,0.2863186666666703,0.28212033333333586,0.1130000000000001,100,0.026080226666666664,2.3428379486882807
click-prediction.csv,0.75,0.9900000000000042,0.9898323333333375,0.2400000000000042,0.23983233333333753,0.07599999999999996,100,0.02090629333333333,2.4505368998990082
click-prediction.csv,0.8,0.9899163333333375,0.9822040000000025,0.18991633333333746,0.18220400000000248,0.339,100,0.020460226666666664,2.6486367270344773
click-prediction.csv,0.85,0.9900000000000042,0.9898323333333375,0.14000000000000423,0.13983233333333756,0.008000000000000007,100,0.017969226666666668,2.2937575708075615
click-prediction.csv,0.9,0.9899163333333375,0.9822040000000025,0.08991633333333748,0.0822040000000025,0.31000000000000005,100,0.02065588777777778,2.491875101233125
click-prediction.csv,0.95,0.9899163333333375,0.9822040000000025,0.03991633333333755,0.032204000000002564,0.21999999999999997,100,0.02038608333333333,2.490416256476758
click-prediction.csv,0.05,0.9692506666666674,0.9814510000000024,0.9192506666666673,0.9314510000000024,0.5329999999999999,100,0.032687893333333336,2.455104391546764
click-prediction.csv,0.1,0.9675773333333336,0.981283666666669,0.8675773333333336,0.881283666666669,0.7210000000000001,100,0.03898405666666667,2.381102706000304
click-prediction.csv,0.15,0.9692506666666674,0.9814510000000024,0.8192506666666673,0.8314510000000024,0.257,100,0.03492992333333333,2.5471022788115905
click-prediction.csv,0.2,0.9722626666666677,0.9816183333333356,0.7722626666666677,0.7816183333333355,0.317,100,0.03457459,2.584544632818725
click-prediction.csv,0.25,0.9890796666666707,0.9822040000000025,0.7390796666666707,0.7322040000000025,0.5680000000000001,100,0.024062687777777775,2.2718570678134853
click-prediction.csv,0.3,0.9899163333333375,0.9897486666666708,0.6899163333333376,0.6897486666666708,0.10800000000000004,100,0.020840595555555556,2.6519058425991937
click-prediction.csv,0.35,0.9884103333333373,0.9822040000000025,0.6384103333333373,0.6322040000000025,0.28700000000000003,100,0.02490131,2.4323448788345323
click-prediction.csv,0.4,0.9900000000000042,0.9822040000000025,0.5900000000000042,0.5822040000000025,0.13,100,0.017892776666666665,2.415364535868075
click-prediction.csv,0.44,0.9842270000000031,0.9893296666666709,0.5442270000000031,0.5493296666666709,0.201,100,0.028430893333333332,2.454975237307725
click-prediction.csv,0.49,0.9823863333333361,0.9820366666666691,0.49238633333333615,0.4920366666666691,0.22999999999999998,100,0.027401398888888893,2.4110842879504273
click-prediction.csv,0.54,0.9898326666666708,0.9822040000000025,0.44983266666667077,0.4422040000000025,0.041999999999999926,100,0.022033523333333336,2.485946814809861
click-prediction.csv,0.6,0.9890796666666707,0.9897486666666708,0.3890796666666707,0.38974866666667085,0.3480000000000001,100,0.023360198888888885,2.2067736659817667
click-prediction.csv,0.65,0.9899163333333375,0.9898323333333375,0.3399163333333375,0.3398323333333375,0.35,100,0.02031784888888889,2.0875044011660844
click-prediction.csv,0.7,0.9899163333333375,0.9822040000000025,0.28991633333333755,0.28220400000000256,0.20199999999999996,100,0.017679106666666663,2.493943471464134
click-prediction.csv,0.75,0.9731830000000016,0.9813673333333357,0.22318300000000157,0.2313673333333357,0.07099999999999995,100,0.028743444444444436,2.4476364888695046
click-prediction.csv,0.8,0.9899163333333375,0.9822040000000025,0.18991633333333746,0.18220400000000248,0.16800000000000004,100,0.02027032888888889,2.517044321181357
click-prediction.csv,0.85,0.9899163333333375,0.9898323333333375,0.13991633333333753,0.13983233333333756,0.039999999999999925,100,0.020294972222222228,2.34024081445065
click-prediction.csv,0.9,0.9899163333333375,0.9898323333333375,0.08991633333333748,0.08983233333333751,0.02100000000000002,100,0.020605448888888888,2.289923704135638
click-prediction.csv,0.95,0.9898326666666708,0.9898323333333375,0.039832666666670846,0.03983233333333758,0.584,100,0.011602706666666669,2.7090605654769506
cmc.1.csv,0.05,0.07685433333333333,0.031095666666666553,0.026854333333333327,0.01890433333333345,0.268,100,0.06439438679003527,2.8043074817276823
cmc.1.csv,0.1,0.10255133333333283,0.04207566666666655,0.0025513333333328225,0.05792433333333345,0.17700000000000002,100,0.06550176624550265,2.772118847685192
cmc.1.csv,0.15,0.07282000000000001,0.042752333333333205,0.07717999999999998,0.1072476666666668,0.261,100,0.07065217391624995,2.8775788678904597
cmc.1.csv,0.2,0.03722599999999987,0.032940999999999894,0.16277400000000014,0.16705900000000012,0.10799999999999998,100,0.06084786632223954,2.8183900311030183
cmc.1.csv,0.25,0.10086833333333327,0.03622733333333319,0.14913166666666672,0.2137726666666668,0.09300000000000003,100,0.0691961832491355,2.8304005985555984
cmc.1.csv,0.3,0.09601233333333335,0.04308433333333322,0.20398766666666662,0.25691566666666676,0.05299999999999999,100,0.06758024522597,2.818650119587781
cmc.1.csv,0.35,0.05691766666666664,0.036632999999999874,0.29308233333333333,0.3133670000000001,0.0050000000000000044,100,0.0657980265940426,2.8757884402051146
cmc.1.csv,0.4,0.34840233333333254,0.25827066666666665,0.051597666666667485,0.14172933333333337,0.07,100,0.08642170047868192,2.9278901309117447
cmc.1.csv,0.44,0.10398066666666678,0.06696100000000003,0.3360193333333332,0.37303899999999995,0.03300000000000003,100,0.07599670690189093,2.890120474838275
cmc.1.csv,0.49,0.26287099999999947,0.21965433333333304,0.22712900000000052,0.27034566666666693,0.05099999999999999,100,0.08712534604834969,2.8476603786597323
cmc.1.csv,0.54,0.24361199999999988,0.18321833333333332,0.29638800000000015,0.3567816666666667,0.11200000000000004,100,0.08431283166298029,2.842456375909738
cmc.1.csv,0.6,0.41096433333333243,0.4008329999999991,0.18903566666666755,0.19916700000000087,0.05399999999999994,100,0.08080937233686067,2.944231892917218
cmc.1.csv,0.65,0.36933466666666614,0.30358266666666656,0.2806653333333339,0.34641733333333347,0.13,100,0.08623220903038549,2.8939495071939803
cmc.1.csv,0.7,0.2311296666666665,0.1657156666666667,0.46887033333333344,0.5342843333333333,0.25199999999999995,100,0.08271351780455405,2.861779892851343
cmc.1.csv,0.75,0.6328273333333341,0.6897846666666664,0.11717266666666593,0.06021533333333362,0.16200000000000003,100,0.08607345897037039,2.947295760269358
cmc.1.csv,0.8,0.5669000000000002,0.5094450000000004,0.23309999999999986,0.2905549999999997,0.22899999999999998,100,0.09181053987823605,2.8742199690691166
cmc.1.csv,0.85,0.5659796666666668,0.507686666666667,0.2840203333333332,0.342313333333333,0.249,100,0.0952232333547241,2.786865133065983
cmc.1.csv,0.9,0.5316776666666675,0.4804110000000006,0.36832233333333253,0.41958899999999943,0.28700000000000003,100,0.09032897877663768,2.81093147787008
cmc.1.csv,0.95,0.6724500000000009,0.666257333333334,0.2775499999999991,0.2837426666666659,0.2929999999999999,100,0.08873417266018517,2.824353809145649
cmc.1.csv,0.05,0.013180999999999905,0.018205333333333233,0.0368190000000001,0.03179466666666677,0.199,100,0.04721956256060091,2.7253990661425926
cmc.1.csv,0.1,0.046360333333333205,0.03245066666666654,0.0536396666666668,0.06754933333333346,0.11399999999999999,100,0.05454165509756236,2.742879596252885
cmc.1.csv,0.15,0.17568333333333241,0.06813000000000004,0.02568333333333242,0.08186999999999996,0.18400000000000002,100,0.07278793127499998,2.783128070720592
cmc.1.csv,0.2,0.023569999999999865,0.029756666666666563,0.17643000000000014,0.17024333333333344,0.11299999999999999,100,0.05760228315328011,2.850675204772382
cmc.1.csv,0.25,0.14500599999999952,0.05397666666666656,0.10499400000000048,0.19602333333333344,0.020000000000000018,100,0.06952295284074074,2.8207578597832694
cmc.1.csv,0.3,0.17945299999999895,0.06829666666666669,0.12054700000000104,0.23170333333333332,0.05199999999999999,100,0.07290077499936382,2.871004885846756
cmc.1.csv,0.35,0.22677799999999995,0.15348500000000007,0.12322200000000003,0.1965149999999999,0.07100000000000001,100,0.0861460627084908,2.864005964646646
cmc.1.csv,0.4,0.1766866666666658,0.06662566666666665,0.22331333333333422,0.3333743333333334,0.026000000000000023,100,0.07299075202879189,2.8302288897879846
cmc.1.csv,0.44,0.2549236666666663,0.12685033333333326,0.18507633333333368,0.31314966666666677,0.07600000000000001,100,0.0784866317565429,2.736094494573664
cmc.1.csv,0.49,0.21940899999999866,0.09083000000000004,0.27059100000000136,0.39916999999999997,0.15399999999999997,100,0.07613838587852734,2.830117900075216
cmc.1.csv,0.54,0.20944233333333312,0.14938766666666656,0.3305576666666669,0.39061233333333345,0.02200000000000002,100,0.08004429153628748,2.89070055557172
cmc.1.csv,0.6,0.225267,0.13522566666666672,0.374733,0.4647743333333333,0.13399999999999995,100,0.08562525907167423,2.9206631178188505
cmc.1.csv,0.65,0.5180190000000003,0.467260333333334,0.13198099999999968,0.18273966666666602,0.07799999999999996,100,0.0841450224016818,2.8828744420442716
cmc.1.csv,0.7,0.6030206666666665,0.5814940000000002,0.09697933333333342,0.11850599999999978,0.23899999999999993,100,0.07257886530976947,2.8451047859707908
cmc.1.csv,0.75,0.40493566666666675,0.37989433333333333,0.34506433333333325,0.37010566666666667,0.17599999999999993,100,0.07415352149848198,2.9312211949499885
cmc.1.csv,0.8,0.5638043333333336,0.504840666666667,0.23619566666666647,0.295159333333333,0.18000000000000005,100,0.09291747480558547,2.886543443447749
cmc.1.csv,0.85,0.6196896666666675,0.636946333333334,0.2303103333333325,0.21305366666666603,0.251,100,0.08496930333487496,2.7751781454260356
cmc.1.csv,0.9,0.5467643333333335,0.4878766666666677,0.3532356666666665,0.41212333333333234,0.31000000000000005,100,0.09371723712015621,2.852631298416345
cmc.1.csv,0.95,0.6411273333333342,0.6784046666666671,0.3088726666666658,0.27159533333333286,0.35,100,0.07530387216474552,2.8489817153256816
cmc.2.csv,0.05,0.060132000000000026,0.029608666666666526,0.010132000000000023,0.020391333333333476,0.057999999999999996,100,0.04668289611033006,2.284238911154836
cmc.2.csv,0.1,0.0603836666666667,0.03086599999999986,0.03961633333333331,0.06913400000000014,0.008999999999999994,100,0.04821247600707987,2.328284789802922
cmc.2.csv,0.15,0.08531633333333326,0.04032333333333321,0.06468366666666674,0.10967666666666678,0.04300000000000001,100,0.059662773044211394,2.5212621523568073
cmc.2.csv,0.2,0.035189333333333246,0.019959333333333218,0.16481066666666677,0.1800406666666668,0.037000000000000005,100,0.04186945986258503,2.451744848819346
cmc.2.csv,0.25,0.06063333333333337,0.03388399999999986,0.18936666666666663,0.21611600000000014,0.11399999999999999,100,0.051439362041798956,2.389979135523632
cmc.2.csv,0.3,0.11116933333333276,0.04266433333333322,0.18883066666666723,0.25733566666666674,0.118,100,0.06620025338357269,2.3845080286248006
cmc.2.csv,0.35,0.08062866666666664,0.03722599999999988,0.26937133333333335,0.3127740000000001,0.12599999999999997,100,0.05402479029651675,2.562623180363468
cmc.2.csv,0.4,0.08347499999999997,0.03864699999999988,0.31652500000000006,0.36135300000000015,0.15600000000000003,100,0.05659791183033509,2.5502994169189033
cmc.2.csv,0.44,0.11024899999999924,0.03687933333333322,0.3297510000000008,0.4031206666666668,0.16099999999999998,100,0.06318835113229246,2.6332196528301353
cmc.2.csv,0.49,0.030665999999999912,0.019965333333333224,0.4593340000000001,0.47003466666666677,0.364,100,0.0397292585951814,2.335576080759968
cmc.2.csv,0.54,0.06655666666666667,0.03177033333333322,0.4734433333333334,0.5082296666666668,0.134,100,0.05915254120918998,2.7339685526971573
cmc.2.csv,0.6,0.1521483333333328,0.06428433333333329,0.4478516666666672,0.5357156666666667,0.26899999999999996,100,0.07109654071350466,2.6743968503540314
cmc.2.csv,0.65,0.16832733333333322,0.08756633333333329,0.4816726666666668,0.5624336666666667,0.43300000000000005,100,0.07528607433696145,2.539866205342764
cmc.2.csv,0.7,0.1482929999999995,0.06185666666666665,0.5517070000000004,0.6381433333333333,0.3549999999999999,100,0.07094751355491938,2.673837043104906
cmc.2.csv,0.75,0.06656500000000008,0.03244633333333321,0.6834349999999999,0.7175536666666668,0.436,100,0.05717010008172556,2.6625662583910907
cmc.2.csv,0.8,0.09424933333333332,0.04350966666666654,0.7057506666666667,0.7564903333333335,0.36200000000000004,100,0.06906125557519999,2.7353603239661752
cmc.2.csv,0.85,0.09886966666666622,0.03385933333333323,0.7511303333333338,0.8161406666666667,0.368,100,0.06535091939185564,2.761051266468636
cmc.2.csv,0.9,0.1313329999999996,0.041826333333333215,0.7686670000000004,0.8581736666666668,0.489,100,0.06664974608770471,2.535322420691132
cmc.2.csv,0.95,0.040578666666666534,0.02640899999999989,0.9094213333333334,0.923591,0.49599999999999994,100,0.056783261440388026,2.7320565320706995
cmc.2.csv,0.05,0.03476533333333325,0.015856666666666564,0.01523466666666675,0.03414333333333344,0.022000000000000006,100,0.03637388615870497,2.242228487684452
cmc.2.csv,0.1,0.04711266666666654,0.022561333333333208,0.05288733333333347,0.0774386666666668,0.0010000000000000009,100,0.04360027290103773,2.275548740727411
cmc.2.csv,0.15,0.03778866666666658,0.02004333333333322,0.11221133333333341,0.12995666666666678,0.06999999999999999,100,0.04235217155998994,2.1978513400004482
cmc.2.csv,0.2,0.08096566666666667,0.038987333333333214,0.11903433333333334,0.1610126666666668,0.07800000000000001,100,0.05391587734926147,2.300356405247732
cmc.2.csv,0.25,0.0603836666666667,0.03262699999999986,0.1896163333333333,0.21737300000000015,0.11699999999999999,100,0.04917481842324893,2.4006087915024192
cmc.2.csv,0.3,0.04854199999999987,0.028345666666666536,0.2514580000000001,0.27165433333333344,0.04099999999999998,100,0.052305398573318215,2.5642248093428686
cmc.2.csv,0.35,0.039735999999999876,0.029521666666666533,0.3102640000000001,0.3204783333333334,0.024999999999999967,100,0.052916496721913585,2.683736328091267
cmc.2.csv,0.4,0.08506533333333327,0.039989333333333224,0.31493466666666675,0.3600106666666668,0.29600000000000004,100,0.05690464218175863,2.3936013841748545
cmc.2.csv,0.44,0.11024899999999924,0.03671233333333322,0.3297510000000008,0.40328766666666677,0.193,100,0.0621514036936256,2.5738902033994115
cmc.2.csv,0.49,0.035276999999999906,0.022560999999999876,0.4547230000000001,0.4674390000000001,0.365,100,0.04219247718701815,2.3538565130281173
cmc.2.csv,0.54,0.11033266666666591,0.03763333333333322,0.4296673333333341,0.5023666666666669,0.22300000000000003,100,0.06405336868817556,2.6400156143007205
cmc.2.csv,0.6,0.12413766666666641,0.04266466666666655,0.47586233333333355,0.5573353333333334,0.25599999999999995,100,0.06656748895187707,2.6201111533130987
cmc.2.csv,0.65,0.11493499999999957,0.04291466666666655,0.5350650000000005,0.6070853333333335,0.41100000000000003,100,0.06607551813099019,2.5809036906949294
cmc.2.csv,0.7,0.08255466666666665,0.038143999999999886,0.6174453333333333,0.6618560000000001,0.46299999999999997,100,0.056171802609120684,2.4621786702795596
cmc.2.csv,0.75,0.06521833333333334,0.03160499999999988,0.6847816666666666,0.7183950000000001,0.396,100,0.05849198997679516,2.7130805828635034
cmc.2.csv,0.8,0.17652366666666583,0.07432833333333336,0.6234763333333342,0.7256716666666667,0.34600000000000003,100,0.07303731109075808,2.8146385186718637
cmc.2.csv,0.85,0.20992199999999883,0.13639733333333298,0.6400780000000011,0.713602666666667,0.43699999999999994,100,0.08070169916795163,2.7141714539714226
cmc.2.csv,0.9,0.21907066666666547,0.13815966666666635,0.6809293333333346,0.7618403333333337,0.522,100,0.08590634267585508,2.72619173697366
cmc.2.csv,0.95,0.1326716666666661,0.053305666666666564,0.8173283333333339,0.8966943333333334,0.584,100,0.06796149029021793,2.714381755586732
cmc.3.csv,0.05,0.07299666666666664,0.03797266666666655,0.022996666666666638,0.012027333333333452,0.241,100,0.065465995501718,2.7531728503617545
cmc.3.csv,0.1,0.023733999999999873,0.02155766666666655,0.07626600000000014,0.07844233333333345,0.15,100,0.05228808500381761,2.7243893052551407
cmc.3.csv,0.15,0.020294999999999883,0.021308666666666542,0.12970500000000013,0.12869133333333346,0.07900000000000001,100,0.04451693429954561,2.7913563585720556
cmc.3.csv,0.2,0.013599666666666564,0.02104999999999989,0.18640033333333345,0.1789500000000001,0.175,100,0.05111372060389895,2.846145541254315
cmc.3.csv,0.25,0.013012999999999891,0.015443666666666571,0.23698700000000011,0.23455633333333342,0.057999999999999996,100,0.04300210578467249,2.7015022112771647
cmc.3.csv,0.3,0.014855333333333217,0.024314666666666554,0.28514466666666677,0.27568533333333345,0.14900000000000002,100,0.05451870167901514,2.8666257942957674
cmc.3.csv,0.35,0.034122333333333206,0.03109899999999989,0.3158776666666668,0.3189010000000001,0.014999999999999958,100,0.06028754812480945,2.797019493019298
cmc.3.csv,0.4,0.012510666666666575,0.01770099999999989,0.38748933333333346,0.3822990000000001,0.032999999999999974,100,0.04701378063322626,2.871606274764521
cmc.3.csv,0.44,0.0141019999999999,0.026744333333333224,0.4258980000000001,0.4132556666666668,0.0010000000000000009,100,0.054874211454196936,2.91726513708292
cmc.3.csv,0.49,0.014519999999999896,0.019627333333333226,0.47548000000000007,0.47037266666666677,0.23199999999999998,100,0.04984104039801849,2.7434512605157875
cmc.3.csv,0.54,0.011171333333333248,0.016027333333333227,0.5288286666666668,0.5239726666666669,0.02100000000000002,100,0.04274736669937484,2.858255350948814
cmc.3.csv,0.6,0.015610999999999882,0.02791666666666656,0.584389,0.5720833333333334,0.20199999999999996,100,0.055999800319547856,2.841333508209778
cmc.3.csv,0.65,0.01787166666666654,0.029341666666666554,0.6321283333333335,0.6206583333333334,0.173,100,0.055850069484456616,2.807213435226976
cmc.3.csv,0.7,0.011171333333333248,0.01594366666666656,0.6888286666666668,0.6840563333333334,0.31499999999999995,100,0.04239180757102545,2.831531882725692
cmc.3.csv,0.75,0.01334766666666656,0.02146799999999989,0.7366523333333335,0.7285320000000001,0.266,100,0.05310008292434335,2.910290124957784
cmc.3.csv,0.8,0.024657333333333194,0.03763366666666656,0.7753426666666668,0.7623663333333335,0.275,100,0.058518748870605514,2.873561224166871
cmc.3.csv,0.85,0.012677999999999901,0.02088299999999989,0.8373220000000001,0.8291170000000001,0.38999999999999996,100,0.05005508947926482,2.912125769901168
cmc.3.csv,0.9,0.015610666666666544,0.029676666666666556,0.8843893333333335,0.8703233333333334,0.362,100,0.05963580708801177,2.8980587223200964
cmc.3.csv,0.95,0.012593999999999907,0.02021233333333322,0.9374060000000001,0.9297876666666667,0.601,100,0.047294129185844996,2.8270010749650547
cmc.3.csv,0.05,0.011589999999999913,0.015026333333333242,0.03841000000000009,0.034973666666666764,0.14400000000000002,100,0.03796651008482826,2.7157634126939154
cmc.3.csv,0.1,0.03873233333333321,0.03110633333333321,0.0612676666666668,0.0688936666666668,0.17,100,0.05515472961620107,2.7451045934646374
cmc.3.csv,0.15,0.01510666666666656,0.020882666666666556,0.13489333333333342,0.12911733333333344,0.19100000000000003,100,0.05058493980814419,2.842906447229301
cmc.3.csv,0.2,0.011254999999999916,0.015358666666666567,0.1887450000000001,0.18464133333333344,0.125,100,0.03743022041342978,2.790776277837306
cmc.3.csv,0.25,0.020880333333333213,0.020637666666666544,0.22911966666666678,0.22936233333333345,0.056999999999999995,100,0.045288072084837344,2.671780062637844
cmc.3.csv,0.3,0.012677999999999901,0.016280333333333227,0.2873220000000001,0.28371966666666676,0.06199999999999997,100,0.041530251708520725,2.785190663315125
cmc.3.csv,0.35,0.019122333333333227,0.02071799999999989,0.33087766666666674,0.3292820000000001,0.12199999999999997,100,0.04873270619863946,2.7388763797387985
cmc.3.csv,0.4,0.013097333333333235,0.02104966666666656,0.3869026666666668,0.37895033333333344,0.039000000000000035,100,0.050667164438202315,2.8484826027639536
cmc.3.csv,0.44,0.01594299999999988,0.024146999999999887,0.42405700000000013,0.41585300000000014,0.062,100,0.05451641887057753,2.859044503876577
cmc.3.csv,0.49,0.01451999999999989,0.02012866666666656,0.4754800000000001,0.4698713333333334,0.09599999999999997,100,0.05263721600166919,2.80016587139791
cmc.3.csv,0.54,0.04299899999999989,0.042581999999999884,0.49700100000000014,0.49741800000000014,0.065,100,0.06608817006178089,2.904463112697043
cmc.3.csv,0.6,0.016112999999999874,0.02942399999999989,0.5838870000000002,0.5705760000000001,0.17099999999999999,100,0.05961369752633238,2.916395015980819
cmc.3.csv,0.65,0.015861333333333217,0.025989999999999888,0.6341386666666669,0.6240100000000002,0.29400000000000004,100,0.05462386529631362,2.8267889531363934
cmc.3.csv,0.7,0.013180666666666566,0.020798666666666556,0.6868193333333333,0.6792013333333334,0.3489999999999999,100,0.05072212320838214,2.825326605216854
cmc.3.csv,0.75,0.012845666666666568,0.020966333333333222,0.7371543333333335,0.7290336666666668,0.326,100,0.04898623560420954,2.881537909662413
cmc.3.csv,0.8,0.018960333333333204,0.03327633333333323,0.7810396666666668,0.7667236666666668,0.35100000000000003,100,0.05871461197641776,2.8878168831145272
cmc.3.csv,0.85,0.013013666666666574,0.02004499999999989,0.8369863333333334,0.8299550000000001,0.39299999999999996,100,0.04740198196839726,2.8580428305073142
cmc.3.csv,0.9,0.014604999999999884,0.021887333333333224,0.8853950000000002,0.8781126666666668,0.468,100,0.053318737333938715,2.7939321152037557
cmc.3.csv,0.95,0.01393433333333323,0.021552333333333226,0.9360656666666667,0.9284476666666668,0.49699999999999994,100,0.05179004091998038,2.874771571117465
cmc.csv,0.05,0.44840233333333335,0.4291396666666668,0.39840233333333336,0.3791396666666668,0.404,100,0.09441754487147898,2.8228193081362054
cmc.csv,0.1,0.18237966666666575,0.07433166666666674,0.08237966666666574,0.025668333333333265,0.212,100,0.07381898938569381,2.782793957336838
cmc.csv,0.15,0.5656703333333344,0.5217793333333337,0.41567033333333436,0.3717793333333337,0.31500000000000006,100,0.08008576395064722,2.922658793715746
cmc.csv,0.2,0.36405766666666667,0.27795266666666707,0.16405766666666666,0.07795266666666706,0.15799999999999997,100,0.08884473232030107,2.8733286415105956
cmc.csv,0.25,0.5102976666666665,0.5004129999999996,0.26029766666666654,0.25041299999999955,0.21900000000000003,100,0.07997290700208491,2.843889846530036
cmc.csv,0.3,0.5855963333333336,0.5732033333333337,0.2855963333333336,0.27320333333333374,0.14400000000000002,100,0.0756385613435626,2.907473369198296
cmc.csv,0.35,0.49747099999999905,0.4860019999999993,0.14747099999999908,0.13600199999999935,0.08300000000000002,100,0.08672736780088812,2.860748596552802
cmc.csv,0.4,0.6752140000000001,0.7108170000000004,0.27521400000000007,0.31081700000000034,0.12,100,0.07467831373235964,2.8850095863416034
cmc.csv,0.44,0.7726326666666666,0.8223026666666662,0.33263266666666663,0.3823026666666662,0.009000000000000008,100,0.08258671809307129,2.865792568350549
cmc.csv,0.49,0.517856333333334,0.48711466666666725,0.027856333333334038,0.0028853333333327402,0.05499999999999999,100,0.07924666601111112,2.8584165261439987
cmc.csv,0.54,0.9851430000000035,0.9758363333333346,0.4451430000000035,0.4358363333333346,0.019000000000000017,100,0.05693643508496473,2.8932284152055026
cmc.csv,0.6,0.7846963333333314,0.857490666666666,0.18469633333333146,0.257490666666666,0.08600000000000008,100,0.07498397583669689,2.8331242400579453
cmc.csv,0.65,0.7292473333333337,0.8053816666666663,0.07924733333333367,0.1553816666666663,0.014000000000000012,100,0.07764621453505555,2.812015263655384
cmc.csv,0.7,0.795776999999996,0.8739976666666657,0.095776999999996,0.17399766666666572,0.11499999999999999,100,0.07466140547389404,2.8749312034593353
cmc.csv,0.75,0.893009999999999,0.9657100000000022,0.14300999999999897,0.21571000000000218,0.10799999999999998,100,0.06777719640794123,2.8795539812342423
cmc.csv,0.8,0.8145170000000002,0.841233999999999,0.014517000000000113,0.041233999999998994,0.28,100,0.07865302566380769,2.928088201264882
cmc.csv,0.85,0.8368613333333358,0.9291013333333357,0.01313866666666419,0.07910133333333569,0.15499999999999992,100,0.07072931971719786,2.8324711072821165
cmc.csv,0.9,0.9237246666666673,0.9552186666666663,0.023724666666667282,0.055218666666666305,0.07799999999999996,100,0.05675384821461797,2.628878710223075
cmc.csv,0.95,0.9845570000000033,0.9759216666666681,0.03455700000000339,0.025921666666668175,0.34099999999999997,100,0.058462061913849526,2.8797676459174055
cmc.csv,0.05,0.2575879999999998,0.1302839999999999,0.20758799999999983,0.0802839999999999,0.314,100,0.07861276200241085,2.869249049312501
cmc.csv,0.1,0.46885266666666664,0.4616476666666669,0.3688526666666666,0.3616476666666669,0.358,100,0.07696039507061603,2.837385069666015
cmc.csv,0.15,0.3412709999999995,0.2993089999999998,0.1912709999999995,0.14930899999999983,0.208,100,0.08996255171611868,2.730648091887134
cmc.csv,0.2,0.5294190000000008,0.5252280000000008,0.32941900000000074,0.3252280000000008,0.306,100,0.08201198996747293,2.861412332556866
cmc.csv,0.25,0.4309913333333328,0.398324333333333,0.18099133333333278,0.148324333333333,0.10499999999999998,100,0.07932945289691358,2.8184496755732757
cmc.csv,0.3,0.21739133333333308,0.19360533333333302,0.08260866666666691,0.10639466666666697,0.11699999999999999,100,0.07021509271444161,2.83640167036659
cmc.csv,0.35,0.5017650000000005,0.4679210000000007,0.15176500000000048,0.11792100000000072,0.11100000000000004,100,0.08585148345333207,2.862796761937706
cmc.csv,0.4,0.6253753333333336,0.5665780000000001,0.2253753333333336,0.16657800000000011,0.129,100,0.07851143917480946,2.851017804284819
cmc.csv,0.44,0.8950136666666663,0.921819666666669,0.45501366666666626,0.48181966666666903,0.10500000000000004,100,0.06977414182338751,2.8915049042178227
cmc.csv,0.49,0.7018773333333373,0.7652726666666688,0.21187733333333736,0.27527266666666883,0.16500000000000004,100,0.0897225567160457,2.7976926880100934
cmc.csv,0.54,0.8427583333333323,0.9046500000000015,0.30275833333333224,0.3646500000000015,0.18299999999999994,100,0.06708940236941925,2.7227824978372372
cmc.csv,0.6,0.6732050000000005,0.761324666666666,0.07320500000000052,0.161324666666666,0.07899999999999996,100,0.08538050571381961,2.845539661572106
cmc.csv,0.65,0.8616949999999977,0.9337143333333349,0.21169499999999764,0.28371433333333484,0.0040000000000000036,100,0.06899743224328547,2.8294241425302227
cmc.csv,0.7,0.9628560000000016,0.9757603333333358,0.26285600000000164,0.2757603333333358,0.03399999999999992,100,0.06587584134600026,2.8523116351223043
cmc.csv,0.75,0.7987773333333319,0.8640293333333325,0.048777333333331896,0.11402933333333254,0.19399999999999995,100,0.07489384479390188,2.913417085026156
cmc.csv,0.8,0.808326999999998,0.8707266666666662,0.008326999999997975,0.07072666666666616,0.139,100,0.07453257453918286,2.7708380661301764
cmc.csv,0.85,0.9703253333333345,0.9742463333333348,0.1203253333333345,0.12424633333333479,0.05399999999999994,100,0.04799257080256992,2.7764621186626623
cmc.csv,0.9,0.9782763333333353,0.9714756666666674,0.07827633333333528,0.07147566666666738,0.16200000000000003,100,0.053679955822012265,2.775300812951505
cmc.csv,0.95,0.9125333333333323,0.9578370000000026,0.03746666666666765,0.007837000000002647,0.29399999999999993,100,0.06914663252500912,2.825936707491299
covtype_reduced.csv,0.05,0.026656666666666558,0.024154999999999874,0.023343333333333445,0.02584500000000013,0.06,100,0.049686551111111116,2.732134051996733
covtype_reduced.csv,0.1,0.030340999999999892,0.0228133333333332,0.06965900000000011,0.0771866666666668,0.031,100,0.046796776666666665,2.6737046356636487
covtype_reduced.csv,0.15,0.0735836666666666,0.037635999999999885,0.07641633333333339,0.1123640000000001,0.07800000000000001,100,0.06240940444444444,2.801308157410547
covtype_reduced.csv,0.2,0.11652933333333304,0.04953599999999989,0.08347066666666697,0.15046400000000013,0.014999999999999986,100,0.06842991555555555,2.803544832435375
covtype_reduced.csv,0.25,0.3275489999999999,0.22661733333333292,0.07754899999999992,0.02338266666666708,0.07700000000000001,100,0.07654570666666666,2.902739601709368
covtype_reduced.csv,0.3,0.1508926666666665,0.059842333333333345,0.14910733333333348,0.24015766666666666,0.020000000000000018,100,0.07146837666666667,2.8905705461578863
covtype_reduced.csv,0.35,0.2905953333333334,0.15080733333333327,0.05940466666666655,0.1991926666666667,0.05399999999999999,100,0.0775437988888889,2.855124544020331
covtype_reduced.csv,0.4,0.6025999999999997,0.5581266666666668,0.20259999999999967,0.15812666666666675,0.15000000000000002,100,0.08582842111111112,2.8721673357994995
covtype_reduced.csv,0.44,0.4973166666666666,0.4676669999999998,0.05731666666666657,0.027666999999999775,0.07400000000000001,100,0.09395339555555557,2.867448018398956
covtype_reduced.csv,0.49,0.4684326666666657,0.46466533333333254,0.02156733333333427,0.02533466666666745,0.008000000000000007,100,0.08678690666666666,2.8185512062982028
covtype_reduced.csv,0.54,0.5615583333333327,0.5405373333333333,0.02155833333333268,0.0005373333333332786,0.01100000000000001,100,0.08477931,2.8623265266753757
covtype_reduced.csv,0.6,0.949710333333335,0.9319520000000017,0.349710333333335,0.3319520000000017,0.03400000000000003,100,0.07278019888888888,2.8602795055321173
covtype_reduced.csv,0.65,0.5869049999999991,0.5303729999999998,0.0630950000000009,0.11962700000000026,0.07200000000000006,100,0.09905371555555552,2.8697812330494075
covtype_reduced.csv,0.7,0.6073726666666667,0.565832666666667,0.09262733333333328,0.13416733333333297,0.1319999999999999,100,0.08666984,2.923078843496963
covtype_reduced.csv,0.75,0.8964386666666668,0.9237426666666677,0.14643866666666683,0.1737426666666677,0.08399999999999996,100,0.07325719444444445,2.888396963849266
covtype_reduced.csv,0.8,0.8475870000000026,0.9236536666666688,0.0475870000000026,0.12365366666666877,0.07299999999999995,100,0.07109760444444446,2.7820633046364676
covtype_reduced.csv,0.85,0.8903369999999988,0.9420060000000005,0.040336999999998846,0.09200600000000048,0.018999999999999906,100,0.06514677777777778,2.6705966952937894
covtype_reduced.csv,0.9,0.922553666666667,0.9542203333333336,0.022553666666667027,0.05422033333333354,0.03600000000000003,100,0.06023814555555555,2.743509362129053
covtype_reduced.csv,0.95,0.9858990000000036,0.9786853333333354,0.03589900000000368,0.02868533333333545,0.050000000000000044,100,0.04561552333333333,2.6344324615942316
covtype_reduced.csv,0.05,0.016694666666666556,0.018541666666666554,0.03330533333333345,0.03145833333333345,0.026000000000000002,100,0.04208935999999999,2.6196170089783664
covtype_reduced.csv,0.1,0.021046999999999885,0.020967999999999883,0.07895300000000012,0.07903200000000013,0.04999999999999999,100,0.04996250666666666,2.7817806061548422
covtype_reduced.csv,0.15,0.06998633333333337,0.03755566666666656,0.08001366666666662,0.11244433333333344,0.00799999999999998,100,0.061149487777777775,2.760009366944333
covtype_reduced.csv,0.2,0.28482099999999944,0.1813826666666664,0.08482099999999942,0.018617333333333624,0.10699999999999998,100,0.07460115111111111,2.8822107060402318
covtype_reduced.csv,0.25,0.04611299999999986,0.03243966666666656,0.20388700000000015,0.21756033333333344,0.05099999999999999,100,0.061004234444444444,2.8357630894057833
covtype_reduced.csv,0.3,0.10564999999999986,0.044928999999999886,0.19435000000000013,0.2550710000000001,0.06199999999999997,100,0.06706299,2.796298799642583
covtype_reduced.csv,0.35,0.44890999999999937,0.4521789999999995,0.09890999999999939,0.10217899999999952,0.10300000000000004,100,0.08395761222222221,2.9050135705037956
covtype_reduced.csv,0.4,0.24955533333333288,0.19427799999999973,0.15044466666666714,0.2057220000000003,0.0040000000000000036,100,0.07880019888888888,2.906492258382156
covtype_reduced.csv,0.44,0.4288823333333328,0.4024220000000001,0.011117666666667192,0.03757799999999989,0.025000000000000022,100,0.08593393222222222,2.901448286584401
covtype_reduced.csv,0.49,0.6255513333333337,0.6005070000000006,0.1355513333333337,0.11050700000000058,0.044999999999999984,100,0.07388051555555557,2.864257567002727
covtype_reduced.csv,0.54,0.589615333333333,0.5777199999999998,0.04961533333333301,0.037719999999999754,0.02300000000000002,100,0.08071178999999999,2.8518577169399015
covtype_reduced.csv,0.6,0.7166836666666679,0.6920610000000008,0.11668366666666796,0.09206100000000084,0.006000000000000005,100,0.0882370711111111,2.822011135508653
covtype_reduced.csv,0.65,0.7048806666666677,0.6791663333333345,0.05488066666666769,0.029166333333334515,0.015000000000000013,100,0.08527752333333334,2.8915049042178316
covtype_reduced.csv,0.7,0.9059046666666679,0.8992066666666673,0.20590466666666796,0.1992066666666673,0.06399999999999995,100,0.07623142666666667,2.8459178479721974
covtype_reduced.csv,0.75,0.8801026666666667,0.9090843333333345,0.1301026666666667,0.1590843333333345,0.08899999999999997,100,0.07335437666666667,2.827132627233338
covtype_reduced.csv,0.8,0.8057246666666648,0.8568189999999993,0.005724666666664713,0.05681899999999929,0.05499999999999994,100,0.07562819555555557,2.6865947832023247
covtype_reduced.csv,0.85,0.9054899999999994,0.9533110000000007,0.05548999999999937,0.10331100000000071,0.05999999999999994,100,0.06461473222222222,2.753645202723502
covtype_reduced.csv,0.9,0.9785283333333356,0.9740763333333345,0.07852833333333553,0.07407633333333452,0.04700000000000004,100,0.05739451000000001,2.7747470938036507
covtype_reduced.csv,0.95,0.944082999999999,0.9634403333333343,0.005917000000000949,0.013440333333334387,0.10999999999999999,100,0.06024264333333333,2.810418313831715
cpu_act.csv,0.05,0.0603836666666667,0.032375666666666525,0.010383666666666694,0.017624333333333478,0.020000000000000004,100,0.04933117666666667,1.4768014175727533
cpu_act.csv,0.1,0.11184433333333293,0.11101233333333295,0.01184433333333293,0.011012333333332944,0.01100000000000001,100,0.07060823444444445,1.7001226168423926
cpu_act.csv,0.15,0.1761109999999993,0.1767803333333326,0.0261109999999993,0.0267803333333326,0.016000000000000014,100,0.12300492888888889,1.6463422623215183
cpu_act.csv,0.2,0.21083299999999894,0.21091733333333226,0.010832999999998927,0.010917333333332252,0.01100000000000001,100,0.12516419888888886,1.7362143547302105
cpu_act.csv,0.25,0.23611599999999824,0.23510999999999826,0.013884000000001756,0.014890000000001735,0.009000000000000008,100,0.13307392333333334,1.870455030679611
cpu_act.csv,0.3,0.26113266666666685,0.256945,0.03886733333333314,0.04305500000000001,0.033999999999999975,100,0.14479423444444442,1.8581867127370382
cpu_act.csv,0.35,0.33728166666666476,0.33995966666666516,0.012718333333335219,0.010040333333334817,0.029000000000000026,100,0.16930761222222224,1.7775369107050536
cpu_act.csv,0.4,0.40260999999999825,0.40261199999999847,0.002609999999998225,0.002611999999998449,0.014000000000000012,100,0.17120279555555556,2.1653894974049024
cpu_act.csv,0.44,0.4126009999999982,0.4115099999999984,0.027399000000001783,0.028490000000001625,0.02100000000000002,100,0.18780504,2.0161907746180456
cpu_act.csv,0.49,0.4583676666666663,0.4590369999999995,0.031632333333333706,0.030963000000000518,0.016000000000000014,100,0.19238926555555555,1.8596175036201958
cpu_act.csv,0.54,0.46221633333333256,0.46179799999999926,0.07778366666666747,0.07820200000000077,0.028000000000000025,100,0.18447223999999998,2.0487765303616507
cpu_act.csv,0.6,0.5559393333333343,0.5558560000000008,0.04406066666666564,0.044143999999999184,0.0010000000000000009,100,0.1848819233333333,2.082159744864187
cpu_act.csv,0.65,0.5906733333333326,0.5905043333333326,0.059326666666667416,0.05949566666666739,0.0010000000000000009,100,0.17541475,2.2076387708278333
cpu_act.csv,0.7,0.6157750000000022,0.6150176666666687,0.08422499999999777,0.08498233333333127,0.006000000000000005,100,0.16119122111111112,2.278924495638112
cpu_act.csv,0.75,0.7134326666666718,0.7139346666666717,0.03656733333332818,0.03606533333332829,0.006000000000000005,100,0.15417160444444444,2.0125409349655845
cpu_act.csv,0.8,0.7617083333333357,0.7604536666666687,0.03829166666666439,0.03954633333333135,0.020000000000000018,100,0.13701418222222222,2.0748586372111864
cpu_act.csv,0.85,0.7716846666666684,0.7705976666666685,0.07831533333333163,0.07940233333333147,0.03500000000000003,100,0.1102960711111111,2.3728896946389515
cpu_act.csv,0.9,0.831434333333333,0.8305956666666658,0.06856566666666697,0.06940433333333418,0.010000000000000009,100,0.09933488888888889,2.1703777636657904
cpu_act.csv,0.95,0.8486936666666665,0.843412,0.1013063333333335,0.1065879999999999,0.009000000000000119,100,0.07666986111111111,2.2320916982292265
cpu_act.csv,0.05,0.108413333333333,0.10866766666666637,0.058413333333333,0.05866766666666637,0.022999999999999993,100,0.07102069333333333,1.354545869314018
cpu_act.csv,0.1,0.1320163333333327,0.12925233333333278,0.0320163333333327,0.02925233333333277,0.010999999999999996,100,0.08040786222222224,1.6265095372780696
cpu_act.csv,0.15,0.14847166666666645,0.14662699999999976,0.001528333333333548,0.003373000000000237,0.0,100,0.09632181777777776,1.6684698528872197
cpu_act.csv,0.2,0.1633083333333332,0.16405999999999982,0.03669166666666682,0.035940000000000194,0.05300000000000002,100,0.1062139233333333,1.6938713669237744
cpu_act.csv,0.25,0.23611599999999824,0.23536033333333164,0.013884000000001756,0.014639666666668355,0.02100000000000002,100,0.12752099,2.046527920177584
cpu_act.csv,0.3,0.2728460000000004,0.267235666666667,0.027153999999999567,0.03276433333333301,0.019000000000000017,100,0.14256054555555556,1.810761554221059
cpu_act.csv,0.35,0.334514999999998,0.3369413333333316,0.01548500000000197,0.013058666666668384,0.027000000000000024,100,0.15570079555555555,2.156238997574592
cpu_act.csv,0.4,0.38690633333333174,0.38715966666666507,0.01309366666666828,0.012840333333334952,0.032999999999999974,100,0.17264477777777779,1.9843718500379115
cpu_act.csv,0.44,0.40571599999999813,0.4056326666666649,0.03428400000000187,0.03436733333333508,0.013000000000000012,100,0.19048766222222227,1.85061679405981
cpu_act.csv,0.49,0.41250933333333173,0.4117556666666653,0.07749066666666826,0.07824433333333469,0.008000000000000007,100,0.16989650111111118,2.131554054276508
cpu_act.csv,0.54,0.4953863333333332,0.49036233333333334,0.04461366666666683,0.04963766666666669,0.02200000000000002,100,0.1734848888888889,2.1394886016809758
cpu_act.csv,0.6,0.4622999999999992,0.4621326666666659,0.13770000000000077,0.13786733333333406,0.06599999999999995,100,0.16731863444444442,2.24027747619502
cpu_act.csv,0.65,0.6028526666666671,0.6021803333333338,0.047147333333332875,0.04781966666666626,0.05499999999999994,100,0.15653382666666668,2.313308132526551
cpu_act.csv,0.7,0.6607919999999998,0.6586166666666667,0.03920800000000013,0.041383333333333217,0.020000000000000018,100,0.16157433333333335,2.1932217818485578
cpu_act.csv,0.75,0.6667456666666669,0.6644020000000006,0.0832543333333331,0.0855979999999994,0.0030000000000000027,100,0.1509735322222222,2.2377729721880195
cpu_act.csv,0.8,0.6965320000000036,0.6982053333333369,0.10346799999999645,0.10179466666666315,0.015000000000000013,100,0.14220252777777778,2.302119129407014
cpu_act.csv,0.85,0.7756436666666656,0.7754759999999989,0.07435633333333436,0.07452400000000103,0.0050000000000000044,100,0.1286678888888889,2.015130344460862
cpu_act.csv,0.9,0.8332753333333333,0.8331913333333328,0.06672466666666677,0.06680866666666718,0.0030000000000000027,100,0.09737165666666668,2.194666368827181
cpu_act.csv,0.95,0.8444880000000027,0.8480890000000016,0.10551199999999727,0.10191099999999831,0.03299999999999992,100,0.08623765666666668,2.1391571238835048
ctg.1.csv,0.05,0.16321299999999964,0.16496766666666615,0.11321299999999963,0.11496766666666615,0.021,100,0.07800244444444446,2.3623489327530462
ctg.1.csv,0.1,0.2748389999999999,0.26487699999999975,0.17483899999999988,0.16487699999999975,0.022999999999999993,100,0.10374248444444448,2.6626215201509287
ctg.1.csv,0.15,0.25092533333333233,0.2471553333333323,0.10092533333333234,0.09715533333333232,0.009999999999999981,100,0.11814473222222224,2.518475481919482
ctg.1.csv,0.2,0.3869193333333319,0.39078166666666525,0.18691933333333188,0.19078166666666524,0.04199999999999998,100,0.1273586788888889,2.589553779312427
ctg.1.csv,0.25,0.43284733333333414,0.4327646666666674,0.18284733333333414,0.1827646666666674,0.008000000000000007,100,0.14183272333333333,2.5602456036281955
ctg.1.csv,0.3,0.494548,0.4913669999999999,0.194548,0.1913669999999999,0.061,100,0.15060416,2.531008795516752
ctg.1.csv,0.35,0.45384966666666626,0.4532639999999995,0.10384966666666628,0.10326399999999952,0.014999999999999958,100,0.15582766555555555,2.3827953774271218
ctg.1.csv,0.4,0.475179333333332,0.47559899999999883,0.07517933333333199,0.0755989999999988,0.02400000000000002,100,0.16647370111111112,2.3643021593162463
ctg.1.csv,0.44,0.5374490000000007,0.5372816666666673,0.09744900000000073,0.09728166666666732,0.07600000000000001,100,0.16130157666666667,2.420960062468374
ctg.1.csv,0.49,0.6298333333333358,0.5856910000000016,0.1398333333333358,0.09569100000000164,0.040000000000000036,100,0.14095654555555556,2.4190298854507786
ctg.1.csv,0.54,0.6674223333333341,0.6453950000000004,0.12742233333333408,0.10539500000000035,0.050999999999999934,100,0.14378340444444443,2.2183693672587665
ctg.1.csv,0.6,0.6504153333333347,0.6056043333333342,0.0504153333333347,0.0056043333333342105,0.026999999999999913,100,0.1637133011111111,2.165647586471336
ctg.1.csv,0.65,0.7386163333333297,0.784015666666665,0.08861633333332963,0.13401566666666498,0.018000000000000016,100,0.13308326555555555,2.071058744004114
ctg.1.csv,0.7,0.8081596666666637,0.8083269999999971,0.10815966666666377,0.10832699999999718,0.05500000000000005,100,0.12035402666666668,1.9211013039554845
ctg.1.csv,0.75,0.8269880000000003,0.8264020000000001,0.07698800000000028,0.07640200000000008,0.04800000000000004,100,0.1054,1.644060501992491
ctg.1.csv,0.8,0.8358533333333362,0.8353520000000029,0.03585333333333618,0.035352000000002826,0.0050000000000000044,100,0.10318055999999996,1.8141310562706165
ctg.1.csv,0.85,0.889416333333332,0.8916743333333327,0.039416333333332054,0.0416743333333327,0.02100000000000002,100,0.0688745011111111,1.572889976635158
ctg.1.csv,0.9,0.8707319999999993,0.8687226666666655,0.029268000000000738,0.03127733333333449,0.029000000000000026,100,0.07342911111111111,1.440406963669467
ctg.1.csv,0.95,0.9648999999999999,0.9881586666666705,0.014899999999999913,0.03815866666667056,0.01100000000000001,100,0.03904953222222222,1.2658573230675185
ctg.1.csv,0.05,0.159938333333333,0.1597689999999996,0.10993833333333299,0.1097689999999996,0.027000000000000003,100,0.07628383444444443,2.3165950298889255
ctg.1.csv,0.1,0.23678566666666492,0.23636433333333162,0.13678566666666492,0.13636433333333162,0.017,100,0.10755713222222223,2.437097666020682
ctg.1.csv,0.15,0.251008999999999,0.2471553333333323,0.10100899999999899,0.09715533333333232,0.05099999999999999,100,0.10674677777777777,2.548743278771929
ctg.1.csv,0.2,0.3389523333333319,0.34246699999999897,0.1389523333333319,0.14246699999999896,0.0040000000000000036,100,0.12866948777777776,2.5028526666302127
ctg.1.csv,0.25,0.385900666666665,0.386487666666665,0.135900666666665,0.136487666666665,0.01200000000000001,100,0.14936748777777778,2.406349213313323
ctg.1.csv,0.3,0.4377020000000009,0.43636333333333416,0.13770200000000093,0.13636333333333417,0.04099999999999998,100,0.14206416,2.3839913466808285
ctg.1.csv,0.35,0.4744316666666653,0.4745989999999989,0.12443166666666533,0.1245989999999989,0.034999999999999976,100,0.15317386111111111,2.4555389157786935
ctg.1.csv,0.4,0.5681600000000009,0.5684103333333341,0.16816000000000086,0.1684103333333341,0.015000000000000013,100,0.15305237666666668,2.3788254839994347
ctg.1.csv,0.44,0.5481586666666671,0.547321666666667,0.10815866666666712,0.10732166666666704,0.015000000000000013,100,0.15684584333333335,2.27603749535267
ctg.1.csv,0.49,0.6207136666666692,0.6198733333333355,0.13071366666666917,0.1298733333333355,0.01100000000000001,100,0.15034933333333333,2.3737806732538873
ctg.1.csv,0.54,0.6125066666666686,0.5710440000000017,0.0725066666666686,0.031044000000001626,0.03200000000000003,100,0.16707468777777776,2.138171436099477
ctg.1.csv,0.6,0.7291623333333375,0.7284926666666707,0.1291623333333375,0.1284926666666707,0.05300000000000005,100,0.14438018999999996,2.0027347671347515
ctg.1.csv,0.65,0.7130130000000047,0.7127616666666714,0.06301300000000465,0.06276166666667138,0.029000000000000026,100,0.14725249333333335,1.9250578776868479
ctg.1.csv,0.7,0.7637163333333362,0.7635493333333361,0.06371633333333626,0.06354933333333612,0.01200000000000001,100,0.13334622222222225,1.9443122838177562
ctg.1.csv,0.75,0.8375270000000031,0.8407956666666694,0.08752700000000313,0.09079566666666938,0.05600000000000005,100,0.10064970999999998,1.7682940779193876
ctg.1.csv,0.8,0.8373596666666697,0.836356000000003,0.03735966666666968,0.03635600000000294,0.05599999999999994,100,0.10268232333333334,1.5897409934420317
ctg.1.csv,0.85,0.8907453333333334,0.9187976666666685,0.04074533333333341,0.06879766666666853,0.03300000000000003,100,0.0700685288888889,1.527712925268918
ctg.1.csv,0.9,0.9203730000000011,0.9538003333333341,0.020373000000001085,0.053800333333334116,0.031000000000000028,100,0.05920397666666667,1.2739139427426902
ctg.1.csv,0.95,0.9625479999999997,0.9869003333333372,0.012547999999999782,0.0369003333333372,0.010000000000000009,100,0.042199932222222215,1.325120728386795
ctg.2.csv,0.05,0.020541999999999887,0.012760999999999908,0.029458000000000116,0.03723900000000009,0.038000000000000006,100,0.027851471813580247,1.3264178077706519
ctg.2.csv,0.1,0.060467333333333366,0.03229233333333319,0.03953266666666664,0.06770766666666682,0.069,100,0.050785479097222225,1.1517603755133834
ctg.2.csv,0.15,0.12975033333333277,0.11477566666666661,0.02024966666666722,0.035224333333333385,0.044,100,0.08040254898906526,1.5744557435730655
ctg.2.csv,0.2,0.10138033333333278,0.03772133333333321,0.09861966666666723,0.1622786666666668,0.033,100,0.06559270170956791,1.5929374478958203
ctg.2.csv,0.25,0.14721399999999976,0.12225266666666648,0.10278600000000024,0.12774733333333352,0.099,100,0.07839492019070295,1.8337981733156283
ctg.2.csv,0.3,0.20097033333333225,0.13614866666666636,0.09902966666666774,0.16385133333333363,0.033999999999999975,100,0.09850583391203703,2.0552990105176625
ctg.2.csv,0.35,0.2456529999999986,0.17896166666666594,0.10434700000000138,0.17103833333333404,0.0009999999999999454,100,0.11481780564074075,2.1669377817191977
ctg.2.csv,0.4,0.2503396666666655,0.18130533333333262,0.1496603333333345,0.2186946666666674,0.10000000000000003,100,0.12221432845185182,2.1975219525384264
ctg.2.csv,0.44,0.33441899999999863,0.25350766666666646,0.10558100000000137,0.18649233333333354,0.02799999999999997,100,0.12402520138117284,2.3890673232075246
ctg.2.csv,0.49,0.31940866666666545,0.20793399999999998,0.17059133333333454,0.28206600000000004,0.14399999999999996,100,0.11691205564043207,2.275197839260524
ctg.2.csv,0.54,0.33608566666666556,0.2503186666666666,0.20391433333333447,0.28968133333333346,0.062,100,0.11966857986296298,2.4132438187778678
ctg.2.csv,0.6,0.24109599999999992,0.16840366666666665,0.35890400000000006,0.43159633333333336,0.10299999999999998,100,0.11439252222345679,2.433442294603273
ctg.2.csv,0.65,0.3060166666666661,0.2488973333333332,0.3439833333333339,0.40110266666666683,0.05300000000000005,100,0.10063137534444444,2.6134572548007893
ctg.2.csv,0.7,0.47570766666666664,0.4532606666666663,0.22429233333333332,0.24673933333333364,0.03499999999999992,100,0.11982106428240741,2.713919351276929
ctg.2.csv,0.75,0.4773870000000004,0.4603843333333334,0.2726129999999996,0.2896156666666666,0.04500000000000004,100,0.10574384805524692,2.683159719970111
ctg.2.csv,0.8,0.593137000000001,0.554608333333334,0.20686299999999902,0.245391666666666,0.07900000000000007,100,0.10597544008981481,2.7320124590545274
ctg.2.csv,0.85,0.6301553333333346,0.639622333333335,0.21984466666666536,0.21037766666666502,0.05499999999999994,100,0.0987161734972222,2.862684627982036
ctg.2.csv,0.9,0.7538436666666675,0.7679223333333339,0.14615633333333256,0.1320776666666661,0.04600000000000004,100,0.09277967466049385,2.666916871256872
ctg.2.csv,0.95,0.739708333333333,0.7692746666666667,0.210291666666667,0.1807253333333333,0.08199999999999996,100,0.07797627123333334,2.7840483773039035
ctg.2.csv,0.05,0.03535233333333325,0.016275999999999898,0.014647666666666753,0.0337240000000001,0.013000000000000005,100,0.03941039309303981,1.303634361618656
ctg.2.csv,0.1,0.08473066666666663,0.039652999999999876,0.01526933333333337,0.06034700000000013,0.01200000000000001,100,0.06084031000740741,1.3899881665975373
ctg.2.csv,0.15,0.13052166666666615,0.08631433333333342,0.019478333333333847,0.06368566666666657,0.055999999999999994,100,0.07260743520833335,1.5485833767521775
ctg.2.csv,0.2,0.14132399999999945,0.09267633333333343,0.05867600000000056,0.10732366666666658,0.085,100,0.07414660329475307,1.5069430304716651
ctg.2.csv,0.25,0.18220466666666568,0.13245866666666634,0.06779533333333432,0.11754133333333366,0.0010000000000000009,100,0.09263334542314813,1.9538537371513984
ctg.2.csv,0.3,0.18371133333333242,0.13513899999999962,0.11628866666666757,0.16486100000000037,0.059,100,0.09466878928240742,2.040583821262885
ctg.2.csv,0.35,0.2062486666666655,0.13656766666666634,0.14375133333333448,0.21343233333333364,0.03699999999999998,100,0.10136783758364197,2.0806285748474127
ctg.2.csv,0.4,0.23417499999999858,0.15098099999999953,0.16582500000000144,0.2490190000000005,0.08100000000000002,100,0.1070609809968758,2.167994972766142
ctg.2.csv,0.44,0.21454899999999877,0.13841199999999965,0.22545100000000123,0.30158800000000036,0.09999999999999998,100,0.09313526094320988,2.25936751413056
ctg.2.csv,0.49,0.2286996666666667,0.15575333333333322,0.2613003333333333,0.3342466666666668,0.065,100,0.11056989943333334,2.2648568301995837
ctg.2.csv,0.54,0.3287166666666654,0.24353766666666654,0.21128333333333466,0.2964623333333335,0.08700000000000002,100,0.12155043243950617,2.407587568263601
ctg.2.csv,0.6,0.38751799999999903,0.3733633333333324,0.21248200000000095,0.2266366666666676,0.06599999999999995,100,0.11129619951203702,2.645185858198766
ctg.2.csv,0.65,0.4232970000000003,0.41073000000000043,0.2267029999999997,0.2392699999999996,0.10599999999999998,100,0.12442169520833332,2.523453610120993
ctg.2.csv,0.7,0.47688766666666726,0.46021833333333356,0.2231123333333327,0.2397816666666664,0.04999999999999993,100,0.12326501664537036,2.5478902251946463
ctg.2.csv,0.75,0.5811553333333338,0.5438006666666673,0.1688446666666662,0.20619933333333273,0.03700000000000003,100,0.11507253780092594,2.700997340587089
ctg.2.csv,0.8,0.48734266666666687,0.46422599999999986,0.3126573333333332,0.3357740000000002,0.07200000000000006,100,0.09971555147037035,2.727322764580676
ctg.2.csv,0.85,0.6532600000000008,0.6087873333333342,0.19673999999999914,0.24121266666666574,0.08999999999999997,100,0.11592142515925928,2.6879994860712895
ctg.2.csv,0.9,0.7392856666666661,0.7592233333333331,0.16071433333333396,0.14077666666666688,0.04600000000000004,100,0.08790927148148148,2.6819349229324807
ctg.2.csv,0.95,0.7116703333333367,0.7704633333333352,0.23832966666666322,0.1795366666666648,0.08599999999999997,100,0.08505068749999997,2.807635027860403
ctg.3.csv,0.05,0.03535199999999992,0.015606333333333233,0.014648000000000085,0.03439366666666677,0.036000000000000004,100,0.039118945555555555,0.7289571945526453
ctg.3.csv,0.1,0.10656766666666637,0.046355333333333214,0.006567666666666361,0.05364466666666679,0.018000000000000002,100,0.06837944444444444,0.9029409523166563
ctg.3.csv,0.15,0.12422666666666626,0.11218099999999992,0.02577333333333373,0.037819000000000075,0.00799999999999998,100,0.07935036777777778,1.0836197249630772
ctg.3.csv,0.2,0.1298433333333328,0.11545066666666653,0.0701566666666672,0.08454933333333348,0.07100000000000001,100,0.08424504000000001,1.0155618566727158
ctg.3.csv,0.25,0.21141966666666562,0.16913633333333256,0.03858033333333438,0.08086366666666744,0.009000000000000008,100,0.1227295733333333,1.254815454864794
ctg.3.csv,0.3,0.21100066666666561,0.17164833333333254,0.08899933333333437,0.12835166666666745,0.017000000000000015,100,0.1311765277777778,1.562707320910067
ctg.3.csv,0.35,0.25720033333333314,0.1860779999999993,0.09279966666666684,0.16392200000000068,0.002999999999999947,100,0.13581467111111112,1.6687719543600792
ctg.3.csv,0.4,0.3480763333333328,0.34070266666666654,0.0519236666666672,0.05929733333333348,0.05499999999999999,100,0.16851384,1.7467738876157077
ctg.3.csv,0.44,0.3679073333333334,0.35852566666666696,0.07209266666666658,0.08147433333333304,0.01100000000000001,100,0.17712272333333334,1.5787307817664717
ctg.3.csv,0.49,0.4085726666666649,0.39507899999999846,0.08142733333333507,0.09492100000000153,0.0040000000000000036,100,0.17721339000000003,1.7909101431146803
ctg.3.csv,0.54,0.41467433333333265,0.4016023333333328,0.1253256666666674,0.13839766666666725,0.009000000000000008,100,0.15520033222222224,1.9800531320401176
ctg.3.csv,0.6,0.46330633333333326,0.44613766666666643,0.1366936666666667,0.15386233333333355,0.028000000000000025,100,0.1623498933333333,2.1863043690175488
ctg.3.csv,0.65,0.5446443333333344,0.5046070000000002,0.10535566666666563,0.14539299999999977,0.04700000000000004,100,0.16374033333333332,2.2074811859349577
ctg.3.csv,0.7,0.556776000000001,0.5182456666666669,0.1432239999999989,0.18175433333333302,0.006000000000000005,100,0.16193504333333336,2.2166358928320897
ctg.3.csv,0.75,0.6615446666666664,0.6157323333333339,0.08845533333333355,0.13426766666666612,0.01200000000000001,100,0.16267539888888888,2.0744472012307003
ctg.3.csv,0.8,0.5941189999999998,0.5562596666666667,0.2058810000000002,0.24374033333333334,0.017000000000000015,100,0.14003188444444445,2.4830394391094495
ctg.3.csv,0.85,0.7550986666666671,0.7706000000000008,0.09490133333333284,0.07939999999999914,0.020000000000000018,100,0.12387477777777779,2.31737857069031
ctg.3.csv,0.9,0.8153546666666646,0.8174489999999982,0.08464533333333546,0.08255100000000182,0.019000000000000017,100,0.09394310666666668,2.430638681791129
ctg.3.csv,0.95,0.8762806666666639,0.9332156666666676,0.07371933333333602,0.016784333333332402,0.006000000000000116,100,0.06707059555555556,2.1859186899629846
ctg.3.csv,0.05,0.03635999999999991,0.019121999999999882,0.01364000000000009,0.03087800000000012,0.0030000000000000027,100,0.04159922111111111,0.697083143350192
ctg.3.csv,0.1,0.10933333333333276,0.10498533333333317,0.00933333333333275,0.004985333333333161,0.017,100,0.08153341666666666,0.8412744413791626
ctg.3.csv,0.15,0.12489566666666624,0.11276666666666661,0.025104333333333756,0.03723333333333338,0.013999999999999985,100,0.08163491,1.1542393730255145
ctg.3.csv,0.2,0.14361266666666644,0.12200133333333313,0.05638733333333357,0.07799866666666688,0.05200000000000002,100,0.09901761777777777,1.0214865528008106
ctg.3.csv,0.25,0.1853973333333321,0.15357233333333273,0.06460266666666789,0.09642766666666727,0.025999999999999995,100,0.11253223444444442,1.4006675844179228
ctg.3.csv,0.3,0.2177209999999988,0.17567966666666582,0.08227900000000118,0.12432033333333417,0.0010000000000000009,100,0.1286750177777778,1.6134992305713267
ctg.3.csv,0.35,0.310598666666666,0.22249866666666662,0.039401333333333954,0.12750133333333336,0.025000000000000022,100,0.14142121777777775,1.7423332277655548
ctg.3.csv,0.4,0.31183699999999914,0.3057249999999992,0.08816300000000088,0.09427500000000083,0.008000000000000007,100,0.15727230555555555,1.6458749163750128
ctg.3.csv,0.44,0.35895500000000097,0.3498240000000011,0.08104499999999903,0.09017599999999892,0.07,100,0.16994800000000004,1.838348480033762
ctg.3.csv,0.49,0.38062499999999894,0.37141166666666553,0.10937500000000105,0.11858833333333446,0.025000000000000022,100,0.16046097222222222,2.0406948898249953
ctg.3.csv,0.54,0.4530156666666668,0.43626466666666686,0.08698433333333322,0.10373533333333318,0.03699999999999992,100,0.17802638222222225,1.8553439741269642
ctg.3.csv,0.6,0.4790633333333337,0.4613893333333335,0.1209366666666663,0.1386106666666665,0.02100000000000002,100,0.17916360444444446,1.8578326527301912
ctg.3.csv,0.65,0.5447296666666678,0.5028493333333337,0.10527033333333224,0.14715066666666632,0.025000000000000022,100,0.17113184333333328,2.132337346654625
ctg.3.csv,0.7,0.5450626666666678,0.5051930000000002,0.15493733333333215,0.19480699999999973,0.02199999999999991,100,0.1634869722222222,2.1331521190093365
ctg.3.csv,0.75,0.634853333333336,0.5933070000000017,0.11514666666666395,0.1566929999999983,0.02300000000000002,100,0.15317070666666668,2.2578474606119094
ctg.3.csv,0.8,0.6310043333333358,0.5894580000000016,0.1689956666666642,0.21054199999999845,0.03300000000000003,100,0.13284303444444445,2.3595352827117813
ctg.3.csv,0.85,0.7471513333333317,0.7638229999999993,0.10284866666666825,0.08617700000000073,0.0030000000000000027,100,0.11337997666666669,2.447715481992474
ctg.3.csv,0.9,0.7894999999999951,0.7945233333333289,0.11050000000000493,0.1054766666666711,0.009000000000000008,100,0.10559494555555556,2.368358139328354
ctg.3.csv,0.95,0.8164423333333317,0.8193743333333318,0.13355766666666824,0.1306256666666682,0.025999999999999912,100,0.08679352333333334,2.353644249152698
default_credit_card_clients.csv,0.05,0.9050723333333323,0.9625280000000018,0.8550723333333322,0.9125280000000018,0.5,100,0.06734312888888888,2.767199086267646
default_credit_card_clients.csv,0.1,0.9707356666666692,0.9654546666666679,0.8707356666666692,0.8654546666666679,0.354,100,0.06102165369352482,2.7548996226904916
default_credit_card_clients.csv,0.15,0.9236603333333336,0.9565793333333342,0.7736603333333336,0.8065793333333342,0.42200000000000004,100,0.062061631631462603,2.770887363934043
default_credit_card_clients.csv,0.2,0.8778476666666656,0.9018869999999997,0.6778476666666655,0.7018869999999997,0.313,100,0.07435715162839507,2.79731067762719
default_credit_card_clients.csv,0.25,0.9793656666666696,0.9709773333333344,0.7293656666666696,0.7209773333333344,0.253,100,0.056457908651417234,2.802804720745748
default_credit_card_clients.csv,0.3,0.9419063333333331,0.9601666666666673,0.641906333333333,0.6601666666666672,0.303,100,0.05970781371944445,2.726510256027421
default_credit_card_clients.csv,0.35,0.9824656666666696,0.9765890000000017,0.6324656666666696,0.6265890000000017,0.23399999999999999,100,0.051733591802034525,2.776659114431178
default_credit_card_clients.csv,0.4,0.8996286666666657,0.9452726666666674,0.4996286666666657,0.5452726666666674,0.22699999999999998,100,0.06370551860987655,2.748974926561329
default_credit_card_clients.csv,0.44,0.9465843333333313,0.9696323333333343,0.5065843333333313,0.5296323333333344,0.27999999999999997,100,0.048513611336728386,2.6664583834604416
default_credit_card_clients.csv,0.49,0.9329386666666668,0.956729,0.4429386666666668,0.46672900000000006,0.17700000000000005,100,0.05864344601851851,2.700637632642226
default_credit_card_clients.csv,0.54,0.9495229999999981,0.9692976666666675,0.4095229999999981,0.42929766666666747,0.20499999999999996,100,0.04987794675648148,2.6051214254848833
default_credit_card_clients.csv,0.6,0.9336993333333341,0.9578306666666676,0.3336993333333341,0.35783066666666763,0.05700000000000005,100,0.060130085595685306,2.714751534706084
default_credit_card_clients.csv,0.65,0.961684666666666,0.9718136666666677,0.31168466666666594,0.32181366666666766,0.04300000000000004,100,0.0508176865159675,2.6385536649938706
default_credit_card_clients.csv,0.7,0.9856490000000032,0.9815346666666691,0.28564900000000326,0.28153466666666915,0.0119999999999999,100,0.039401133406172836,2.6728521706090795
default_credit_card_clients.csv,0.75,0.9721750000000012,0.9812000000000025,0.22217500000000123,0.23120000000000251,0.018000000000000016,100,0.04114544444444444,2.579776783351145
default_credit_card_clients.csv,0.8,0.9808696666666693,0.9799416666666688,0.18086966666666926,0.17994166666666878,0.10999999999999999,100,0.04304810666666667,2.6370186636460318
default_credit_card_clients.csv,0.85,0.971175000000001,0.981283666666669,0.12117500000000103,0.13128366666666902,0.040999999999999925,100,0.03729082111111111,2.541422343489454
default_credit_card_clients.csv,0.9,0.9898326666666708,0.9822040000000025,0.08983266666667078,0.0822040000000025,0.051000000000000045,100,0.020622917430555554,2.2295629355296005
default_credit_card_clients.csv,0.95,0.9882430000000039,0.9821203333333358,0.03824300000000391,0.03212033333333586,0.02400000000000002,100,0.02494533895336356,2.2978140546223895
default_credit_card_clients.csv,0.05,0.9879083333333372,0.9782656666666687,0.9379083333333371,0.9282656666666687,0.41700000000000004,100,0.04873875271415974,2.8297753005626523
default_credit_card_clients.csv,0.1,0.97861066666667,0.9691346666666677,0.87861066666667,0.8691346666666677,0.392,100,0.05581788502314814,2.8395286304348737
default_credit_card_clients.csv,0.15,0.9637813333333353,0.9699786666666688,0.8137813333333352,0.8199786666666687,0.372,100,0.06568446094277525,2.6861555263855847
default_credit_card_clients.csv,0.2,0.975174333333335,0.973071000000001,0.775174333333335,0.773071000000001,0.36600000000000005,100,0.054066412222222214,2.760288873740465
default_credit_card_clients.csv,0.25,0.9791966666666705,0.9670393333333345,0.7291966666666705,0.7170393333333345,0.177,100,0.05225317148148148,2.885858570644328
default_credit_card_clients.csv,0.3,0.9590873333333343,0.9669600000000008,0.6590873333333342,0.6669600000000009,0.297,100,0.060583676410147384,2.6984359702600926
default_credit_card_clients.csv,0.35,0.9460116666666657,0.9606670000000003,0.5960116666666657,0.6106670000000003,0.275,100,0.054046308518518514,2.731825248493874
default_credit_card_clients.csv,0.4,0.9059096666666661,0.9487066666666674,0.505909666666666,0.5487066666666673,0.235,100,0.06262444380833333,2.671179174057226
default_credit_card_clients.csv,0.44,0.9493643333333336,0.9615049999999998,0.5093643333333335,0.5215049999999999,0.22100000000000003,100,0.056751564040432106,2.665314953208675
default_credit_card_clients.csv,0.49,0.9751790000000017,0.9783506666666686,0.4851790000000017,0.4883506666666686,0.19500000000000006,100,0.043770527499999996,2.6589903015835605
default_credit_card_clients.csv,0.54,0.893099333333332,0.9426763333333343,0.353099333333332,0.4026763333333343,0.18599999999999994,100,0.0657837561728395,2.6415386487718293
default_credit_card_clients.csv,0.6,0.9451593333333316,0.9633446666666666,0.3451593333333316,0.36334466666666665,0.123,100,0.05290177111111111,2.6307919388758396
default_credit_card_clients.csv,0.65,0.9522879999999987,0.9656930000000001,0.30228799999999867,0.3156930000000001,0.014000000000000012,100,0.05218471951203703,2.6618576414348727
default_credit_card_clients.csv,0.7,0.9720953333333345,0.9813673333333357,0.2720953333333346,0.28136733333333575,0.10200000000000009,100,0.036084895895061725,2.5086669345588337
default_credit_card_clients.csv,0.75,0.9841433333333364,0.9816183333333358,0.23414333333333637,0.2316183333333358,0.0020000000000000018,100,0.029124084444444445,2.6483730482533705
default_credit_card_clients.csv,0.8,0.9707566666666674,0.9814510000000024,0.17075666666666733,0.18145100000000236,0.0030000000000000027,100,0.03826341843836609,2.5564789880143945
default_credit_card_clients.csv,0.85,0.9897490000000041,0.9822040000000025,0.13974900000000412,0.13220400000000254,0.06300000000000006,100,0.02233838305555556,2.4179184761596755
default_credit_card_clients.csv,0.9,0.9885776666666705,0.9821203333333358,0.08857766666667044,0.0821203333333358,0.05400000000000005,100,0.024964187430555555,2.513976935922188
default_credit_card_clients.csv,0.95,0.9730156666666679,0.9814510000000024,0.02301566666666799,0.03145100000000245,0.16899999999999993,100,0.03306651555555555,2.6145419410534054
delta_ailerons.csv,0.05,0.12874499999999944,0.11402166666666662,0.07874499999999944,0.06402166666666662,0.017,100,0.08205363888888889,1.498152537344949
delta_ailerons.csv,0.1,0.1617176666666666,0.16196699999999992,0.06171766666666659,0.06196699999999991,0.031,100,0.10584330111111111,1.707317702811525
delta_ailerons.csv,0.15,0.18514699999999873,0.18539799999999873,0.035146999999998735,0.035397999999998736,0.005999999999999978,100,0.12199713222222222,1.3925442995925448
delta_ailerons.csv,0.2,0.23619999999999824,0.2352776666666649,0.036199999999998234,0.035277666666664875,0.0030000000000000027,100,0.1456617011111111,1.6128880690261056
delta_ailerons.csv,0.25,0.25067433333333233,0.24673699999999893,0.0006743333333323331,0.0032630000000010706,0.014999999999999986,100,0.15471263444444444,1.7406813119917957
delta_ailerons.csv,0.3,0.3115006666666658,0.3118359999999991,0.011500666666665826,0.011835999999999125,0.014999999999999958,100,0.1755571322222222,1.6453175854784576
delta_ailerons.csv,0.35,0.3872373333333315,0.3876576666666648,0.03723733333333151,0.03765766666666481,0.02200000000000002,100,0.19850552333333332,1.6475707082853408
delta_ailerons.csv,0.4,0.4344390000000008,0.43326700000000073,0.034439000000000775,0.03326700000000071,0.02699999999999997,100,0.19109250666666663,1.859651617313014
delta_ailerons.csv,0.44,0.43686533333333455,0.43602866666666773,0.0031346666666654532,0.003971333333332272,0.01100000000000001,100,0.20165162666666664,1.8059486135905343
delta_ailerons.csv,0.49,0.47644166666666604,0.4789549999999994,0.01355833333333395,0.011045000000000582,0.0030000000000000027,100,0.20374366555555562,1.783319153400433
delta_ailerons.csv,0.54,0.5619633333333345,0.5621310000000012,0.021963333333334445,0.022131000000001122,0.0040000000000000036,100,0.1984460122222222,1.7420742002311003
delta_ailerons.csv,0.6,0.6017603333333336,0.6011723333333335,0.0017603333333335858,0.0011723333333335528,0.0010000000000000009,100,0.19760297222222223,1.6713196751333799
delta_ailerons.csv,0.65,0.6111676666666687,0.6104950000000019,0.03883233333333136,0.039504999999998125,0.04600000000000004,100,0.19407759555555554,1.825139875119726
delta_ailerons.csv,0.7,0.6581126666666668,0.6567743333333335,0.041887333333333165,0.043225666666666496,0.027999999999999914,100,0.17866719444444443,1.804323716938736
delta_ailerons.csv,0.75,0.7379469999999965,0.7384489999999967,0.012053000000003533,0.011551000000003309,0.006000000000000005,100,0.15029607111111112,1.8846257405661426
delta_ailerons.csv,0.8,0.8081596666666637,0.8080759999999971,0.008159666666663679,0.008075999999997086,0.01200000000000001,100,0.13349416000000003,1.621731657354744
delta_ailerons.csv,0.85,0.8386150000000033,0.8388676666666699,0.011384999999996648,0.01113233333333008,0.02200000000000002,100,0.11732939555555554,1.54447796938695
delta_ailerons.csv,0.9,0.8678223333333305,0.8668099999999974,0.03217766666666955,0.033190000000002606,0.0010000000000000009,100,0.0877041011111111,1.7691188322146072
delta_ailerons.csv,0.95,0.858748333333333,0.8562399999999991,0.09125166666666695,0.09376000000000084,0.02199999999999991,100,0.07476466666666667,1.5763358543701944
delta_ailerons.csv,0.05,0.08205333333333333,0.07628033333333342,0.03205333333333332,0.02628033333333342,0.0040000000000000036,100,0.05829108444444445,1.450229156879927
delta_ailerons.csv,0.1,0.13853766666666606,0.13585833333333272,0.038537666666666054,0.035858333333332715,0.01100000000000001,100,0.09225004888888888,1.5897993219658781
delta_ailerons.csv,0.15,0.16481466666666647,0.16523199999999977,0.014814666666666476,0.015231999999999773,0.016999999999999987,100,0.1217287511111111,1.4750286240990442
delta_ailerons.csv,0.2,0.26339166666666675,0.2595386666666667,0.06339166666666673,0.059538666666666684,0.00899999999999998,100,0.15628388777777777,1.612601360189334
delta_ailerons.csv,0.25,0.3116679999999991,0.3121713333333324,0.06166799999999911,0.06217133333333241,0.02400000000000002,100,0.17337956777777777,1.6691060448678945
delta_ailerons.csv,0.3,0.31208866666666574,0.3120879999999991,0.012088666666665748,0.0120879999999991,0.007000000000000006,100,0.18109699555555556,1.530756530628695
delta_ailerons.csv,0.35,0.36180000000000145,0.3619673333333347,0.011800000000001476,0.011967333333334718,0.014999999999999958,100,0.18363250111111107,1.7489458359720542
delta_ailerons.csv,0.4,0.3876569999999981,0.3883289999999981,0.012343000000001936,0.01167100000000193,0.03700000000000003,100,0.19275877777777775,1.738800536392155
delta_ailerons.csv,0.44,0.4373673333333345,0.43678166666666773,0.0026326666666655063,0.0032183333333322683,0.010000000000000009,100,0.19470144444444443,1.8842822032302657
delta_ailerons.csv,0.49,0.4827949999999986,0.48070099999999866,0.007205000000001405,0.009299000000001334,0.0040000000000000036,100,0.18435077777777778,2.078987467976631
delta_ailerons.csv,0.54,0.536863333333334,0.536863333333334,0.0031366666666660104,0.0031366666666660104,0.028000000000000025,100,0.18881069333333336,1.9123691560510807
delta_ailerons.csv,0.6,0.5843023333333325,0.5845546666666659,0.015697666666667498,0.015445333333334088,0.02100000000000002,100,0.1915245955555555,1.9113682928599927
delta_ailerons.csv,0.65,0.6632196666666663,0.6617143333333333,0.013219666666666297,0.011714333333333271,0.010000000000000009,100,0.17310445666666663,1.9266839044495232
delta_ailerons.csv,0.7,0.6863160000000028,0.6858966666666695,0.013683999999997143,0.01410333333333047,0.010999999999999899,100,0.16621126555555554,1.9415475245643652
delta_ailerons.csv,0.75,0.755433333333334,0.754931666666667,0.005433333333333956,0.004931666666667001,0.02100000000000002,100,0.15202015444444447,1.7727399366190173
delta_ailerons.csv,0.8,0.7827839999999969,0.7826996666666637,0.017216000000003118,0.01730033333333636,0.013000000000000012,100,0.13633334555555554,1.8618903621938925
delta_ailerons.csv,0.85,0.8381963333333367,0.838366000000003,0.011803666666663326,0.011633999999996925,0.020000000000000018,100,0.10999211555555555,1.580808211548888
delta_ailerons.csv,0.9,0.8632199999999964,0.863044999999997,0.03678000000000359,0.03695500000000307,0.006000000000000005,100,0.09235266666666668,1.4988969629855857
delta_ailerons.csv,0.95,0.8816319999999981,0.8818819999999986,0.06836800000000187,0.06811800000000134,0.029999999999999916,100,0.07750139,1.5224954553782448
eeg.csv,0.05,0.03325999999999991,0.016108666666666566,0.016740000000000095,0.03389133333333344,0.035,100,0.03874650111111111,2.3592981304440714
eeg.csv,0.1,0.05367066666666652,0.03128399999999986,0.046329333333333486,0.06871600000000014,0.015,100,0.046294440000000006,2.609646190436604
eeg.csv,0.15,0.07685499999999999,0.04694799999999988,0.073145,0.10305200000000012,0.028999999999999998,100,0.058930554444444436,2.523208787013027
eeg.csv,0.2,0.07911866666666668,0.04493433333333321,0.12088133333333333,0.1550656666666668,0.038000000000000006,100,0.06037652777777778,2.7038174808102085
eeg.csv,0.25,0.20892733333333213,0.11688066666666665,0.04107266666666787,0.13311933333333337,0.011999999999999983,100,0.07737406555555555,2.7098543108938933
eeg.csv,0.3,0.20683099999999877,0.07667266666666675,0.09316900000000122,0.22332733333333324,0.0050000000000000044,100,0.07446573777777778,2.7922790388182657
eeg.csv,0.35,0.22861533333333342,0.22551900000000008,0.12138466666666656,0.1244809999999999,0.003999999999999948,100,0.09028468444444446,2.8203440076474973
eeg.csv,0.4,0.29998533333333366,0.28942866666666706,0.10001466666666636,0.11057133333333297,0.007000000000000006,100,0.09683328444444445,2.7962178314683115
eeg.csv,0.44,0.37192366666666643,0.35249233333333335,0.06807633333333357,0.08750766666666665,0.02799999999999997,100,0.09515157333333335,2.856111790179932
eeg.csv,0.49,0.4568636666666664,0.4395259999999997,0.0331363333333336,0.050474000000000296,0.03700000000000003,100,0.09870580444444445,2.8847089427460193
eeg.csv,0.54,0.47702833333333267,0.450479999999999,0.06297166666666737,0.08952000000000104,0.007000000000000006,100,0.09605072333333337,2.8911133331229735
eeg.csv,0.6,0.5423016666666676,0.49128733333333374,0.05769833333333241,0.10871266666666624,0.018000000000000016,100,0.10196399555555555,2.8842398517253147
eeg.csv,0.65,0.671777666666666,0.6278039999999998,0.02177766666666603,0.022196000000000216,0.017000000000000015,100,0.08572997666666668,2.863666883039808
eeg.csv,0.7,0.692726333333334,0.7488453333333337,0.007273666666665957,0.04884533333333374,0.01200000000000001,100,0.0867018622222222,2.8324951180837274
eeg.csv,0.75,0.7386163333333298,0.757297333333331,0.011383666666670234,0.007297333333331046,0.04200000000000004,100,0.09664713222222222,2.7586701548203494
eeg.csv,0.8,0.7588816666666658,0.781835666666666,0.041118333333334256,0.018164333333334004,0.009000000000000008,100,0.0818676488888889,2.800626147335412
eeg.csv,0.85,0.8400383333333367,0.9109180000000028,0.009961666666663316,0.0609180000000028,0.009000000000000008,100,0.07079802666666667,2.7813928819201674
eeg.csv,0.9,0.9248993333333336,0.9537986666666668,0.024899333333333606,0.05379866666666677,0.01100000000000001,100,0.059365777777777795,2.6841695985389493
eeg.csv,0.95,0.943981333333331,0.9696326666666676,0.006018666666668948,0.01963266666666763,0.025000000000000022,100,0.046724884444444455,2.566047632231977
eeg.csv,0.05,0.03041466666666657,0.0161079999999999,0.019585333333333434,0.0338920000000001,0.020000000000000004,100,0.036127959999999994,2.4501129336004555
eeg.csv,0.1,0.05643999999999993,0.032124666666666524,0.04356000000000008,0.06787533333333348,0.042,100,0.045700243333333335,2.4157126778485103
eeg.csv,0.15,0.05509433333333322,0.031115999999999863,0.09490566666666678,0.11888400000000013,0.07899999999999999,100,0.05138961222222222,2.6217630854585274
eeg.csv,0.2,0.19678199999999882,0.13556133333333295,0.003218000000001192,0.06443866666666706,0.010999999999999982,100,0.08178328444444447,2.5958810483752393
eeg.csv,0.25,0.12615899999999958,0.11125099999999973,0.12384100000000042,0.1387490000000003,0.064,100,0.0693475511111111,2.689320822735994
eeg.csv,0.3,0.2043896666666655,0.07466166666666675,0.09561033333333449,0.22533833333333325,0.0050000000000000044,100,0.07413758222222222,2.822461206829525
eeg.csv,0.35,0.3250133333333323,0.23740933333333336,0.024986666666667656,0.11259066666666662,0.0030000000000000027,100,0.10345452888888888,2.8005144119914105
eeg.csv,0.4,0.35057299999999975,0.27561099999999983,0.049427000000000276,0.1243890000000002,0.017000000000000015,100,0.0852294788888889,2.858817556225452
eeg.csv,0.44,0.3863406666666655,0.3592859999999991,0.0536593333333345,0.0807140000000009,0.025000000000000022,100,0.09262133333333333,2.9019698670930802
eeg.csv,0.49,0.46204899999999915,0.4463029999999994,0.027951000000000836,0.043697000000000596,0.041000000000000036,100,0.09492362111111113,2.93492823575307
eeg.csv,0.54,0.46673666666666574,0.4463889999999996,0.07326333333333429,0.09361100000000044,0.008000000000000007,100,0.09386953222222223,2.900005356977508
eeg.csv,0.6,0.4732830000000005,0.45117066666666666,0.12671699999999947,0.1488293333333333,0.013000000000000012,100,0.09830189333333332,2.845003653855014
eeg.csv,0.65,0.6026840000000012,0.564323000000001,0.0473159999999988,0.085676999999999,0.0020000000000000018,100,0.10078451000000001,2.861412332556872
eeg.csv,0.7,0.7197923333333368,0.7523726666666696,0.019792333333336853,0.05237266666666962,0.05400000000000005,100,0.09223232888888887,2.7997743003031355
eeg.csv,0.75,0.7358549999999973,0.7823436666666659,0.014145000000002739,0.03234366666666588,0.016000000000000014,100,0.08699473222222225,2.8228824008523996
eeg.csv,0.8,0.861703999999997,0.936394333333335,0.061703999999996983,0.13639433333333495,0.041999999999999926,100,0.06869929333333333,2.7468492412506147
eeg.csv,0.85,0.9187910000000004,0.9511256666666672,0.06879100000000038,0.10112566666666722,0.03500000000000003,100,0.061178590000000005,2.7097611966405504
eeg.csv,0.9,0.8902529999999984,0.9435160000000009,0.009747000000001615,0.04351600000000089,0.018000000000000016,100,0.06283055444444445,2.6684099166851754
eeg.csv,0.95,0.9804620000000023,0.9815346666666691,0.03046200000000232,0.03153466666666915,0.040000000000000036,100,0.03717335111111111,2.540398389082254
electricity-normalized.csv,0.05,0.060467333333333366,0.05962166666666667,0.010467333333333363,0.009621666666666667,0.013999999999999999,100,0.05099452777777778,2.374767675643621
electricity-normalized.csv,0.1,0.12288266666666632,0.04526499999999988,0.022882666666666315,0.054735000000000124,0.02700000000000001,100,0.06746119444444444,2.311070762424732
electricity-normalized.csv,0.15,0.17007766666666596,0.12861399999999976,0.020077666666665966,0.021386000000000238,0.016000000000000014,100,0.08342511555555555,2.4112026276816843
electricity-normalized.csv,0.2,0.18464133333333213,0.1301169999999998,0.01535866666666788,0.06988300000000022,0.014000000000000012,100,0.08090957666666668,2.528056969584414
electricity-normalized.csv,0.25,0.2289783333333318,0.2277199999999986,0.021021666666668187,0.02228000000000141,0.015999999999999986,100,0.10300311555555554,2.575053907139131
electricity-normalized.csv,0.3,0.24314433333333174,0.17912999999999923,0.05685566666666825,0.12087000000000075,0.05399999999999999,100,0.11601940444444446,2.4896979286287726
electricity-normalized.csv,0.35,0.3469896666666659,0.33944866666666623,0.0030103333333340587,0.010551333333333746,0.02100000000000002,100,0.12671719444444446,2.6900966926957066
electricity-normalized.csv,0.4,0.40706033333333164,0.40638899999999833,0.007060333333331614,0.006388999999998313,0.007000000000000006,100,0.14909584,2.555406318528026
electricity-normalized.csv,0.44,0.43301466666666755,0.4324296666666674,0.006985333333332455,0.007570333333332624,0.0050000000000000044,100,0.13205366555555553,2.7299776477751605
electricity-normalized.csv,0.49,0.4324276666666676,0.43184166666666757,0.05757233333333239,0.058158333333332424,0.045999999999999985,100,0.13611281222222224,2.6642812832462983
electricity-normalized.csv,0.54,0.49784133333333397,0.4648380000000011,0.04215866666666607,0.07516199999999895,0.028000000000000025,100,0.1232004711111111,2.8067637625166246
electricity-normalized.csv,0.6,0.5478236666666673,0.546903333333334,0.052176333333332714,0.053096666666666015,0.016000000000000014,100,0.12261408333333333,2.752183253417018
electricity-normalized.csv,0.65,0.5906,0.5907666666666664,0.05940000000000001,0.05923333333333358,0.02200000000000002,100,0.12980741666666665,2.640543550262899
electricity-normalized.csv,0.7,0.6257333333333359,0.625480666666669,0.07426666666666404,0.07451933333333094,0.04699999999999993,100,0.1354846177777778,2.5701005338874574
electricity-normalized.csv,0.75,0.6656546666666665,0.6225216666666669,0.0843453333333335,0.12747833333333314,0.014000000000000012,100,0.12327976000000002,2.609957204703564
electricity-normalized.csv,0.8,0.6846283333333357,0.6874786666666691,0.11537166666666432,0.11252133333333092,0.03200000000000003,100,0.101725,2.8103407939058487
electricity-normalized.csv,0.85,0.775390999999999,0.7942403333333323,0.07460900000000092,0.05575966666666765,0.013000000000000012,100,0.0959901011111111,2.5807398852674823
electricity-normalized.csv,0.9,0.810843999999997,0.8122673333333307,0.08915600000000301,0.08773266666666935,0.019000000000000017,100,0.09040442666666665,2.4180035492421337
electricity-normalized.csv,0.95,0.8669869999999968,0.9259223333333348,0.08301300000000311,0.02407766666666511,0.05999999999999994,100,0.06976052777777779,2.611830306317451
electricity-normalized.csv,0.05,0.05844833333333332,0.031786666666666526,0.008448333333333315,0.018213333333333477,0.013999999999999999,100,0.05296011,2.4247804910139594
electricity-normalized.csv,0.1,0.15693533333333326,0.15525666666666646,0.056935333333333255,0.055256666666666454,0.0010000000000000009,100,0.08532163888888888,2.2876441003360215
electricity-normalized.csv,0.15,0.15542666666666657,0.1542509999999998,0.00542666666666658,0.0042509999999998105,0.030999999999999986,100,0.08495226222222224,2.3145195619619514
electricity-normalized.csv,0.2,0.21108499999999897,0.17164866666666587,0.011084999999998957,0.028351333333334144,0.025999999999999995,100,0.1090516388888889,2.34348141120365
electricity-normalized.csv,0.25,0.23720399999999833,0.18022299999999913,0.012796000000001667,0.06977700000000087,0.026999999999999996,100,0.11288636777777777,2.4745330666644367
electricity-normalized.csv,0.3,0.31017366666666596,0.2884036666666662,0.01017366666666597,0.011596333333333764,0.015000000000000013,100,0.11861362111111111,2.6481877999538055
electricity-normalized.csv,0.35,0.34480599999999917,0.34514033333333205,0.005194000000000809,0.004859666666667928,0.030000000000000027,100,0.11648541666666666,2.745170988425831
electricity-normalized.csv,0.4,0.3702506666666667,0.3623756666666665,0.02974933333333335,0.03762433333333354,0.040000000000000036,100,0.13476553777777778,2.5546673309953105
electricity-normalized.csv,0.44,0.365732666666667,0.35844266666666663,0.07426733333333302,0.08155733333333337,0.067,100,0.12469460444444444,2.6839270565590905
electricity-normalized.csv,0.49,0.458200333333333,0.4583676666666662,0.031799666666667004,0.03163233333333382,0.023999999999999966,100,0.13845370111111113,2.6495901047941297
electricity-normalized.csv,0.54,0.5543496666666679,0.5541830000000009,0.014349666666667815,0.014183000000000834,0.05799999999999994,100,0.12555971,2.6887609697263235
electricity-normalized.csv,0.6,0.5264066666666674,0.5244820000000006,0.07359333333333262,0.07551799999999942,0.04799999999999993,100,0.13145179555555556,2.7528944878058734
electricity-normalized.csv,0.65,0.6214553333333354,0.6206966666666681,0.028544666666664664,0.029303333333331905,0.018000000000000016,100,0.12423975111111112,2.6877692770789876
electricity-normalized.csv,0.7,0.6316736666666691,0.590294333333335,0.06832633333333082,0.10970566666666492,0.025999999999999912,100,0.12492987888888887,2.6379102024780905
electricity-normalized.csv,0.75,0.6515983333333352,0.6375280000000014,0.09840166666666483,0.11247199999999857,0.052999999999999936,100,0.12073617333333335,2.7007095404416335
electricity-normalized.csv,0.8,0.7572753333333345,0.7920463333333341,0.04272466666666552,0.00795366666666597,0.017000000000000015,100,0.09645396777777777,2.6605742424458065
electricity-normalized.csv,0.85,0.7641363333333361,0.7937986666666683,0.0858636666666639,0.05620133333333166,0.02199999999999991,100,0.10025294555555558,2.5638250783410252
electricity-normalized.csv,0.9,0.8548096666666672,0.914523666666669,0.04519033333333278,0.014523666666668933,0.05300000000000005,100,0.07001291,2.571620913765655
electricity-normalized.csv,0.95,0.8895836666666651,0.9438506666666675,0.06041633333333485,0.006149333333332452,0.02100000000000002,100,0.06268761777777777,2.5509026532800454
elevators.csv,0.05,0.2819753333333328,0.20525566666666661,0.2319753333333328,0.15525566666666663,0.137,100,0.09803882111111112,2.7340522079677654
elevators.csv,0.1,0.4020959999999998,0.38953300000000013,0.3020959999999998,0.28953300000000015,0.138,100,0.09389723999999999,2.874834663833704
elevators.csv,0.15,0.4414573333333333,0.4149880000000002,0.29145733333333335,0.2649880000000002,0.12100000000000002,100,0.09939291555555557,2.8053983528355846
elevators.csv,0.2,0.47169166666666673,0.44781966666666667,0.2716916666666667,0.24781966666666666,0.09899999999999998,100,0.11153165666666665,2.824294453744218
elevators.csv,0.25,0.4635549999999992,0.4472236666666655,0.21355499999999922,0.19722366666666552,0.04099999999999998,100,0.10969366555555556,2.8144788863299817
elevators.csv,0.3,0.5485766666666676,0.5077030000000005,0.2485766666666676,0.20770300000000047,0.08800000000000002,100,0.11416577333333333,2.7141486511950816
elevators.csv,0.35,0.48994066666666714,0.4633073333333336,0.13994066666666716,0.11330733333333365,0.011999999999999955,100,0.10190963888888892,2.723426069897341
elevators.csv,0.4,0.5683326666666672,0.5301400000000001,0.16833266666666713,0.13014000000000003,0.02899999999999997,100,0.11477624888888888,2.750328588773787
elevators.csv,0.44,0.6887210000000034,0.7556383333333351,0.24872100000000336,0.3156383333333351,0.014000000000000012,100,0.09281624000000002,2.8713781828717533
elevators.csv,0.49,0.7638850000000028,0.7756200000000022,0.2738850000000028,0.2856200000000022,0.15800000000000003,100,0.10179248444444443,2.618983294512839
elevators.csv,0.54,0.6916710000000033,0.7466820000000017,0.15167100000000322,0.2066820000000017,0.039999999999999925,100,0.11455155111111108,2.6907877631444688
elevators.csv,0.6,0.7597023333333351,0.7589503333333344,0.15970233333333517,0.15895033333333441,0.006000000000000005,100,0.09926989333333337,2.737797186443877
elevators.csv,0.65,0.7957743333333291,0.8054036666666634,0.14577433333332912,0.1554036666666634,0.05899999999999994,100,0.09250663444444442,2.6145648401170685
elevators.csv,0.7,0.8283240000000006,0.8396373333333333,0.12832400000000066,0.1396373333333334,0.07800000000000007,100,0.07992055111111111,2.550308232002297
elevators.csv,0.75,0.830164666666668,0.8368700000000011,0.080164666666668,0.08687000000000111,0.039000000000000035,100,0.07915711111111111,2.5262380632154513
elevators.csv,0.8,0.8894999999999984,0.941586666666667,0.08949999999999836,0.14158666666666697,0.0030000000000000027,100,0.06511633222222221,2.575959827419011
elevators.csv,0.85,0.93961633333333,0.9691290000000007,0.08961633333332997,0.1191290000000007,0.08300000000000007,100,0.04833015444444443,2.320045043551293
elevators.csv,0.9,0.9402879999999967,0.9688773333333339,0.04028799999999666,0.0688773333333339,0.027000000000000024,100,0.04920119444444444,2.3223424051241497
elevators.csv,0.95,0.9657366666666669,0.9809490000000024,0.015736666666666954,0.030949000000002447,0.026000000000000023,100,0.03333655555555556,2.299746302973272
elevators.csv,0.05,0.22769566666666677,0.14947166666666667,0.17769566666666675,0.09947166666666667,0.011999999999999997,100,0.08728920444444446,2.6871199059826116
elevators.csv,0.1,0.28784299999999946,0.19662366666666672,0.18784299999999945,0.09662366666666672,0.069,100,0.08983335444444446,2.842830071545155
elevators.csv,0.15,0.483833,0.46649399999999996,0.33383300000000005,0.31649399999999994,0.19700000000000004,100,0.10638763888888889,2.8143702702812345
elevators.csv,0.2,0.5653236666666673,0.5272143333333335,0.3653236666666673,0.32721433333333344,0.16199999999999998,100,0.10617436777777778,2.846275949278873
elevators.csv,0.25,0.4774656666666667,0.45216999999999974,0.22746566666666668,0.20216999999999974,0.03300000000000003,100,0.09939655555555556,2.8340279006066065
elevators.csv,0.3,0.583224,0.5466260000000005,0.283224,0.2466260000000005,0.07700000000000001,100,0.10307635999999996,2.8288846169062896
elevators.csv,0.35,0.5692636666666674,0.5207673333333337,0.2192636666666674,0.17076733333333372,0.0050000000000000044,100,0.10545597666666666,2.780610814317655
elevators.csv,0.4,0.6370296666666684,0.6012633333333345,0.23702966666666836,0.20126333333333446,0.063,100,0.1066338611111111,2.8187611093018305
elevators.csv,0.44,0.5944690000000008,0.5581190000000008,0.1544690000000008,0.1181190000000008,0.02899999999999997,100,0.11052324000000001,2.780782779645744
elevators.csv,0.49,0.711843000000005,0.7378883333333373,0.221843000000005,0.24788833333333726,0.11599999999999999,100,0.10429202111111112,2.7403027650366694
elevators.csv,0.54,0.7842929999999969,0.816107999999998,0.24429299999999687,0.2761079999999979,0.07299999999999995,100,0.08521939000000002,2.7716564433742823
elevators.csv,0.6,0.8028039999999965,0.8208936666666635,0.20280399999999654,0.22089366666666355,0.09000000000000008,100,0.08696578999999999,2.638001199634483
elevators.csv,0.65,0.7613776666666684,0.774282333333335,0.11137766666666837,0.12428233333333494,0.02100000000000002,100,0.08611841777777779,2.7326856540464446
elevators.csv,0.7,0.8167773333333315,0.8211339999999983,0.11677733333333151,0.1211339999999983,0.05300000000000005,100,0.08798727111111113,2.5473362251177236
elevators.csv,0.75,0.7909239999999951,0.7952769999999957,0.040923999999995075,0.04527699999999568,0.013000000000000012,100,0.09922210999999999,2.5381307142174783
elevators.csv,0.8,0.8164426666666648,0.820380999999998,0.016442666666664718,0.020380999999997984,0.0010000000000000009,100,0.09512912333333334,2.358225327571138
elevators.csv,0.85,0.8665729999999963,0.8727629999999971,0.016572999999996285,0.02276299999999709,0.009000000000000008,100,0.06933492888888888,2.526174970500576
elevators.csv,0.9,0.8989543333333334,0.9456030000000002,0.0010456666666666115,0.04560300000000017,0.029000000000000026,100,0.061500687777777785,2.385470010194479
elevators.csv,0.95,0.9407076666666634,0.974324333333336,0.009292333333336567,0.024324333333336057,0.02499999999999991,100,0.04708733333333333,2.4541735061001964
file22f0e4a679.csv,0.05,0.03627633333333325,0.039299999999999904,0.013723666666666752,0.010700000000000098,0.016,100,0.04131343444444444,1.782519707206009
file22f0e4a679.csv,0.1,0.13545333333333273,0.13729466666666604,0.035453333333332726,0.03729466666666603,0.019000000000000003,100,0.07539445666666665,1.896736974830604
file22f0e4a679.csv,0.15,0.16138366666666665,0.14076966666666652,0.011383666666666653,0.00923033333333348,0.02100000000000002,100,0.09537384333333333,2.013503476752151
file22f0e4a679.csv,0.2,0.1871549999999987,0.18748966666666536,0.0128450000000013,0.01251033333333465,0.035,100,0.12214596777777781,1.978339574484068
file22f0e4a679.csv,0.25,0.2433953333333318,0.24146633333333195,0.006604666666668202,0.00853366666666805,0.09800000000000003,100,0.1463719288888889,1.9376159208969366
file22f0e4a679.csv,0.3,0.3107496666666658,0.30890699999999915,0.010749666666665825,0.008906999999999166,0.09300000000000003,100,0.15620023444444445,2.1023974559243936
file22f0e4a679.csv,0.35,0.36347333333333437,0.3637243333333345,0.013473333333334392,0.013724333333334504,0.10100000000000003,100,0.16852586111111112,2.1987605509160533
file22f0e4a679.csv,0.4,0.3867389999999983,0.3705783333333325,0.013261000000001744,0.029421666666667512,0.08499999999999996,100,0.1724519377777778,2.176409512136983
file22f0e4a679.csv,0.44,0.4378693333333345,0.4374510000000009,0.002130666666665504,0.0025489999999990798,0.10400000000000004,100,0.1920624122222222,1.938803457370553
file22f0e4a679.csv,0.49,0.4748499999999986,0.4750173333333322,0.015150000000001385,0.01498266666666781,0.07400000000000007,100,0.17780244444444443,2.2060892922258044
file22f0e4a679.csv,0.54,0.538871333333334,0.5389550000000009,0.0011286666666660006,0.0010449999999991855,0.10599999999999998,100,0.17542810666666672,2.189304971487869
file22f0e4a679.csv,0.6,0.5649753333333345,0.5653940000000012,0.03502466666666548,0.034605999999998804,0.062000000000000055,100,0.1702787322222222,2.304242539186442
file22f0e4a679.csv,0.65,0.6547660000000007,0.6523403333333342,0.004766000000000714,0.002340333333334166,0.10699999999999998,100,0.16852792333333333,1.9783765477941797
file22f0e4a679.csv,0.7,0.7089116666666716,0.7095810000000045,0.008911666666671647,0.009581000000004503,0.07900000000000007,100,0.14667157666666664,2.019218650015639
file22f0e4a679.csv,0.75,0.7381979999999979,0.7839333333333325,0.011802000000002089,0.03393333333333248,0.07700000000000007,100,0.13770199999999996,2.014401339302464
file22f0e4a679.csv,0.8,0.8001276666666629,0.8069089999999967,0.0001276666666628623,0.006908999999996612,0.06699999999999995,100,0.11922511111111112,2.00164337761319
file22f0e4a679.csv,0.85,0.8370246666666696,0.8366073333333361,0.012975333333330341,0.013392666666663833,0.05600000000000005,100,0.10631973777777777,1.6454709969777501
file22f0e4a679.csv,0.9,0.8572419999999996,0.8744096666666669,0.04275800000000041,0.02559033333333316,0.04300000000000004,100,0.07474490666666667,1.7180865195957356
file22f0e4a679.csv,0.95,0.9396999999999965,0.9742406666666693,0.010300000000003418,0.024240666666669353,0.030000000000000027,100,0.04675417333333333,1.5142628036478574
file22f0e4a679.csv,0.05,0.04366833333333322,0.04400333333333322,0.006331666666666784,0.005996666666666782,0.012000000000000004,100,0.0433718888888889,1.8476688846462097
file22f0e4a679.csv,0.1,0.12892133333333275,0.12783133333333282,0.028921333333332744,0.02783133333333282,0.0010000000000000009,100,0.07616356777777777,1.82359819264348
file22f0e4a679.csv,0.15,0.16222066666666657,0.16205066666666657,0.012220666666666574,0.01205066666666657,0.02300000000000002,100,0.1033730788888889,1.9714040084566604
file22f0e4a679.csv,0.2,0.2110843333333323,0.21116866666666562,0.01108433333333228,0.011168666666665605,0.07100000000000001,100,0.12499922111111111,1.997121454596965
file22f0e4a679.csv,0.25,0.23678566666666492,0.23602999999999832,0.013214333333335077,0.013970000000001676,0.04299999999999998,100,0.13447864333333331,2.1404983110599773
file22f0e4a679.csv,0.3,0.31469166666666565,0.3155299999999989,0.01469166666666566,0.015529999999998934,0.09200000000000003,100,0.1651888622222222,1.9215584110888855
file22f0e4a679.csv,0.35,0.33979499999999835,0.3423046666666653,0.01020500000000163,0.007695333333334664,0.06500000000000006,100,0.15614370111111112,2.3099725069427777
file22f0e4a679.csv,0.4,0.38640299999999833,0.38657066666666495,0.013597000000001691,0.01342933333333507,0.05199999999999999,100,0.17279988888888886,2.1410875826110054
file22f0e4a679.csv,0.44,0.4421363333333341,0.44113233333333396,0.002136333333334073,0.001132333333333957,0.10600000000000004,100,0.1817482877777778,2.1743498790863858
file22f0e4a679.csv,0.49,0.46990733333333184,0.4596096666666655,0.020092666666668146,0.030390333333334518,0.10699999999999998,100,0.1770794877777778,2.170450270077588
file22f0e4a679.csv,0.54,0.5398753333333342,0.5396243333333341,0.00012466666666588466,0.0003756666666658859,0.08399999999999996,100,0.16743592888888892,2.342217400988016
file22f0e4a679.csv,0.6,0.5916799999999992,0.5911756666666658,0.008320000000000771,0.008824333333334211,0.09900000000000009,100,0.17500183444444442,2.1461266764751588
file22f0e4a679.csv,0.65,0.6198770000000026,0.6193720000000023,0.030122999999997457,0.030627999999997768,0.06899999999999995,100,0.17511698222222224,1.9548577218868302
file22f0e4a679.csv,0.7,0.6878276666666696,0.6874083333333362,0.012172333333330343,0.012591666666663781,0.06900000000000006,100,0.16002144333333335,1.8938060697412733
file22f0e4a679.csv,0.75,0.7310863333333324,0.7310863333333324,0.018913666666667606,0.018913666666667606,0.05900000000000005,100,0.1424457288888889,2.1052636957432456
file22f0e4a679.csv,0.8,0.7889993333333283,0.7980396666666623,0.011000666666671766,0.0019603333333377826,0.07199999999999995,100,0.12531666666666663,2.066780594301126
file22f0e4a679.csv,0.85,0.8320046666666685,0.8317540000000018,0.017995333333331476,0.018245999999998208,0.07400000000000007,100,0.1046691677777778,1.9445772266459285
file22f0e4a679.csv,0.9,0.888914333333332,0.9328763333333345,0.011085666666667993,0.032876333333334506,0.061999999999999944,100,0.06822059888888891,1.5402026286466333
file22f0e4a679.csv,0.95,0.9390306666666635,0.9687920000000015,0.010969333333336495,0.018792000000001585,0.03700000000000003,100,0.0527548211111111,1.5237730889273835
file79b563a1a18.csv,0.05,0.23322366666666658,0.16722833333333326,0.18322366666666656,0.11722833333333325,0.196,100,0.10130675,2.134746866548159
file79b563a1a18.csv,0.1,0.22660533333333338,0.16454866666666654,0.12660533333333338,0.06454866666666653,0.18200000000000002,100,0.10851202111111108,2.2258769617322125
file79b563a1a18.csv,0.15,0.20507800000000007,0.1575129999999999,0.05507800000000007,0.007512999999999909,0.225,100,0.10205960444444444,2.210287427629012
file79b563a1a18.csv,0.2,0.32209833333333354,0.2802213333333332,0.12209833333333353,0.0802213333333332,0.176,100,0.11027930111111112,2.2767240979147463
file79b563a1a18.csv,0.25,0.34730700000000003,0.32561600000000007,0.09730700000000003,0.07561600000000007,0.15000000000000002,100,0.11071357666666666,2.3392184450868068
file79b563a1a18.csv,0.3,0.36112833333333355,0.35099500000000006,0.06112833333333356,0.05099500000000007,0.10900000000000004,100,0.10476738999999999,2.4083891341550103
file79b563a1a18.csv,0.35,0.4256120000000007,0.41053866666666716,0.07561200000000073,0.060538666666667185,0.09700000000000003,100,0.10666059555555557,2.4806119021750344
file79b563a1a18.csv,0.4,0.3745256666666673,0.36774266666666716,0.02547433333333271,0.03225733333333286,0.063,100,0.10544246555555559,2.540514347015448
file79b563a1a18.csv,0.44,0.43316333333333396,0.4181723333333336,0.006836666666666047,0.021827666666666412,0.10600000000000004,100,0.1111717988888889,2.2326743666348134
file79b563a1a18.csv,0.49,0.3791406666666673,0.3724406666666671,0.1108593333333327,0.1175593333333329,0.049000000000000044,100,0.11605796,2.137917970075584
file79b563a1a18.csv,0.54,0.607617666666667,0.5729413333333337,0.06761766666666691,0.03294133333333371,0.050999999999999934,100,0.11228948777777781,2.318818238957901
file79b563a1a18.csv,0.6,0.6267993333333334,0.6313233333333336,0.026799333333333397,0.03132333333333359,0.08200000000000007,100,0.09703450666666669,2.344594811780776
file79b563a1a18.csv,0.65,0.8104963333333333,0.8238133333333334,0.16049633333333324,0.17381333333333338,0.14600000000000002,100,0.06243183444444444,2.519237997773435
file79b563a1a18.csv,0.7,0.6882826666666674,0.7040310000000005,0.01171733333333258,0.004031000000000562,0.08500000000000008,100,0.07706412888888889,2.3346718902415997
file79b563a1a18.csv,0.75,0.6695200000000001,0.6731220000000003,0.08047999999999988,0.07687799999999967,0.031000000000000028,100,0.08103291,2.333816872322313
file79b563a1a18.csv,0.8,0.9134343333333336,0.930518,0.11343433333333353,0.1305179999999999,0.025000000000000022,100,0.06123135111111112,2.423964976501623
file79b563a1a18.csv,0.85,0.9565783333333324,0.9695643333333341,0.10657833333333244,0.11956433333333416,0.06800000000000006,100,0.043617710000000004,2.2605626642500196
file79b563a1a18.csv,0.9,0.9683303333333338,0.9813673333333357,0.06833033333333383,0.08136733333333568,0.040000000000000036,100,0.03638147111111111,2.2191637281054013
file79b563a1a18.csv,0.95,0.9890796666666707,0.9822040000000025,0.03907966666667073,0.032204000000002564,0.025000000000000022,100,0.024004804444444444,2.176110285232577
file79b563a1a18.csv,0.05,0.24796666666666628,0.21622899999999953,0.1979666666666663,0.16622899999999952,0.29100000000000004,100,0.11645329333333335,2.2351724884595945
file79b563a1a18.csv,0.1,0.2634649999999996,0.24219633333333287,0.1634649999999996,0.14219633333333287,0.261,100,0.12288739555555556,2.037108941626447
file79b563a1a18.csv,0.15,0.281475333333333,0.2844126666666664,0.13147533333333303,0.13441266666666643,0.158,100,0.11748818999999999,2.242977855124603
file79b563a1a18.csv,0.2,0.2653013333333329,0.239259333333333,0.06530133333333288,0.03925933333333298,0.16999999999999998,100,0.1227787288888889,2.0999634561731297
file79b563a1a18.csv,0.25,0.26052966666666627,0.23541033333333294,0.01052966666666627,0.014589666666667056,0.05099999999999999,100,0.11522317666666666,2.4125037070882502
file79b563a1a18.csv,0.3,0.5639036666666679,0.5638233333333342,0.2639036666666679,0.26382333333333424,0.295,100,0.09535727111111111,2.4708850391588486
file79b563a1a18.csv,0.35,0.6087913333333337,0.5742823333333337,0.2587913333333337,0.2242823333333337,0.262,100,0.11238233222222224,2.2203485686422066
file79b563a1a18.csv,0.4,0.6152453333333335,0.6211090000000006,0.2152453333333335,0.22110900000000056,0.256,100,0.09017951555555558,2.48246397226273
file79b563a1a18.csv,0.44,0.4499850000000005,0.431561,0.009985000000000521,0.00843900000000003,0.12700000000000006,100,0.10847118222222221,2.396617509364068
file79b563a1a18.csv,0.49,0.5789886666666676,0.5721186666666673,0.0889886666666676,0.08211866666666734,0.134,100,0.10604360444444445,2.328770037794878
file79b563a1a18.csv,0.54,0.5696836666666678,0.5701056666666675,0.029683666666667774,0.030105666666667474,0.06599999999999995,100,0.0952062222222222,2.4209407323073533
file79b563a1a18.csv,0.6,0.7115700000000009,0.7375360000000003,0.11157000000000095,0.13753600000000032,0.15500000000000003,100,0.07648768444444444,2.347591880119672
file79b563a1a18.csv,0.65,0.6607333333333332,0.6591413333333332,0.01073333333333315,0.009141333333333224,0.10599999999999998,100,0.08370874999999998,2.3240803514605637
file79b563a1a18.csv,0.7,0.802876333333333,0.8163613333333335,0.10287633333333301,0.11636133333333354,0.1120000000000001,100,0.06496542666666666,2.3985072117964763
file79b563a1a18.csv,0.75,0.8265710000000002,0.837209,0.07657100000000017,0.08720899999999998,0.07200000000000006,100,0.06144044,2.3895613498608768
file79b563a1a18.csv,0.8,0.7669383333333338,0.7996070000000008,0.03306166666666621,0.00039299999999919955,0.019000000000000017,100,0.07061919444444444,2.2883683116214706
file79b563a1a18.csv,0.85,0.9681630000000006,0.9744270000000012,0.11816300000000057,0.12442700000000118,0.07500000000000007,100,0.039434972222222225,2.3718169939538702
file79b563a1a18.csv,0.9,0.9453233333333314,0.9606683333333329,0.045323333333331384,0.06066833333333288,0.01200000000000001,100,0.0471736388888889,2.2884552905352527
file79b563a1a18.csv,0.95,0.9899163333333375,0.9820363333333356,0.03991633333333755,0.032036333333335665,0.03700000000000003,100,0.018983182222222224,2.241228488432788
file7b5365fa741c.csv,0.05,0.06071733333333338,0.03396766666666653,0.010717333333333377,0.016032333333333475,0.025,100,0.05142446555555554,2.186156342566317
file7b5365fa741c.csv,0.1,0.05828499999999997,0.03019499999999986,0.04171500000000004,0.06980500000000014,0.055999999999999994,100,0.04848571555555555,2.234780917364368
file7b5365fa741c.csv,0.15,0.0774476666666667,0.03688799999999988,0.07255233333333329,0.11311200000000012,0.092,100,0.05674304333333332,2.2734872923703984
file7b5365fa741c.csv,0.2,0.14484766666666618,0.08631466666666676,0.05515233333333383,0.11368533333333325,0.028999999999999998,100,0.07257933333333333,2.26240733977354
file7b5365fa741c.csv,0.25,0.14702699999999955,0.08597933333333344,0.10297300000000045,0.16402066666666656,0.044999999999999984,100,0.07246636000000001,2.249338133731235
file7b5365fa741c.csv,0.3,0.20926699999999876,0.13824366666666632,0.09073300000000123,0.16175633333333367,0.020000000000000018,100,0.08692606222222223,2.44966024483782
file7b5365fa741c.csv,0.35,0.2089323333333322,0.12366733333333317,0.14106766666666778,0.2263326666666668,0.03600000000000003,100,0.07724046555555555,2.602106200759153
file7b5365fa741c.csv,0.4,0.2168913333333333,0.14436133333333317,0.18310866666666673,0.25563866666666685,0.035999999999999976,100,0.09525264888888892,2.554284012343308
file7b5365fa741c.csv,0.44,0.22560233333333243,0.14201266666666637,0.21439766666666757,0.2979873333333336,0.08300000000000002,100,0.09255713222222223,2.4241513771755194
file7b5365fa741c.csv,0.49,0.2329736666666666,0.16655833333333328,0.25702633333333336,0.32344166666666674,0.0020000000000000018,100,0.1027883377777778,2.627566934270359
file7b5365fa741c.csv,0.54,0.36481733333333294,0.2876753333333333,0.1751826666666671,0.25232466666666675,0.09399999999999997,100,0.09857699888888888,2.8312504461695394
file7b5365fa741c.csv,0.6,0.2066693333333334,0.13372399999999995,0.3933306666666666,0.466276,0.07599999999999996,100,0.08581000444444443,2.729646418517823
file7b5365fa741c.csv,0.65,0.4114723333333336,0.4028430000000006,0.23852766666666642,0.2471569999999994,0.06099999999999994,100,0.09886054555555555,2.851286451288437
file7b5365fa741c.csv,0.7,0.40812066666666674,0.3716853333333333,0.2918793333333332,0.32831466666666664,0.016999999999999904,100,0.09922814555555556,2.7752867614748373
file7b5365fa741c.csv,0.75,0.4794749999999997,0.45359299999999964,0.2705250000000003,0.29640700000000036,0.014000000000000012,100,0.09434090111111114,2.871947730035338
file7b5365fa741c.csv,0.8,0.5742133333333345,0.5850986666666679,0.22578666666666558,0.21490133333333217,0.006000000000000005,100,0.08769983444444444,2.8077939145735886
file7b5365fa741c.csv,0.85,0.6025996666666678,0.5943086666666678,0.24740033333333222,0.25569133333333216,0.03699999999999992,100,0.08851268444444445,2.786293367074851
file7b5365fa741c.csv,0.9,0.6289066666666678,0.6324233333333349,0.2710933333333322,0.26757666666666513,0.014000000000000012,100,0.08353970111111111,2.911854749233616
file7b5365fa741c.csv,0.95,0.9023066666666656,0.9624440000000021,0.047693333333334365,0.01244400000000212,0.04499999999999993,100,0.06904664333333332,2.823249961146897
file7b5365fa741c.csv,0.05,0.06096933333333338,0.03388433333333319,0.01096933333333338,0.016115666666666813,0.03900000000000001,100,0.05182652777777777,2.1840865824289954
file7b5365fa741c.csv,0.1,0.12909399999999968,0.06194100000000001,0.029093999999999676,0.038058999999999996,0.089,100,0.07031112333333334,2.2570786136673835
file7b5365fa741c.csv,0.15,0.08372666666666662,0.04057566666666655,0.06627333333333338,0.10942433333333344,0.10699999999999998,100,0.05829042111111111,2.10219295333964
file7b5365fa741c.csv,0.2,0.10539633333333263,0.037468333333333215,0.09460366666666738,0.1625316666666668,0.171,100,0.0643765011111111,2.056204366678438
file7b5365fa741c.csv,0.25,0.1401596666666662,0.08246200000000012,0.10984033333333379,0.16753799999999988,0.04100000000000001,100,0.07220637666666667,2.301307829347003
file7b5365fa741c.csv,0.3,0.22919733333333317,0.1351443333333332,0.07080266666666682,0.1648556666666668,0.07300000000000001,100,0.10097288888888889,2.501483572991181
file7b5365fa741c.csv,0.35,0.20021433333333225,0.13488999999999968,0.14978566666666773,0.2151100000000003,0.08199999999999996,100,0.08125789333333333,2.48132495661677
file7b5365fa741c.csv,0.4,0.2070009999999988,0.135897333333333,0.19299900000000123,0.26410266666666704,0.08700000000000002,100,0.08973016000000002,2.5149866696368073
file7b5365fa741c.csv,0.44,0.22191833333333336,0.1597753333333332,0.21808166666666665,0.2802246666666668,0.07600000000000001,100,0.10159775444444447,2.446724013236879
file7b5365fa741c.csv,0.49,0.2394223333333325,0.1417603333333331,0.2505776666666675,0.3482396666666669,0.019000000000000017,100,0.08207841777777776,2.71162457463781
file7b5365fa741c.csv,0.54,0.2493076666666665,0.1943656666666665,0.29069233333333355,0.34563433333333354,0.03500000000000003,100,0.09968775111111113,2.7486338455374657
file7b5365fa741c.csv,0.6,0.23473066666666664,0.16496833333333336,0.36526933333333333,0.4350316666666666,0.025999999999999912,100,0.09150864888888892,2.7762401392357803
file7b5365fa741c.csv,0.65,0.3034213333333324,0.18012699999999995,0.34657866666666765,0.4698730000000001,0.017000000000000015,100,0.08661830555555554,2.8524466127579187
file7b5365fa741c.csv,0.7,0.39212499999999895,0.380987999999999,0.307875000000001,0.31901200000000096,0.10199999999999998,100,0.10484499000000001,2.7493664976574705
file7b5365fa741c.csv,0.75,0.3716023333333336,0.31925200000000015,0.3783976666666664,0.43074799999999985,0.008000000000000007,100,0.09144730666666666,2.87250993531193
file7b5365fa741c.csv,0.8,0.7345206666666667,0.7517773333333331,0.06547933333333333,0.04822266666666697,0.027000000000000024,100,0.08927233777777775,2.8538222270554834
file7b5365fa741c.csv,0.85,0.6360283333333344,0.659394000000001,0.21397166666666556,0.19060599999999894,0.04299999999999993,100,0.08918022222222223,2.8278008311210514
file7b5365fa741c.csv,0.9,0.8701416666666666,0.9090856666666667,0.02985833333333343,0.009085666666666659,0.014000000000000012,100,0.07133875,2.8809087876870816
file7b5365fa741c.csv,0.95,0.8402293333333344,0.890321666666667,0.10977066666666557,0.059678333333332945,0.052999999999999936,100,0.07173183444444443,2.822462351071176
fri_c2_1000_10.csv,0.05,0.03476533333333325,0.019295666666666555,0.01523466666666675,0.030704333333333448,0.05,100,0.034740315555555554,2.268782658749372
fri_c2_1000_10.csv,0.1,0.11033266666666589,0.04660699999999988,0.01033266666666588,0.05339300000000013,0.041,100,0.06499934555555555,2.3811793707521374
fri_c2_1000_10.csv,0.15,0.08657133333333322,0.04795366666666654,0.06342866666666677,0.10204633333333346,0.03899999999999999,100,0.060310510000000005,2.6074297970357523
fri_c2_1000_10.csv,0.2,0.20707066666666551,0.16193533333333263,0.007070666666665504,0.038064666666667385,0.05100000000000002,100,0.08428129333333331,2.5663610978806997
fri_c2_1000_10.csv,0.25,0.2007966666666655,0.12969299999999986,0.04920333333333449,0.12030700000000014,0.08399999999999999,100,0.08327712333333334,2.5181681005639955
fri_c2_1000_10.csv,0.3,0.28163100000000035,0.18690466666666647,0.018368999999999636,0.11309533333333352,0.02699999999999997,100,0.1131917988888889,2.550354593501916
fri_c2_1000_10.csv,0.35,0.33761633333333146,0.32907266666666485,0.012383666666668514,0.02092733333333513,0.03199999999999997,100,0.11551135444444444,2.679441677325919
fri_c2_1000_10.csv,0.4,0.33191366666666494,0.2969826666666657,0.06808633333333508,0.10301733333333435,0.127,100,0.1172504488888889,2.5445887840882953
fri_c2_1000_10.csv,0.44,0.3560270000000003,0.347900666666667,0.08397299999999969,0.09209933333333298,0.066,100,0.10839374555555556,2.7895218578693664
fri_c2_1000_10.csv,0.49,0.41569366666666524,0.4094893333333321,0.07430633333333475,0.0805106666666679,0.01899999999999996,100,0.10183297333333333,2.7937815432357866
fri_c2_1000_10.csv,0.54,0.4059546666666651,0.3922973333333322,0.13404533333333496,0.14770266666666781,0.10500000000000004,100,0.1049817777777778,2.8616639349129436
fri_c2_1000_10.csv,0.6,0.5377836666666674,0.48685166666666724,0.06221633333333254,0.11314833333333274,0.007000000000000006,100,0.11712332888888889,2.6787472438105913
fri_c2_1000_10.csv,0.65,0.5046183333333338,0.46264966666666757,0.1453816666666662,0.18735033333333245,0.09699999999999998,100,0.11533459555555556,2.762754214904497
fri_c2_1000_10.csv,0.7,0.5464013333333338,0.4980653333333338,0.1535986666666661,0.20193466666666615,0.09799999999999998,100,0.11703475,2.7541298880731206
fri_c2_1000_10.csv,0.75,0.631170666666669,0.5719526666666683,0.11882933333333101,0.17804733333333167,0.06999999999999995,100,0.11186691555555553,2.726502058966268
fri_c2_1000_10.csv,0.8,0.6335983333333359,0.5714493333333348,0.16640166666666412,0.22855066666666524,0.09999999999999998,100,0.10769565666666665,2.735579929730512
fri_c2_1000_10.csv,0.85,0.7560493333333341,0.7556323333333336,0.09395066666666585,0.0943676666666664,0.10399999999999998,100,0.09146138222222219,2.734679787087389
fri_c2_1000_10.csv,0.9,0.812430666666664,0.8400679999999986,0.08756933333333605,0.05993200000000143,0.016000000000000014,100,0.07708830555555556,2.456916635569813
fri_c2_1000_10.csv,0.95,0.760724666666666,0.8079753333333317,0.1892753333333339,0.14202466666666824,0.1319999999999999,100,0.08101563888888891,2.668801487779982
fri_c2_1000_10.csv,0.05,0.060467333333333366,0.03631733333333319,0.010467333333333363,0.013682666666666815,0.034,100,0.04886529333333333,2.3476926299211214
fri_c2_1000_10.csv,0.1,0.08205333333333334,0.04435399999999987,0.017946666666666666,0.05564600000000013,0.052000000000000005,100,0.05439623999999999,2.4650467178199444
fri_c2_1000_10.csv,0.15,0.13175133333333272,0.053558333333333236,0.018248666666667274,0.09644166666666676,0.05199999999999999,100,0.06807808333333333,2.4488691168603913
fri_c2_1000_10.csv,0.2,0.1801263333333326,0.1518983333333329,0.0198736666666674,0.0481016666666671,0.14600000000000002,100,0.08350390666666668,2.4517375069340503
fri_c2_1000_10.csv,0.25,0.17836899999999936,0.09192033333333342,0.07163100000000064,0.15807966666666656,0.08399999999999999,100,0.07647260444444445,2.6445990907518118
fri_c2_1000_10.csv,0.3,0.23603133333333157,0.17687133333333255,0.06396866666666842,0.12312866666666744,0.08299999999999999,100,0.09647377333333333,2.5720616595381722
fri_c2_1000_10.csv,0.35,0.24715866666666542,0.17845533333333272,0.10284133333333456,0.17154466666666726,0.08199999999999996,100,0.09380195999999998,2.734891232944407
fri_c2_1000_10.csv,0.4,0.34037233333333217,0.24462633333333358,0.059627666666667856,0.15537366666666644,0.04200000000000004,100,0.09548455555555557,2.778476814259366
fri_c2_1000_10.csv,0.44,0.39002666666666536,0.37444433333333255,0.049973333333334646,0.06555566666666746,0.03899999999999998,100,0.11334075,2.787914948722098
fri_c2_1000_10.csv,0.49,0.40814599999999834,0.3916333333333321,0.08185400000000165,0.09836666666666788,0.04799999999999999,100,0.10900135444444442,2.764259593322968
fri_c2_1000_10.csv,0.54,0.3959793333333318,0.3767083333333327,0.14402066666666824,0.16329166666666733,0.17800000000000005,100,0.11770230666666669,2.684302005982747
fri_c2_1000_10.csv,0.6,0.498344333333334,0.45587533333333463,0.10165566666666598,0.14412466666666535,0.01100000000000001,100,0.11440068777777776,2.7710171167847957
fri_c2_1000_10.csv,0.65,0.5632236666666676,0.5064353333333338,0.08677633333333246,0.14356466666666623,0.016000000000000014,100,0.10958515999999997,2.8128675092980178
fri_c2_1000_10.csv,0.7,0.588344333333334,0.5288780000000007,0.11165566666666593,0.17112199999999922,0.05399999999999994,100,0.11154169333333332,2.723822397941968
fri_c2_1000_10.csv,0.75,0.5842306666666668,0.5255206666666674,0.1657693333333332,0.2244793333333326,0.118,100,0.10578919555555555,2.8181514056390697
fri_c2_1000_10.csv,0.8,0.7344333333333315,0.7824296666666659,0.06556666666666855,0.01757033333333413,0.04299999999999993,100,0.09665779000000001,2.598037797309614
fri_c2_1000_10.csv,0.85,0.6360236666666681,0.6360256666666677,0.21397633333333188,0.21397433333333227,0.1509999999999999,100,0.10365285666666667,2.792910277893265
fri_c2_1000_10.csv,0.9,0.820878333333333,0.8727323333333336,0.07912166666666698,0.027267666666666468,0.0020000000000000018,100,0.07439763888888888,2.6313542672749737
fri_c2_1000_10.csv,0.95,0.9135123333333351,0.9516233333333336,0.03648766666666481,0.001623333333333643,0.018000000000000016,100,0.060240404444444444,2.4524800166520393
fried.csv,0.05,0.07335166666666675,0.037062666666666536,0.023351666666666743,0.012937333333333467,0.026000000000000002,100,0.05375222222222221,2.2916541665343506
fried.csv,0.1,0.14836766666666626,0.0899983333333334,0.048367666666666254,0.010001666666666603,0.013999999999999999,100,0.07369547888888889,2.41764544793673
fried.csv,0.15,0.2185873333333319,0.2162416666666652,0.06858733333333192,0.0662416666666652,0.014000000000000012,100,0.10518617333333333,2.2743265739155745
fried.csv,0.2,0.25201299999999904,0.18080266666666595,0.05201299999999903,0.019197333333334066,0.01899999999999999,100,0.10670557666666668,2.6081422852156027
fried.csv,0.25,0.2457379999999986,0.1797156666666659,0.0042620000000014036,0.07028433333333409,0.059,100,0.12828091,2.1903051527345694
fried.csv,0.3,0.32049399999999867,0.313798333333332,0.02049399999999868,0.013798333333332025,0.0040000000000000036,100,0.1239626622222222,2.5573809508707805
fried.csv,0.35,0.40756466666666497,0.3892993333333323,0.05756466666666499,0.0392993333333323,0.04700000000000004,100,0.15582664,2.3940570995209276
fried.csv,0.4,0.38582633333333205,0.37108866666666596,0.014173666666667972,0.028911333333334066,0.030000000000000027,100,0.13850468777777775,2.4815222723135255
fried.csv,0.44,0.43259700000000095,0.4223733333333345,0.007402999999999049,0.017626666666665514,0.02799999999999997,100,0.14028851,2.6097139704479906
fried.csv,0.49,0.47476633333333224,0.45927633333333234,0.015233666666667756,0.03072366666666765,0.0050000000000000044,100,0.14350444444444446,2.62741790515807
fried.csv,0.54,0.494548,0.4613813333333333,0.04545200000000005,0.07861866666666673,0.051000000000000045,100,0.14729820444444444,2.534755829917957
fried.csv,0.6,0.5648916666666679,0.5650593333333345,0.035108333333332076,0.03494066666666551,0.016000000000000014,100,0.13868206222222224,2.6509224432986396
fried.csv,0.65,0.6396226666666691,0.6387853333333355,0.010377333333330907,0.011214666666664486,0.015000000000000013,100,0.14294411,2.4937394814259473
fried.csv,0.7,0.6898230000000024,0.7543030000000007,0.010176999999997549,0.05430300000000077,0.031000000000000028,100,0.12862224333333333,2.498671062703636
fried.csv,0.75,0.7587800000000016,0.7580276666666679,0.008780000000001564,0.008027666666667876,0.02100000000000002,100,0.12028744333333333,2.430857876207371
fried.csv,0.8,0.7866479999999956,0.7868983333333291,0.013352000000004471,0.013101666666670897,0.018000000000000016,100,0.11720171,2.2800769038793343
fried.csv,0.85,0.7905056666666617,0.7899186666666618,0.05949433333333831,0.060081333333338205,0.018999999999999906,100,0.09905770111111112,2.4964784606952577
fried.csv,0.9,0.9006276666666666,0.9456896666666676,0.000627666666666582,0.04568966666666763,0.04400000000000004,100,0.06175184888888889,2.3601335966060115
fried.csv,0.95,0.9625476666666665,0.9867326666666704,0.012547666666666513,0.03673266666667041,0.029000000000000026,100,0.0424206711111111,2.072683234689107
fried.csv,0.05,0.08447933333333328,0.039571333333333215,0.03447933333333328,0.010428666666666787,0.010000000000000002,100,0.05539442111111112,2.270244056531842
fried.csv,0.1,0.1624636666666665,0.1318869999999998,0.0624636666666665,0.031886999999999804,0.009999999999999995,100,0.08714899999999998,2.218277090015169
fried.csv,0.15,0.1789466666666656,0.17726933333333234,0.028946666666665594,0.02726933333333234,0.011999999999999983,100,0.09612630555555554,2.3862506927504277
fried.csv,0.2,0.2563636666666664,0.1858269999999993,0.05636366666666637,0.014173000000000713,0.006000000000000005,100,0.11109833222222221,2.364808113423963
fried.csv,0.25,0.26339166666666697,0.18573933333333276,0.013391666666666968,0.06426066666666724,0.012999999999999984,100,0.11993926555555555,2.3724349590825926
fried.csv,0.3,0.246909333333332,0.18055266666666592,0.05309066666666798,0.11944733333333407,0.05099999999999999,100,0.12004524888888887,2.515839199016323
fried.csv,0.35,0.3880953333333323,0.3927949999999987,0.038095333333332315,0.042794999999998695,0.03500000000000003,100,0.13329142666666666,2.5609892332233652
fried.csv,0.4,0.40470966666666497,0.3867816666666657,0.004709666666664947,0.013218333333334331,0.017000000000000015,100,0.14250299888888893,2.5603683408133993
fried.csv,0.44,0.4409650000000009,0.4400446666666674,0.0009650000000008818,4.466666666741448e-05,0.018000000000000016,100,0.16109014555555554,2.4407127368082633
fried.csv,0.49,0.4597063333333329,0.44379333333333276,0.030293666666667107,0.04620666666666723,0.03799999999999998,100,0.14277294555555556,2.5959015784291166
fried.csv,0.54,0.5432220000000005,0.5432220000000006,0.0032220000000005022,0.0032220000000006133,0.0050000000000000044,100,0.14846997666666664,2.4505752147827637
fried.csv,0.6,0.5448116666666674,0.5443096666666674,0.05518833333333262,0.05569033333333262,0.039999999999999925,100,0.13609090666666665,2.654560861647081
fried.csv,0.65,0.6174503333333358,0.5754000000000019,0.032549666666664256,0.07459999999999811,0.006000000000000005,100,0.13971713222222223,2.482692740126202
fried.csv,0.7,0.7274886666666667,0.7769036666666669,0.027488666666666717,0.07690366666666693,0.038000000000000034,100,0.12459328444444444,2.5089844807554154
fried.csv,0.75,0.6936870000000034,0.7606753333333351,0.056312999999996616,0.010675333333335146,0.02200000000000002,100,0.11200516777777776,2.676290706457238
fried.csv,0.8,0.7635490000000028,0.7628800000000024,0.036450999999997236,0.0371199999999976,0.009000000000000008,100,0.11244987888888885,2.3841665733513673
fried.csv,0.85,0.8126049999999971,0.8239076666666637,0.03739500000000284,0.02609233333333627,0.009000000000000008,100,0.09541228777777777,2.3095034159220322
fried.csv,0.9,0.8447416666666694,0.8453253333333358,0.055258333333330634,0.05467466666666421,0.02100000000000002,100,0.07909562111111113,2.1908778915822906
fried.csv,0.95,0.9176120000000014,0.9584953333333357,0.03238799999999853,0.008495333333335742,0.016000000000000014,100,0.05403787888888889,2.109404721204462
german.csv,0.05,0.6847753333333343,0.6804143333333337,0.6347753333333342,0.6304143333333336,0.05,100,0.03268533333333334,2.8295962499091254
german.csv,0.1,0.740558333333335,0.7331826666666673,0.640558333333335,0.6331826666666673,0.067,100,0.03346386111111111,2.803834872802355
german.csv,0.15,0.7333550000000018,0.7270696666666674,0.5833550000000017,0.5770696666666674,0.055999999999999994,100,0.03802541666666667,2.844292020852774
german.csv,0.2,0.7098186666666678,0.7034486666666673,0.5098186666666678,0.5034486666666673,0.167,100,0.031935777777777785,2.7544389481411677
german.csv,0.25,0.7599056666666683,0.7503533333333339,0.5099056666666683,0.5003533333333339,0.099,100,0.03466655111111111,2.8489432773130345
german.csv,0.3,0.988996000000004,0.9817013333333356,0.6889960000000039,0.6817013333333357,0.061,100,0.03427509333333333,2.8875268427471323
german.csv,0.35,0.9889123333333373,0.9817850000000024,0.6389123333333373,0.6317850000000024,0.18500000000000005,100,0.03503090666666667,2.8011397099851028
german.csv,0.4,0.988996000000004,0.9817013333333356,0.588996000000004,0.5817013333333356,0.18400000000000002,100,0.03362104888888888,2.8764996745952853
german.csv,0.44,0.9887450000000039,0.9813660000000023,0.5487450000000038,0.5413660000000022,0.16099999999999998,100,0.04107762666666666,2.9006964274262588
german.csv,0.49,0.988996000000004,0.9817010000000024,0.498996000000004,0.4917010000000024,0.401,100,0.03600432333333333,2.7554702444374666
german.csv,0.54,0.9888286666666706,0.981868666666669,0.44882866666667054,0.441868666666669,0.02300000000000002,100,0.028986004444444446,2.841445243552548
german.csv,0.6,0.9887450000000039,0.981868666666669,0.3887450000000039,0.3818686666666691,0.17100000000000004,100,0.03398547888888889,2.821478951771685
german.csv,0.65,0.9896653333333374,0.9820363333333358,0.33966533333333737,0.3320363333333358,0.010000000000000009,100,0.027388333333333337,2.789168724786645
german.csv,0.7,0.9899163333333375,0.9820363333333358,0.28991633333333755,0.2820363333333359,0.1369999999999999,100,0.024878284444444444,2.7994842599356278
german.csv,0.75,0.9884940000000039,0.981868666666669,0.23849400000000387,0.23186866666666905,0.123,100,0.03463722222222222,2.870956988848828
german.csv,0.8,0.9899163333333375,0.9820363333333358,0.18991633333333746,0.1820363333333358,0.17199999999999993,100,0.022560062222222222,2.738378810032166
german.csv,0.85,0.9888286666666706,0.9816176666666692,0.1388286666666706,0.1316176666666692,0.08000000000000007,100,0.029120671111111114,2.8099386195836664
german.csv,0.9,0.989498000000004,0.9822040000000025,0.08949800000000396,0.0822040000000025,0.09999999999999998,100,0.02842724888888889,2.715075114520449
german.csv,0.95,0.9900000000000042,0.9822040000000025,0.040000000000004254,0.032204000000002564,0.3959999999999999,100,0.022064706666666666,2.839170529128116
german.csv,0.05,0.6991816666666676,0.6928110000000004,0.6491816666666675,0.6428110000000004,0.061,100,0.03216044888888889,2.771078092400082
german.csv,0.1,0.699349000000001,0.6931460000000004,0.599349000000001,0.5931460000000004,0.031,100,0.032906715555555556,2.865158853886102
german.csv,0.15,0.988996000000004,0.981449666666669,0.838996000000004,0.831449666666669,0.167,100,0.03546193222222223,2.872889173417877
german.csv,0.2,0.988996000000004,0.9816176666666689,0.788996000000004,0.781617666666669,0.009999999999999981,100,0.03203055444444445,2.83742236343558
german.csv,0.25,0.9896653333333374,0.9817850000000024,0.7396653333333374,0.7317850000000024,0.020000000000000018,100,0.028614128888888892,2.8007090569755584
german.csv,0.3,0.9890796666666707,0.9817850000000024,0.6890796666666708,0.6817850000000023,0.038000000000000034,100,0.029119773333333335,2.8082736088210685
german.csv,0.35,0.9890796666666707,0.9817850000000024,0.6390796666666707,0.6317850000000024,0.23399999999999999,100,0.03098082111111111,2.795335564284271
german.csv,0.4,0.988996000000004,0.9816176666666689,0.588996000000004,0.5816176666666689,0.129,100,0.03364085666666666,2.79267769523767
german.csv,0.44,0.988996000000004,0.981449666666669,0.548996000000004,0.541449666666669,0.10800000000000004,100,0.03673475,2.8602019856061953
german.csv,0.49,0.9887450000000039,0.981868666666669,0.4987450000000039,0.49186866666666906,0.17200000000000004,100,0.033755417777777776,2.751361029312333
german.csv,0.54,0.988996000000004,0.9817850000000024,0.44899600000000395,0.4417850000000023,0.23600000000000004,100,0.0331683288888889,2.8913737505622703
german.csv,0.6,0.9889123333333373,0.9817850000000024,0.3889123333333373,0.3817850000000024,0.0010000000000000009,100,0.035290590000000004,2.8233324721742337
german.csv,0.65,0.9888286666666706,0.981868666666669,0.33882866666667055,0.33186866666666903,0.008000000000000007,100,0.02987525666666667,2.821919165495283
german.csv,0.7,0.9889123333333373,0.981868666666669,0.2889123333333373,0.2818686666666691,0.22100000000000009,100,0.03852543444444445,2.74741144652806
german.csv,0.75,0.9884100000000039,0.9818690000000024,0.2384100000000039,0.23186900000000243,0.25,100,0.03862255444444444,2.7389109937683664
german.csv,0.8,0.9893306666666706,0.9822040000000025,0.18933066666667053,0.18220400000000248,0.19999999999999996,100,0.02835277333333333,2.6891128947852203
german.csv,0.85,0.9898326666666708,0.9820363333333358,0.13983266666667082,0.13203633333333586,0.06299999999999994,100,0.026868444444444445,2.757433679969315
german.csv,0.9,0.9899163333333375,0.9822040000000025,0.08991633333333748,0.0822040000000025,0.22299999999999998,100,0.023616039999999994,2.672813088696074
german.csv,0.95,0.9899163333333375,0.9822040000000025,0.03991633333333755,0.032204000000002564,0.050000000000000044,100,0.017029862222222223,2.628506814005019
gina_agnostic.csv,0.05,0.03453266666666655,0.02298066666666654,0.015467333333333451,0.02701933333333346,0.044000000000000004,100,0.04282978999999999,2.4960609811108245
gina_agnostic.csv,0.1,0.053835666666666525,0.03396833333333319,0.04616433333333348,0.06603166666666682,0.048,100,0.05246720444444444,2.6394214495887183
gina_agnostic.csv,0.15,0.15038466666666625,0.0644523333333333,0.0003846666666662557,0.08554766666666669,0.01899999999999999,100,0.07094981777777778,2.5520277561048244
gina_agnostic.csv,0.2,0.2249589999999985,0.13833366666666638,0.024958999999998482,0.06166633333333363,0.026999999999999996,100,0.09508891555555556,2.5038591149990865
gina_agnostic.csv,0.25,0.23751766666666546,0.1315433333333331,0.012482333333334539,0.1184566666666669,0.01999999999999999,100,0.08414236777777778,2.679018154932715
gina_agnostic.csv,0.3,0.3186569999999987,0.19897000000000006,0.018656999999998702,0.10102999999999993,0.0040000000000000036,100,0.0948891511111111,2.8004178723656987
gina_agnostic.csv,0.35,0.2756926666666661,0.2575193333333329,0.07430733333333389,0.0924806666666671,0.05600000000000005,100,0.0936899288888889,2.841303556326022
gina_agnostic.csv,0.4,0.39177499999999826,0.3795466666666655,0.008225000000001759,0.020453333333334545,0.02300000000000002,100,0.10098318222222223,2.8613823110171692
gina_agnostic.csv,0.44,0.48363433333333194,0.4661339999999983,0.04363433333333194,0.026133999999998325,0.02400000000000002,100,0.10440955555555555,2.84589631256122
gina_agnostic.csv,0.49,0.46113099999999957,0.44086700000000006,0.028869000000000422,0.04913299999999993,0.0010000000000000009,100,0.10094141666666667,2.815994469367613
gina_agnostic.csv,0.54,0.48039000000000026,0.46020533333333336,0.059609999999999774,0.07979466666666668,0.06399999999999995,100,0.09521646555555556,2.795316544586006
gina_agnostic.csv,0.6,0.5662366666666677,0.5115420000000003,0.03376333333333226,0.0884579999999997,0.05799999999999994,100,0.09843422666666664,2.850008043398573
gina_agnostic.csv,0.65,0.6554403333333348,0.5903623333333344,0.005440333333334824,0.05963766666666559,0.010000000000000009,100,0.09118131,2.774061964435848
gina_agnostic.csv,0.7,0.7149943333333323,0.7542803333333326,0.014994333333332333,0.0542803333333326,0.10200000000000009,100,0.09247570999999997,2.6853952507533014
gina_agnostic.csv,0.75,0.6748083333333341,0.7585626666666665,0.07519166666666588,0.008562666666666496,0.028000000000000025,100,0.09330410111111112,2.7054729308598717
gina_agnostic.csv,0.8,0.8694946666666635,0.933380333333335,0.06949466666666348,0.133380333333335,0.0030000000000000027,100,0.06883453777777776,2.767550102250393
gina_agnostic.csv,0.85,0.866979999999997,0.932961333333335,0.016979999999996997,0.082961333333335,0.028000000000000025,100,0.06801248444444444,2.643593899479444
gina_agnostic.csv,0.9,0.9451566666666644,0.9681233333333339,0.0451566666666644,0.06812333333333387,0.015000000000000013,100,0.05098193222222221,2.609977930158677
gina_agnostic.csv,0.95,0.9704220000000009,0.9815346666666691,0.02042200000000094,0.03153466666666915,0.050000000000000044,100,0.03067955111111111,2.4733978659769367
gina_agnostic.csv,0.05,0.015522999999999886,0.018376333333333217,0.03447700000000012,0.031623666666666786,0.006999999999999999,100,0.04206541666666666,2.629839429871934
gina_agnostic.csv,0.1,0.05450933333333321,0.03329599999999986,0.0454906666666668,0.06670400000000015,0.049,100,0.04798848444444445,2.5688403148876984
gina_agnostic.csv,0.15,0.13501433333333274,0.05414533333333322,0.014985666666667258,0.09585466666666678,0.021999999999999992,100,0.06858363999999999,2.5494108616334508
gina_agnostic.csv,0.2,0.20983899999999886,0.12366266666666642,0.009838999999998849,0.07633733333333359,0.017999999999999988,100,0.07898721222222223,2.761140720771626
gina_agnostic.csv,0.25,0.21211999999999873,0.08471333333333339,0.037880000000001274,0.1652866666666666,0.04000000000000001,100,0.0753386788888889,2.7299989076994287
gina_agnostic.csv,0.3,0.3397046666666657,0.33367166666666587,0.03970466666666572,0.03367166666666588,0.010000000000000009,100,0.10287499888888889,2.774636104089585
gina_agnostic.csv,0.35,0.3601266666666675,0.35141533333333413,0.010126666666667505,0.0014153333333341567,0.023999999999999966,100,0.09992024888888887,2.7974601053524917
gina_agnostic.csv,0.4,0.3771979999999996,0.36405,0.022802000000000433,0.03595000000000004,0.015000000000000013,100,0.09930761222222222,2.8456541691916977
gina_agnostic.csv,0.44,0.4426319999999999,0.4280600000000002,0.002631999999999912,0.011939999999999784,0.01100000000000001,100,0.09928063444444446,2.8382971466849645
gina_agnostic.csv,0.49,0.42295533333333335,0.4109753333333336,0.06704466666666664,0.07902466666666641,0.013999999999999957,100,0.11045592333333332,2.7080081323807312
gina_agnostic.csv,0.54,0.4802226666666667,0.4606243333333332,0.05977733333333335,0.07937566666666684,0.04299999999999993,100,0.09842330666666665,2.77009583734361
gina_agnostic.csv,0.6,0.5881136666666681,0.5439730000000008,0.011886333333331889,0.05602699999999916,0.04400000000000004,100,0.09918801222222222,2.737444053361407
gina_agnostic.csv,0.65,0.6176836666666682,0.5593880000000011,0.03231633333333184,0.09061199999999892,0.02100000000000002,100,0.10185907888888886,2.768843534476194
gina_agnostic.csv,0.7,0.6530243333333347,0.709975666666667,0.046975666666665306,0.009975666666667049,0.010999999999999899,100,0.09274739,2.8295768315979983
gina_agnostic.csv,0.75,0.7379466666666635,0.7799146666666652,0.012053333333336469,0.0299146666666652,0.01200000000000001,100,0.09499277666666667,2.7164081289975055
gina_agnostic.csv,0.8,0.7966763333333314,0.8428303333333322,0.003323666666668612,0.04283033333333219,0.027000000000000024,100,0.07662184333333333,2.7154688027143985
gina_agnostic.csv,0.85,0.8955279999999988,0.9441830000000008,0.04552799999999879,0.0941830000000008,0.03500000000000003,100,0.06301659888888889,2.651351842519757
gina_agnostic.csv,0.9,0.9429733333333307,0.9694646666666676,0.04297333333333064,0.06946466666666762,0.09799999999999998,100,0.047267932222222225,2.3929259703576156
gina_agnostic.csv,0.95,0.9676610000000003,0.9813673333333357,0.01766100000000037,0.031367333333335745,0.050000000000000044,100,0.03556663444444444,2.338676056734035
haberman.csv,0.05,0.08406133333333328,0.04032299999999988,0.03406133333333328,0.009677000000000123,0.08700000000000001,100,0.0582128573691358,2.1346899121395113
haberman.csv,0.1,0.17785533333333226,0.12961399999999978,0.07785533333333225,0.02961399999999978,0.098,100,0.0811603915243827,2.2088915889102902
haberman.csv,0.15,0.13756099999999963,0.06554233333333336,0.012439000000000366,0.08445766666666664,0.02200000000000002,100,0.07193117772191358,2.2501633507009347
haberman.csv,0.2,0.08631899999999994,0.036885666666666546,0.11368100000000007,0.16311433333333347,0.081,100,0.06098531126265432,2.2880283991965564
haberman.csv,0.25,0.07920600000000001,0.03588133333333322,0.170794,0.2141186666666668,0.15,100,0.05890243931203705,2.4492310650283553
haberman.csv,0.3,0.12949233333333285,0.04735966666666655,0.17050766666666714,0.25264033333333347,0.07099999999999998,100,0.0684191822728395,2.5370708429468425
haberman.csv,0.35,0.1300779999999995,0.04618633333333322,0.21992200000000048,0.30381366666666676,0.11399999999999996,100,0.06768287625185185,2.5086418812401967
haberman.csv,0.4,0.23188066666666576,0.1427659999999997,0.16811933333333426,0.2572340000000003,0.14,100,0.09605995130987655,2.422185722819521
haberman.csv,0.44,0.06088466666666671,0.03405133333333319,0.3791153333333333,0.4059486666666668,0.29000000000000004,100,0.052234967487345685,2.39350392271384
haberman.csv,0.49,0.17718599999999923,0.09426866666666678,0.31281400000000076,0.3957313333333332,0.257,100,0.07446014864197531,2.4687765613966044
haberman.csv,0.54,0.1058973333333326,0.037463999999999886,0.4341026666666674,0.5025360000000001,0.35400000000000004,100,0.06425274525185184,2.53126184819256
haberman.csv,0.6,0.07727633333333335,0.03294399999999989,0.5227236666666666,0.5670560000000001,0.39999999999999997,100,0.059890043682407405,2.5949166687778726
haberman.csv,0.65,0.16973499999999914,0.08070100000000008,0.4802650000000009,0.569299,0.318,100,0.0731013192580247,2.715628272152615
haberman.csv,0.7,0.03194499999999987,0.026993999999999893,0.6680550000000001,0.6730060000000001,0.3539999999999999,100,0.05867775688271605,2.665454921946184
haberman.csv,0.75,0.050783999999999906,0.0338733333333332,0.6992160000000001,0.7161266666666668,0.40099999999999997,100,0.06655172755401235,2.548338192146937
haberman.csv,0.8,0.16704699999999933,0.09050000000000007,0.6329530000000008,0.7095,0.531,100,0.07397735762314815,2.3949033025259903
haberman.csv,0.85,0.07007666666666669,0.030932999999999888,0.7799233333333333,0.8190670000000001,0.614,100,0.059739191450308635,2.432950155517931
haberman.csv,0.9,0.08815466666666648,0.03251966666666656,0.8118453333333335,0.8674803333333334,0.673,100,0.0635563485367284,2.5418724148151424
haberman.csv,0.95,0.15709566666666644,0.059010999999999945,0.7929043333333335,0.890989,0.6299999999999999,100,0.07145879382716049,2.4921339359339085
haberman.csv,0.05,0.15775333333333283,0.08773766666666677,0.10775333333333283,0.037737666666666767,0.15100000000000002,100,0.0731679739925926,2.370359953525147
haberman.csv,0.1,0.053920333333333195,0.030530333333333194,0.04607966666666681,0.06946966666666682,0.07,100,0.05102313283209878,2.3241076154613753
haberman.csv,0.15,0.1245566666666663,0.04719333333333321,0.025443333333333693,0.10280666666666678,0.11000000000000001,100,0.06897412918641975,2.298521840759425
haberman.csv,0.2,0.076859,0.03554899999999988,0.12314100000000001,0.16445100000000012,0.06,100,0.05434393118858025,2.3136358836551816
haberman.csv,0.25,0.20675299999999883,0.13623166666666636,0.04324700000000117,0.11376833333333364,0.017000000000000015,100,0.07929590638395062,2.3764587995628186
haberman.csv,0.3,0.251071666666666,0.145448333333333,0.04892833333333396,0.15455166666666698,0.006000000000000005,100,0.08125687580987656,2.6190813073320256
haberman.csv,0.35,0.25115633333333276,0.1466209999999997,0.09884366666666722,0.20337900000000028,0.057999999999999996,100,0.08382914125771604,2.702584267300759
haberman.csv,0.4,0.17014999999999922,0.09410233333333344,0.2298500000000008,0.30589766666666657,0.14800000000000002,100,0.07402975475895061,2.3850575022965503
haberman.csv,0.44,0.11568766666666623,0.04358499999999989,0.32431233333333376,0.39641500000000013,0.134,100,0.0662453000404321,2.5754450796222494
haberman.csv,0.49,0.19335033333333246,0.10792366666666675,0.29664966666666753,0.38207633333333324,0.20299999999999996,100,0.07597750699876543,2.600413109922811
haberman.csv,0.54,0.13839866666666628,0.06101866666666666,0.40160133333333375,0.47898133333333337,0.383,100,0.07005554167253086,2.4380548677615033
haberman.csv,0.6,0.17793999999999927,0.09426866666666678,0.4220600000000007,0.5057313333333332,0.32699999999999996,100,0.07437244023796294,2.4519991057696138
haberman.csv,0.65,0.22317333333333222,0.13355133333333308,0.4268266666666678,0.516448666666667,0.331,100,0.07761953975185186,2.6827051199438854
haberman.csv,0.7,0.10447533333333263,0.037632666666666544,0.5955246666666674,0.6623673333333334,0.575,100,0.06525526978395062,2.394650555928423
haberman.csv,0.75,0.15156966666666644,0.06286233333333331,0.5984303333333336,0.6871376666666666,0.504,100,0.07073288180370371,2.5782131698776167
haberman.csv,0.8,0.10489966666666667,0.08296300000000013,0.6951003333333334,0.7170369999999999,0.48100000000000004,100,0.0735821917564815,2.4409919626761822
haberman.csv,0.85,0.04409666666666654,0.028755666666666558,0.8059033333333334,0.8212443333333335,0.634,100,0.05705171760000001,2.4838639034352
haberman.csv,0.9,0.06965433333333335,0.030513999999999892,0.8303456666666666,0.8694860000000001,0.5700000000000001,100,0.05983680435154322,2.666849954556534
haberman.csv,0.95,0.060430333333333336,0.028752999999999886,0.8895696666666666,0.921247,0.702,100,0.06390313827160493,2.5613473345343643
houses.csv,0.05,0.0603836666666667,0.06021066666666668,0.010383666666666694,0.01021066666666668,0.0050000000000000044,100,0.05213896,0.6662337283844002
houses.csv,0.1,0.10983533333333277,0.10515266666666649,0.009835333333332766,0.005152666666666486,0.010000000000000009,100,0.08068752333333334,0.9301450901880889
houses.csv,0.15,0.1601273333333333,0.14470833333333308,0.010127333333333294,0.0052916666666669165,0.0,100,0.12321837666666666,0.9282713566517563
houses.csv,0.2,0.19066899999999873,0.16253066666666593,0.009331000000001283,0.037469333333334076,0.015000000000000013,100,0.14277824888888893,1.2144129615142685
houses.csv,0.25,0.26573733333333355,0.2661560000000001,0.015737333333333547,0.016156000000000115,0.007000000000000006,100,0.1755308566666667,0.9295146595116999
houses.csv,0.3,0.28447566666666707,0.2837220000000004,0.015524333333332918,0.01627799999999957,0.03699999999999998,100,0.17714379555555557,1.1286114591663898
houses.csv,0.35,0.3478269999999991,0.34791033333333254,0.0021730000000008687,0.0020896666666674335,0.02799999999999997,100,0.21060636777777775,0.9166425016474604
houses.csv,0.4,0.37234233333333333,0.372426,0.02765766666666669,0.027574000000000043,0.03300000000000003,100,0.20166230555555553,1.4060090578239581
houses.csv,0.44,0.4390406666666678,0.4387896666666675,0.0009593333333322018,0.0012103333333324806,0.0040000000000000036,100,0.22018164888888894,1.2298530882881853
houses.csv,0.49,0.4868143333333319,0.46855833333333163,0.0031856666666680855,0.021441666666668358,0.008000000000000007,100,0.22543611555555554,1.055094214014975
houses.csv,0.54,0.537616333333334,0.5375326666666673,0.0023836666666660067,0.0024673333333327108,0.03400000000000003,100,0.21412854555555558,1.3545218457423134
houses.csv,0.6,0.6039443333333339,0.6041956666666672,0.003944333333333883,0.004195666666667264,0.01200000000000001,100,0.21353219000000007,1.2796080231805917
houses.csv,0.65,0.6518376666666678,0.6092056666666678,0.0018376666666677366,0.04079433333333227,0.007000000000000006,100,0.1963462711111112,1.2699297688089248
houses.csv,0.7,0.6884156666666696,0.6881643333333364,0.01158433333333031,0.01183566666666358,0.0009999999999998899,100,0.18577726555555554,1.2325311228578348
houses.csv,0.75,0.7142693333333383,0.7147713333333382,0.03573066666666169,0.0352286666666618,0.02200000000000002,100,0.17143451,1.2849453047745996
houses.csv,0.8,0.7889159999999948,0.7982913333333288,0.0110840000000052,0.0017086666666712436,0.013000000000000012,100,0.15259262666666665,0.977977776669481
houses.csv,0.85,0.8397053333333365,0.8397896666666699,0.010294666666663455,0.010210333333330102,0.014000000000000012,100,0.11322697222222221,1.0276383798248236
houses.csv,0.9,0.8839756666666648,0.8841419999999984,0.016024333333335194,0.015858000000001593,0.0050000000000000044,100,0.09480319555555557,0.8266021378466116
houses.csv,0.95,0.9403719999999967,0.9411289999999969,0.0096280000000033,0.008871000000003071,0.015000000000000013,100,0.04423464333333332,0.7707245708155737
houses.csv,0.05,0.0603836666666667,0.03229233333333319,0.010383666666666694,0.017707666666666816,0.0050000000000000044,100,0.0503308888888889,0.6912538495598894
houses.csv,0.1,0.11117499999999943,0.099545,0.011174999999999422,0.00045500000000001095,0.024000000000000007,100,0.07653030555555554,0.9124038597277855
houses.csv,0.15,0.13762133333333282,0.13678533333333276,0.012378666666667176,0.013214666666667235,0.011999999999999983,100,0.11932995111111111,0.7383795745776027
houses.csv,0.2,0.1853979999999987,0.1598543333333326,0.014602000000001308,0.04014566666666741,0.038000000000000006,100,0.13658,1.0216721288722894
houses.csv,0.25,0.26155100000000026,0.23590899999999954,0.011551000000000256,0.014091000000000464,0.010999999999999982,100,0.17413326222222225,0.9555812875759926
houses.csv,0.3,0.3113329999999991,0.3039646666666659,0.011332999999999094,0.003964666666665895,0.0020000000000000018,100,0.1902544566666667,1.1385575115085387
houses.csv,0.35,0.35159266666666633,0.35125766666666647,0.0015926666666663536,0.0012576666666664904,0.009999999999999953,100,0.20500943444444444,1.16906976950653
houses.csv,0.4,0.4084033333333315,0.4087393333333315,0.008403333333331486,0.00873933333333149,0.0010000000000000009,100,0.21971630555555557,1.051149643229636
houses.csv,0.44,0.42640666666666666,0.42565366666666654,0.013593333333333346,0.01434633333333346,0.0050000000000000044,100,0.2220606788888889,1.0084668152610146
houses.csv,0.49,0.5126000000000008,0.5126000000000008,0.02260000000000084,0.02260000000000084,0.01100000000000001,100,0.22594388444444444,1.0344257708174287
houses.csv,0.54,0.537616333333334,0.537616333333334,0.0023836666666660067,0.0023836666666660067,0.020000000000000018,100,0.22307177333333336,1.243657459284438
houses.csv,0.6,0.6112516666666686,0.6106636666666684,0.011251666666668658,0.010663666666668403,0.0020000000000000018,100,0.21213953222222223,1.2793121845134992
houses.csv,0.65,0.6302516666666691,0.6307533333333359,0.019748333333330925,0.01924666666666408,0.029000000000000026,100,0.20564744444444444,1.200348919461984
houses.csv,0.7,0.6890856666666697,0.6890013333333364,0.01091433333333025,0.010998666666663603,0.013999999999999901,100,0.19341694555555558,1.0353279188821627
houses.csv,0.75,0.7404569999999967,0.7412099999999969,0.009543000000003299,0.008790000000003073,0.008000000000000007,100,0.16936964888888892,1.2038146858466212
houses.csv,0.8,0.8122593333333308,0.8123426666666642,0.012259333333330735,0.01234266666666417,0.019000000000000017,100,0.13719334555555554,1.126524035047753
houses.csv,0.85,0.8353513333333359,0.8351846666666692,0.01464866666666409,0.014815333333330738,0.006000000000000005,100,0.11981826222222222,1.2655413373941706
houses.csv,0.9,0.8744373333333304,0.8695743333333305,0.02556266666666962,0.03042566666666957,0.007000000000000006,100,0.09145796777777777,1.0021655742867963
houses.csv,0.95,0.9391979999999966,0.9687920000000015,0.010802000000003309,0.018792000000001585,0.010000000000000009,100,0.05277494555555555,0.9015669573217956
ionosphere.csv,0.05,0.03627633333333325,0.019289333333333217,0.013723666666666752,0.030710666666666785,0.05,100,0.04114822666666667,1.4306613258345158
ionosphere.csv,0.1,0.06088566666666671,0.03363333333333319,0.03911433333333329,0.06636666666666682,0.07200000000000001,100,0.05177627111111112,1.6274717060167203
ionosphere.csv,0.15,0.15324833333333324,0.1524089999999998,0.003248333333333242,0.0024089999999998,0.00899999999999998,100,0.08592117333333334,2.077613706346749
ionosphere.csv,0.2,0.16546733333333263,0.12986966666666644,0.03453266666666738,0.07013033333333357,0.07800000000000001,100,0.0907106788888889,1.9950446832323785
ionosphere.csv,0.25,0.19668933333333236,0.1950136666666657,0.053310666666667644,0.0549863333333343,0.08199999999999999,100,0.10456184333333335,1.987716595654486
ionosphere.csv,0.3,0.26372633333333356,0.25995633333333334,0.036273666666666426,0.040043666666666644,0.01899999999999996,100,0.11863213777777776,2.0722375689539727
ionosphere.csv,0.35,0.3387839999999983,0.34163033333333187,0.011216000000001669,0.008369666666668107,0.025000000000000022,100,0.1307507066666667,2.293259736395532
ionosphere.csv,0.4,0.37175666666666646,0.3643839999999995,0.028243333333333565,0.035616000000000536,0.006000000000000005,100,0.13053051,2.4068414115903436
ionosphere.csv,0.44,0.3512459999999987,0.27418666666666625,0.08875400000000128,0.16581333333333376,0.09499999999999997,100,0.13045845666666664,2.2696855944645753
ionosphere.csv,0.49,0.4496646666666662,0.4498309999999995,0.04033533333333378,0.04016900000000051,0.025999999999999968,100,0.13998700444444442,2.420708007017365
ionosphere.csv,0.54,0.4794773333333337,0.4795620000000003,0.060522666666666336,0.060437999999999714,0.04699999999999993,100,0.13827407111111112,2.3963783947766486
ionosphere.csv,0.6,0.4875096666666669,0.4880126666666668,0.11249033333333308,0.11198733333333316,0.010000000000000009,100,0.11834141666666666,2.5982551628532433
ionosphere.csv,0.65,0.48073700000000047,0.4801520000000004,0.16926299999999955,0.1698479999999996,0.02400000000000002,100,0.12431355555555557,2.6399785318057445
ionosphere.csv,0.7,0.6319123333333352,0.6308233333333353,0.06808766666666477,0.06917666666666467,0.018999999999999906,100,0.13437677666666667,2.421202082715594
ionosphere.csv,0.75,0.6816990000000026,0.6868883333333354,0.06830099999999739,0.06311166666666457,0.020000000000000018,100,0.11992975444444445,2.4966384916501307
ionosphere.csv,0.8,0.702801000000004,0.7053130000000042,0.09719899999999604,0.09468699999999586,0.015000000000000013,100,0.11251290111111112,2.563293969188767
ionosphere.csv,0.85,0.7380306666666634,0.73811333333333,0.11196933333333658,0.11188666666667002,0.038999999999999924,100,0.10349931000000001,2.4548455568480048
ionosphere.csv,0.9,0.8077329999999984,0.8427436666666659,0.09226700000000165,0.05725633333333413,0.008000000000000007,100,0.07633367111111111,2.6453508802541563
ionosphere.csv,0.95,0.9437303333333311,0.9666146666666672,0.006269666666668838,0.01661466666666722,0.013000000000000012,100,0.051846012222222224,2.210853784404224
ionosphere.csv,0.05,0.03484899999999992,0.015689666666666567,0.015151000000000081,0.034310333333333436,0.034,100,0.03738770111111111,1.8823530365459262
ionosphere.csv,0.1,0.08372666666666662,0.07753466666666672,0.01627333333333339,0.02246533333333328,0.031,100,0.059096909999999996,1.822491432398484
ionosphere.csv,0.15,0.11769533333333294,0.046522666666666546,0.03230466666666705,0.10347733333333345,0.05499999999999999,100,0.06801211555555554,1.9198888451897747
ionosphere.csv,0.2,0.18253899999999906,0.13312866666666637,0.017461000000000948,0.06687133333333364,0.063,100,0.09221744,2.1750083290272144
ionosphere.csv,0.25,0.1849683333333323,0.1873103333333324,0.06503166666666771,0.06268966666666759,0.038000000000000006,100,0.10233716777777778,2.051106617580935
ionosphere.csv,0.3,0.26481333333333357,0.2592866666666667,0.03518666666666642,0.04071333333333327,0.033999999999999975,100,0.11957507111111111,2.1884893160419585
ionosphere.csv,0.35,0.2338829999999998,0.13564466666666652,0.11611700000000016,0.21435533333333345,0.023999999999999966,100,0.10546110666666668,2.322693164541027
ionosphere.csv,0.4,0.3574499999999998,0.35049599999999986,0.0425500000000002,0.04950400000000016,0.020999999999999963,100,0.13162142666666665,2.2860649764575136
ionosphere.csv,0.44,0.42723166666666723,0.41433166666666726,0.012768333333332771,0.025668333333332738,0.046999999999999986,100,0.13143075,2.519624976378215
ionosphere.csv,0.49,0.44020866666666647,0.44070966666666644,0.04979133333333352,0.04929033333333355,0.019000000000000017,100,0.1428236388888889,2.380075979313406
ionosphere.csv,0.54,0.45686133333333334,0.46222266666666645,0.0831386666666667,0.07777733333333359,0.018000000000000016,100,0.15255837666666666,2.252907136641188
ionosphere.csv,0.6,0.47772433333333375,0.47806033333333375,0.12227566666666623,0.12193966666666622,0.04499999999999993,100,0.13190415444444445,2.539586698546576
ionosphere.csv,0.65,0.5465676666666677,0.5149890000000006,0.10343233333333235,0.13501099999999944,0.008000000000000007,100,0.13599928444444445,2.4817682396657816
ionosphere.csv,0.7,0.5902910000000015,0.5608100000000008,0.1097089999999985,0.13918999999999915,0.016000000000000014,100,0.11668600000000001,2.5709516352937074
ionosphere.csv,0.75,0.744305999999998,0.7816699999999992,0.005694000000001975,0.0316699999999992,0.11599999999999999,100,0.0987474788888889,2.5804939179203785
ionosphere.csv,0.8,0.7051410000000047,0.7088280000000046,0.09485899999999536,0.09117199999999548,0.006000000000000005,100,0.10386477777777775,2.494982480089041
ionosphere.csv,0.85,0.7638856666666692,0.7753696666666686,0.08611433333333074,0.07463033333333136,0.008000000000000007,100,0.09366237333333333,2.418478673884543
ionosphere.csv,0.9,0.7633843333333359,0.7752033333333352,0.13661566666666414,0.12479666666666478,0.025000000000000022,100,0.09178362111111112,2.4891845080311015
ionosphere.csv,0.95,0.7918429999999954,0.801553666666663,0.15815700000000454,0.148446333333337,0.06699999999999995,100,0.08796799555555557,2.5056270551315816
iris.2.csv,0.05,0.0656546666666668,0.0344693333333332,0.015654666666666803,0.015530666666666804,0.008,100,0.05317341666666668,1.1328462256511969
iris.2.csv,0.1,0.1289143333333328,0.12388933333333296,0.028914333333332792,0.023889333333332957,0.009000000000000008,100,0.07859073222222221,1.2578929201403435
iris.2.csv,0.15,0.1486219999999995,0.14711166666666606,0.00137800000000049,0.0028883333333339367,0.009999999999999981,100,0.1003384566666667,1.3291689678992074
iris.2.csv,0.2,0.21041499999999894,0.21058299999999894,0.010414999999998925,0.010582999999998927,0.018000000000000016,100,0.12077171555555555,1.5626687760256146
iris.2.csv,0.25,0.23611599999999824,0.2353609999999983,0.013884000000001756,0.014639000000001706,0.034,100,0.1449063233333333,1.5487020885368008
iris.2.csv,0.3,0.2931790000000001,0.29117166666666683,0.0068209999999999105,0.00882833333333316,0.019999999999999962,100,0.15441010111111111,1.6160108363683143
iris.2.csv,0.35,0.28907766666666695,0.28731966666666703,0.06092233333333302,0.06268033333333295,0.06399999999999995,100,0.1552992122222222,1.7364703271689208
iris.2.csv,0.4,0.3834716666666652,0.3842273333333319,0.01652833333333481,0.0157726666666681,0.007000000000000006,100,0.18055073777777778,1.7414242516581393
iris.2.csv,0.44,0.38422366666666513,0.38497933333333173,0.05577633333333487,0.05502066666666827,0.02200000000000002,100,0.17604673222222225,1.6950137713564741
iris.2.csv,0.49,0.4741799999999988,0.47342633333333206,0.015820000000001166,0.01657366666666793,0.0010000000000000009,100,0.18621579888888884,1.893377322565963
iris.2.csv,0.54,0.5271580000000008,0.5254846666666673,0.012841999999999243,0.01451533333333277,0.03300000000000003,100,0.18968587111111113,1.7968799512342353
iris.2.csv,0.6,0.47680500000000026,0.4783960000000004,0.12319499999999972,0.1216039999999996,0.14099999999999996,100,0.18168475,1.826345922745685
iris.2.csv,0.65,0.5921843333333328,0.5916803333333327,0.057815666666667265,0.058319666666667325,0.015000000000000013,100,0.17525633333333332,1.9308694324831799
iris.2.csv,0.7,0.6370286666666694,0.636359333333336,0.0629713333333306,0.0636406666666639,0.05500000000000005,100,0.16138553222222224,1.9662420765051059
iris.2.csv,0.75,0.5931056666666661,0.5936096666666661,0.1568943333333339,0.15639033333333385,0.07999999999999996,100,0.15713766555555556,2.041756883479919
iris.2.csv,0.8,0.6655696666666667,0.664399666666667,0.13443033333333332,0.135600333333333,0.06400000000000006,100,0.15742719444444445,1.8874740760716708
iris.2.csv,0.85,0.7163610000000042,0.7176993333333374,0.13363899999999573,0.13230066666666263,0.07999999999999996,100,0.13314333333333334,1.8882702569130019
iris.2.csv,0.9,0.7994473333333312,0.8000333333333309,0.10055266666666884,0.09996666666666909,0.0040000000000000036,100,0.10905198222222223,1.8686790174215329
iris.2.csv,0.95,0.8512770000000022,0.852448666666669,0.09872299999999778,0.09755133333333099,1.1102230246251565e-16,100,0.0834088888888889,1.6593373008872985
iris.2.csv,0.05,0.0830573333333333,0.07862300000000005,0.0330573333333333,0.02862300000000005,0.005999999999999998,100,0.0600768211111111,1.2374050812503699
iris.2.csv,0.1,0.1358843333333328,0.09175533333333342,0.035884333333332796,0.00824466666666658,0.022000000000000006,100,0.07438179888888889,1.2039070100002933
iris.2.csv,0.15,0.17594333333333265,0.17644533333333257,0.025943333333332652,0.02644533333333257,0.01100000000000001,100,0.11861085666666665,1.292939366721414
iris.2.csv,0.2,0.1858999999999987,0.18631833333333206,0.014100000000001306,0.013681666666667952,0.006000000000000005,100,0.11626214555555556,1.591464752139917
iris.2.csv,0.25,0.23619999999999824,0.2353609999999983,0.013800000000001755,0.014639000000001706,0.032,100,0.13889458222222223,1.6939855534079868
iris.2.csv,0.3,0.3134459999999995,0.3094279999999994,0.013445999999999514,0.009427999999999437,0.01100000000000001,100,0.15363063999999998,1.7087623850618099
iris.2.csv,0.35,0.290584,0.2894970000000001,0.05941599999999997,0.06050299999999986,0.08999999999999997,100,0.16865723999999996,1.3905498467892397
iris.2.csv,0.4,0.3609633333333343,0.36154866666666774,0.03903666666666572,0.03845133333333228,0.028000000000000025,100,0.17229455444444444,1.8394223089873747
iris.2.csv,0.44,0.38280133333333205,0.38363966666666527,0.05719866666666795,0.05636033333333473,0.08100000000000002,100,0.1742544122222222,1.8161220231199438
iris.2.csv,0.49,0.46163066666666597,0.46154699999999926,0.028369333333334024,0.028453000000000728,0.013999999999999957,100,0.18704743444444444,1.8813441227041048
iris.2.csv,0.54,0.4748499999999989,0.4746826666666653,0.06515000000000115,0.06531733333333473,0.062,100,0.19105224888888891,1.7791952578130925
iris.2.csv,0.6,0.48491433333333317,0.4771259999999997,0.11508566666666681,0.12287400000000026,0.10799999999999998,100,0.1827845511111111,1.9373241435730164
iris.2.csv,0.65,0.6394550000000024,0.638869333333336,0.010544999999997584,0.011130666666664069,0.014000000000000012,100,0.16686277777777775,1.938850614516447
iris.2.csv,0.7,0.5916799999999993,0.5920153333333324,0.10832000000000064,0.1079846666666675,0.051999999999999935,100,0.16438588444444446,1.9636644272104884
iris.2.csv,0.75,0.6485746666666683,0.6467340000000016,0.1014253333333317,0.10326599999999841,0.04899999999999993,100,0.15908188777777776,1.937988181375633
iris.2.csv,0.8,0.6674166666666668,0.6659116666666672,0.13258333333333328,0.1340883333333328,0.08200000000000007,100,0.1401917777777778,2.0551436188411936
iris.2.csv,0.85,0.7890833333333283,0.7893343333333283,0.060916666666671726,0.060665666666671725,0.008000000000000007,100,0.12652352888888888,1.7078579146341586
iris.2.csv,0.9,0.8318543333333329,0.8311826666666657,0.0681456666666671,0.06881733333333429,0.038000000000000034,100,0.10753476777777778,1.707369911571314
iris.2.csv,0.95,0.836210333333333,0.8362083333333328,0.11378966666666701,0.11379166666666718,0.016999999999999904,100,0.09739068444444443,1.6779585576176017
iris.3.csv,0.05,0.03409599999999992,0.033761666666666586,0.015904000000000085,0.016238333333333417,0.045000000000000005,100,0.02916782666666667,0.45306839599884924
iris.3.csv,0.1,0.09636033333333302,0.03663099999999988,0.0036396666666669852,0.06336900000000012,0.057,100,0.06293938222222221,0.792468818590027
iris.3.csv,0.15,0.10698933333333274,0.10430999999999951,0.04301066666666725,0.04569000000000048,0.074,100,0.08625899888888888,0.7288264321595189
iris.3.csv,0.2,0.16046266666666664,0.16062966666666664,0.03953733333333337,0.03937033333333337,0.062,100,0.12974128444444447,0.8264711674371292
iris.3.csv,0.25,0.18581633333333206,0.1861509999999987,0.06418366666666794,0.0638490000000013,0.097,100,0.14152921222222223,0.964757932345631
iris.3.csv,0.3,0.2108326666666656,0.21091733333333226,0.08916733333333438,0.08908266666666773,0.123,100,0.15215199999999998,0.8806459126212924
iris.3.csv,0.35,0.2611326666666668,0.2570286666666666,0.08886733333333319,0.09297133333333335,0.11999999999999997,100,0.17243477777777774,1.1697299722939656
iris.3.csv,0.4,0.3111656666666658,0.31133366666666584,0.08883433333333424,0.08866633333333418,0.121,100,0.18443779555555553,1.2412591427179687
iris.3.csv,0.44,0.286232666666667,0.2845583333333338,0.15376733333333298,0.1554416666666662,0.15599999999999997,100,0.1783695066666667,1.2589112395482092
iris.3.csv,0.49,0.33594333333333126,0.33837033333333155,0.15405666666666873,0.15162966666666844,0.178,100,0.18717208333333332,1.2667746698781364
iris.3.csv,0.54,0.46204899999999927,0.46179799999999926,0.07795100000000077,0.07820200000000077,0.05500000000000005,100,0.2166244844444444,1.2297761893935084
iris.3.csv,0.6,0.49717200000000067,0.4923986666666675,0.10282799999999931,0.1076013333333325,0.10499999999999998,100,0.22087734555555558,1.09739278016255
iris.3.csv,0.65,0.5392896666666674,0.5387876666666673,0.11071033333333258,0.11121233333333269,0.10799999999999998,100,0.21515930666666666,1.254280393664979
iris.3.csv,0.7,0.5335673333333338,0.5297980000000003,0.16643266666666612,0.17020199999999963,0.09099999999999997,100,0.1912325277777778,1.3941484906043815
iris.3.csv,0.75,0.5671513333333341,0.5673190000000007,0.18284866666666588,0.18268099999999932,0.131,100,0.19652031555555557,1.3595894262845216
iris.3.csv,0.8,0.5962979999999998,0.5969676666666666,0.20370200000000027,0.20303233333333348,0.121,100,0.18132859555555556,1.3831379695280326
iris.3.csv,0.85,0.6632203333333331,0.6618830000000001,0.1867796666666669,0.18811699999999987,0.118,100,0.1719869544444445,1.2278764819370167
iris.3.csv,0.9,0.6679270000000012,0.667342000000001,0.23207299999999886,0.23265799999999903,0.04200000000000004,100,0.1458465733333333,1.2745171369191983
iris.3.csv,0.95,0.7838736666666672,0.7890653333333341,0.1661263333333327,0.1609346666666659,0.02400000000000002,100,0.11401099888888892,1.2778570160393998
iris.3.csv,0.05,0.03509999999999992,0.015522333333333232,0.01490000000000008,0.03447766666666677,0.036000000000000004,100,0.037227487777777776,0.5430098365727597
iris.3.csv,0.1,0.10196933333333288,0.10012633333333296,0.001969333333332879,0.00012633333333295083,0.042,100,0.07971786222222223,0.6162191449672735
iris.3.csv,0.15,0.11050466666666611,0.10682033333333277,0.03949533333333388,0.04317966666666723,0.07999999999999999,100,0.08812630555555552,0.8432681923279514
iris.3.csv,0.2,0.13451433333333276,0.1338456666666661,0.06548566666666725,0.0661543333333339,0.098,100,0.10909722111111114,0.9088441918858117
iris.3.csv,0.25,0.18531433333333205,0.18573266666666538,0.06468566666666795,0.06426733333333462,0.101,100,0.13575344444444448,1.1519711136463413
iris.3.csv,0.3,0.23619999999999824,0.23519399999999824,0.06380000000000174,0.06480600000000175,0.09399999999999997,100,0.16700271555555551,0.8931583101184382
iris.3.csv,0.35,0.2623040000000002,0.25811666666666666,0.08769599999999977,0.09188333333333332,0.11099999999999996,100,0.17692372888888885,1.0741403218376724
iris.3.csv,0.4,0.3109983333333325,0.31133399999999917,0.08900166666666753,0.08866600000000086,0.134,100,0.19019948777777781,1.1258666981283938
iris.3.csv,0.44,0.2868123333333332,0.2845546666666669,0.15318766666666678,0.1554453333333331,0.173,100,0.17841829333333334,1.264489359425211
iris.3.csv,0.49,0.3116679999999991,0.3121713333333324,0.17833200000000088,0.17782866666666758,0.197,100,0.18091155555555555,1.299454555470081
iris.3.csv,0.54,0.41469366666666524,0.41427399999999875,0.1253063333333348,0.12572600000000128,0.10600000000000004,100,0.21301597666666672,1.2679670394897933
iris.3.csv,0.6,0.41569766666666536,0.41527866666666546,0.18430233333333462,0.18472133333333451,0.172,100,0.2068336211111111,1.1669763092533496
iris.3.csv,0.65,0.494548,0.4913669999999999,0.15545200000000003,0.15863300000000014,0.15900000000000003,100,0.2062871111111111,1.2848921167163143
iris.3.csv,0.7,0.5072120000000004,0.5036100000000006,0.19278799999999952,0.1963899999999994,0.1409999999999999,100,0.19531622222222214,1.4420683874389137
iris.3.csv,0.75,0.5177540000000004,0.5116406666666672,0.23224599999999962,0.2383593333333328,0.18399999999999994,100,0.19097562111111113,1.4199444744810552
iris.3.csv,0.8,0.6188720000000024,0.6189523333333358,0.18112799999999762,0.18104766666666428,0.10199999999999998,100,0.17703472333333337,1.2971700488598041
iris.3.csv,0.85,0.6100663333333345,0.6095603333333346,0.2399336666666655,0.24043966666666539,0.10599999999999998,100,0.17587713222222223,1.3786147405512614
iris.3.csv,0.9,0.7904223333333285,0.7906733333333285,0.10957766666667157,0.10932666666667157,0.013000000000000012,100,0.1284133511111111,0.9604778257713219
iris.3.csv,0.95,0.7893916666666645,0.7898096666666644,0.16060833333333546,0.16019033333333554,0.03799999999999992,100,0.12413148444444444,1.1819090696192502
jm1-processed.csv,0.05,0.9310966666666658,0.9563089999999996,0.8810966666666658,0.9063089999999996,0.691,100,0.05536523053262487,2.7634810436246258
jm1-processed.csv,0.1,0.9888286666666706,0.9880726666666705,0.8888286666666706,0.8880726666666705,0.44600000000000006,100,0.040631489252134986,2.70491186982478
jm1-processed.csv,0.15,0.9678143333333337,0.9801966666666696,0.8178143333333336,0.8301966666666696,0.633,100,0.04513568268181441,2.6576490900439187
jm1-processed.csv,0.2,0.9507806666666649,0.9464163333333312,0.750780666666665,0.7464163333333311,0.6950000000000001,100,0.051175955044313694,2.6022066569074656
jm1-processed.csv,0.25,0.9889123333333371,0.9889110000000039,0.7389123333333371,0.7389110000000039,0.611,100,0.03670553796972465,2.5917895910292414
jm1-processed.csv,0.3,0.9172790000000018,0.918867666666668,0.6172790000000019,0.6188676666666679,0.5170000000000001,100,0.055434781989289875,2.6551376570370504
jm1-processed.csv,0.35,0.9424749999999975,0.9689600000000017,0.5924749999999975,0.6189600000000017,0.499,100,0.05279258425930298,2.6016827665143896
jm1-processed.csv,0.4,0.9778593333333352,0.9808653333333363,0.5778593333333352,0.5808653333333362,0.30499999999999994,100,0.04868974075781852,2.7380971861359122
jm1-processed.csv,0.44,0.9866526666666702,0.9879886666666706,0.5466526666666702,0.5479886666666707,0.411,100,0.04111714015765029,2.652224361653963
jm1-processed.csv,0.49,0.9881593333333373,0.9888273333333373,0.4981593333333373,0.4988273333333373,0.27,100,0.03179642397341026,2.6520453109990503
jm1-processed.csv,0.54,0.9886613333333372,0.9894133333333374,0.44866133333333713,0.44941333333333733,0.33099999999999996,100,0.02856728188042258,2.558041323810073
jm1-processed.csv,0.6,0.9854820000000033,0.9885766666666705,0.3854820000000033,0.38857666666667057,0.279,100,0.03347465291556724,2.4750747418905545
jm1-processed.csv,0.65,0.9869876666666703,0.9889113333333374,0.33698766666667024,0.33891133333333734,0.122,100,0.038785031400829346,2.613248316049232
jm1-processed.csv,0.7,0.9724300000000015,0.988577000000004,0.2724300000000015,0.2885770000000041,0.264,100,0.028674397938043373,2.3718290703778124
jm1-processed.csv,0.75,0.9883266666666705,0.9890790000000041,0.23832666666667046,0.23907900000000415,0.0,100,0.030151712763548905,2.6477331999271927
jm1-processed.csv,0.8,0.9655693333333335,0.9882426666666707,0.16556933333333346,0.18824266666667067,0.136,100,0.03633658595679177,2.3426471025373354
jm1-processed.csv,0.85,0.9890796666666705,0.9897486666666708,0.1390796666666705,0.13974866666667085,0.038000000000000034,100,0.025684139145968142,2.437295736374856
jm1-processed.csv,0.9,0.9864860000000035,0.9894976666666707,0.0864860000000035,0.0894976666666707,0.008000000000000007,100,0.02742078558787639,2.5481553456865544
jm1-processed.csv,0.95,0.9898326666666708,0.9898323333333375,0.039832666666670846,0.03983233333333758,0.009000000000000119,100,0.022517820710181723,2.4173648665553875
jm1-processed.csv,0.05,0.9876573333333368,0.9820366666666691,0.9376573333333368,0.9320366666666691,0.6819999999999999,100,0.04007538517272894,2.675129400745944
jm1-processed.csv,0.1,0.9884100000000039,0.9815340000000025,0.8884100000000039,0.8815340000000025,0.531,100,0.03743703061894309,2.7927502469384424
jm1-processed.csv,0.15,0.9883266666666705,0.9882403333333372,0.8383266666666704,0.8382403333333371,0.566,100,0.0358593050533488,2.7161169443890376
jm1-processed.csv,0.2,0.987824333333337,0.9887430000000038,0.787824333333337,0.7887430000000037,0.6819999999999999,100,0.03917612312801124,2.576292732779972
jm1-processed.csv,0.25,0.9791163333333363,0.9551459999999995,0.7291163333333363,0.7051459999999995,0.607,100,0.04415490936382499,2.6030994576609268
jm1-processed.csv,0.3,0.9848953333333365,0.9879886666666706,0.6848953333333365,0.6879886666666706,0.51,100,0.04191597519072152,2.6380214812582583
jm1-processed.csv,0.35,0.9801243333333357,0.9869000000000038,0.6301243333333357,0.6369000000000038,0.491,100,0.04333278528868855,2.608972995449415
jm1-processed.csv,0.4,0.986569333333337,0.9632993333333332,0.5865693333333369,0.5632993333333332,0.582,100,0.04074800340700922,2.5037913006455392
jm1-processed.csv,0.44,0.9866530000000037,0.987989000000004,0.5466530000000036,0.5479890000000041,0.34,100,0.041321470630126964,2.6622487121923992
jm1-processed.csv,0.49,0.987071333333337,0.9889113333333374,0.497071333333337,0.49891133333333737,0.18400000000000005,100,0.03572471411005886,2.678198259198606
jm1-processed.csv,0.54,0.9860673333333367,0.9885760000000039,0.4460673333333367,0.44857600000000386,0.367,100,0.040136615704812646,2.5210892779540135
jm1-processed.csv,0.6,0.9708403333333342,0.988577000000004,0.3708403333333342,0.38857700000000406,0.29900000000000004,100,0.03773821721290932,2.483339705487494
jm1-processed.csv,0.65,0.9423866666666635,0.974408333333336,0.29238666666666346,0.32440833333333596,0.17300000000000004,100,0.04782478378530427,2.555627886614476
jm1-processed.csv,0.7,0.9863186666666701,0.9888280000000041,0.28631866666667016,0.2888280000000042,0.20000000000000007,100,0.033809234018904684,2.524412048642751
jm1-processed.csv,0.75,0.9830556666666694,0.9893300000000042,0.23305566666666944,0.23933000000000415,0.13,100,0.02846575469784045,2.5515030771567337
jm1-processed.csv,0.8,0.9659876666666669,0.9881586666666707,0.16598766666666687,0.1881586666666707,0.15300000000000002,100,0.038444489650196895,2.357544790695378
jm1-processed.csv,0.85,0.9812150000000025,0.9883260000000041,0.13121500000000252,0.13832600000000417,0.026000000000000023,100,0.031969378888823535,2.5394423724866004
jm1-processed.csv,0.9,0.971175000000001,0.9883260000000041,0.07117500000000099,0.08832600000000412,0.009000000000000008,100,0.03147729803504272,2.5181442526625264
jm1-processed.csv,0.95,0.9654856666666668,0.9637226666666665,0.015485666666666842,0.01372266666666655,0.04300000000000004,100,0.03140541040088297,2.16752761051104
kdd_JapaneseVowels.csv,0.05,0.03509999999999992,0.015270999999999898,0.01490000000000008,0.03472900000000011,0.028000000000000004,100,0.032885462222222224,0.937603031556031
kdd_JapaneseVowels.csv,0.1,0.08339199999999997,0.07870666666666672,0.01660800000000004,0.02129333333333329,0.027999999999999997,100,0.06050718222222223,1.1233348222607158
kdd_JapaneseVowels.csv,0.15,0.12631833333333287,0.11335299999999997,0.02368166666666713,0.03664700000000003,0.03299999999999999,100,0.08782819888888888,1.0724625473978049
kdd_JapaneseVowels.csv,0.2,0.18598366666666544,0.18656933333333206,0.014016333333334574,0.01343066666666795,0.0030000000000000027,100,0.11899640444444443,1.485736852811306
kdd_JapaneseVowels.csv,0.25,0.2178883333333321,0.21797199999999875,0.0321116666666679,0.03202800000000125,0.0030000000000000027,100,0.13743530999999998,1.4805043713723693
kdd_JapaneseVowels.csv,0.3,0.26113266666666685,0.256945,0.03886733333333314,0.04305500000000001,0.024999999999999967,100,0.15497310666666664,1.4972483881307823
kdd_JapaneseVowels.csv,0.35,0.31502866666666557,0.31553166666666554,0.03497133333333441,0.03446833333333443,0.008999999999999952,100,0.17186077333333333,1.6166639239688052
kdd_JapaneseVowels.csv,0.4,0.36046133333333447,0.3612143333333346,0.039538666666665556,0.03878566666666544,0.006000000000000005,100,0.18132526222222223,1.6963227010297104
kdd_JapaneseVowels.csv,0.44,0.38715766666666496,0.38791399999999826,0.052842333333335045,0.05208600000000174,0.0040000000000000036,100,0.1662892122222222,1.9813033975480974
kdd_JapaneseVowels.csv,0.49,0.4425546666666669,0.4418009999999999,0.04744533333333312,0.0481990000000001,0.0030000000000000027,100,0.18491153777777783,1.9489126607379987
kdd_JapaneseVowels.csv,0.54,0.4802416666666672,0.4829223333333339,0.05975833333333286,0.05707766666666614,0.015000000000000013,100,0.17726304888888886,2.0890500695208223
kdd_JapaneseVowels.csv,0.6,0.5498316666666679,0.5497483333333343,0.05016833333333204,0.050251666666665695,0.0010000000000000009,100,0.18511042111111112,2.011212525707888
kdd_JapaneseVowels.csv,0.65,0.6057953333333346,0.6051226666666677,0.04420466666666545,0.044877333333332325,0.019000000000000017,100,0.17489414555555552,2.087676154204475
kdd_JapaneseVowels.csv,0.7,0.6496623333333345,0.6474870000000017,0.050337666666665504,0.052512999999998256,0.008999999999999897,100,0.1694242844444444,2.048943262770409
kdd_JapaneseVowels.csv,0.75,0.703723000000004,0.7069883333333373,0.046276999999996016,0.04301166666666267,0.038000000000000034,100,0.14526525666666668,2.2191712699861523
kdd_JapaneseVowels.csv,0.8,0.7576086666666679,0.7566046666666675,0.042391333333332115,0.043395333333332564,0.008000000000000007,100,0.13725155555555554,2.1392118944997787
kdd_JapaneseVowels.csv,0.85,0.8142673333333311,0.8145183333333311,0.035732666666668855,0.035481666666668854,0.026000000000000023,100,0.10669599555555558,2.062256321533524
kdd_JapaneseVowels.csv,0.9,0.8442403333333353,0.8428990000000022,0.055759666666664764,0.05710099999999785,0.0020000000000000018,100,0.09412075,2.0697155806101284
kdd_JapaneseVowels.csv,0.95,0.8912569999999992,0.8921766666666656,0.05874300000000077,0.05782333333333434,0.006000000000000116,100,0.06647252777777778,1.859233147123664
kdd_JapaneseVowels.csv,0.05,0.03509999999999992,0.03484933333333325,0.01490000000000008,0.01515066666666675,0.034,100,0.033782871111111105,0.8445181780253824
kdd_JapaneseVowels.csv,0.1,0.10556399999999962,0.04685866666666654,0.005563999999999611,0.053141333333333464,0.017,100,0.06904511111111111,0.9892194988534008
kdd_JapaneseVowels.csv,0.15,0.12489599999999958,0.11452599999999992,0.025104000000000418,0.035474000000000075,0.030999999999999986,100,0.08965063444444445,0.9376030315566779
kdd_JapaneseVowels.csv,0.2,0.18531433333333205,0.1598543333333326,0.014685666666667957,0.04014566666666741,0.0040000000000000036,100,0.11673411555555555,1.4471843786837617
kdd_JapaneseVowels.csv,0.25,0.21125266666666564,0.21142066666666562,0.038747333333334355,0.03857933333333438,0.010999999999999982,100,0.13627546222222223,1.6493217590055873
kdd_JapaneseVowels.csv,0.3,0.2646466666666669,0.25978966666666675,0.03535333333333307,0.04021033333333324,0.01599999999999996,100,0.15094569333333335,1.4899640871273148
kdd_JapaneseVowels.csv,0.35,0.3123406666666657,0.31234033333333244,0.037659333333334266,0.037659666666667535,0.02899999999999997,100,0.17890495111111107,1.5170994856901419
kdd_JapaneseVowels.csv,0.4,0.3591213333333343,0.35970733333333443,0.04087866666666573,0.04029266666666559,0.0030000000000000027,100,0.17576944444444442,1.75055113517499
kdd_JapaneseVowels.csv,0.44,0.40924399999999833,0.409831666666665,0.03075600000000167,0.030168333333335018,0.0020000000000000018,100,0.1840023677777778,1.8983093716747121
kdd_JapaneseVowels.csv,0.49,0.43410433333333404,0.43318333333333403,0.055895666666665955,0.05681666666666596,0.01599999999999996,100,0.18880419555555553,1.8867901442154982
kdd_JapaneseVowels.csv,0.54,0.4723700000000006,0.47337500000000055,0.06762999999999941,0.06662499999999949,0.0030000000000000027,100,0.20026096,1.7474268334869696
kdd_JapaneseVowels.csv,0.6,0.5438913333333344,0.5428876666666674,0.056108666666665585,0.05711233333333254,0.009000000000000008,100,0.17412186111111108,2.168081855878299
kdd_JapaneseVowels.csv,0.65,0.612591000000002,0.6119173333333351,0.03740899999999803,0.03808266666666493,0.01200000000000001,100,0.18155944888888886,1.8484488238802936
kdd_JapaneseVowels.csv,0.7,0.6401243333333361,0.6402076666666692,0.059875666666663885,0.05979233333333078,0.013000000000000012,100,0.1646235766666667,2.14272200918997
kdd_JapaneseVowels.csv,0.75,0.7125960000000052,0.712763000000005,0.037403999999994775,0.03723699999999497,0.007000000000000006,100,0.1505563677777778,2.148795958929226
kdd_JapaneseVowels.csv,0.8,0.7882436666666618,0.7882429999999953,0.011756333333338254,0.011757000000004791,0.016000000000000014,100,0.13200024333333335,2.088600420514144
kdd_JapaneseVowels.csv,0.85,0.7889153333333282,0.7890816666666618,0.06108466666667178,0.06091833333333818,0.0040000000000000036,100,0.11730344444444445,2.2861707185055336
kdd_JapaneseVowels.csv,0.9,0.8454956666666691,0.8459973333333356,0.054504333333330934,0.05400266666666442,0.0050000000000000044,100,0.09154193222222222,2.1224515759009064
kdd_JapaneseVowels.csv,0.95,0.9397839999999966,0.93953333333333,0.010216000000003334,0.010466666666669955,0.03700000000000003,100,0.04592064333333333,2.281670405454487
kin8nm.csv,0.05,0.024229666666666556,0.021640666666666548,0.025770333333333447,0.028359333333333455,0.034,100,0.0473673011111111,2.7131775211008446
kin8nm.csv,0.1,0.03177099999999988,0.025996999999999878,0.06822900000000012,0.07400300000000012,0.059000000000000004,100,0.05221875000000001,2.674618829783179
kin8nm.csv,0.15,0.01326433333333323,0.01987799999999989,0.13673566666666676,0.1301220000000001,0.11400000000000002,100,0.04840511111111111,2.832330494640037
kin8nm.csv,0.2,0.0765126666666666,0.03771833333333322,0.12348733333333341,0.1622816666666668,0.013000000000000012,100,0.06257165666666667,2.8124247798641675
kin8nm.csv,0.25,0.14913999999999974,0.05841799999999994,0.10086000000000026,0.19158200000000006,0.01899999999999999,100,0.07031680444444445,2.806370074322254
kin8nm.csv,0.3,0.045595333333333224,0.047858666666666556,0.2544046666666668,0.25214133333333344,0.009000000000000008,100,0.06634258222222222,2.847287827264654
kin8nm.csv,0.35,0.07323766666666681,0.06537066666666674,0.27676233333333317,0.28462933333333323,0.020000000000000018,100,0.06979419555555556,2.8139919198523438
kin8nm.csv,0.4,0.10314533333333362,0.10105166666666687,0.2968546666666664,0.29894833333333315,0.02200000000000002,100,0.07048894555555556,2.8922271404491635
kin8nm.csv,0.44,0.30006133333333296,0.2613693333333329,0.13993866666666704,0.1786306666666671,0.0,100,0.07360028777777777,2.913014910703091
kin8nm.csv,0.49,0.38910433333333283,0.370678,0.10089566666666716,0.11932199999999998,0.05399999999999999,100,0.08013548444444445,2.890700555571733
kin8nm.csv,0.54,0.8002786666666666,0.8536340000000009,0.26027866666666655,0.31363400000000086,0.14300000000000002,100,0.07289648444444445,2.8796364922618944
kin8nm.csv,0.6,0.7355340000000005,0.7372906666666671,0.1355340000000005,0.13729066666666712,0.006000000000000005,100,0.07991494555555556,2.886480350731553
kin8nm.csv,0.65,0.9759286666666692,0.9804486666666693,0.3259286666666692,0.3304486666666693,0.038000000000000034,100,0.06373788777777778,2.875105684501246
kin8nm.csv,0.7,0.9339656666666686,0.9319550000000021,0.23396566666666863,0.23195500000000213,0.10899999999999999,100,0.07111175444444444,2.93423602106264
kin8nm.csv,0.75,0.9786956666666691,0.9740003333333344,0.22869566666666907,0.22400033333333436,0.039000000000000035,100,0.06057355555555555,2.856759931853962
kin8nm.csv,0.8,0.922562,0.9633603333333344,0.12256199999999995,0.16336033333333433,0.0050000000000000044,100,0.06495476777777777,2.8171846523755115
kin8nm.csv,0.85,0.9480206666666665,0.9625089999999998,0.09802066666666653,0.11250899999999986,0.03400000000000003,100,0.05561755555555555,2.7847105704557875
kin8nm.csv,0.9,0.9715816666666679,0.9743303333333347,0.07158166666666788,0.07433033333333472,0.039000000000000035,100,0.049634728888888875,2.7333599932773063
kin8nm.csv,0.95,0.986569333333337,0.981366666666669,0.036569333333337006,0.031366666666669096,0.002000000000000113,100,0.04084510666666666,2.6679887226621326
kin8nm.csv,0.05,0.03722233333333321,0.025244666666666533,0.012777666666666791,0.02475533333333347,0.05,100,0.045106804444444454,2.6075289912570137
kin8nm.csv,0.1,0.012008666666666574,0.017199666666666558,0.08799133333333344,0.08280033333333345,0.087,100,0.042095662222222226,2.838739876119786
kin8nm.csv,0.15,0.015023666666666552,0.02640833333333322,0.13497633333333345,0.12359166666666677,0.010000000000000009,100,0.05458566666666667,2.7913669617992993
kin8nm.csv,0.2,0.01410066666666656,0.026324666666666555,0.18589933333333344,0.17367533333333346,0.03900000000000001,100,0.05489363888888888,2.8033848014817218
kin8nm.csv,0.25,0.06177533333333333,0.03721966666666655,0.18822466666666668,0.21278033333333346,0.031000000000000028,100,0.06506298999999999,2.872007304845968
kin8nm.csv,0.3,0.021303666666666537,0.032274666666666556,0.27869633333333343,0.2677253333333334,0.051000000000000045,100,0.06032971,2.8790742869853125
kin8nm.csv,0.35,0.08229266666666665,0.042666999999999886,0.2677073333333333,0.3073330000000001,0.08499999999999996,100,0.06614644,2.8890070661237086
kin8nm.csv,0.4,0.2626303333333327,0.20734666666666618,0.13736966666666733,0.19265333333333384,0.01799999999999996,100,0.07617011,2.88768572945905
kin8nm.csv,0.44,0.42259933333333244,0.413302666666666,0.017400666666667564,0.026697333333334017,0.04099999999999998,100,0.08164670666666668,2.9006344789517464
kin8nm.csv,0.49,0.4806486666666666,0.4789719999999999,0.009351333333333378,0.011028000000000093,0.016000000000000014,100,0.06555401222222222,2.897298446690376
kin8nm.csv,0.54,0.9755953333333357,0.973663666666668,0.43559533333333567,0.433663666666668,0.10099999999999998,100,0.06031291,2.8194604093148894
kin8nm.csv,0.6,0.5464036666666671,0.5274769999999998,0.05359633333333291,0.07252300000000023,0.09599999999999997,100,0.07679979,2.940339767844025
kin8nm.csv,0.65,0.782436333333334,0.8196290000000005,0.13243633333333393,0.16962900000000047,0.03200000000000003,100,0.07581411555555556,2.864459553873102
kin8nm.csv,0.7,0.7606543333333332,0.8321099999999992,0.060654333333333255,0.13210999999999928,0.009000000000000008,100,0.07659032333333333,2.826779494148649
kin8nm.csv,0.75,0.8528760000000006,0.9322903333333348,0.10287600000000063,0.18229033333333478,0.040000000000000036,100,0.07136202666666666,2.8561798511203746
kin8nm.csv,0.8,0.9780216666666689,0.9738260000000012,0.17802166666666885,0.17382600000000115,0.07400000000000007,100,0.05745756,2.8290146263201073
kin8nm.csv,0.85,0.9347843333333326,0.9562266666666669,0.08478433333333257,0.10622666666666691,0.11099999999999999,100,0.05437484000000001,2.6683620196873528
kin8nm.csv,0.9,0.975516333333335,0.9738256666666679,0.07551633333333496,0.0738256666666679,0.040000000000000036,100,0.05163108444444444,2.803834872801418
kin8nm.csv,0.95,0.9784540000000019,0.9812833333333356,0.028454000000001978,0.03128333333333566,0.050000000000000044,100,0.03687993777777778,2.5404174087829983
letter-recognition.csv,0.05,0.1802833333333322,0.18170499999999903,0.1302833333333322,0.13170499999999902,0.023000000000000003,100,0.08074802666666668,2.253934915030137
letter-recognition.csv,0.1,0.20296766666666569,0.20246299999999895,0.10296766666666568,0.10246299999999894,0.01100000000000001,100,0.10587432333333334,2.1837114367801713
letter-recognition.csv,0.15,0.23619999999999824,0.23519299999999826,0.08619999999999825,0.08519299999999827,0.0050000000000000044,100,0.12581586111111112,2.143461949361752
letter-recognition.csv,0.2,0.25937566666666595,0.25585633333333246,0.05937566666666594,0.05585633333333245,0.019000000000000017,100,0.14236133777777776,1.9178741495921758
letter-recognition.csv,0.25,0.3807933333333321,0.38146399999999875,0.1307933333333321,0.13146399999999875,0.016000000000000014,100,0.16016615444444443,2.1023533742987484
letter-recognition.csv,0.3,0.34933333333333305,0.3514243333333332,0.04933333333333306,0.05142433333333324,0.030999999999999972,100,0.16520121777777774,2.16954355989204
letter-recognition.csv,0.35,0.4401283333333342,0.4389570000000008,0.0901283333333342,0.08895700000000084,0.010999999999999954,100,0.16916285666666667,2.278365354438495
letter-recognition.csv,0.4,0.48865733333333194,0.48781899999999856,0.08865733333333192,0.08781899999999854,0.029000000000000026,100,0.16730466222222226,2.386103342344644
letter-recognition.csv,0.44,0.5384530000000007,0.5384530000000008,0.09845300000000073,0.09845300000000085,0.017000000000000015,100,0.17787442111111115,2.151009697732868
letter-recognition.csv,0.49,0.5614613333333346,0.5616290000000012,0.0714613333333346,0.07162900000000116,0.02300000000000002,100,0.19093301777777774,1.9392563091014827
letter-recognition.csv,0.54,0.616613666666669,0.6152703333333355,0.07661366666666891,0.07527033333333544,0.01100000000000001,100,0.16470383444444447,2.2475233162069927
letter-recognition.csv,0.6,0.6675846666666669,0.6659953333333338,0.06758466666666696,0.06599533333333385,0.02499999999999991,100,0.15672284000000003,2.1266120842094556
letter-recognition.csv,0.65,0.705145333333338,0.7070703333333376,0.05514533333333793,0.05707033333333755,0.02400000000000002,100,0.1626771111111111,1.9169110613163514
letter-recognition.csv,0.7,0.7630470000000026,0.761959666666669,0.06304700000000263,0.06195966666666908,0.018000000000000016,100,0.14200769333333332,1.999545432715337
letter-recognition.csv,0.75,0.7889996666666615,0.7892506666666615,0.03899966666666155,0.03925066666666155,0.015000000000000013,100,0.13219584,1.7901143382276732
letter-recognition.csv,0.8,0.8381963333333367,0.8379470000000031,0.03819633333333661,0.03794700000000306,0.031000000000000028,100,0.11182224333333333,1.6755025547821678
letter-recognition.csv,0.85,0.8718433333333301,0.8721773333333304,0.021843333333330106,0.022177333333330385,0.026000000000000023,100,0.08541131555555553,1.4608289444407694
letter-recognition.csv,0.9,0.9220463333333343,0.9237200000000005,0.022046333333334278,0.02372000000000052,0.026000000000000023,100,0.05398713222222222,1.4690417867156509
letter-recognition.csv,0.95,0.9648999999999999,0.9652310000000004,0.014899999999999913,0.015231000000000439,0.014000000000000012,100,0.038025159999999995,1.3750086110263933
letter-recognition.csv,0.05,0.14964499999999983,0.12292333333333313,0.09964499999999983,0.07292333333333313,0.013999999999999999,100,0.07983710666666667,2.1469606754382022
letter-recognition.csv,0.1,0.16437933333333268,0.16420799999999922,0.06437933333333268,0.06420799999999921,0.006000000000000005,100,0.09771646555555553,2.0492146665206854
letter-recognition.csv,0.15,0.2366179999999983,0.2361969999999983,0.08661799999999831,0.0861969999999983,0.014999999999999986,100,0.12122130111111112,2.247419534937836
letter-recognition.csv,0.2,0.26883000000000035,0.2646423333333335,0.06883000000000034,0.06464233333333347,0.02400000000000002,100,0.14324611000000004,2.080211965961173
letter-recognition.csv,0.25,0.3484953333333331,0.35100466666666663,0.0984953333333331,0.10100466666666663,0.016999999999999987,100,0.15308960444444442,2.2482679566029935
letter-recognition.csv,0.3,0.37886833333333253,0.3787016666666659,0.07886833333333254,0.07870166666666589,0.01599999999999996,100,0.17059015444444442,1.9759854151817893
letter-recognition.csv,0.35,0.40731199999999823,0.40689299999999834,0.05731199999999825,0.05689299999999836,0.033999999999999975,100,0.1751442433333333,2.190104464882726
letter-recognition.csv,0.4,0.4949646666666666,0.49111433333333326,0.09496466666666659,0.09111433333333324,0.013000000000000012,100,0.18409547888888889,2.099162555776117
letter-recognition.csv,0.44,0.539122333333334,0.538871333333334,0.09912233333333403,0.09887133333333403,0.02899999999999997,100,0.1763446788888889,2.1534267416051383
letter-recognition.csv,0.49,0.5622980000000013,0.5624656666666679,0.0722980000000013,0.07246566666666787,0.05099999999999999,100,0.18033134555555552,2.0497087519147708
letter-recognition.csv,0.54,0.6133476666666688,0.613429000000002,0.07334766666666881,0.07342900000000196,0.01200000000000001,100,0.18507488888888887,1.9358287244688184
letter-recognition.csv,0.6,0.6796013333333358,0.6796013333333355,0.07960133333333586,0.07960133333333552,0.0050000000000000044,100,0.15317183999999998,2.0706335338076585
letter-recognition.csv,0.65,0.717619333333338,0.714771333333338,0.06761933333333803,0.06477133333333795,0.010000000000000009,100,0.15440210111111108,1.9713346189674725
letter-recognition.csv,0.7,0.7386163333333297,0.7388673333333299,0.0386163333333297,0.03886733333332992,0.017999999999999905,100,0.1440601111111111,1.8353531012507127
letter-recognition.csv,0.75,0.7889159999999948,0.7893343333333283,0.038915999999994844,0.03933433333332825,0.009000000000000008,100,0.1389389722222222,1.663132792229769
letter-recognition.csv,0.8,0.8372756666666697,0.8367746666666696,0.037275666666669705,0.03677466666666951,0.019000000000000017,100,0.10924638222222219,1.687811714701549
letter-recognition.csv,0.85,0.8634733333333294,0.8629703333333297,0.013473333333329451,0.012970333333329753,0.016000000000000014,100,0.0903926788888889,1.6440886464591413
letter-recognition.csv,0.9,0.8982013333333331,0.898619,0.0017986666666669482,0.0013810000000000766,0.025000000000000022,100,0.06646222222222224,1.5296727944732178
letter-recognition.csv,0.95,0.9648999999999999,0.9883263333333374,0.014899999999999913,0.03832633333333746,0.025000000000000022,100,0.03412986111111112,1.0788173185973984
magic.csv,0.05,0.03468166666666658,0.015438333333333233,0.01531833333333342,0.03456166666666677,0.033,100,0.03173762111111111,2.2160527688761125
magic.csv,0.1,0.1271609999999996,0.06168933333333334,0.027160999999999602,0.038310666666666666,0.017,100,0.07008737333333334,2.317660194584782
magic.csv,0.15,0.1551559999999996,0.15716866666666623,0.005155999999999605,0.00716866666666624,0.00799999999999998,100,0.07420090111111112,2.419175431009109
magic.csv,0.2,0.21100099999999897,0.21108499999999894,0.011000999999998956,0.011084999999998929,0.0040000000000000036,100,0.10266716777777775,2.324354226716058
magic.csv,0.25,0.21066966666666564,0.16402899999999931,0.039330333333334355,0.08597100000000069,0.02100000000000002,100,0.09509041222222223,2.5790319686098186
magic.csv,0.3,0.2429769999999985,0.18105766666666584,0.05702300000000149,0.11894233333333415,0.0050000000000000044,100,0.10119675111111112,2.6229959700119636
magic.csv,0.35,0.3386199999999983,0.34221599999999874,0.011380000000001667,0.007784000000001234,0.016000000000000014,100,0.11911410111111113,2.65481799374294
magic.csv,0.4,0.3048046666666661,0.2967703333333327,0.09519533333333391,0.10322966666666733,0.017000000000000015,100,0.11619631555555555,2.690353327057209
magic.csv,0.44,0.24849899999999886,0.24548199999999884,0.19150100000000114,0.19451800000000116,0.11499999999999999,100,0.11073006222222224,2.6229874838819516
magic.csv,0.49,0.41175933333333165,0.41092066666666505,0.07824066666666835,0.07907933333333494,0.019999999999999962,100,0.1408598488888889,2.5733494158526113
magic.csv,0.54,0.48533333333333295,0.47829799999999967,0.054666666666667085,0.06170200000000037,0.030000000000000027,100,0.14420935444444447,2.6431846398313175
magic.csv,0.6,0.48739999999999856,0.4737506666666649,0.11260000000000142,0.1262493333333351,0.03199999999999992,100,0.1309968566666667,2.725289338351747
magic.csv,0.65,0.5627163333333347,0.5261973333333342,0.08728366666666532,0.12380266666666584,0.0020000000000000018,100,0.12592522222222222,2.7618664052502764
magic.csv,0.7,0.5112280000000003,0.48006733333333407,0.1887719999999996,0.2199326666666659,0.038999999999999924,100,0.11443953777777778,2.821677022124877
magic.csv,0.75,0.598392666666667,0.5571043333333339,0.15160733333333298,0.19289566666666613,0.03500000000000003,100,0.13009066666666666,2.616138471409482
magic.csv,0.8,0.7051490000000044,0.7650240000000025,0.09485099999999569,0.034975999999997565,0.01200000000000001,100,0.10285698222222223,2.7679916874426436
magic.csv,0.85,0.6924323333333365,0.6953606666666701,0.15756766666666344,0.1546393333333299,0.04699999999999993,100,0.10488966666666669,2.754326814184614
magic.csv,0.9,0.7094993333333381,0.7693750000000026,0.19050066666666188,0.13062499999999744,0.08799999999999997,100,0.10184519444444447,2.669988991048075
magic.csv,0.95,0.7899856666666638,0.8193773333333306,0.16001433333333615,0.13062266666666933,0.04599999999999993,100,0.08660855555555555,2.603310833856728
magic.csv,0.05,0.06030000000000002,0.029105999999999858,0.010300000000000017,0.020894000000000145,0.0040000000000000036,100,0.04651097333333334,2.2759687905086623
magic.csv,0.1,0.10857566666666592,0.03730033333333322,0.008575666666665913,0.06269966666666679,0.0059999999999999915,100,0.06323018222222221,2.3708778641991026
magic.csv,0.15,0.15853099999999992,0.12434733333333317,0.008530999999999928,0.025652666666666823,0.0050000000000000044,100,0.08288509333333334,2.3900831095722888
magic.csv,0.2,0.18044733333333243,0.13245866666666636,0.01955266666666758,0.06754133333333365,0.0020000000000000018,100,0.09120667111111111,2.3239464402639416
magic.csv,0.25,0.2048263333333322,0.12492233333333312,0.045173666666667806,0.12507766666666686,0.013000000000000012,100,0.09265167111111113,2.5724052001930224
magic.csv,0.3,0.25234766666666586,0.2486613333333325,0.04765233333333413,0.051338666666667476,0.02400000000000002,100,0.11424444000000002,2.5129373248781555
magic.csv,0.35,0.3737646666666664,0.3762759999999993,0.023764666666666434,0.0262759999999993,0.07500000000000001,100,0.13298604888888887,2.6355870295405572
magic.csv,0.4,0.28146300000000035,0.22869833333333334,0.11853699999999967,0.17130166666666669,0.05299999999999999,100,0.10211743999999998,2.706392093200181
magic.csv,0.44,0.35452100000000014,0.343549,0.08547899999999986,0.09645100000000001,0.007000000000000006,100,0.11863815444444445,2.7316138026357835
magic.csv,0.49,0.3937919999999985,0.3775403333333323,0.09620800000000151,0.11245966666666768,0.020000000000000018,100,0.11569177333333334,2.726862277371213
magic.csv,0.54,0.46096133333333256,0.4606266666666658,0.07903866666666748,0.07937333333333424,0.006000000000000005,100,0.13658543444444446,2.641469614974949
magic.csv,0.6,0.4233719999999994,0.4270596666666658,0.17662800000000056,0.1729403333333342,0.07099999999999995,100,0.11083075,2.847679398359521
magic.csv,0.65,0.5399590000000005,0.5399590000000007,0.1100409999999995,0.11004099999999928,0.008000000000000007,100,0.12682526222222223,2.6313456716022166
magic.csv,0.7,0.564891666666668,0.5658960000000011,0.13510833333333194,0.1341039999999989,0.017999999999999905,100,0.11994857333333334,2.7771628194817835
magic.csv,0.75,0.5707506666666675,0.5705836666666675,0.17924933333333248,0.1794163333333325,0.09299999999999997,100,0.13197344333333333,2.6664754918930043
magic.csv,0.8,0.6024246666666676,0.6011603333333339,0.19757533333333244,0.1988396666666662,0.07300000000000006,100,0.1256266666666667,2.631777415496328
magic.csv,0.85,0.7196243333333365,0.7200423333333361,0.13037566666666345,0.12995766666666386,0.02199999999999991,100,0.10763397666666669,2.6827871685738023
magic.csv,0.9,0.6395400000000023,0.6041980000000016,0.2604599999999977,0.29580199999999846,0.18300000000000005,100,0.10254570111111111,2.8064102308214065
magic.csv,0.95,0.7816650000000003,0.8131596666666662,0.16833499999999968,0.13684033333333379,0.07399999999999995,100,0.0955056388888889,2.473669961229142
mammographic.csv,0.05,0.18555499999999894,0.18663966666666573,0.13555499999999893,0.13663966666666572,0.102,100,0.10576184709634667,2.054214557948164
mammographic.csv,0.1,0.26874633333333364,0.26497700000000013,0.16874633333333364,0.16497700000000012,0.127,100,0.12700390232236713,2.0079454989838483
mammographic.csv,0.15,0.24824799999999878,0.24564933333333216,0.09824799999999878,0.09564933333333217,0.08200000000000002,100,0.128467586261678,1.9964005547979222
mammographic.csv,0.2,0.2641446666666664,0.2591193333333329,0.0641446666666664,0.05911933333333291,0.063,100,0.12365614146809652,2.2853488233544272
mammographic.csv,0.25,0.3388719999999983,0.3415483333333319,0.08887199999999829,0.0915483333333319,0.045999999999999985,100,0.15936281979175485,2.134870107031688
mammographic.csv,0.3,0.3975779999999985,0.3998453333333318,0.0975779999999985,0.09984533333333179,0.08500000000000002,100,0.15157816832544302,2.1406451936022335
mammographic.csv,0.35,0.43485733333333426,0.4346063333333341,0.08485733333333428,0.08460633333333412,0.07900000000000001,100,0.1487991585654928,2.472950013478363
mammographic.csv,0.4,0.4739289999999988,0.47334266666666536,0.0739289999999988,0.07334266666666533,0.03899999999999998,100,0.1710168452522135,2.098591188399323
mammographic.csv,0.44,0.4376183333333345,0.4376183333333341,0.002381666666665505,0.0023816666666658937,0.061,100,0.14690277721447104,2.3709745845076324
mammographic.csv,0.49,0.5276600000000009,0.5261540000000007,0.037660000000000915,0.036154000000000686,0.03400000000000003,100,0.14605863106811312,2.3865441175839703
mammographic.csv,0.54,0.43510800000000094,0.4347736666666675,0.1048919999999991,0.10522633333333253,0.067,100,0.14803466881456567,2.4414146670522268
mammographic.csv,0.6,0.6489110000000022,0.6477393333333351,0.04891100000000226,0.04773933333333513,0.08200000000000007,100,0.14961185616438577,2.3545165890756867
mammographic.csv,0.65,0.5907583333333327,0.591092666666666,0.0592416666666673,0.05890733333333398,0.041000000000000036,100,0.16023632958216524,2.323182411440159
mammographic.csv,0.7,0.6199603333333359,0.6190353333333355,0.08003966666666407,0.08096466666666446,0.08699999999999997,100,0.15486943640843254,2.3433140302233566
mammographic.csv,0.75,0.7303336666666709,0.7291623333333372,0.019666333333329122,0.020837666666662757,0.029000000000000026,100,0.13870630021975872,2.264778249424629
mammographic.csv,0.8,0.7136000000000049,0.7133486666666717,0.08639999999999515,0.0866513333333283,0.008000000000000007,100,0.1318987629353215,2.353026059357237
mammographic.csv,0.85,0.7167793333333373,0.7162770000000038,0.13322066666666266,0.13372299999999615,0.08499999999999996,100,0.1358100963958475,2.332284643245339
mammographic.csv,0.9,0.7630470000000026,0.7622110000000023,0.13695299999999744,0.13778899999999772,0.07499999999999996,100,0.11801033162895408,2.3424764764932138
mammographic.csv,0.95,0.828504666666666,0.828753666666666,0.12149533333333395,0.12124633333333401,0.02299999999999991,100,0.08470266271626267,2.116549295659885
mammographic.csv,0.05,0.1846333333333323,0.18630566666666576,0.13463333333333227,0.13630566666666577,0.111,100,0.11222566953496474,1.8395522075301576
mammographic.csv,0.1,0.18329266666666563,0.1847973333333324,0.08329266666666563,0.08479733333333239,0.022999999999999993,100,0.09810534097948316,1.9232010390774938
mammographic.csv,0.15,0.22018066666666528,0.21825333333333183,0.07018066666666528,0.06825333333333183,0.049000000000000016,100,0.1068530625095679,2.1668671755997204
mammographic.csv,0.2,0.32418399999999864,0.31983099999999853,0.12418399999999863,0.11983099999999852,0.14200000000000002,100,0.13330987524820903,2.3470560607891393
mammographic.csv,0.25,0.3459783333333327,0.3469813333333324,0.09597833333333272,0.09698133333333242,0.08900000000000002,100,0.13653229029710043,2.3394102354757944
mammographic.csv,0.3,0.36238600000000026,0.36598299999999984,0.062386000000000275,0.06598299999999985,0.056999999999999995,100,0.14946005066890117,2.210312398235335
mammographic.csv,0.35,0.38397266666666513,0.38456099999999843,0.03397266666666515,0.034560999999998454,0.004999999999999949,100,0.17839634576946967,1.9012243534754931
mammographic.csv,0.4,0.4547696666666663,0.45527199999999957,0.05476966666666627,0.055271999999999544,0.061,100,0.1587751680973956,2.3122165319890313
mammographic.csv,0.44,0.48073733333333357,0.4814916666666668,0.04073733333333357,0.041491666666666815,0.05399999999999999,100,0.17272649795838863,2.258723714808562
mammographic.csv,0.49,0.47663766666666696,0.4783123333333337,0.013362333333333032,0.011687666666666319,0.0040000000000000036,100,0.16319748829349315,2.412392382546382
mammographic.csv,0.54,0.5379510000000007,0.5381183333333341,0.0020489999999993014,0.0018816666666658932,0.027000000000000024,100,0.1662878724913293,2.3740199666275035
mammographic.csv,0.6,0.5590350000000012,0.5581986666666676,0.04096499999999881,0.04180133333333236,0.06099999999999994,100,0.1540813600754981,2.4397413415417093
mammographic.csv,0.65,0.5920176666666663,0.5923516666666663,0.05798233333333369,0.057648333333333746,0.010000000000000009,100,0.15594392168436966,2.307841873014891
mammographic.csv,0.7,0.5954590000000001,0.5956243333333334,0.10454099999999988,0.10437566666666653,0.11199999999999999,100,0.1523914600713549,2.350864787158842
mammographic.csv,0.75,0.6235553333333353,0.6222966666666685,0.12644466666666465,0.1277033333333315,0.08099999999999996,100,0.14403807645896163,2.4508484756735083
mammographic.csv,0.8,0.6534283333333344,0.6504163333333347,0.14657166666666566,0.14958366666666534,0.06600000000000006,100,0.15791233032823462,2.195001186136634
mammographic.csv,0.85,0.654684000000001,0.6517556666666677,0.19531599999999893,0.19824433333333225,0.14400000000000002,100,0.14524050242388425,2.2714618918217853
mammographic.csv,0.9,0.7576926666666679,0.7573590000000009,0.14230733333333212,0.14264099999999913,0.07599999999999996,100,0.11931710765101254,2.372456691983012
mammographic.csv,0.95,0.8095016666666639,0.8073236666666639,0.14049833333333606,0.14267633333333607,0.028999999999999915,100,0.10298296552491724,2.171046261536536
mozilla.csv,0.05,0.06030000000000002,0.05987666666666668,0.010300000000000017,0.00987666666666668,0.006999999999999999,100,0.04853513222222222,1.2690688098136322
mozilla.csv,0.1,0.09627666666666634,0.09602566666666634,0.0037233333333336616,0.003974333333333663,0.0050000000000000044,100,0.06395919444444445,1.7590152267050425
mozilla.csv,0.15,0.1353516666666661,0.1346826666666661,0.014648333333333902,0.015317333333333905,0.01899999999999999,100,0.09664392333333333,1.5067495908531374
mozilla.csv,0.2,0.18665299999999868,0.1871549999999987,0.01334700000000133,0.0128450000000013,0.024999999999999994,100,0.1380993822222222,1.464524143403814
mozilla.csv,0.25,0.18548166666666538,0.1858999999999987,0.06451833333333462,0.0641000000000013,0.044999999999999984,100,0.12815719444444448,1.616757265452637
mozilla.csv,0.3,0.23619999999999824,0.23544466666666494,0.06380000000000174,0.06455533333333505,0.01599999999999996,100,0.15907290111111108,1.6409570535231763
mozilla.csv,0.35,0.3151959999999989,0.3155309999999989,0.034804000000001056,0.03446900000000108,0.013999999999999957,100,0.1943714344444445,1.4722211300076637
mozilla.csv,0.4,0.3384559999999982,0.339877666666665,0.06154400000000182,0.060122333333335,0.02400000000000002,100,0.1909013011111111,1.58447584337722
mozilla.csv,0.44,0.4154466666666653,0.4153616666666653,0.024553333333334704,0.024638333333334705,0.038000000000000034,100,0.20693408333333335,1.650011407675437
mozilla.csv,0.49,0.419629999999999,0.4193783333333324,0.07037000000000099,0.07062166666666758,0.021999999999999964,100,0.21352888888888888,1.4126343104787953
mozilla.csv,0.54,0.5400426666666674,0.5396243333333341,4.266666666741248e-05,0.0003756666666658859,0.02400000000000002,100,0.2122220655555556,1.5496008760752344
mozilla.csv,0.6,0.545146333333334,0.544895333333334,0.05485366666666602,0.055104666666666025,0.01100000000000001,100,0.2148714877777778,1.4551612175049757
mozilla.csv,0.65,0.6125090000000021,0.6120880000000021,0.03749099999999794,0.03791199999999795,0.01100000000000001,100,0.20630519444444448,1.3171149967394356
mozilla.csv,0.7,0.5903379999999991,0.5912609999999993,0.10966200000000081,0.1087390000000007,0.038999999999999924,100,0.1995891944444444,1.580606226884707
mozilla.csv,0.75,0.6681730000000003,0.667335666666667,0.08182699999999965,0.082664333333333,0.008000000000000007,100,0.17781135444444446,1.4703092542282346
mozilla.csv,0.8,0.7200423333333366,0.7208790000000028,0.07995766666666348,0.07912099999999722,0.0040000000000000036,100,0.16606519444444448,1.2355857007534552
mozilla.csv,0.85,0.763214333333336,0.7933796666666683,0.08678566666666399,0.05662033333333172,0.006000000000000005,100,0.14649459,1.2512477407774076
mozilla.csv,0.9,0.8013826666666629,0.8019683333333296,0.09861733333333711,0.0980316666666704,0.02400000000000002,100,0.13251455555555552,1.0733174060859343
mozilla.csv,0.95,0.7967676666666641,0.8130116666666645,0.15323233333333586,0.1369883333333355,0.029999999999999916,100,0.1262569288888889,1.2797864606358762
mozilla.csv,0.05,0.03509999999999992,0.015270999999999898,0.01490000000000008,0.03472900000000011,0.015,100,0.032501671111111116,1.1236929712063997
mozilla.csv,0.1,0.13295533333333287,0.13446333333333296,0.032955333333332865,0.03446333333333296,0.0030000000000000027,100,0.07461615444444444,1.4282387632973004
mozilla.csv,0.15,0.1486219999999995,0.14677566666666603,0.00137800000000049,0.0032243333333339674,0.006000000000000005,100,0.10862563888888889,1.5448808661414382
mozilla.csv,0.2,0.18648566666666538,0.1871549999999987,0.013514333333334627,0.0128450000000013,0.024999999999999994,100,0.1371078788888889,1.4260312598086298
mozilla.csv,0.25,0.23611599999999824,0.23510999999999826,0.013884000000001756,0.014890000000001735,0.0050000000000000044,100,0.15573344888888888,1.5331713640945914
mozilla.csv,0.3,0.23619999999999824,0.2353609999999983,0.06380000000000174,0.0646390000000017,0.01899999999999996,100,0.15732491555555556,1.6843876332833554
mozilla.csv,0.35,0.33987933333333165,0.34138466666666517,0.010120666666668332,0.008615333333334807,0.031000000000000028,100,0.19580535444444438,1.5033581669537688
mozilla.csv,0.4,0.35067233333333303,0.35050466666666635,0.04932766666666699,0.04949533333333367,0.013000000000000012,100,0.19985481222222226,1.4609547083854788
mozilla.csv,0.44,0.36171633333333464,0.36154900000000123,0.07828366666666536,0.07845099999999877,0.04299999999999998,100,0.19913458222222225,1.5574212665444314
mozilla.csv,0.49,0.4133536666666652,0.41326866666666523,0.07664633333333482,0.07673133333333476,0.0050000000000000044,100,0.20265667888888889,1.6390911280606164
mozilla.csv,0.54,0.5387876666666673,0.5379510000000006,0.0012123333333327047,0.0020489999999994124,0.041999999999999926,100,0.2089180122222222,1.631285571432858
mozilla.csv,0.6,0.5643896666666676,0.5651430000000007,0.03561033333333241,0.03485699999999925,0.01100000000000001,100,0.20860999555555554,1.4524809372947183
mozilla.csv,0.65,0.5915979999999992,0.592687666666666,0.05840200000000084,0.057312333333334076,0.01100000000000001,100,0.20447666666666664,1.4192951884648872
mozilla.csv,0.7,0.6628833333333329,0.6617133333333333,0.03711666666666702,0.03828666666666669,0.03600000000000003,100,0.18416850666666665,1.4856528076251605
mozilla.csv,0.75,0.6885836666666697,0.6884156666666696,0.0614163333333303,0.061584333333330354,0.020000000000000018,100,0.17645492888888895,1.4143128698345975
mozilla.csv,0.8,0.6884996666666697,0.6882480000000031,0.11150033333333031,0.11175199999999696,0.04800000000000004,100,0.18308143444444444,1.298881401563402
mozilla.csv,0.85,0.7891669999999948,0.7895016666666616,0.06083300000000513,0.06049833333333843,0.0010000000000000009,100,0.13962297222222225,1.125508695621006
mozilla.csv,0.9,0.8137649999999979,0.8136816666666645,0.08623500000000217,0.0863183333333355,0.014000000000000012,100,0.12030483999999998,1.0992969561429677
mozilla.csv,0.95,0.8662176666666653,0.863365333333332,0.08378233333333462,0.08663466666666797,0.015999999999999903,100,0.09599097222222222,1.1183923811917158
namao.csv,0.05,0.11192266666666614,0.11117066666666618,0.06192266666666614,0.06117066666666618,0.010000000000000002,100,0.06901261777777778,1.8438235324720673
namao.csv,0.1,0.13554099999999936,0.1325236666666661,0.03554099999999935,0.03252366666666609,0.035,100,0.09059269333333334,1.8276239919314496
namao.csv,0.15,0.1864856666666654,0.18682033333333203,0.03648566666666542,0.03682033333333204,0.04999999999999999,100,0.12588156777777773,1.6645091906449412
namao.csv,0.2,0.2710903333333336,0.26573066666666684,0.07109033333333359,0.06573066666666683,0.04600000000000001,100,0.15413431555555557,1.8625820866160931
namao.csv,0.25,0.3120039999999991,0.3121719999999991,0.062003999999999115,0.06217199999999912,0.07200000000000001,100,0.16784300287777776,1.846748626323009
namao.csv,0.3,0.3120039999999991,0.3124233333333324,0.012003999999999126,0.012423333333332398,0.10999999999999999,100,0.1750514788888889,1.7744141445152974
namao.csv,0.35,0.35878800000000105,0.3596246666666678,0.008788000000001073,0.009624666666667836,0.12299999999999997,100,0.1839356538222222,1.8099270041111706
namao.csv,0.4,0.43636333333333444,0.43594500000000086,0.03636333333333441,0.03594500000000084,0.09400000000000003,100,0.18426668777777772,2.0803491532347413
namao.csv,0.44,0.5230583333333338,0.5245643333333341,0.08305833333333384,0.08456433333333407,0.07800000000000001,100,0.19994477333333333,1.7431252648226891
namao.csv,0.49,0.5382856666666673,0.5382856666666674,0.04828566666666734,0.04828566666666745,0.122,100,0.20528266666666667,1.776457217070338
namao.csv,0.54,0.5905893333333325,0.5909243333333326,0.05058933333333249,0.05092433333333257,0.09600000000000003,100,0.19208651000000004,1.8137665621719463
namao.csv,0.6,0.6140200000000025,0.6138490000000023,0.014020000000002475,0.013849000000002332,0.12099999999999994,100,0.19063811111111112,1.6649824098898167
namao.csv,0.65,0.6942613333333366,0.6950943333333361,0.044261333333336594,0.04509433333333612,0.07200000000000006,100,0.16565253298611116,1.78238660741511
namao.csv,0.7,0.7381143333333312,0.7389513333333315,0.03811433333333125,0.03895133333333156,0.08599999999999997,100,0.15374587888888885,1.5222042707679084
namao.csv,0.75,0.7743839999999994,0.7742159999999993,0.024383999999999406,0.02421599999999935,0.08399999999999996,100,0.1490801111111111,1.5777837415685374
namao.csv,0.8,0.8140999999999977,0.8145186666666644,0.01409999999999767,0.014518666666664348,0.06900000000000006,100,0.13144822222222222,1.3681535634133997
namao.csv,0.85,0.8402086666666698,0.8402093333333365,0.009791333333330154,0.009790666666663506,0.08399999999999996,100,0.11724611000000001,1.2920428838857756
namao.csv,0.9,0.8636059999999995,0.8594196666666657,0.03639400000000048,0.04058033333333433,0.027000000000000024,100,0.07502662666666668,0.9942273268050256
namao.csv,0.95,0.9396999999999965,0.9755820000000026,0.010300000000003418,0.025582000000002658,0.007999999999999896,100,0.045310039999999996,0.9168038959264833
namao.csv,0.05,0.1327703333333327,0.13000633333333275,0.08277033333333271,0.08000633333333275,0.0020000000000000018,100,0.08449929333333335,1.7472756688346538
namao.csv,0.1,0.16337299999999935,0.1639556666666659,0.06337299999999935,0.06395566666666588,0.013999999999999999,100,0.1062975511111111,1.9543249070331068
namao.csv,0.15,0.1862346666666654,0.18656933333333206,0.036234666666665416,0.036569333333332066,0.062,100,0.12132103337777775,1.5903946632452908
namao.csv,0.2,0.23619999999999824,0.23544466666666494,0.036199999999998234,0.03544466666666493,0.07300000000000001,100,0.14289102666666667,1.8702293594323305
namao.csv,0.25,0.2974379999999995,0.2966863333333328,0.04743799999999948,0.046686333333332775,0.07100000000000001,100,0.1609888211111111,2.0662828512849547
namao.csv,0.3,0.36573266666666765,0.3659000000000009,0.06573266666666766,0.0659000000000009,0.06999999999999998,100,0.1821148888888889,1.9843587219089827
namao.csv,0.35,0.3895053333333315,0.38942266666666486,0.039505333333331505,0.039422666666664885,0.11199999999999996,100,0.18955528262222224,1.8706888494757488
namao.csv,0.4,0.43703266666666774,0.43686533333333427,0.03703266666666771,0.03686533333333425,0.11699999999999999,100,0.18611122666666663,1.989343089558287
namao.csv,0.44,0.4749336666666653,0.4751846666666656,0.03493366666666531,0.03518466666666559,0.09899999999999998,100,0.20514970111111114,1.6957984773204684
namao.csv,0.49,0.5593696666666677,0.5592026666666676,0.06936966666666766,0.06920266666666763,0.10599999999999998,100,0.19789243977749432,1.7824455487415758
namao.csv,0.54,0.5943683333333329,0.5945353333333331,0.05436833333333291,0.05453533333333305,0.10500000000000004,100,0.19610914182222225,1.7497178515939158
namao.csv,0.6,0.6392040000000028,0.6390366666666696,0.03920400000000279,0.039036666666669606,0.11599999999999999,100,0.18976388888888887,1.656987927077277
namao.csv,0.65,0.6635549999999997,0.6626356666666666,0.01355499999999965,0.0126356666666666,0.122,100,0.18804334555555557,1.6058749957696643
namao.csv,0.7,0.7060656666666711,0.7078233333333377,0.006065666666671188,0.007823333333337734,0.121,100,0.16953978999999997,1.6842956861437837
namao.csv,0.75,0.7879919999999951,0.7882433333333285,0.03799199999999514,0.03824333333332852,0.08599999999999997,100,0.15549987888888891,1.311508632500126
namao.csv,0.8,0.7889159999999948,0.7893343333333283,0.0110840000000052,0.010665666666671791,0.11699999999999999,100,0.1394054166666667,1.4811031593996142
namao.csv,0.85,0.8322556666666685,0.8320890000000017,0.017744333333331475,0.017910999999998234,0.11299999999999999,100,0.11795352333333334,1.5418999404955323
namao.csv,0.9,0.8924283333333324,0.894184333333333,0.007571666666667642,0.0058156666666669965,0.02300000000000002,100,0.06830182666666668,1.168794531326013
namao.csv,0.95,0.9391143333333302,0.9687920000000015,0.010885666666669791,0.018792000000001585,0.025999999999999912,100,0.05275721777777776,0.9174961106167941
occupancy.csv,0.05,0.07017266666666676,0.06908466666666678,0.020172666666666755,0.019084666666666777,0.0010000000000000009,100,0.05525731555555554,0.6270762106072016
occupancy.csv,0.1,0.11393099999999938,0.11217399999999941,0.013930999999999374,0.012173999999999408,0.0010000000000000009,100,0.09854472333333333,0.680929998332718
occupancy.csv,0.15,0.15173033333333305,0.14938066666666622,0.0017303333333330562,0.0006193333333337769,0.0050000000000000044,100,0.1267243322222222,0.6933413481047761
occupancy.csv,0.2,0.2108326666666656,0.21100099999999894,0.010832666666665602,0.011000999999998928,0.0020000000000000018,100,0.15607919444444446,1.1989508873520043
occupancy.csv,0.25,0.23611599999999824,0.23519399999999824,0.013884000000001756,0.014806000000001762,0.01899999999999999,100,0.17709783999999998,0.9402136585442418
occupancy.csv,0.3,0.3119209999999991,0.3120883333333324,0.011920999999999127,0.012088333333332424,0.006000000000000005,100,0.20675257333333336,0.9092628545489032
occupancy.csv,0.35,0.3507559999999996,0.3502536666666663,0.0007559999999996458,0.000253666666666319,0.004999999999999949,100,0.2181915766666667,0.9589201061007222
occupancy.csv,0.4,0.39404033333333144,0.39429166666666476,0.005959666666668584,0.005708333333335258,0.0050000000000000044,100,0.2319822933333333,0.9287457069500356
occupancy.csv,0.44,0.4384550000000011,0.4382040000000009,0.0015449999999989084,0.0017959999999990761,0.008000000000000007,100,0.23189074999999998,1.0179796899339693
occupancy.csv,0.49,0.4622999999999992,0.4622163333333326,0.02770000000000078,0.027783666666667373,0.02799999999999997,100,0.23485743444444449,1.0616823051710909
occupancy.csv,0.54,0.5622143333333345,0.5628003333333343,0.022214333333334446,0.02280033333333431,0.01100000000000001,100,0.24005874999999996,0.8199398075089327
occupancy.csv,0.6,0.6068003333333345,0.6072190000000013,0.006800333333334518,0.007219000000001308,0.008000000000000007,100,0.22932763888888885,0.9502896439271973
occupancy.csv,0.65,0.6457303333333352,0.646485000000002,0.00426966666666484,0.0035149999999980475,0.017000000000000015,100,0.22138579,0.8205865801544245
occupancy.csv,0.7,0.6882476666666696,0.6879963333333362,0.011752333333330367,0.012003666666663748,0.02199999999999991,100,0.20629186111111114,0.8028876836416212
occupancy.csv,0.75,0.7635490000000028,0.7635493333333361,0.013549000000002809,0.013549333333336078,0.0010000000000000009,100,0.18347535111111113,0.6540663924634795
occupancy.csv,0.8,0.8084106666666637,0.8089129999999972,0.00841066666666368,0.008912999999997173,0.009000000000000008,100,0.15668035111111112,0.6866703847713709
occupancy.csv,0.85,0.8663189999999967,0.8659843333333297,0.016318999999996753,0.015984333333329714,0.0050000000000000044,100,0.12149042666666666,0.5680644553947288
occupancy.csv,0.9,0.8960246666666666,0.894434666666666,0.003975333333333442,0.005565333333333977,0.0020000000000000018,100,0.0885285011111111,0.41253360499170255
occupancy.csv,0.95,0.9281539999999996,0.9283213333333329,0.021846000000000365,0.021678666666667068,0.008999999999999897,100,0.056808484444444446,0.28234708922885465
occupancy.csv,0.05,0.06030000000000002,0.05945700000000001,0.010300000000000017,0.009457000000000007,0.0030000000000000027,100,0.04697250111111112,0.504169998027842
occupancy.csv,0.1,0.11719933333333295,0.11301266666666625,0.017199333333332942,0.013012666666666242,0.0020000000000000018,100,0.09807921222222223,0.8638261785464816
occupancy.csv,0.15,0.159624,0.15962299999999993,0.009623999999999994,0.009622999999999937,0.006000000000000005,100,0.1312097155555556,0.6806121051949579
occupancy.csv,0.2,0.18615099999999873,0.18648566666666536,0.013849000000001277,0.013514333333334655,0.0050000000000000044,100,0.15782116777777777,0.6817080240247579
occupancy.csv,0.25,0.26155100000000026,0.2617180000000002,0.011551000000000256,0.011718000000000173,0.009000000000000008,100,0.18298708444444448,0.931583196371999
occupancy.csv,0.3,0.3107473333333325,0.3111666666666658,0.010747333333332498,0.011166666666665825,0.007000000000000006,100,0.2037507677777778,0.9696723462121272
occupancy.csv,0.35,0.36037766666666776,0.36037766666666776,0.010377666666667784,0.010377666666667784,0.00599999999999995,100,0.2217950622222222,0.9220929039245405
occupancy.csv,0.4,0.3900926666666648,0.3904279999999981,0.009907333333335211,0.009572000000001912,0.020000000000000018,100,0.22736406555555558,0.9858958247749086
occupancy.csv,0.44,0.4375346666666678,0.4370326666666676,0.002465333333332209,0.002967333333332378,0.006000000000000005,100,0.23931310666666664,0.9638200829572747
occupancy.csv,0.49,0.49630666666666656,0.49153466666666656,0.006306666666666572,0.0015346666666665731,0.0030000000000000027,100,0.24254068444444443,0.929728345095932
occupancy.csv,0.54,0.5407120000000006,0.541130333333334,0.000712000000000601,0.0011303333333340104,0.008000000000000007,100,0.23964362111111112,0.9178581220310409
occupancy.csv,0.6,0.6106633333333352,0.6109133333333351,0.010663333333335245,0.010913333333335107,0.0010000000000000009,100,0.22760786111111111,0.9450087412915518
occupancy.csv,0.65,0.6556040000000004,0.6556886666666674,0.0056040000000003864,0.005688666666667341,0.006000000000000005,100,0.2188260711111111,0.7896375173776617
occupancy.csv,0.7,0.6843003333333355,0.6837980000000022,0.015699666666664447,0.016201999999997718,0.019999999999999907,100,0.2145171677777778,0.6789906421267424
occupancy.csv,0.75,0.7636326666666695,0.7635493333333361,0.013632666666669513,0.013549333333336078,0.0050000000000000044,100,0.1825067766666667,0.6043211815789455
occupancy.csv,0.8,0.8135979999999976,0.8144349999999977,0.013597999999997556,0.014434999999997644,0.0030000000000000027,100,0.15699631555555554,0.500402423566243
occupancy.csv,0.85,0.840461000000003,0.8403776666666697,0.009538999999996967,0.00962233333333029,0.010000000000000009,100,0.12989503444444445,0.5313249513769179
occupancy.csv,0.9,0.8761969999999968,0.8770336666666634,0.023803000000003238,0.02296633333333664,0.020000000000000018,100,0.10006817333333334,0.5441730019333081
occupancy.csv,0.95,0.9202893333333335,0.9209586666666667,0.02971066666666644,0.029041333333333252,0.0119999999999999,100,0.06093851,0.5027782487941556
page-blocks.csv,0.05,0.1501476666666665,0.1479666666666664,0.10014766666666651,0.09796666666666641,0.010000000000000002,100,0.0821473066666667,2.066857558859869
page-blocks.csv,0.1,0.24138733333333173,0.23904066666666512,0.14138733333333173,0.13904066666666512,0.031,100,0.13287024,2.168893129733392
page-blocks.csv,0.15,0.25134366666666563,0.24899599999999888,0.10134366666666564,0.09899599999999889,0.006000000000000005,100,0.14063494555555558,2.1456955448802213
page-blocks.csv,0.2,0.3493329999999998,0.351675,0.14933299999999977,0.151675,0.014999999999999986,100,0.15231432333333336,2.2981583816436943
page-blocks.csv,0.25,0.37719566666666593,0.3778663333333326,0.12719566666666593,0.12786633333333258,0.015000000000000013,100,0.16074346222222222,2.190786474960559
page-blocks.csv,0.3,0.38581666666666503,0.38590133333333165,0.08581666666666504,0.08590133333333166,0.009000000000000008,100,0.1816364844444444,2.0042098110608326
page-blocks.csv,0.35,0.4419690000000008,0.4405466666666673,0.0919690000000008,0.09054666666666733,0.05400000000000005,100,0.19893799999999992,1.8610737390738583
page-blocks.csv,0.4,0.5231420000000006,0.5248990000000007,0.12314200000000053,0.12489900000000065,0.009000000000000008,100,0.18984734555555555,2.0082421180125287
page-blocks.csv,0.44,0.5907566666666658,0.5913433333333327,0.15075666666666582,0.15134333333333266,0.063,100,0.1885325277777778,1.9551095217725827
page-blocks.csv,0.49,0.5870659999999992,0.5876536666666659,0.09706599999999921,0.09765366666666586,0.0050000000000000044,100,0.19099355555555558,1.8755253640046674
page-blocks.csv,0.54,0.6055400000000006,0.6056223333333343,0.0655400000000006,0.06562233333333423,0.01200000000000001,100,0.19032765666666662,1.7981345978805325
page-blocks.csv,0.6,0.6628833333333329,0.6617969999999999,0.06288333333333296,0.06179699999999988,0.051000000000000045,100,0.18371165666666664,1.547447862636738
page-blocks.csv,0.65,0.7182833333333363,0.7192880000000027,0.06828333333333625,0.06928800000000268,0.04700000000000004,100,0.161268,1.5162955248490766
page-blocks.csv,0.7,0.7634653333333361,0.7627963333333357,0.06346533333333615,0.06279633333333579,0.03700000000000003,100,0.16119997666666666,1.35719791212443
page-blocks.csv,0.75,0.7638000000000029,0.7638003333333362,0.013800000000002921,0.01380033333333619,0.015000000000000013,100,0.1584235766666667,1.048304771322864
page-blocks.csv,0.8,0.8463403333333346,0.8451693333333347,0.04634033333333454,0.045169333333334616,0.04499999999999993,100,0.10773682666666667,1.0328849737569417
page-blocks.csv,0.85,0.8741859999999972,0.8739346666666638,0.024185999999997265,0.023934666666663773,0.027000000000000024,100,0.09099290111111115,1.089188993844234
page-blocks.csv,0.9,0.9055640000000007,0.9446006666666676,0.0055640000000006795,0.04460066666666762,0.02100000000000002,100,0.06551717666666666,0.8087368754801543
page-blocks.csv,0.95,0.9624639999999998,0.9618699999999998,0.012463999999999809,0.011869999999999825,0.019000000000000017,100,0.04238152333333334,0.6721584245124494
page-blocks.csv,0.05,0.14208833333333293,0.13839899999999947,0.09208833333333293,0.08839899999999946,0.006000000000000005,100,0.0812798888888889,1.9955586505316345
page-blocks.csv,0.1,0.2109173333333323,0.21108499999999894,0.11091733333333229,0.11108499999999893,0.018000000000000002,100,0.1165797377777778,2.152935267982452
page-blocks.csv,0.15,0.2361996666666649,0.23544433333333165,0.0861996666666649,0.08544433333333165,0.008000000000000007,100,0.133724,2.197961661806131
page-blocks.csv,0.2,0.29535633333333355,0.2911733333333335,0.09535633333333354,0.0911733333333335,0.024999999999999994,100,0.16268130111111112,1.891786416545091
page-blocks.csv,0.25,0.4087396666666649,0.40865566666666503,0.1587396666666649,0.15865566666666503,0.038000000000000034,100,0.17638020444444444,2.08219728392546
page-blocks.csv,0.3,0.43996100000000077,0.43870600000000065,0.13996100000000078,0.13870600000000066,0.013000000000000012,100,0.16210948444444448,2.176646335435116
page-blocks.csv,0.35,0.4457340000000004,0.44506466666666694,0.09573400000000043,0.09506466666666696,0.013000000000000012,100,0.1847494877777778,2.0055437450412015
page-blocks.csv,0.4,0.5313553333333338,0.5299326666666674,0.13135533333333382,0.12993266666666736,0.010000000000000009,100,0.18642504333333332,2.0410843323832144
page-blocks.csv,0.44,0.5658966666666677,0.5663146666666676,0.1258966666666677,0.12631466666666763,0.029000000000000026,100,0.18531731555555553,1.952040966127305
page-blocks.csv,0.49,0.5656446666666676,0.5661470000000008,0.07564466666666758,0.07614700000000085,0.018000000000000016,100,0.20297810111111111,1.7538964959776335
page-blocks.csv,0.54,0.5968009999999998,0.5974703333333332,0.05680099999999977,0.05747033333333318,0.0,100,0.18079517333333336,1.7387804708699997
page-blocks.csv,0.6,0.6784200000000017,0.6774150000000018,0.07842000000000171,0.07741500000000179,0.014000000000000012,100,0.17679675000000003,1.5616564994228466
page-blocks.csv,0.65,0.7357716666666638,0.7365246666666642,0.0857716666666638,0.08652466666666414,0.05599999999999994,100,0.16582810111111104,1.415213012473761
page-blocks.csv,0.7,0.7638000000000029,0.7637166666666695,0.06380000000000297,0.06371666666666953,0.020000000000000018,100,0.1509676711111111,1.4590192698237194
page-blocks.csv,0.75,0.8130959999999976,0.8131796666666643,0.0630959999999976,0.0631796666666643,0.03200000000000003,100,0.13180478222222222,1.2588469066511279
page-blocks.csv,0.8,0.83903366666667,0.8389510000000032,0.039033666666669964,0.03895100000000318,0.03299999999999992,100,0.12151028444444444,1.1067258460641758
page-blocks.csv,0.85,0.8402923333333365,0.8404606666666699,0.00970766666666345,0.009539333333330124,0.0020000000000000018,100,0.1144540211111111,0.8549773540343257
page-blocks.csv,0.9,0.8930976666666659,0.894686333333333,0.006902333333334121,0.005313666666666994,0.02400000000000002,100,0.0682301111111111,0.7612233485213544
page-blocks.csv,0.95,0.9648999999999999,0.9668236666666671,0.014899999999999913,0.016823666666667125,0.02300000000000002,100,0.033585795555555555,0.6116323399343334
pageblocks.5.csv,0.05,0.01485266666666657,0.012258999999999918,0.03514733333333343,0.03774100000000009,0.05,100,0.026372323333333326,0.40353586429142746
pageblocks.5.csv,0.1,0.06080200000000005,0.03396799999999986,0.039197999999999955,0.06603200000000015,0.03,100,0.05166984888888889,0.7180130690992794
pageblocks.5.csv,0.15,0.08079833333333336,0.039738333333333216,0.06920166666666663,0.11026166666666679,0.06999999999999999,100,0.059641798888888896,0.9032502601388146
pageblocks.5.csv,0.2,0.13361766666666608,0.09510266666666677,0.06638233333333393,0.10489733333333325,0.02100000000000002,100,0.07512766666666666,1.0630753836301399
pageblocks.5.csv,0.25,0.13110666666666612,0.08815633333333342,0.11889333333333388,0.16184366666666658,0.016999999999999987,100,0.07338183444444446,1.3827517620354328
pageblocks.5.csv,0.3,0.17835233333333242,0.1323749999999997,0.12164766666666757,0.1676250000000003,0.04999999999999999,100,0.09473753222222221,1.4334033035279639
pageblocks.5.csv,0.35,0.16755799999999924,0.12928199999999973,0.18244200000000074,0.22071800000000025,0.03699999999999998,100,0.09379097222222224,1.6301975583823927
pageblocks.5.csv,0.4,0.2034926666666654,0.13816233333333297,0.19650733333333462,0.2618376666666671,0.11699999999999999,100,0.11868341666666664,1.6368751321483312
pageblocks.5.csv,0.44,0.22501300000000016,0.16086199999999995,0.21498699999999984,0.27913800000000005,0.07800000000000001,100,0.1264537011111111,1.777667290016934
pageblocks.5.csv,0.49,0.29267133333333306,0.1693123333333331,0.19732866666666693,0.3206876666666669,0.066,100,0.12498521222222223,1.9078422487427866
pageblocks.5.csv,0.54,0.2794649999999995,0.202663,0.2605350000000005,0.337337,0.025000000000000022,100,0.12127466666666667,2.061335037057337
pageblocks.5.csv,0.6,0.32729166666666526,0.24236533333333318,0.2727083333333347,0.35763466666666677,0.07699999999999996,100,0.12555141666666667,2.2037352856259655
pageblocks.5.csv,0.65,0.43451099999999987,0.4225309999999998,0.21548900000000015,0.2274690000000002,0.015000000000000013,100,0.12929279555555556,2.394439578338053
pageblocks.5.csv,0.7,0.35560466666666535,0.2687466666666665,0.3443953333333346,0.43125333333333343,0.06699999999999995,100,0.11692190666666667,2.3661069353631703
pageblocks.5.csv,0.75,0.4560193333333322,0.4399383333333322,0.2939806666666678,0.3100616666666678,0.04200000000000004,100,0.12343743444444444,2.4846530563657736
pageblocks.5.csv,0.8,0.5859313333333339,0.5491630000000007,0.21406866666666613,0.2508369999999993,0.02400000000000002,100,0.11357464000000002,2.522343719318488
pageblocks.5.csv,0.85,0.6756550000000023,0.7002743333333353,0.17434499999999764,0.14972566666666465,0.0020000000000000018,100,0.1005960566666667,2.6507218572368076
pageblocks.5.csv,0.9,0.7181933333333341,0.7432373333333344,0.1818066666666659,0.1567626666666656,0.010000000000000009,100,0.0965201511111111,2.61219701143925
pageblocks.5.csv,0.95,0.7268943333333318,0.7536996666666655,0.2231056666666682,0.1963003333333344,0.026999999999999913,100,0.08473963888888889,2.6890521757335852
pageblocks.5.csv,0.05,0.010167333333333263,0.01175699999999992,0.03983266666666674,0.03824300000000008,0.05,100,0.021301567777777777,0.43126175151085905
pageblocks.5.csv,0.1,0.02974533333333324,0.014517999999999904,0.07025466666666677,0.0854820000000001,0.060000000000000005,100,0.028670471111111113,0.8438898569878195
pageblocks.5.csv,0.15,0.10732666666666633,0.06319733333333334,0.04267333333333366,0.08680266666666665,0.09799999999999999,100,0.07143163888888888,0.7016234100961538
pageblocks.5.csv,0.2,0.10112933333333278,0.037551666666666546,0.09887066666666723,0.16244833333333347,0.08700000000000001,100,0.06443530666666669,1.1119724399958153
pageblocks.5.csv,0.25,0.1473839999999998,0.1235099999999998,0.10261600000000021,0.1264900000000002,0.04999999999999999,100,0.08692055444444445,1.224473074303746
pageblocks.5.csv,0.3,0.16538133333333258,0.12936633333333306,0.1346186666666674,0.17063366666666693,0.012999999999999956,100,0.0995784566666667,1.4839126369010418
pageblocks.5.csv,0.35,0.21941566666666537,0.13933533333333295,0.1305843333333346,0.21066466666666703,0.007999999999999952,100,0.11626671555555557,1.6042961517433583
pageblocks.5.csv,0.4,0.20524333333333217,0.13614899999999971,0.19475666666666785,0.2638510000000003,0.08400000000000002,100,0.11124677777777778,1.7302963947792422
pageblocks.5.csv,0.44,0.22803366666666666,0.16790066666666656,0.21196633333333334,0.27209933333333347,0.029000000000000026,100,0.11876406555555558,1.8933985077848898
pageblocks.5.csv,0.49,0.222001,0.15960733333333324,0.267999,0.3303926666666668,0.03799999999999998,100,0.1197192222222222,1.9569362650345044
pageblocks.5.csv,0.54,0.2508973333333329,0.21655733333333294,0.2891026666666671,0.3234426666666671,0.05900000000000005,100,0.1276502711111111,1.963171207859657
pageblocks.5.csv,0.6,0.3710199999999988,0.3147316666666661,0.22898000000000118,0.2852683333333339,0.06899999999999995,100,0.12894033777777777,2.130802010815213
pageblocks.5.csv,0.65,0.43727433333333304,0.42328399999999966,0.21272566666666698,0.22671600000000036,0.02100000000000002,100,0.13554134555555555,2.3306197423486554
pageblocks.5.csv,0.7,0.4495713333333324,0.43365733333333245,0.2504286666666676,0.2663426666666675,0.10299999999999998,100,0.12883174555555554,2.2335473776368135
pageblocks.5.csv,0.75,0.4752066666666666,0.45024633333333297,0.2747933333333334,0.29975366666666703,0.01100000000000001,100,0.11298841222222222,2.496493633537357
pageblocks.5.csv,0.8,0.487848666666667,0.4669096666666668,0.31215133333333306,0.33309033333333327,0.07500000000000007,100,0.12080464333333334,2.4862362000030807
pageblocks.5.csv,0.85,0.5871043333333341,0.549917333333334,0.26289566666666586,0.30008266666666594,0.028999999999999915,100,0.11003349333333334,2.676711045305984
pageblocks.5.csv,0.9,0.7215329999999986,0.7464109999999993,0.17846700000000137,0.15358900000000075,0.02400000000000002,100,0.08777363888888891,2.6090279777715573
pageblocks.5.csv,0.95,0.7337693333333354,0.7681976666666681,0.21623066666666457,0.18180233333333184,0.010999999999999899,100,0.09196277333333333,2.655273801795501
pendigits.csv,0.05,0.03602399999999992,0.01644366666666656,0.013976000000000086,0.03355633333333344,0.011000000000000003,100,0.040788243333333335,0.513752651876973
pendigits.csv,0.1,0.10883133333333277,0.10564899999999945,0.008831333333332761,0.005648999999999446,0.012999999999999998,100,0.0812944122222222,0.5697534687347772
pendigits.csv,0.15,0.13292466666666616,0.12799999999999975,0.01707533333333383,0.02200000000000024,0.013999999999999985,100,0.10655275000000002,0.7698533054717431
pendigits.csv,0.2,0.1854816666666654,0.18606733333333203,0.014518333333334604,0.013932666666667981,0.0010000000000000009,100,0.13041786111111114,0.8769187756783455
pendigits.csv,0.25,0.23611599999999824,0.2351936666666649,0.013884000000001756,0.014806333333335087,0.0020000000000000018,100,0.15733611111111112,1.1566239485944572
pendigits.csv,0.3,0.26690700000000017,0.26121233333333344,0.03309299999999982,0.038787666666666554,0.010000000000000009,100,0.15666986111111111,1.248134649587006
pendigits.csv,0.35,0.3334233333333314,0.33501399999999826,0.01657666666666857,0.01498600000000172,0.0030000000000000027,100,0.18769299,1.23776734785094
pendigits.csv,0.4,0.38908599999999827,0.3895893333333315,0.010914000000001756,0.010410666666668511,0.02799999999999997,100,0.19765317666666668,1.4332379994133877
pendigits.csv,0.44,0.3885816666666649,0.3891696666666648,0.05141833333333512,0.0508303333333352,0.017000000000000015,100,0.19691765666666666,1.5888740242808195
pendigits.csv,0.49,0.45602499999999974,0.45661066666666633,0.033975000000000255,0.03338933333333366,0.013000000000000012,100,0.21329157333333335,1.3952822962381752
pendigits.csv,0.54,0.471951333333334,0.47304033333333395,0.06804866666666604,0.06695966666666608,0.008000000000000007,100,0.1957331111111111,1.8154437982670688
pendigits.csv,0.6,0.5869826666666657,0.586731333333332,0.013017333333334324,0.013268666666667928,0.01100000000000001,100,0.2106370788888889,1.4647887631087648
pendigits.csv,0.65,0.6272380000000023,0.6277390000000023,0.02276199999999773,0.022260999999997755,0.014000000000000012,100,0.19151067111111109,1.790526002555847
pendigits.csv,0.7,0.6637239999999998,0.6624696666666668,0.0362760000000002,0.03753033333333311,0.017000000000000015,100,0.17607886555555555,1.8613505798681675
pendigits.csv,0.75,0.7359389999999973,0.7367756666666642,0.014061000000002655,0.013224333333335836,0.016000000000000014,100,0.16251908777777774,1.7984586269840517
pendigits.csv,0.8,0.7889996666666615,0.789333999999995,0.011000333333338497,0.01066600000000506,0.018000000000000016,100,0.13376411000000002,1.9916902232666893
pendigits.csv,0.85,0.8377780000000032,0.8375283333333364,0.012221999999996735,0.01247166666666355,0.010000000000000009,100,0.11439063444444443,1.7554888533177853
pendigits.csv,0.9,0.8851463333333317,0.8863169999999987,0.01485366666666832,0.013683000000001333,0.009000000000000008,100,0.08409974555555555,1.5208537730313525
pendigits.csv,0.95,0.9393653333333298,0.93936633333333,0.010634666666670123,0.010633666666669983,0.0050000000000001155,100,0.05155208333333333,1.6649292404300884
pendigits.csv,0.05,0.03711599999999992,0.04249199999999989,0.012884000000000083,0.007508000000000112,0.015,100,0.04191041777777778,0.41216632646440715
pendigits.csv,0.1,0.10506899999999962,0.10557099999999962,0.0050689999999996155,0.005570999999999618,0.016,100,0.07691543444444444,0.5437452775036647
pendigits.csv,0.15,0.1327566666666661,0.1323383333333328,0.017243333333333888,0.017661666666667186,0.023999999999999994,100,0.10956315111111115,0.8086061130866916
pendigits.csv,0.2,0.18539799999999873,0.1858999999999987,0.01460200000000128,0.014100000000001306,0.010000000000000009,100,0.13070164888888888,1.1742944438401661
pendigits.csv,0.25,0.21780433333333213,0.21780433333333213,0.03219566666666787,0.03219566666666787,0.0010000000000000009,100,0.14802127111111107,1.0436554874343942
pendigits.csv,0.3,0.2885743333333335,0.2902520000000001,0.0114256666666665,0.009747999999999868,0.0050000000000000044,100,0.17648218999999993,1.323050530882058
pendigits.csv,0.35,0.3367793333333314,0.3388719999999983,0.013220666666668601,0.011128000000001692,0.016000000000000014,100,0.18826319444444445,1.4535299051377588
pendigits.csv,0.4,0.38757433333333147,0.3879096666666647,0.012425666666668556,0.012090333333335312,0.0,100,0.20299270666666666,1.338867146595567
pendigits.csv,0.44,0.41301599999999833,0.41360399999999853,0.026984000000001673,0.026396000000001474,0.029000000000000026,100,0.20427148777777782,1.5798509194807497
pendigits.csv,0.49,0.4620489999999993,0.4614633333333327,0.02795100000000067,0.028536666666667265,0.027000000000000024,100,0.21451435111111114,1.46404855033199
pendigits.csv,0.54,0.47228633333333403,0.47329133333333395,0.067713666666666,0.06670866666666608,0.027000000000000024,100,0.19817339888888888,1.7137348568599888
pendigits.csv,0.6,0.5853906666666655,0.5858106666666655,0.014609333333334473,0.014189333333334497,0.01100000000000001,100,0.20112004000000003,1.5988726751311835
pendigits.csv,0.65,0.6371123333333362,0.6367776666666695,0.012887666666663855,0.01322233333333056,0.007000000000000006,100,0.1902596488888889,1.7435894550988336
pendigits.csv,0.7,0.6627163333333329,0.6612943333333333,0.03728366666666705,0.03870566666666664,1.1102230246251565e-16,100,0.1744419511111111,1.8915190967232998
pendigits.csv,0.75,0.7330106666666646,0.7327583333333315,0.01698933333333541,0.017241666666668487,0.016000000000000014,100,0.16427281222222223,1.7602748421230654
pendigits.csv,0.8,0.7890836666666614,0.789417999999995,0.010916333333338635,0.010582000000005087,0.019000000000000017,100,0.13537221777777778,1.8254713256189983
pendigits.csv,0.85,0.814016333333331,0.8143509999999977,0.03598366666666897,0.03564900000000226,0.010000000000000009,100,0.12179144333333333,1.7090272707016532
pendigits.csv,0.9,0.8751049999999974,0.8756893333333312,0.024895000000002665,0.024310666666668812,0.009000000000000008,100,0.08310155555555555,1.8197325242960316
pendigits.csv,0.95,0.9198710000000013,0.9224650000000006,0.03012899999999863,0.02753499999999931,0.006000000000000116,100,0.0542646711111111,1.7394733740591826
phoneme.csv,0.05,0.05996400000000001,0.027680999999999862,0.009964000000000008,0.02231900000000014,0.038000000000000006,100,0.04425623999999999,1.8112327241037962
phoneme.csv,0.1,0.1775196666666656,0.1294463333333331,0.0775196666666656,0.029446333333333102,0.064,100,0.07913010111111111,2.2140892587860037
phoneme.csv,0.15,0.12087466666666634,0.04702566666666655,0.029125333333333656,0.10297433333333345,0.076,100,0.06855468444444444,1.9966545661680226
phoneme.csv,0.2,0.1255736666666663,0.06428666666666667,0.0744263333333337,0.13571333333333335,0.096,100,0.07112152333333334,2.090043179337466
phoneme.csv,0.25,0.2351576666666658,0.14243166666666637,0.014842333333334207,0.10756833333333363,0.05099999999999999,100,0.11212828444444443,2.3163974598687425
phoneme.csv,0.3,0.23173966666666534,0.14302333333333295,0.06826033333333464,0.15697666666666704,0.0040000000000000036,100,0.10960995999999996,2.23930223680372
phoneme.csv,0.35,0.22794900000000004,0.16572233333333322,0.12205099999999994,0.18427766666666676,0.010000000000000009,100,0.10851252777777778,2.4045204876389095
phoneme.csv,0.4,0.34488633333333224,0.2740239999999999,0.05511366666666778,0.12597600000000014,0.0030000000000000027,100,0.12941064333333333,2.352409840211905
phoneme.csv,0.44,0.362225333333332,0.29814499999999955,0.07777466666666799,0.14185500000000045,0.065,100,0.12057965666666667,2.6020053252104116
phoneme.csv,0.49,0.3962326666666653,0.3836679999999986,0.0937673333333347,0.10633200000000137,0.022999999999999965,100,0.12852215444444445,2.5781356499494326
phoneme.csv,0.54,0.46890999999999905,0.4483909999999989,0.07109000000000099,0.09160900000000116,0.04999999999999993,100,0.12692174555555552,2.7044466027844103
phoneme.csv,0.6,0.4760493333333339,0.46005100000000015,0.1239506666666661,0.13994899999999982,0.006000000000000005,100,0.12527810666666667,2.6869587307861185
phoneme.csv,0.65,0.4797270000000004,0.4605473333333335,0.17027299999999962,0.18945266666666655,0.03700000000000003,100,0.11727060444444444,2.648873879303344
phoneme.csv,0.7,0.6083833333333348,0.570858666666668,0.09161666666666513,0.129141333333332,0.008000000000000007,100,0.11687433333333333,2.7375501765778774
phoneme.csv,0.75,0.7219563333333326,0.7480896666666663,0.028043666666667355,0.0019103333333336803,0.038000000000000034,100,0.10086892888888886,2.74385343483777
phoneme.csv,0.8,0.7317543333333315,0.7553756666666656,0.06824566666666854,0.04462433333333449,0.029000000000000026,100,0.09738899888888888,2.7478314963109782
phoneme.csv,0.85,0.808155666666664,0.8219759999999976,0.041844333333335926,0.02802400000000238,0.06600000000000006,100,0.07767377333333333,2.67402440850581
phoneme.csv,0.9,0.7992899999999963,0.8030569999999966,0.10071000000000374,0.09694300000000344,0.01100000000000001,100,0.08246311111111111,2.6749793291162285
phoneme.csv,0.95,0.9207160000000001,0.9338649999999995,0.029283999999999866,0.016135000000000455,0.008000000000000118,100,0.06116369333333333,2.7153647562757963
phoneme.csv,0.05,0.06029966666666669,0.03220733333333319,0.010299666666666686,0.01779266666666681,0.025999999999999995,100,0.04969961777777777,1.9913958245524315
phoneme.csv,0.1,0.15843499999999955,0.12668899999999975,0.05843499999999954,0.02668899999999974,0.01200000000000001,100,0.08044300000000001,1.839314781256109
phoneme.csv,0.15,0.14895899999999954,0.0960296666666667,0.0010410000000004582,0.0539703333333333,0.072,100,0.07507608333333333,2.090735132178601
phoneme.csv,0.2,0.183794999999999,0.132626333333333,0.016205000000001024,0.067373666666667,0.009999999999999981,100,0.09256988444444446,2.0321221822447058
phoneme.csv,0.25,0.18136666666666576,0.13329633333333302,0.06863333333333424,0.11670366666666698,0.059,100,0.10563583444444445,2.0489329776393976
phoneme.csv,0.3,0.23807899999999918,0.14259799999999967,0.06192100000000081,0.15740200000000032,0.008000000000000007,100,0.09338895111111112,2.467553307209927
phoneme.csv,0.35,0.2485516666666664,0.17929166666666663,0.10144833333333358,0.17070833333333335,0.03300000000000003,100,0.11500027111111112,2.3921861152275934
phoneme.csv,0.4,0.23556833333333335,0.16681133333333326,0.16443166666666667,0.23318866666666677,0.0,100,0.10735179888888892,2.6048792821139632
phoneme.csv,0.44,0.3258699999999992,0.24897733333333325,0.11413000000000079,0.19102266666666676,0.029000000000000026,100,0.11888815444444446,2.5923394952176104
phoneme.csv,0.49,0.42463433333333367,0.4103943333333337,0.06536566666666632,0.0796056666666663,0.01699999999999996,100,0.12753459888888888,2.559758637150585
phoneme.csv,0.54,0.4119616666666657,0.3906043333333326,0.1280383333333343,0.14939566666666743,0.014000000000000012,100,0.12138880444444444,2.585109560320235
phoneme.csv,0.6,0.4790630000000005,0.4622263333333335,0.12093699999999946,0.13777366666666646,0.027000000000000024,100,0.12715938999999998,2.642963633261055
phoneme.csv,0.65,0.5231066666666675,0.48843133333333405,0.12689333333333253,0.16156866666666597,0.027000000000000024,100,0.11421931555555556,2.676925963773645
phoneme.csv,0.7,0.5898720000000014,0.5574566666666675,0.11012799999999856,0.14254333333333247,0.018000000000000016,100,0.10699997333333332,2.7033772670888574
phoneme.csv,0.75,0.706314333333338,0.7332800000000037,0.04368566666666196,0.016719999999996293,0.04200000000000004,100,0.11564255555555554,2.547644421875
phoneme.csv,0.8,0.7527570000000003,0.7686756666666673,0.0472429999999997,0.03132433333333273,0.03200000000000003,100,0.0981072711111111,2.7611957259708793
phoneme.csv,0.85,0.7025423333333373,0.7326086666666701,0.1474576666666627,0.11739133333332985,0.052999999999999936,100,0.10406313222222224,2.740225245110805
phoneme.csv,0.9,0.8326856666666671,0.8694626666666672,0.06731433333333292,0.03053733333333286,0.01200000000000001,100,0.07232741666666666,2.6844426186235673
phoneme.csv,0.95,0.8911739999999986,0.9080869999999991,0.05882600000000138,0.041913000000000866,0.008999999999999897,100,0.06338803999999999,2.5894440433881005
php50jXam.csv,0.05,0.060216000000000026,0.059289,0.010216000000000024,0.009288999999999999,0.009000000000000001,100,0.046093239999999994,1.075821295301778
php50jXam.csv,0.1,0.12633799999999953,0.13195166666666625,0.02633799999999953,0.03195166666666624,0.020000000000000004,100,0.0727736388888889,0.9656491939400634
php50jXam.csv,0.15,0.14685866666666614,0.14501266666666607,0.0031413333333338567,0.0049873333333339265,0.018000000000000016,100,0.11578491555555555,1.1340121706203399
php50jXam.csv,0.2,0.18606733333333203,0.18665299999999868,0.013932666666667981,0.01334700000000133,0.016999999999999987,100,0.1416077011111111,1.2602592969854676
php50jXam.csv,0.25,0.23619999999999824,0.23510999999999826,0.013800000000001755,0.014890000000001735,0.015000000000000013,100,0.17189288888888893,1.0475146081415005
php50jXam.csv,0.3,0.3117519999999991,0.31217166666666574,0.011751999999999097,0.012171666666665748,0.04200000000000004,100,0.19063575111111114,1.3615908740414704
php50jXam.csv,0.35,0.34908266666666604,0.3489149999999994,0.0009173333333339362,0.0010850000000005577,0.03200000000000003,100,0.2044034788888889,1.3489526085094332
php50jXam.csv,0.4,0.39387233333333144,0.3941236666666648,0.006127666666668585,0.005876333333335204,0.043999999999999984,100,0.22215735444444448,1.2208490425256708
php50jXam.csv,0.44,0.4369490000000012,0.436196000000001,0.0030509999999988047,0.003803999999998975,0.04099999999999998,100,0.21420553777777776,1.5296792846536873
php50jXam.csv,0.49,0.48739999999999856,0.48739999999999856,0.0026000000000014345,0.0026000000000014345,0.05500000000000005,100,0.2182118622222222,1.5203976971024282
php50jXam.csv,0.54,0.5385366666666674,0.5386203333333341,0.0014633333333325949,0.0013796666666658908,0.05899999999999994,100,0.22574823444444442,1.2684678007456403
php50jXam.csv,0.6,0.6073883333333344,0.6073033333333345,0.00738833333333444,0.00730333333333455,0.07700000000000007,100,0.21485414555555557,1.2585266865153075
php50jXam.csv,0.65,0.635690000000003,0.6356060000000031,0.014309999999997047,0.01439399999999691,0.031000000000000028,100,0.20913939888888883,1.2422982278759676
php50jXam.csv,0.7,0.6890856666666697,0.6890850000000031,0.01091433333333025,0.0109149999999969,0.051000000000000045,100,0.18736756777777774,1.1465384308225601
php50jXam.csv,0.75,0.7383653333333298,0.73836533333333,0.011634666666670235,0.011634666666670013,0.017000000000000015,100,0.18077833222222217,1.0136619520437347
php50jXam.csv,0.8,0.7894183333333282,0.7898366666666616,0.010581666666671818,0.010163333333338409,0.026000000000000023,100,0.15191757666666666,1.126002818413619
php50jXam.csv,0.85,0.83903366666667,0.8390346666666699,0.01096633333332997,0.010965333333330052,0.02100000000000002,100,0.12051933333333333,1.076230920965111
php50jXam.csv,0.9,0.8746046666666638,0.8745203333333303,0.025395333333336212,0.025479666666669676,0.017000000000000015,100,0.09525388888888887,0.9983047604381493
php50jXam.csv,0.95,0.9396999999999965,0.9405406666666634,0.010300000000003418,0.009459333333336595,0.02200000000000002,100,0.04861455111111113,0.8340861281047526
php50jXam.csv,0.05,0.06030000000000002,0.059541000000000004,0.010300000000000017,0.009541000000000001,0.0010000000000000009,100,0.04746584000000001,0.8126963085156216
php50jXam.csv,0.1,0.10891499999999942,0.10514666666666615,0.00891499999999941,0.005146666666666147,0.0049999999999999906,100,0.08112748777777776,1.009235169469056
php50jXam.csv,0.15,0.1361096666666661,0.13552499999999945,0.013890333333333893,0.014475000000000543,0.0,100,0.1140496488888889,1.019747957655378
php50jXam.csv,0.2,0.1869876666666654,0.18757333333333204,0.013012333333334625,0.012426666666667974,0.01899999999999999,100,0.13646160444444447,1.4688663397992394
php50jXam.csv,0.25,0.23678566666666492,0.23602999999999832,0.013214333333335077,0.013970000000001676,0.03600000000000003,100,0.16358006555555551,1.490572576898023
php50jXam.csv,0.3,0.3111656666666658,0.31150133333333246,0.011165666666665797,0.011501333333332475,0.038000000000000034,100,0.19454604888888888,1.1811723069733768
php50jXam.csv,0.35,0.3602940000000011,0.3602940000000011,0.010294000000001136,0.010294000000001136,0.04300000000000004,100,0.19905410111111116,1.3897003010281148
php50jXam.csv,0.4,0.3876573333333315,0.38790899999999817,0.0123426666666685,0.01209100000000185,0.023999999999999966,100,0.22290577777777773,1.0667171437868883
php50jXam.csv,0.44,0.4377856666666678,0.4372836666666676,0.002214333333332208,0.002716333333332377,0.029000000000000026,100,0.21792126555555558,1.4383700802970778
php50jXam.csv,0.49,0.4763559999999986,0.4764396666666656,0.013644000000001377,0.013560333333334396,0.04600000000000004,100,0.22145918222222222,1.4393426950246746
php50jXam.csv,0.54,0.540377333333334,0.5402936666666674,0.00037733333333400676,0.0002936666666674137,0.051999999999999935,100,0.21958619000000001,1.4134643889598935
php50jXam.csv,0.6,0.6087320000000016,0.6088153333333348,0.008732000000001627,0.00881533333333484,0.07200000000000006,100,0.2179376844444445,1.2280528030111888
php50jXam.csv,0.65,0.6326780000000027,0.6328450000000029,0.017321999999997284,0.017154999999997145,0.04700000000000004,100,0.20843330666666668,1.2975451436902792
php50jXam.csv,0.7,0.6903276666666698,0.6875610000000031,0.009672333333330174,0.01243899999999687,0.05300000000000005,100,0.19220184333333334,1.0780818005563053
php50jXam.csv,0.75,0.7587800000000016,0.758194666666668,0.008780000000001564,0.008194666666668016,0.051000000000000045,100,0.16743830555555558,1.2683112139224635
php50jXam.csv,0.8,0.8001276666666629,0.8002949999999962,0.0001276666666628623,0.00029499999999615945,0.03299999999999992,100,0.1498718888888889,1.0361781717681762
php50jXam.csv,0.85,0.8399566666666699,0.8396216666666699,0.010043333333330073,0.010378333333330048,0.017000000000000015,100,0.12330903444444444,1.0006525326078828
php50jXam.csv,0.9,0.8953553333333328,0.8940163333333326,0.004644666666667185,0.0059836666666673866,0.020000000000000018,100,0.08174068444444446,1.0038378854713566
php50jXam.csv,0.95,0.9396999999999965,0.9406246666666636,0.010300000000003418,0.0093753333333364,0.02300000000000002,100,0.04537904333333333,0.7460931433690005
phpGUrE90.csv,0.05,0.08464699999999994,0.04619666666666654,0.03464699999999994,0.003803333333333464,0.05,100,0.05489055444444444,2.1150390507446835
phpGUrE90.csv,0.1,0.170494666666666,0.12861433333333308,0.07049466666666598,0.028614333333333075,0.07599999999999998,100,0.08369436777777776,2.4731622692922506
phpGUrE90.csv,0.15,0.16086566666666638,0.09862333333333331,0.010865666666666385,0.05137666666666668,0.039999999999999994,100,0.07676036777777777,2.3770984894550145
phpGUrE90.csv,0.2,0.18606133333333233,0.12089699999999987,0.013938666666667682,0.07910300000000015,0.05200000000000002,100,0.08578162666666668,2.4071787872047947
phpGUrE90.csv,0.25,0.2362836666666649,0.17687133333333255,0.013716333333335107,0.07312866666666745,0.017999999999999988,100,0.10108526222222226,2.5096643624555974
phpGUrE90.csv,0.3,0.2303233333333318,0.1421056666666663,0.06967666666666819,0.1578943333333337,0.03799999999999998,100,0.09787277333333332,2.589527698657352
phpGUrE90.csv,0.35,0.3107609999999992,0.18983499999999998,0.0392390000000008,0.160165,0.010000000000000009,100,0.11123819888888889,2.6612251349958846
phpGUrE90.csv,0.4,0.29953533333333304,0.19142466666666644,0.10046466666666698,0.20857533333333358,0.0040000000000000036,100,0.09865654555555556,2.7292686536094184
phpGUrE90.csv,0.44,0.3612146666666668,0.3179076666666666,0.07878533333333321,0.12209233333333341,0.04299999999999998,100,0.10227226222222222,2.834958740759675
phpGUrE90.csv,0.49,0.39539466666666523,0.37981366666666566,0.09460533333333476,0.11018633333333433,0.04099999999999998,100,0.12241298999999999,2.630893469603518
phpGUrE90.csv,0.54,0.4288243333333339,0.415002333333334,0.11117566666666612,0.12499766666666606,0.029000000000000026,100,0.12412507888888889,2.6749314321183544
phpGUrE90.csv,0.6,0.46179799999999915,0.4440476666666665,0.13820200000000082,0.15595233333333347,0.051999999999999935,100,0.13130171555555553,2.6317172579593615
phpGUrE90.csv,0.65,0.5399590000000009,0.4889433333333338,0.11004099999999917,0.16105666666666624,0.014000000000000012,100,0.12176628444444447,2.7453957780738842
phpGUrE90.csv,0.7,0.5965536666666665,0.5406103333333337,0.10344633333333342,0.1593896666666662,0.028000000000000025,100,0.12158037666666667,2.685714058873325
phpGUrE90.csv,0.75,0.6165080000000013,0.5746310000000009,0.13349199999999872,0.1753689999999991,0.006000000000000005,100,0.10586228777777779,2.786264888387203
phpGUrE90.csv,0.8,0.6575420000000012,0.6509300000000008,0.14245799999999886,0.14906999999999926,0.019000000000000017,100,0.10280653777777778,2.752392325610025
phpGUrE90.csv,0.85,0.736273666666664,0.7789956666666656,0.11372633333333593,0.07100433333333434,0.0050000000000000044,100,0.09930572888888889,2.65628453553971
phpGUrE90.csv,0.9,0.7920823333333304,0.8042253333333303,0.10791766666666958,0.09577466666666967,0.0,100,0.07920428444444444,2.5494715806909505
phpGUrE90.csv,0.95,0.8096653333333306,0.826332333333331,0.14033466666666938,0.12366766666666895,0.016999999999999904,100,0.08038602111111111,2.6196681673148565
phpGUrE90.csv,0.05,0.0605506666666667,0.03648499999999986,0.010550666666666694,0.013515000000000145,0.033,100,0.050394115555555556,2.3801048990959446
phpGUrE90.csv,0.1,0.15959899999999957,0.09376766666666675,0.05959899999999957,0.0062323333333332565,0.0049999999999999906,100,0.07400933333333333,2.4270502372165943
phpGUrE90.csv,0.15,0.16045333333333306,0.12568633333333315,0.010453333333333065,0.024313666666666844,0.041999999999999996,100,0.08589741666666666,2.370893097072681
phpGUrE90.csv,0.2,0.1880706666666656,0.13413466666666635,0.011929333333334402,0.06586533333333366,0.028999999999999998,100,0.08778641222222223,2.5263743399304097
phpGUrE90.csv,0.25,0.2363673333333316,0.17695533333333258,0.013632666666668403,0.07304466666666742,0.027000000000000024,100,0.10634694555555557,2.492552865832505
phpGUrE90.csv,0.3,0.2565276666666665,0.1521489999999996,0.0434723333333335,0.1478510000000004,0.03300000000000003,100,0.1059064488888889,2.4631179177134026
phpGUrE90.csv,0.35,0.24607166666666538,0.17519166666666597,0.1039283333333346,0.174808333333334,0.04899999999999999,100,0.10187418222222222,2.614035323702812
phpGUrE90.csv,0.4,0.3437179999999992,0.2646440000000001,0.05628200000000083,0.13535599999999992,0.025000000000000022,100,0.10906941666666667,2.6803897169668227
phpGUrE90.csv,0.44,0.39312999999999865,0.38223866666666545,0.046870000000001355,0.05776133333333455,0.025000000000000022,100,0.12945383444444447,2.596166442354911
phpGUrE90.csv,0.49,0.34630999999999923,0.27402300000000007,0.14369000000000076,0.21597699999999992,0.05299999999999999,100,0.11458271555555559,2.635855240838203
phpGUrE90.csv,0.54,0.41811533333333245,0.4106556666666661,0.12188466666666758,0.12934433333333395,0.007000000000000006,100,0.11259846222222221,2.7888106234791556
phpGUrE90.csv,0.6,0.4718640000000004,0.45351933333333355,0.12813599999999958,0.14648066666666643,0.062000000000000055,100,0.10874874999999998,2.7908047565240373
phpGUrE90.csv,0.65,0.5268233333333342,0.4746356666666676,0.12317666666666582,0.1753643333333324,0.030000000000000027,100,0.12370502666666666,2.734931788055213
phpGUrE90.csv,0.7,0.5633856666666677,0.5090263333333339,0.13661433333333228,0.19097366666666604,0.014999999999999902,100,0.11589629333333333,2.73811972374152
phpGUrE90.csv,0.75,0.5893436666666667,0.5344896666666671,0.1606563333333333,0.21551033333333292,0.05699999999999994,100,0.11290044444444444,2.8106308342732453
phpGUrE90.csv,0.8,0.7146040000000045,0.7718880000000024,0.08539599999999559,0.028111999999997694,0.038999999999999924,100,0.09768099888888887,2.751458776962374
phpGUrE90.csv,0.85,0.7150223333333378,0.7715516666666686,0.13497766666666222,0.07844833333333134,0.01100000000000001,100,0.1035427511111111,2.6386203622850766
phpGUrE90.csv,0.9,0.7499956666666662,0.7851833333333335,0.15000433333333385,0.11481666666666657,0.03300000000000003,100,0.08846830555555556,2.7692651271107818
phpGUrE90.csv,0.95,0.7971989999999959,0.8045669999999963,0.15280100000000407,0.1454330000000037,0.02199999999999991,100,0.08365826222222221,2.452591751997446
phpMD2hR6.csv,0.05,0.06030000000000002,0.059373,0.010300000000000017,0.009373,0.008,100,0.046382945555555555,0.4396037791980476
phpMD2hR6.csv,0.1,0.1097516666666661,0.10640199999999943,0.00975166666666609,0.006401999999999422,0.007999999999999993,100,0.09005522666666664,0.6790980136966005
phpMD2hR6.csv,0.15,0.14266066666666619,0.14157166666666604,0.0073393333333338084,0.008428333333333954,0.01100000000000001,100,0.1240738711111111,0.7561124691916039
phpMD2hR6.csv,0.2,0.19911933333333215,0.19903566666666547,0.000880666666667862,0.0009643333333345383,0.011999999999999983,100,0.1527532711111111,0.8807330192676198
phpMD2hR6.csv,0.25,0.2616346666666669,0.2618016666666668,0.011634666666666904,0.011801666666666821,0.029000000000000026,100,0.18278363888888888,0.965964381998335
phpMD2hR6.csv,0.3,0.3107473333333325,0.3111666666666658,0.010747333333332498,0.011166666666665825,0.02400000000000002,100,0.20326316777777775,0.9716582054148386
phpMD2hR6.csv,0.35,0.34565133333333214,0.34640433333333237,0.004348666666667833,0.0035956666666676074,0.009000000000000008,100,0.21147108444444446,0.9607757527448215
phpMD2hR6.csv,0.4,0.39303266666666486,0.39370399999999817,0.006967333333335157,0.006296000000001856,0.024999999999999967,100,0.2258277988888889,1.0331805341291456
phpMD2hR6.csv,0.44,0.4376183333333345,0.43736733333333433,0.002381666666665505,0.002632666666665673,0.03700000000000003,100,0.22772606555555558,1.238385815421879
phpMD2hR6.csv,0.49,0.5136883333333342,0.5132696666666675,0.0236883333333342,0.02326966666666752,0.039000000000000035,100,0.23617993222222222,1.049644324147007
phpMD2hR6.csv,0.54,0.5617123333333346,0.5618800000000012,0.021712333333334555,0.02188000000000112,0.03600000000000003,100,0.23619831555555548,1.0179796899339693
phpMD2hR6.csv,0.6,0.6104956666666684,0.6104106666666683,0.010495666666668457,0.010410666666668345,0.03300000000000003,100,0.22339805666666668,1.0736430490130289
phpMD2hR6.csv,0.65,0.6611253333333331,0.6609596666666665,0.011125333333333098,0.010959666666666479,0.04400000000000004,100,0.2088924655555555,1.081382921902863
phpMD2hR6.csv,0.7,0.6906760000000031,0.6898376666666697,0.00932399999999689,0.010162333333330276,0.025000000000000022,100,0.20127578222222223,0.8931178498112595
phpMD2hR6.csv,0.75,0.7383653333333298,0.7382816666666633,0.011634666666670235,0.011718333333336717,0.018000000000000016,100,0.18360532888888892,0.8843646780022203
phpMD2hR6.csv,0.8,0.8129286666666642,0.8134306666666642,0.012928666666664146,0.013430666666664148,0.026000000000000023,100,0.1479605277777778,1.0027354809900313
phpMD2hR6.csv,0.85,0.8648123333333299,0.8648126666666629,0.014812333333329875,0.014812666666662921,0.027000000000000024,100,0.11666944444444446,0.9201804201035282
phpMD2hR6.csv,0.9,0.895355333333333,0.8940163333333326,0.004644666666667074,0.0059836666666673866,0.01200000000000001,100,0.08867408333333335,0.6670670547228486
phpMD2hR6.csv,0.95,0.9396999999999965,0.9412956666666635,0.010300000000003418,0.008704333333336423,0.013000000000000012,100,0.04467276777777779,0.33440088293500836
phpMD2hR6.csv,0.05,0.07042366666666679,0.06925200000000013,0.020423666666666784,0.01925200000000013,0.006999999999999999,100,0.05541005666666665,0.6679728267476794
phpMD2hR6.csv,0.1,0.10958433333333277,0.10631833333333277,0.009584333333332765,0.00631833333333276,0.007999999999999993,100,0.08846659888888889,0.7470888790195532
phpMD2hR6.csv,0.15,0.15987600000000002,0.1599586666666666,0.009876000000000024,0.009958666666666616,0.019000000000000017,100,0.12802806555555557,0.8784280839237384
phpMD2hR6.csv,0.2,0.21091633333333226,0.21100099999999894,0.010916333333332251,0.011000999999998928,0.017999999999999988,100,0.1565905277777778,0.9249383434407397
phpMD2hR6.csv,0.25,0.26155100000000026,0.2616343333333335,0.011551000000000256,0.011634333333333524,0.030000000000000027,100,0.18538962111111112,0.7739485170940796
phpMD2hR6.csv,0.3,0.31124933333333243,0.31166866666666576,0.011249333333332445,0.011668666666665772,0.026000000000000023,100,0.2019625511111111,0.9310753105052658
phpMD2hR6.csv,0.35,0.34498199999999873,0.34598599999999896,0.005018000000001244,0.004014000000001017,0.014000000000000012,100,0.2135681455555555,0.9885016399645585
phpMD2hR6.csv,0.4,0.3875736666666649,0.3880769999999981,0.012426333333335149,0.011923000000001904,0.01699999999999996,100,0.21921854555555562,1.129039225383079
phpMD2hR6.csv,0.44,0.4253189999999998,0.424733333333333,0.014681000000000222,0.015266666666666984,0.02200000000000002,100,0.22769042111111112,1.1047697875148375
phpMD2hR6.csv,0.49,0.48739999999999856,0.48739999999999856,0.0026000000000014345,0.0026000000000014345,0.029000000000000026,100,0.23460765666666664,1.0703127673446153
phpMD2hR6.csv,0.54,0.5551026666666676,0.5551026666666675,0.015102666666667597,0.015102666666667486,0.02400000000000002,100,0.23344749333333334,1.0635116223567063
phpMD2hR6.csv,0.6,0.6095720000000017,0.6100746666666682,0.00957200000000169,0.01007466666666823,0.027000000000000024,100,0.22368113222222225,1.1172060294392774
phpMD2hR6.csv,0.65,0.6357736666666696,0.6357733333333364,0.014226333333330454,0.014226666666663612,0.0020000000000000018,100,0.21765858999999996,0.9669900661692477
phpMD2hR6.csv,0.7,0.6991203333333369,0.6996190000000034,0.0008796666666630593,0.000380999999996523,0.03600000000000003,100,0.19726858222222218,0.9033494232842461
phpMD2hR6.csv,0.75,0.7635490000000028,0.7634656666666694,0.013549000000002809,0.013465666666669374,0.02300000000000002,100,0.17815411111111107,0.8048069106538204
phpMD2hR6.csv,0.8,0.8130959999999975,0.813849333333331,0.013095999999997443,0.013849333333330938,0.026000000000000023,100,0.1524558788888889,0.7992082102418361
phpMD2hR6.csv,0.85,0.83911766666667,0.8392023333333367,0.010882333333329997,0.010797666666663264,0.014000000000000012,100,0.12891107888888892,0.823606331431133
phpMD2hR6.csv,0.9,0.8908363333333322,0.8909196666666657,0.009163666666667791,0.009080333333334356,0.020000000000000018,100,0.0877831288888889,0.9835179263964677
phpMD2hR6.csv,0.95,0.9396999999999965,0.9406246666666636,0.010300000000003418,0.0093753333333364,0.015000000000000013,100,0.04709288444444445,0.6807888866859739
phpWfYmlu.csv,0.05,0.08364299999999995,0.04040899999999988,0.03364299999999995,0.00959100000000012,0.043000000000000003,100,0.05695533777777777,2.0388672641766656
phpWfYmlu.csv,0.1,0.08991799999999983,0.03856099999999989,0.010082000000000174,0.06143900000000012,0.1,100,0.06112342666666665,2.147882481100873
phpWfYmlu.csv,0.15,0.16395999999999947,0.12928366666666646,0.013959999999999473,0.02071633333333353,0.03199999999999999,100,0.085701,2.051760401614987
phpWfYmlu.csv,0.2,0.21320933333333203,0.13849633333333297,0.013209333333332018,0.06150366666666704,0.006000000000000005,100,0.10237832333333334,2.244197925116513
phpWfYmlu.csv,0.25,0.3203329999999989,0.21706499999999995,0.07033299999999892,0.03293500000000005,0.01899999999999999,100,0.1245740488888889,2.245664601470352
phpWfYmlu.csv,0.3,0.38246799999999886,0.37224999999999875,0.08246799999999888,0.07224999999999876,0.05399999999999999,100,0.1323993066666667,2.467528175045481
phpWfYmlu.csv,0.35,0.4051283333333317,0.3900456666666652,0.055128333333331725,0.0400456666666652,0.02100000000000002,100,0.13490392333333334,2.4824794740533074
phpWfYmlu.csv,0.4,0.4301676666666671,0.41659566666666714,0.030167666666667092,0.01659566666666712,0.03699999999999998,100,0.14805482111111112,2.3686767008654033
phpWfYmlu.csv,0.44,0.45158066666666596,0.435332999999999,0.011580666666665962,0.004667000000000976,0.02400000000000002,100,0.13298537333333332,2.5067704853818107
phpWfYmlu.csv,0.49,0.4802350000000004,0.4626443333333335,0.00976499999999958,0.0273556666666665,0.038000000000000034,100,0.15468125666666668,2.343419430225869
phpWfYmlu.csv,0.54,0.6008466666666676,0.5642423333333343,0.060846666666667604,0.024242333333334254,0.07499999999999996,100,0.14010317333333333,2.457402184233057
phpWfYmlu.csv,0.6,0.6381876666666679,0.5952210000000011,0.03818766666666795,0.0047789999999988675,0.040000000000000036,100,0.13716000444444443,2.3898559462615694
phpWfYmlu.csv,0.65,0.6566903333333333,0.6117990000000005,0.006690333333333243,0.038200999999999485,0.02400000000000002,100,0.13350619,2.4771564179690424
phpWfYmlu.csv,0.7,0.7479033333333321,0.7647436666666662,0.04790333333333219,0.0647436666666662,0.08000000000000007,100,0.10832842111111111,2.3879356322860725
phpWfYmlu.csv,0.75,0.7899989999999956,0.795273999999996,0.039998999999995566,0.04527399999999604,0.039000000000000035,100,0.10384455444444445,2.423441107507519
phpWfYmlu.csv,0.8,0.8114226666666642,0.8134336666666642,0.011422666666664139,0.013433666666664124,0.015000000000000013,100,0.09799156777777776,2.303858226591541
phpWfYmlu.csv,0.85,0.867634999999999,0.888483666666667,0.017634999999999068,0.03848366666666703,0.07500000000000007,100,0.07198584333333334,2.087844671289019
phpWfYmlu.csv,0.9,0.9182006666666681,0.9364559999999996,0.018200666666668086,0.0364559999999996,0.040000000000000036,100,0.05902124888888889,2.1633942075631047
phpWfYmlu.csv,0.95,0.988996000000004,0.9822040000000025,0.03899600000000403,0.032204000000002564,0.040000000000000036,100,0.023532888888888895,1.987464670499611
phpWfYmlu.csv,0.05,0.060297666666666694,0.03421833333333319,0.010297666666666691,0.015781666666666812,0.038000000000000006,100,0.05213688444444444,2.098963681876962
phpWfYmlu.csv,0.1,0.1661356666666659,0.1290316666666664,0.0661356666666659,0.0290316666666664,0.017,100,0.08965033222222223,1.8471420390234026
phpWfYmlu.csv,0.15,0.18312599999999898,0.13287766666666637,0.03312599999999899,0.017122333333333628,0.016999999999999987,100,0.08945157666666669,2.234941020709833
phpWfYmlu.csv,0.2,0.21019366666666534,0.1391669999999996,0.010193666666665324,0.060833000000000415,0.006000000000000005,100,0.10518494555555558,2.175747294545974
phpWfYmlu.csv,0.25,0.2455699999999986,0.1797993333333326,0.004430000000001405,0.07020066666666741,0.021999999999999992,100,0.1250345277777778,2.12812766724952
phpWfYmlu.csv,0.3,0.33374999999999894,0.2549296666666666,0.03374999999999895,0.04507033333333338,0.01699999999999996,100,0.11209986111111112,2.566448108696995
phpWfYmlu.csv,0.35,0.3766916666666658,0.3690693333333323,0.026691666666665836,0.019069333333332328,0.020000000000000018,100,0.13117338999999997,2.40222114139081
phpWfYmlu.csv,0.4,0.4303350000000005,0.4162613333333338,0.0303350000000005,0.016261333333333794,0.016000000000000014,100,0.15065122111111112,2.3157393679015352
phpWfYmlu.csv,0.44,0.4480746666666664,0.43148999999999943,0.008074666666666397,0.008510000000000573,0.056999999999999995,100,0.1482,2.2381898384234145
phpWfYmlu.csv,0.49,0.4794780000000002,0.46506999999999993,0.01052199999999981,0.024930000000000063,0.05600000000000005,100,0.1493518266666667,2.4097709935799285
phpWfYmlu.csv,0.54,0.6266430000000017,0.5850986666666682,0.08664300000000169,0.045098666666668175,0.11299999999999999,100,0.11817341666666667,2.617961676611216
phpWfYmlu.csv,0.6,0.6012730000000018,0.564667666666668,0.001273000000001856,0.03533233333333197,0.040000000000000036,100,0.14424183444444444,2.3297310047573143
phpWfYmlu.csv,0.65,0.6602066666666664,0.6152306666666669,0.010206666666666364,0.0347693333333331,0.05699999999999994,100,0.1384038877777778,2.291748245513556
phpWfYmlu.csv,0.7,0.7212123333333349,0.7378790000000014,0.021212333333334943,0.03787900000000144,0.06300000000000006,100,0.13147378999999998,2.21010837697911
phpWfYmlu.csv,0.75,0.7640516666666695,0.7761223333333356,0.01405166666666946,0.02612233333333558,0.029000000000000026,100,0.11596861777777777,2.199220267585643
phpWfYmlu.csv,0.8,0.8376943333333365,0.8383683333333364,0.037694333333336494,0.038368333333336335,0.07999999999999996,100,0.09011152888888889,2.1371017017935316
phpWfYmlu.csv,0.85,0.8449196666666674,0.8532143333333343,0.005080333333332576,0.0032143333333343183,0.03300000000000003,100,0.07838577333333334,2.241204798446358
phpWfYmlu.csv,0.9,0.9330963333333322,0.9614196666666669,0.03309633333333217,0.06141966666666687,0.04800000000000004,100,0.053678678888888894,2.016891825027971
phpWfYmlu.csv,0.95,0.9638033333333333,0.9722493333333345,0.01380333333333339,0.022249333333334564,0.0050000000000001155,100,0.04218113777777777,2.2226020231442716
phphQEck0.csv,0.05,0.06030000000000002,0.05945700000000001,0.010300000000000017,0.009457000000000007,0.05,100,0.04733451555555556,0.25400119505959456
phphQEck0.csv,0.1,0.10573433333333276,0.10372433333333286,0.005734333333332758,0.0037243333333328577,0.091,100,0.08966747354166664,0.43485527997331375
phphQEck0.csv,0.15,0.13393299999999944,0.13401799999999944,0.016067000000000553,0.01598200000000055,0.12400000000000003,100,0.1272715822222222,0.4227090878341354
phphQEck0.csv,0.2,0.18573266666666535,0.186318333333332,0.014267333333334659,0.013681666666668008,0.14800000000000002,100,0.15950133333333338,0.5004024235662434
phphQEck0.csv,0.25,0.23619999999999824,0.23569633333333162,0.013800000000001755,0.01430366666666838,0.16400000000000003,100,0.1870615733333333,0.6154430608265378
phphQEck0.csv,0.3,0.31066366666666584,0.3109993333333325,0.01066366666666585,0.010999333333332528,0.17800000000000005,100,0.20794864000000002,0.7155457319948183
phphQEck0.csv,0.35,0.3479106666666658,0.3480776666666659,0.0020893333333341646,0.0019223333333340809,0.18900000000000006,100,0.22427692888888884,0.8202069386859975
phphQEck0.csv,0.4,0.3918566666666648,0.39244399999999807,0.008143333333335223,0.00755600000000195,0.18999999999999995,100,0.23759363888888893,0.7745614582506541
phphQEck0.csv,0.44,0.43745100000000114,0.4368653333333343,0.0025489999999988577,0.0031346666666656753,0.187,100,0.24481890666666653,0.6859298002802212
phphQEck0.csv,0.49,0.4872326666666652,0.4872326666666652,0.002767333333334787,0.002767333333334787,0.17800000000000005,100,0.2473974444444444,0.7417626280893392
phphQEck0.csv,0.54,0.5587003333333344,0.5592863333333343,0.018700333333334318,0.019286333333334293,0.17999999999999994,100,0.24464022222222226,0.8199398075089326
phphQEck0.csv,0.6,0.609067333333335,0.6088986666666681,0.009067333333334981,0.008898666666668165,0.16100000000000003,100,0.23846308835270213,0.7238713124646035
phphQEck0.csv,0.65,0.6494120000000017,0.6499153333333351,0.0005879999999983676,8.466666666495648e-05,0.15000000000000002,100,0.22522901637429713,0.6928558822129276
phphQEck0.csv,0.7,0.6891693333333364,0.6892523333333364,0.010830666666663546,0.010747666666663602,0.133,100,0.20908899000000003,0.6108643020828245
phphQEck0.csv,0.75,0.7635490000000028,0.7635493333333361,0.013549000000002809,0.013549333333336078,0.118,100,0.1848447066666667,0.6043211815789455
phphQEck0.csv,0.8,0.8135979999999976,0.814351333333331,0.013597999999997556,0.01435133333333094,0.09499999999999997,100,0.15975948777777776,0.500402423566243
phphQEck0.csv,0.85,0.8664029999999966,0.8661523333333296,0.016402999999996615,0.01615233333332966,0.07400000000000007,100,0.12749011000000002,0.4227090878341349
phphQEck0.csv,0.9,0.896192,0.8946019999999995,0.0038080000000000336,0.005398000000000569,0.051000000000000045,100,0.08964630555555556,0.3250829734197074
phphQEck0.csv,0.95,0.9396999999999965,0.9413796666666637,0.010300000000003418,0.008620333333336228,0.029000000000000026,100,0.04582282666666666,0.22353536454983475
phphQEck0.csv,0.05,0.06030000000000002,0.05945700000000001,0.010300000000000017,0.009457000000000007,0.051000000000000004,100,0.047376186593013486,0.3868577708014842
phphQEck0.csv,0.1,0.10565066666666612,0.10372433333333286,0.00565066666666611,0.0037243333333328577,0.092,100,0.08966788777777779,0.3800253076539363
phphQEck0.csv,0.15,0.13393299999999944,0.13401799999999944,0.016067000000000553,0.01598200000000055,0.12400000000000003,100,0.12722673222222222,0.4227090878341354
phphQEck0.csv,0.2,0.18573266666666535,0.186318333333332,0.014267333333334659,0.013681666666668008,0.14800000000000002,100,0.1591983511111111,0.5004024235662434
phphQEck0.csv,0.25,0.23619999999999824,0.23569633333333162,0.013800000000001755,0.01430366666666838,0.16600000000000004,100,0.18652098222222221,0.6154430608265378
phphQEck0.csv,0.3,0.3107473333333325,0.3111666666666658,0.010747333333332498,0.011166666666665825,0.182,100,0.2081655555555556,0.8057758981644565
phphQEck0.csv,0.35,0.3473246666666657,0.3476593333333325,0.002675333333334251,0.0023406666666674902,0.18100000000000005,100,0.2260073711555556,0.692855882212928
phphQEck0.csv,0.4,0.39219266666666486,0.3926119999999981,0.007807333333335165,0.0073880000000019486,0.18699999999999994,100,0.2366638611111111,0.7706340521182196
phphQEck0.csv,0.44,0.43745100000000114,0.4368653333333343,0.0025489999999988577,0.0031346666666656753,0.187,100,0.24581753222222225,0.6859298002802212
phphQEck0.csv,0.49,0.4866463333333319,0.4866463333333319,0.003353666666668087,0.003353666666668087,0.18300000000000005,100,0.24915541666666663,0.6929471672523186
phphQEck0.csv,0.54,0.5558556666666676,0.5560233333333341,0.0158556666666676,0.016023333333334056,0.16999999999999993,100,0.24734952888888898,0.7754854663559407
phphQEck0.csv,0.6,0.609235333333335,0.6091506666666682,0.009235333333335038,0.009150666666668195,0.16300000000000003,100,0.2377749822222222,0.7662807079838737
phphQEck0.csv,0.65,0.6491606666666684,0.6494970000000018,0.0008393333333316377,0.0005029999999982548,0.14900000000000002,100,0.22687325666666663,0.6474466390625229
phphQEck0.csv,0.7,0.6891693333333364,0.6892523333333364,0.010830666666663546,0.010747666666663602,0.135,100,0.2075936622222223,0.6547077258840002
phphQEck0.csv,0.75,0.7634653333333361,0.7627963333333357,0.013465333333336105,0.012796333333335741,0.11199999999999999,100,0.18507259555555552,0.7212516241032564
phphQEck0.csv,0.8,0.8135979999999976,0.814351333333331,0.013597999999997556,0.01435133333333094,0.09499999999999997,100,0.1596467511111111,0.500402423566243
phphQEck0.csv,0.85,0.8664029999999966,0.8661523333333296,0.016402999999996615,0.01615233333332966,0.07400000000000007,100,0.1272659822222222,0.4227090878341349
phphQEck0.csv,0.9,0.896192,0.8946019999999995,0.0038080000000000336,0.005398000000000569,0.051000000000000045,100,0.08907222666666667,0.3250829734197074
phphQEck0.csv,0.95,0.9396999999999965,0.9412956666666635,0.010300000000003418,0.008704333333336423,0.026000000000000023,100,0.047436826666666675,0.30938076175946394
phplE7q6h.csv,0.05,0.029336999999999894,0.022394333333333207,0.02066300000000011,0.027605666666666796,0.057999999999999996,100,0.04651810999999999,2.763146930239666
phplE7q6h.csv,0.1,0.07744300000000003,0.04241866666666654,0.02255699999999998,0.05758133333333346,0.013999999999999999,100,0.060542271111111115,2.639362692796948
phplE7q6h.csv,0.15,0.053310666666666555,0.033454666666666535,0.09668933333333343,0.11654533333333346,0.06899999999999999,100,0.05445211111111112,2.7277538162042356
phplE7q6h.csv,0.2,0.25234599999999857,0.17242499999999933,0.05234599999999856,0.027575000000000682,0.02200000000000002,100,0.07806421777777778,2.8010885516451625
phplE7q6h.csv,0.25,0.2516683333333326,0.1446949999999997,0.0016683333333326056,0.10530500000000029,0.0010000000000000009,100,0.07960039555555555,2.8883528908329104
phplE7q6h.csv,0.3,0.3005696666666665,0.23724566666666633,0.000569666666666524,0.06275433333333366,0.031000000000000028,100,0.08181626222222223,2.8861903103641966
phplE7q6h.csv,0.35,0.35644300000000045,0.2750243333333337,0.006443000000000476,0.07497566666666627,0.023999999999999966,100,0.09125760444444443,2.8774282959235036
phplE7q6h.csv,0.4,0.3469606666666658,0.3163059999999996,0.053039333333334215,0.08369400000000043,0.07800000000000001,100,0.08420339555555553,2.8914858845180134
phplE7q6h.csv,0.44,0.501099666666667,0.46868133333333406,0.06109966666666705,0.028681333333334058,0.025000000000000022,100,0.0938271111111111,2.9034318163997774
phplE7q6h.csv,0.49,0.5952166666666675,0.5273740000000001,0.10521666666666751,0.03737400000000013,0.03300000000000003,100,0.0912760711111111,2.8728701537181247
phplE7q6h.csv,0.54,0.5864859999999993,0.5459553333333335,0.04648599999999925,0.0059553333333334235,0.01100000000000001,100,0.10062597333333334,2.8741329901567143
phplE7q6h.csv,0.6,0.6268220000000021,0.5682713333333349,0.026822000000002122,0.03172866666666507,0.0050000000000000044,100,0.10042422666666667,2.8347391349955484
phplE7q6h.csv,0.65,0.6786633333333343,0.7607433333333335,0.028663333333334262,0.11074333333333353,0.014000000000000012,100,0.08488766555555555,2.815685409300436
phplE7q6h.csv,0.7,0.7760689999999985,0.8145993333333315,0.0760689999999985,0.1145993333333315,0.0029999999999998916,100,0.08060254555555556,2.8163944248631827
phplE7q6h.csv,0.75,0.7970193333333305,0.8524639999999993,0.047019333333330526,0.10246399999999933,0.02300000000000002,100,0.07567134555555557,2.735261012065079
phplE7q6h.csv,0.8,0.8926806666666652,0.9421726666666673,0.09268066666666519,0.14217266666666728,0.041999999999999926,100,0.06505230555555555,2.6721910520443157
phplE7q6h.csv,0.85,0.9447396666666648,0.969715000000002,0.09473966666666478,0.11971500000000201,0.03400000000000003,100,0.05256186222222223,2.622082748751336
phplE7q6h.csv,0.9,0.920378000000001,0.9537126666666668,0.020378000000001006,0.05371266666666674,0.006000000000000005,100,0.05644888888888889,2.598133262351988
phplE7q6h.csv,0.95,0.9824700000000028,0.989246000000004,0.032470000000002885,0.039246000000004,0.040000000000000036,100,0.027802493333333334,2.470861691601168
phplE7q6h.csv,0.05,0.017531333333333215,0.01862466666666655,0.032468666666666784,0.03137533333333345,0.010000000000000002,100,0.041934243333333336,2.65027064167277
phplE7q6h.csv,0.1,0.05543199999999989,0.03547799999999985,0.044568000000000114,0.06452200000000016,0.02500000000000001,100,0.049679017777777786,2.61648270701918
phplE7q6h.csv,0.15,0.13519966666666614,0.05305666666666656,0.01480033333333386,0.09694333333333344,0.062,100,0.06878408333333334,2.639503704054532
phplE7q6h.csv,0.2,0.2235166666666653,0.12777133333333307,0.023516666666665298,0.07222866666666694,0.0,100,0.08119717333333334,2.787977397535002
phplE7q6h.csv,0.25,0.18103866666666665,0.10615866666666679,0.06896133333333335,0.1438413333333332,0.007000000000000006,100,0.07844919444444445,2.8460049286113414
phplE7q6h.csv,0.3,0.22140800000000022,0.13631866666666667,0.07859199999999977,0.16368133333333332,0.020999999999999963,100,0.0845257822222222,2.853987249110822
phplE7q6h.csv,0.35,0.3628886666666658,0.2755316666666661,0.012888666666665827,0.07446833333333386,0.008000000000000007,100,0.07768793777777777,2.9223375875670543
phplE7q6h.csv,0.4,0.4652253333333318,0.4524966666666659,0.0652253333333318,0.05249666666666586,0.009000000000000008,100,0.08739730666666666,2.8779320009740337
phplE7q6h.csv,0.44,0.5149093333333338,0.4741143333333336,0.07490933333333377,0.03411433333333358,0.056999999999999995,100,0.0999924211111111,2.8655310066695607
phplE7q6h.csv,0.49,0.4783599999999989,0.4577613333333318,0.011640000000001094,0.03223866666666819,0.03199999999999997,100,0.1030190711111111,2.8472103073388397
phplE7q6h.csv,0.54,0.7460876666666668,0.7805936666666666,0.20608766666666678,0.2405936666666666,0.031000000000000028,100,0.08112406555555554,2.8799265326292898
phplE7q6h.csv,0.6,0.6224596666666686,0.5781510000000013,0.022459666666668654,0.021848999999998675,0.009000000000000008,100,0.10459130999999999,2.7662766625849557
phplE7q6h.csv,0.65,0.7171983333333375,0.7864603333333353,0.06719833333333747,0.1364603333333353,0.0030000000000000027,100,0.08581547888888891,2.8448436229002176
phplE7q6h.csv,0.7,0.8130176666666642,0.8607593333333324,0.11301766666666424,0.16075933333333248,0.031000000000000028,100,0.07412033222222222,2.784758467452426
phplE7q6h.csv,0.75,0.803296999999998,0.8549759999999994,0.05329699999999804,0.1049759999999994,0.03300000000000003,100,0.07578005666666666,2.72349650450061
phplE7q6h.csv,0.8,0.8407323333333336,0.8733936666666678,0.04073233333333359,0.0733936666666678,0.039999999999999925,100,0.07359846555555555,2.559333783177559
phplE7q6h.csv,0.85,0.9403073333333324,0.9620896666666667,0.0903073333333324,0.11208966666666675,0.016000000000000014,100,0.053752198888888894,2.641129421626875
phplE7q6h.csv,0.9,0.9445693333333309,0.9713093333333346,0.04456933333333091,0.07130933333333456,0.05400000000000005,100,0.044077416666666674,2.4431284624889003
phplE7q6h.csv,0.95,0.9556546666666654,0.9772613333333349,0.0056546666666654755,0.027261333333334914,0.0029999999999998916,100,0.043809115555555556,2.475923327582183
phpmPOD5A.csv,0.05,0.7580603333333344,0.7597356666666668,0.7080603333333344,0.7097356666666668,0.272,100,0.08799121222222223,2.7027621737112097
phpmPOD5A.csv,0.1,0.7670066666666661,0.8127453333333319,0.6670066666666661,0.7127453333333319,0.393,100,0.08871642666666667,2.372140504105758
phpmPOD5A.csv,0.15,0.8056516666666637,0.8187973333333305,0.6556516666666636,0.6687973333333305,0.28900000000000003,100,0.08838311111111109,2.4948039909456496
phpmPOD5A.csv,0.2,0.7982863333333297,0.8253273333333303,0.5982863333333297,0.6253273333333302,0.291,100,0.07873495444444444,2.445690998451686
phpmPOD5A.csv,0.25,0.8807986666666647,0.9323743333333344,0.6307986666666647,0.6823743333333344,0.44200000000000006,100,0.06776085666666667,1.985533417600718
phpmPOD5A.csv,0.3,0.8814536666666664,0.9171233333333352,0.5814536666666663,0.6171233333333352,0.422,100,0.07023246555555555,1.8834467089454623
phpmPOD5A.csv,0.35,0.7976899999999977,0.8233136666666644,0.4476899999999977,0.4733136666666644,0.21300000000000008,100,0.08932117666666667,2.284655576467381
phpmPOD5A.csv,0.4,0.8797109999999979,0.9349733333333343,0.4797109999999979,0.5349733333333343,0.22299999999999998,100,0.0671959288888889,2.118691484953839
phpmPOD5A.csv,0.44,0.8644516666666656,0.8873016666666678,0.4244516666666656,0.44730166666666776,0.20800000000000002,100,0.07258966555555556,2.098485412198117
phpmPOD5A.csv,0.49,0.8823036666666649,0.9305293333333348,0.39230366666666494,0.44052933333333477,0.17700000000000005,100,0.06927538999999999,2.0075232550906756
phpmPOD5A.csv,0.54,0.881299666666665,0.9310320000000015,0.341299666666665,0.3910320000000015,0.135,100,0.06916987111111111,2.0243351579868127
phpmPOD5A.csv,0.6,0.8917589999999992,0.9379030000000008,0.2917589999999992,0.33790300000000084,0.10200000000000009,100,0.06628666666666666,1.9143915262505367
phpmPOD5A.csv,0.65,0.9438159999999972,0.9777620000000028,0.2938159999999972,0.3277620000000028,0.21999999999999997,100,0.04397604888888888,1.6145059061827134
phpmPOD5A.csv,0.7,0.9648999999999999,0.9882426666666707,0.2648999999999999,0.28824266666667075,0.20800000000000007,100,0.03850755555555556,1.4478170233797185
phpmPOD5A.csv,0.75,0.980043666666669,0.9893303333333373,0.23004366666666898,0.2393303333333373,0.14500000000000002,100,0.028328106666666672,1.4591909785915156
phpmPOD5A.csv,0.8,0.9392819999999968,0.971307000000002,0.1392819999999968,0.17130700000000199,0.11099999999999999,100,0.05133153777777778,1.3842634477802558
phpmPOD5A.csv,0.85,0.9652346666666667,0.9883263333333374,0.11523466666666671,0.13832633333333744,0.08400000000000007,100,0.029358821111111114,1.2970774591406393
phpmPOD5A.csv,0.9,0.9897490000000041,0.9898323333333375,0.08974900000000408,0.08983233333333751,0.017000000000000015,100,0.01722713777777778,1.484639864482804
phpmPOD5A.csv,0.95,0.9896653333333374,0.9898323333333375,0.03966533333333744,0.03983233333333758,0.03200000000000003,100,0.016666056666666665,1.1600305443124848
phpmPOD5A.csv,0.05,0.7949309999999967,0.8219756666666641,0.7449309999999967,0.7719756666666641,0.386,100,0.08240584888888888,2.4910909165269555
phpmPOD5A.csv,0.1,0.7931693333333304,0.8211359999999975,0.6931693333333304,0.7211359999999976,0.492,100,0.0911730622222222,2.2658751623966142
phpmPOD5A.csv,0.15,0.7903159999999978,0.8204646666666643,0.6403159999999978,0.6704646666666643,0.33599999999999997,100,0.09272421777777778,2.3861941761817316
phpmPOD5A.csv,0.2,0.7915749999999975,0.8218049999999977,0.5915749999999975,0.6218049999999977,0.38999999999999996,100,0.09577691555555554,2.223150373967637
phpmPOD5A.csv,0.25,0.8054053333333296,0.833536666666664,0.5554053333333296,0.583536666666664,0.28700000000000003,100,0.07727699888888889,2.3257783420003983
phpmPOD5A.csv,0.3,0.7836926666666648,0.819625333333331,0.48369266666666483,0.5196253333333309,0.2,100,0.10160543999999999,2.3742519958898622
phpmPOD5A.csv,0.35,0.8384683333333336,0.8422343333333332,0.4884683333333336,0.4922343333333332,0.32300000000000006,100,0.07851325666666668,1.9967659835104363
phpmPOD5A.csv,0.4,0.8204729999999977,0.8290119999999975,0.42047299999999765,0.4290119999999975,0.17799999999999994,100,0.08261555555555557,2.2209013149273633
phpmPOD5A.csv,0.44,0.8971136666666663,0.9397443333333342,0.45711366666666625,0.4997443333333342,0.298,100,0.06587491,1.8874254870277642
phpmPOD5A.csv,0.49,0.8987869999999994,0.9457746666666675,0.40878699999999946,0.45577466666666755,0.21899999999999997,100,0.06220766666666667,1.8492575709373105
phpmPOD5A.csv,0.54,0.9396999999999965,0.9736536666666691,0.3996999999999965,0.43365366666666905,0.261,100,0.049315745555555554,1.772964354077351
phpmPOD5A.csv,0.6,0.93961633333333,0.9741570000000026,0.33961633333332997,0.3741570000000026,0.273,100,0.04668922222222223,1.4548610644838382
phpmPOD5A.csv,0.65,0.8539789999999992,0.8724816666666667,0.20397899999999913,0.2224816666666667,0.18200000000000005,100,0.07401586111111111,1.7918199040986398
phpmPOD5A.csv,0.7,0.9394489999999965,0.9713066666666685,0.23944899999999658,0.2713066666666686,0.19000000000000006,100,0.051692909999999995,1.41451605039446
phpmPOD5A.csv,0.75,0.9648999999999999,0.9883263333333374,0.21489999999999987,0.23832633333333741,0.129,100,0.03392630555555556,1.4985241146968291
phpmPOD5A.csv,0.8,0.9650673333333333,0.9883263333333374,0.16506733333333323,0.18832633333333737,0.16799999999999993,100,0.031153798888888883,1.3795829503198211
phpmPOD5A.csv,0.85,0.9648999999999999,0.9882426666666707,0.11489999999999989,0.13824266666667073,0.09600000000000009,100,0.03529457333333332,1.3617481989901
phpmPOD5A.csv,0.9,0.9895816666666707,0.9898323333333375,0.08958166666667067,0.08983233333333751,0.06099999999999994,100,0.020185595555555557,1.098425690796698
phpmPOD5A.csv,0.95,0.9897490000000041,0.9898323333333375,0.03974900000000414,0.03983233333333758,0.02200000000000002,100,0.015750145555555553,1.3216132133997642
phpwRjVjk.csv,0.05,0.0603836666666667,0.032124666666666524,0.010383666666666694,0.01787533333333348,0.021,100,0.049874884444444455,1.4078991395739058
phpwRjVjk.csv,0.1,0.15182499999999982,0.15031499999999973,0.051824999999999816,0.05031499999999972,0.0010000000000000009,100,0.09463073222222221,1.8863151441780515
phpwRjVjk.csv,0.15,0.206732999999999,0.20505833333333232,0.056732999999999006,0.05505833333333232,0.01999999999999999,100,0.11225331555555558,1.908677112528004
phpwRjVjk.csv,0.2,0.23611599999999824,0.2351936666666649,0.03611599999999823,0.0351936666666649,0.010999999999999982,100,0.13669540444444442,1.8766101923630925
phpwRjVjk.csv,0.25,0.2646466666666669,0.2596223333333334,0.014646666666666919,0.0096223333333334,0.0030000000000000027,100,0.14934270666666669,1.948277604499683
phpwRjVjk.csv,0.3,0.33619466666666464,0.33853633333333155,0.036194666666664654,0.03853633333333156,0.03500000000000003,100,0.16495410666666668,2.042234708159142
phpwRjVjk.csv,0.35,0.36138166666666804,0.361632666666668,0.011381666666668067,0.011632666666668012,0.0040000000000000036,100,0.18297299000000003,1.8959155926175209
phpwRjVjk.csv,0.4,0.4400446666666677,0.43853866666666763,0.04004466666666767,0.03853866666666761,0.068,100,0.19093236777777775,1.9237439065726287
phpwRjVjk.csv,0.44,0.41544666666666513,0.4146083333333319,0.02455333333333487,0.02539166666666809,0.018000000000000016,100,0.18364852777777776,2.0307613753738054
phpwRjVjk.csv,0.49,0.48363499999999876,0.48363499999999865,0.006365000000001231,0.006365000000001342,0.015000000000000013,100,0.20042990666666666,1.8215449932608352
phpwRjVjk.csv,0.54,0.5100566666666672,0.5063710000000005,0.029943333333332878,0.033628999999999576,0.019000000000000017,100,0.17923405666666667,2.0697850849741664
phpwRjVjk.csv,0.6,0.5656456666666679,0.565729000000001,0.03435433333333204,0.03427099999999894,0.0030000000000000027,100,0.17776188888888886,2.043598412083213
phpwRjVjk.csv,0.65,0.5898333333333324,0.5901693333333323,0.06016666666666759,0.0598306666666677,0.0010000000000000009,100,0.17232890999999997,2.0667416652976063
phpwRjVjk.csv,0.7,0.6524233333333344,0.6502483333333344,0.0475766666666656,0.04975166666666553,0.005999999999999894,100,0.16930608333333333,1.9309624466106752
phpwRjVjk.csv,0.75,0.6638906666666663,0.6627203333333331,0.0861093333333337,0.08727966666666687,0.038000000000000034,100,0.1733345455555556,1.7450126753355257
phpwRjVjk.csv,0.8,0.6676690000000002,0.6660790000000005,0.13233099999999987,0.1339209999999995,0.06800000000000006,100,0.1551467288888889,2.1160334518802726
phpwRjVjk.csv,0.85,0.7889993333333283,0.7893333333333283,0.0610006666666717,0.06066666666667164,0.006000000000000005,100,0.12155255444444445,1.920884519974407
phpwRjVjk.csv,0.9,0.8119366666666634,0.8115179999999964,0.0880633333333366,0.08848200000000361,0.025000000000000022,100,0.11959010666666668,1.7546243012633433
phpwRjVjk.csv,0.95,0.8508576666666688,0.851108666666669,0.09914233333333111,0.098891333333331,0.0039999999999998925,100,0.08718799555555556,1.611485679218941
phpwRjVjk.csv,0.05,0.13855799999999946,0.13989733333333274,0.08855799999999946,0.08989733333333273,0.003999999999999997,100,0.07486644,1.6388067139550697
phpwRjVjk.csv,0.1,0.1464313333333327,0.13471566666666626,0.046431333333332686,0.034715666666666256,0.006999999999999992,100,0.09238027888888889,1.7486475154072871
phpwRjVjk.csv,0.15,0.23619999999999824,0.2355279999999983,0.08619999999999825,0.0855279999999983,0.07100000000000001,100,0.1321251377777778,2.0946462769504164
phpwRjVjk.csv,0.2,0.26171833333333355,0.2573633333333333,0.06171833333333354,0.057363333333333266,0.04899999999999999,100,0.15119113777777776,1.8298423141277358
phpwRjVjk.csv,0.25,0.3201539999999991,0.30969099999999905,0.0701539999999991,0.05969099999999905,0.05099999999999999,100,0.15028697222222223,2.071189322807678
phpwRjVjk.csv,0.3,0.40974666666666487,0.4091589999999984,0.10974666666666488,0.1091589999999984,0.10600000000000004,100,0.16452457333333334,2.255630756743793
phpwRjVjk.csv,0.35,0.38196433333333213,0.38246799999999875,0.03196433333333215,0.032467999999998776,0.020000000000000018,100,0.16716273222222225,2.1382669435259682
phpwRjVjk.csv,0.4,0.4096626666666649,0.40949533333333166,0.009662666666664876,0.009495333333331635,0.032999999999999974,100,0.18183069333333332,2.013456273323028
phpwRjVjk.csv,0.44,0.3869049999999982,0.3873259999999983,0.05309500000000178,0.05267400000000172,0.06,100,0.1813137777777778,1.9453828690852428
phpwRjVjk.csv,0.49,0.4622999999999992,0.4622163333333326,0.02770000000000078,0.027783666666667373,0.009000000000000008,100,0.1869098711111111,1.983239342776914
phpwRjVjk.csv,0.54,0.480533333333332,0.4813716666666654,0.059466666666668055,0.058628333333334615,0.039000000000000035,100,0.19260528444444444,1.9609207421736756
phpwRjVjk.csv,0.6,0.4406303333333342,0.4394590000000008,0.1593696666666658,0.16054099999999916,0.11499999999999999,100,0.16350414555555556,2.3361936709213773
phpwRjVjk.csv,0.65,0.6123403333333354,0.6120860000000018,0.03765966666666465,0.03791399999999823,0.027000000000000024,100,0.17827583444444442,2.046975009446601
phpwRjVjk.csv,0.7,0.6576106666666668,0.656105666666667,0.04238933333333317,0.043894333333332924,0.006000000000000005,100,0.17222416000000002,1.8273049305179796
phpwRjVjk.csv,0.75,0.7101676666666715,0.7117586666666711,0.039832333333328473,0.03824133333332891,0.0040000000000000036,100,0.15476086555555554,1.921834335603334
phpwRjVjk.csv,0.8,0.6650653333333332,0.6635593333333335,0.13493466666666687,0.13644066666666654,0.05600000000000005,100,0.15984519444444445,2.115355778919388
phpwRjVjk.csv,0.85,0.7456443333333315,0.7460629999999983,0.10435566666666851,0.10393700000000172,0.006000000000000005,100,0.13511926222222223,1.7774237186268023
phpwRjVjk.csv,0.9,0.8345333333333332,0.8378819999999991,0.06546666666666678,0.062118000000000895,0.008000000000000007,100,0.09938651555555555,1.9073245441099036
phpwRjVjk.csv,0.95,0.8564820000000009,0.8570696666666674,0.0935179999999991,0.09293033333333256,0.02199999999999991,100,0.08984726555555556,1.7651840586900245
phpxijhaP.csv,0.05,0.03770499999999991,0.020127333333333216,0.01229500000000009,0.029872666666666787,0.016,100,0.04248259,2.3661427345422763
phpxijhaP.csv,0.1,0.06113666666666672,0.037826666666666516,0.038863333333333284,0.06217333333333349,0.028999999999999998,100,0.05135943999999999,2.2365738335929115
phpxijhaP.csv,0.15,0.1619686666666667,0.12526966666666642,0.01196866666666671,0.024730333333333576,0.021999999999999992,100,0.07878015111111111,2.4518723986012896
phpxijhaP.csv,0.2,0.19368166666666545,0.1223216666666665,0.006318333333334564,0.07767833333333352,0.020000000000000018,100,0.08748854555555555,2.619755622200946
phpxijhaP.csv,0.25,0.23460299999999834,0.17092366666666595,0.01539700000000166,0.07907633333333405,0.044999999999999984,100,0.09455322666666666,2.6238458176272523
phpxijhaP.csv,0.3,0.3033076666666662,0.25507533333333315,0.003307666666666209,0.044924666666666835,0.01699999999999996,100,0.11448583444444446,2.6345315305070263
phpxijhaP.csv,0.35,0.2859209999999994,0.2807316666666661,0.06407900000000055,0.06926833333333388,0.02899999999999997,100,0.10576098222222223,2.6477225329159144
phpxijhaP.csv,0.4,0.4048759999999981,0.3870266666666655,0.004875999999998104,0.012973333333334502,0.019000000000000017,100,0.12401651,2.6749482329920196
phpxijhaP.csv,0.44,0.4336860000000008,0.42070000000000096,0.006313999999999209,0.01929999999999904,0.03799999999999998,100,0.1258643822222222,2.6979318665993794
phpxijhaP.csv,0.49,0.46757366666666617,0.4660669999999995,0.022426333333333826,0.02393300000000048,0.0010000000000000009,100,0.12928489333333334,2.697675694630547
phpxijhaP.csv,0.54,0.5386203333333341,0.5070343333333339,0.0013796666666658908,0.032965666666666116,0.007000000000000006,100,0.11406183444444444,2.7813805489326295
phpxijhaP.csv,0.6,0.6004113333333336,0.5440470000000008,0.0004113333333336522,0.05595299999999914,0.015000000000000013,100,0.11140973777777777,2.7473887668771297
phpxijhaP.csv,0.65,0.6292476666666694,0.5669286666666683,0.020752333333330597,0.08307133333333172,0.007000000000000006,100,0.11272155555555555,2.675339804089391
phpxijhaP.csv,0.7,0.677405666666668,0.6579720000000012,0.02259433333333194,0.04202799999999873,0.014999999999999902,100,0.10793630555555554,2.734538099860856
phpxijhaP.csv,0.75,0.748656666666668,0.7866066666666671,0.0013433333333320308,0.03660666666666712,0.017000000000000015,100,0.11505366666666669,2.5640150611772206
phpxijhaP.csv,0.8,0.8124266666666642,0.8269149999999978,0.012426666666664143,0.026914999999997802,0.027000000000000024,100,0.08001797666666667,2.6300212528002165
phpxijhaP.csv,0.85,0.8579366666666637,0.9288536666666685,0.007936666666663705,0.07885366666666849,0.006000000000000005,100,0.06913870666666666,2.6553702396932435
phpxijhaP.csv,0.9,0.9399526666666634,0.9735696666666689,0.03995266666666342,0.07356966666666886,0.05900000000000005,100,0.05003780444444443,2.4744308807622053
phpxijhaP.csv,0.95,0.9677446666666673,0.981283666666669,0.017744666666667297,0.03128366666666904,0.03400000000000003,100,0.03388766555555556,2.3345675872403535
phpxijhaP.csv,0.05,0.03443066666666658,0.019379666666666556,0.015569333333333421,0.030620333333333447,0.047,100,0.033435137777777776,2.1951192123705483
phpxijhaP.csv,0.1,0.060467333333333366,0.03262599999999986,0.03953266666666664,0.06737400000000014,0.03900000000000001,100,0.048739176666666675,2.499110201844247
phpxijhaP.csv,0.15,0.14844199999999938,0.08723633333333343,0.0015580000000006144,0.06276366666666656,0.026999999999999996,100,0.07278690111111112,2.414080094358995
phpxijhaP.csv,0.2,0.18589999999999882,0.13053599999999974,0.014100000000001195,0.06946400000000028,0.019000000000000017,100,0.07952445666666667,2.6053745706943134
phpxijhaP.csv,0.25,0.2397129999999983,0.2372826666666651,0.010287000000001711,0.012717333333334913,0.015999999999999986,100,0.09983676,2.688851333103622
phpxijhaP.csv,0.3,0.32031166666666594,0.208848,0.02031166666666595,0.09115199999999998,0.0020000000000000018,100,0.10097561777777778,2.781491538645363
phpxijhaP.csv,0.35,0.33459899999999804,0.3372759999999983,0.015401000000001941,0.012724000000001678,0.02699999999999997,100,0.12420312333333335,2.5691376971425184
phpxijhaP.csv,0.4,0.4058006666666649,0.3874446666666654,0.0058006666666649,0.01255533333333464,0.007000000000000006,100,0.1141458711111111,2.736786452698401
phpxijhaP.csv,0.44,0.45518833333333286,0.44087033333333364,0.01518833333333286,0.0008703333333336394,0.008000000000000007,100,0.1177296388888889,2.812784998270367
phpxijhaP.csv,0.49,0.4636386666666658,0.44655899999999976,0.02636133333333418,0.04344100000000023,0.046999999999999986,100,0.12235472888888889,2.659369120282737
phpxijhaP.csv,0.54,0.5377000000000007,0.5056956666666671,0.0022999999999993026,0.03430433333333294,0.02100000000000002,100,0.13499419555555556,2.6587587614452834
phpxijhaP.csv,0.6,0.589667666666666,0.5506443333333331,0.010332333333333943,0.04935566666666691,0.016000000000000014,100,0.11810164000000002,2.7272741219555425
phpxijhaP.csv,0.65,0.638116333333336,0.5960683333333351,0.011883666666664072,0.053931666666664935,0.01200000000000001,100,0.11014615444444445,2.7344197682610796
phpxijhaP.csv,0.7,0.6607913333333335,0.5967196666666671,0.03920866666666645,0.10328033333333286,0.028999999999999915,100,0.10639451555555557,2.694616396891072
phpxijhaP.csv,0.75,0.7655650000000022,0.7983246666666679,0.01556500000000216,0.048324666666667904,0.013000000000000012,100,0.09716697222222219,2.6381406680335724
phpxijhaP.csv,0.8,0.7899166666666623,0.7992103333333294,0.010083333333337774,0.0007896666666706853,0.0,100,0.09360069333333333,2.5989390841931046
phpxijhaP.csv,0.85,0.8287426666666675,0.8383776666666668,0.021257333333332462,0.011622333333333179,0.016000000000000014,100,0.07925811,2.5370271572708223
phpxijhaP.csv,0.9,0.9144326666666687,0.9520423333333348,0.014432666666668648,0.052042333333334745,0.010000000000000009,100,0.058964293333333334,2.503127345229511
phpxijhaP.csv,0.95,0.9674936666666671,0.9884933333333373,0.017493666666667185,0.038493333333337376,0.03200000000000003,100,0.03332851,2.2907840372990824
pol.csv,0.05,0.11293233333333293,0.06093533333333334,0.06293233333333292,0.010935333333333339,0.006000000000000005,100,0.07014752888888888,1.6652687718679244
pol.csv,0.1,0.12983399999999945,0.12665099999999954,0.029833999999999444,0.026650999999999536,0.049,100,0.0935705988888889,1.4456180753488161
pol.csv,0.15,0.17510666666666608,0.17669666666666595,0.025106666666666083,0.026696666666665952,0.043,100,0.11021254555555554,1.59735126757104
pol.csv,0.2,0.21100033333333226,0.21125233333333227,0.011000333333332252,0.011252333333332254,0.062,100,0.13861872333333333,1.6593516568706177
pol.csv,0.25,0.2612163333333328,0.25627466666666593,0.011216333333332773,0.006274666666665929,0.07,100,0.15552137333333332,1.7965221554535684
pol.csv,0.3,0.33720033333333127,0.33937599999999823,0.03720033333333128,0.039375999999998246,0.05299999999999999,100,0.1791755766666667,1.790437154319392
pol.csv,0.35,0.38121099999999897,0.38137933333333235,0.03121099999999899,0.03137933333333237,0.06999999999999995,100,0.19010255555555555,1.7343653804560852
pol.csv,0.4,0.43602866666666773,0.43619600000000086,0.03602866666666771,0.03619600000000084,0.063,100,0.1772111322222222,2.100846883122614
pol.csv,0.44,0.4695789999999989,0.4696626666666655,0.02957899999999891,0.029662666666665505,0.043999999999999984,100,0.19104539000000004,1.9829880645604256
pol.csv,0.49,0.537616333333334,0.5374490000000007,0.04761633333333404,0.04744900000000074,0.064,100,0.2056321111111111,1.6779325016319389
pol.csv,0.54,0.5827963333333327,0.5826296666666662,0.04279633333333266,0.04262966666666612,0.061,100,0.20635428777777776,1.6212466685286255
pol.csv,0.6,0.5895813333333325,0.5895806666666658,0.010418666666667464,0.010419333333334224,0.08699999999999997,100,0.20543836000000001,1.6037147235139981
pol.csv,0.65,0.6505826666666678,0.6503320000000012,0.0005826666666677305,0.0003320000000012202,0.09799999999999998,100,0.19060000000000002,1.5875112889029799
pol.csv,0.7,0.7142693333333383,0.7149386666666715,0.014269333333338352,0.01493866666667154,0.05599999999999994,100,0.16730055444444447,1.4951755358751986
pol.csv,0.75,0.7637163333333362,0.7635490000000028,0.013716333333336217,0.013549000000002809,0.05399999999999994,100,0.13867244444444446,1.8405751150866891
pol.csv,0.8,0.8137653333333311,0.8139326666666644,0.013765333333331076,0.013932666666664373,0.04400000000000004,100,0.13434335444444445,1.2181690435568953
pol.csv,0.85,0.8446603333333352,0.8452486666666684,0.005339666666664744,0.004751333333331553,0.040999999999999925,100,0.1123625988888889,1.2385473672590646
pol.csv,0.9,0.8888286666666653,0.8899156666666657,0.011171333333334754,0.010084333333334361,0.0050000000000000044,100,0.07942786111111112,1.3290305573937244
pol.csv,0.95,0.9565839999999988,0.9560779999999989,0.006583999999998813,0.006077999999998918,0.004000000000000115,100,0.04338275111111112,1.1612931373384763
pol.csv,0.05,0.0965276666666663,0.09627699999999968,0.0465276666666663,0.04627699999999968,0.008,100,0.06543571555555557,1.2145619380077102
pol.csv,0.1,0.1296683333333328,0.1270703333333329,0.029668333333332797,0.02707033333333289,0.02500000000000001,100,0.09275682666666665,1.414307878479474
pol.csv,0.15,0.18615099999999876,0.16052366666666593,0.03615099999999877,0.010523666666665932,0.03399999999999999,100,0.12391539555555557,1.6606139997086538
pol.csv,0.2,0.24013233333333162,0.23770199999999841,0.040132333333331605,0.0377019999999984,0.05400000000000002,100,0.13930112333333333,1.7795181721841118
pol.csv,0.25,0.2423913333333317,0.24037866666666527,0.00760866666666829,0.00962133333333473,0.088,100,0.15252559555555553,1.6520622654888804
pol.csv,0.3,0.35326600000000036,0.3546043333333338,0.05326600000000037,0.05460433333333381,0.035999999999999976,100,0.16865099555555552,2.0602498554984274
pol.csv,0.35,0.3669876666666674,0.3672386666666674,0.0169876666666674,0.0172386666666674,0.06299999999999994,100,0.18976303444444442,1.642411476824163
pol.csv,0.4,0.41092333333333153,0.41092266666666494,0.010923333333331509,0.010922666666664915,0.07900000000000001,100,0.19584333333333334,1.8002457847114963
pol.csv,0.44,0.4806229999999985,0.4803719999999987,0.04062299999999852,0.04037199999999869,0.055999999999999994,100,0.18742014555555556,2.053240284388536
pol.csv,0.49,0.5380346666666673,0.5382856666666674,0.048034666666667336,0.04828566666666745,0.07,100,0.19693485666666669,1.8566897437647663
pol.csv,0.54,0.5631346666666679,0.5633860000000009,0.023134666666667858,0.023386000000000906,0.07300000000000001,100,0.19974759555555555,1.7339368026232502
pol.csv,0.6,0.6124276666666687,0.6118386666666686,0.012427666666668724,0.011838666666668662,0.07999999999999996,100,0.19859284888888887,1.5265798790411174
pol.csv,0.65,0.647403333333335,0.6474876666666686,0.002596666666665026,0.0025123333333314513,0.07899999999999996,100,0.1958860833333333,1.4822426449875008
pol.csv,0.7,0.7140183333333384,0.714604000000005,0.014018333333338462,0.014604000000005057,0.04899999999999993,100,0.16665944444444444,1.638775067154875
pol.csv,0.75,0.7638000000000029,0.7636326666666695,0.013800000000002921,0.013632666666669513,0.052999999999999936,100,0.15647008333333332,1.320607152580103
pol.csv,0.8,0.8142673333333311,0.8145183333333311,0.014267333333331078,0.01451833333333108,0.02300000000000002,100,0.12870479555555556,1.4869459812450887
pol.csv,0.85,0.8389503333333367,0.8423866666666696,0.011049666666663294,0.007613333333330363,0.03199999999999992,100,0.11302099555555557,1.2801529365175257
pol.csv,0.9,0.8851409999999987,0.8808679999999989,0.014859000000001288,0.019132000000001148,0.006000000000000005,100,0.07678713777777776,1.252806919998328
pol.csv,0.95,0.9396999999999965,0.9404569999999967,0.010300000000003418,0.009543000000003299,0.008999999999999897,100,0.05032433222222222,1.0310363605633406
pollen.csv,0.05,0.36933333333333396,0.3688266666666672,0.31933333333333397,0.3188266666666672,0.94,100,0.01925091,2.6827575456465333
pollen.csv,0.1,0.010167333333333263,0.014855999999999904,0.08983266666666674,0.08514400000000011,0.274,100,0.01821477777777778,2.600059834793841
pollen.csv,0.15,0.49681700000000023,0.49203866666666735,0.34681700000000026,0.3420386666666674,0.85,100,0.018430777777777775,2.6140034900159868
pollen.csv,0.2,0.3694170000000006,0.36891033333333384,0.1694170000000006,0.16891033333333383,0.544,100,0.017576471111111113,2.7577938983754957
pollen.csv,0.25,0.5556169999999998,0.553099666666667,0.3056169999999998,0.303099666666667,0.75,100,0.013802083333333333,2.562589421511105
pollen.csv,0.3,0.44455033333333316,0.44387633333333315,0.14455033333333317,0.14387633333333316,0.3,100,0.019179656666666666,2.6058600639774454
pollen.csv,0.35,0.9900000000000042,0.9817010000000024,0.6400000000000042,0.6317010000000024,0.65,100,0.02015364888888889,2.499539689215176
pollen.csv,0.4,0.9900000000000042,0.9815333333333357,0.5900000000000042,0.5815333333333357,0.10700000000000004,100,0.018350862222222222,2.855758258484588
pollen.csv,0.44,0.5556169999999998,0.5529320000000003,0.1156169999999998,0.11293200000000031,0.5489999999999999,100,0.019624456666666665,2.6158870319562673
pollen.csv,0.49,0.010167333333333263,0.014939999999999903,0.47983266666666674,0.4750600000000001,0.174,100,0.015309915555555555,2.591602054245205
pollen.csv,0.54,0.013350333333333197,0.019127666666666522,0.5266496666666668,0.5208723333333335,0.29900000000000004,100,0.015546804444444444,2.814890519640202
pollen.csv,0.6,0.803800000000002,0.7975956666666673,0.20380000000000198,0.19759566666666728,0.06900000000000006,100,0.01693422666666667,2.6527090470028005
pollen.csv,0.65,0.9312000000000032,0.9206400000000016,0.2812000000000032,0.27064000000000155,0.20899999999999996,100,0.01535677333333333,2.6257492344437385
pollen.csv,0.7,0.803800000000002,0.7974280000000006,0.103800000000002,0.09742800000000063,0.37099999999999994,100,0.014583523333333332,2.6544169636595116
pollen.csv,0.75,0.49673333333333364,0.49203866666666735,0.25326666666666636,0.25796133333333265,0.19200000000000006,100,0.022316145555555562,2.700750421773839
pollen.csv,0.8,0.3694170000000006,0.36891066666666716,0.43058299999999944,0.4310893333333329,0.19999999999999996,100,0.012856109999999999,2.6236652484853566
pollen.csv,0.85,0.3694170000000006,0.3688266666666672,0.48058299999999937,0.4811733333333328,0.15000000000000002,100,0.017328465555555558,2.6095746115942196
pollen.csv,0.9,0.9900000000000042,0.9815333333333357,0.09000000000000419,0.08153333333333568,0.09999999999999998,100,0.019481444444444444,2.587367399317993
pollen.csv,0.95,0.36950066666666725,0.3692456666666671,0.5804993333333327,0.5807543333333329,0.050000000000000044,100,0.02710363888888888,2.6605541802314505
pollen.csv,0.05,0.010083666666666598,0.015274666666666568,0.0399163333333334,0.034725333333333434,0.254,100,0.014762017777777778,2.8287534632506643
pollen.csv,0.1,0.010167333333333263,0.015107333333333237,0.08983266666666674,0.08489266666666677,0.11399999999999999,100,0.014269448888888887,2.79186952260801
pollen.csv,0.15,0.957333333333337,0.9530553333333355,0.807333333333337,0.8030553333333355,0.85,100,0.02174815111111111,2.66824146925955
pollen.csv,0.2,0.3694170000000006,0.36916200000000043,0.1694170000000006,0.16916200000000042,0.37500000000000006,100,0.021295440000000002,2.713179638201214
pollen.csv,0.25,0.010167333333333263,0.014939999999999903,0.23983266666666675,0.2350600000000001,0.471,100,0.01672113777777778,2.6978332098722455
pollen.csv,0.3,0.8724000000000024,0.8656093333333342,0.5724000000000025,0.5656093333333343,0.017000000000000015,100,0.019971923333333336,2.744613967032512
pollen.csv,0.35,0.9900000000000042,0.9815333333333357,0.6400000000000042,0.6315333333333357,0.345,100,0.015982693333333336,2.7263623014989022
pollen.csv,0.4,0.3694170000000006,0.3688266666666672,0.030582999999999416,0.03117333333333283,0.396,100,0.017283638888888887,2.6709070091495364
pollen.csv,0.44,0.9897490000000041,0.9815333333333357,0.549749000000004,0.5415333333333356,0.56,100,0.017213567777777775,2.576014626787522
pollen.csv,0.49,0.6307503333333341,0.6279820000000003,0.1407503333333341,0.13798200000000027,0.49,100,0.012728527777777774,2.6110294755771593
pollen.csv,0.54,0.9900000000000042,0.9815333333333357,0.4500000000000042,0.44153333333333566,0.45999999999999996,100,0.018928972222222226,2.609184441304724
pollen.csv,0.6,0.3694170000000006,0.36949700000000046,0.23058299999999937,0.2305029999999995,0.4,100,0.02293583444444445,2.6141635209707514
pollen.csv,0.65,0.6306666666666674,0.6281490000000002,0.019333333333332647,0.021850999999999843,0.43200000000000005,100,0.014918084444444445,2.8038348728012834
pollen.csv,0.7,0.803800000000002,0.7974280000000006,0.103800000000002,0.09742800000000063,0.22100000000000009,100,0.01765499888888889,2.706934880166898
pollen.csv,0.75,0.9900000000000042,0.9817010000000024,0.2400000000000042,0.23170100000000238,0.25,100,0.02053117666666667,2.665663994140189
pollen.csv,0.8,0.9900000000000042,0.9817010000000024,0.19000000000000417,0.18170100000000233,0.19999999999999996,100,0.01810850111111111,2.5409796140576053
pollen.csv,0.85,0.6306666666666674,0.6278140000000003,0.2193333333333326,0.22218599999999966,0.7949999999999999,100,0.016995967777777777,2.825878207265107
pollen.csv,0.9,0.9900000000000042,0.9817850000000024,0.09000000000000419,0.08178500000000233,0.09999999999999998,100,0.015358471111111112,2.5644277690703876
pollen.csv,0.95,0.4444666666666665,0.44404366666666645,0.5055333333333334,0.5059563333333335,0.3959999999999999,100,0.020263555555555555,2.776559056900732
puma32H.csv,0.05,0.010167333333333263,0.016030333333333233,0.03983266666666674,0.03396966666666677,0.05,100,0.015663004444444444,2.6778435832637775
puma32H.csv,0.1,0.01025099999999993,0.0157789999999999,0.08974900000000008,0.0842210000000001,0.083,100,0.025470648888888888,2.637188035906437
puma32H.csv,0.15,0.010334666666666596,0.015946666666666564,0.1396653333333334,0.13405333333333344,0.057999999999999996,100,0.02596984333333334,2.660704251858502
puma32H.csv,0.2,0.011422333333333248,0.01627966666666656,0.18857766666666675,0.18372033333333346,0.038000000000000006,100,0.031165310000000005,2.7964873092811366
puma32H.csv,0.25,0.011254999999999916,0.01653066666666656,0.2387450000000001,0.23346933333333345,0.025000000000000022,100,0.03448442111111111,2.8405024690209935
puma32H.csv,0.3,0.021306333333333198,0.026330333333333192,0.2786936666666668,0.2736696666666668,0.057999999999999996,100,0.04049525666666667,2.854635390785676
puma32H.csv,0.35,0.08940366666666705,0.08948333333333358,0.26059633333333293,0.2605166666666664,0.007999999999999952,100,0.04771744333333333,2.8245234008123425
puma32H.csv,0.4,0.061762333333333454,0.06561166666666672,0.33823766666666655,0.3343883333333333,0.07900000000000001,100,0.04426470666666667,2.865551569222615
puma32H.csv,0.44,0.03956599999999984,0.04073633333333318,0.4004340000000002,0.3992636666666668,0.034999999999999976,100,0.042930901111111114,2.8432991625657635
puma32H.csv,0.49,0.9729980000000037,0.9661216666666688,0.4829980000000037,0.4761216666666688,0.06400000000000006,100,0.04146141777777778,2.8179984600090213
puma32H.csv,0.54,0.9113510000000027,0.9047253333333343,0.37135100000000265,0.36472533333333423,0.15800000000000003,100,0.04733134555555556,2.815796399013114
puma32H.csv,0.6,0.941421000000003,0.9350460000000012,0.34142100000000297,0.3350460000000012,0.031000000000000028,100,0.046732154444444444,2.8046677001348312
puma32H.csv,0.65,0.9733336666666702,0.9646136666666684,0.3233336666666702,0.31461366666666835,0.015000000000000013,100,0.0450294711111111,2.8283524331702714
puma32H.csv,0.7,0.9884100000000039,0.9807790000000021,0.28841000000000394,0.2807790000000021,0.025000000000000022,100,0.04255901777777779,2.8292571683012544
puma32H.csv,0.75,0.9888286666666706,0.9812820000000022,0.23882866666667057,0.2312820000000022,0.0,100,0.035559106666666666,2.7155664865812383
puma32H.csv,0.8,0.9883266666666705,0.9812820000000022,0.18832666666667042,0.18128200000000216,0.10099999999999998,100,0.03610202111111111,2.6658961781857813
puma32H.csv,0.85,0.9877410000000038,0.981449666666669,0.13774100000000378,0.13144966666666902,0.133,100,0.027847434444444444,2.624609464142896
puma32H.csv,0.9,0.9879916666666704,0.9812820000000022,0.08799166666667035,0.08128200000000219,0.02200000000000002,100,0.031408545555555556,2.7125958975137
puma32H.csv,0.95,0.9895816666666707,0.9819526666666689,0.039581666666670734,0.03195266666666896,0.010999999999999899,100,0.023578278888888887,2.5752329577922426
puma32H.csv,0.05,0.01025099999999993,0.016030333333333233,0.039749000000000076,0.03396966666666677,0.0030000000000000027,100,0.01832699888888889,2.595610137254464
puma32H.csv,0.1,0.01025099999999993,0.01586333333333323,0.08974900000000008,0.08413666666666678,0.02099999999999999,100,0.02362328444444445,2.6369732055826773
puma32H.csv,0.15,0.012677333333333232,0.016951333333333228,0.13732266666666676,0.13304866666666676,0.009999999999999981,100,0.03211568444444444,2.6438733366160125
puma32H.csv,0.2,0.011589666666666583,0.01636366666666656,0.18841033333333343,0.18363633333333346,0.023999999999999994,100,0.03315997666666667,2.7868675067281194
puma32H.csv,0.25,0.021306333333333198,0.02616299999999986,0.2286936666666668,0.22383700000000015,0.017000000000000015,100,0.035165426666666666,2.8210362223386776
puma32H.csv,0.3,0.011338666666666582,0.01627933333333323,0.2886613333333334,0.28372066666666673,0.013999999999999957,100,0.03463108777777777,2.821798615067029
puma32H.csv,0.35,0.021306333333333198,0.026246666666666526,0.3286936666666668,0.32375333333333345,0.024999999999999967,100,0.03999688888888889,2.8866936168029707
puma32H.csv,0.4,0.06008700000000001,0.06175866666666664,0.339913,0.3382413333333334,0.056999999999999995,100,0.046759043333333326,2.839237445825796
puma32H.csv,0.44,0.19058566666666638,0.17793366666666646,0.24941433333333363,0.2620663333333335,0.031000000000000028,100,0.047851,2.814522959346345
puma32H.csv,0.49,0.49196100000000037,0.48768433333333394,0.001961000000000379,0.0023156666666660497,0.019000000000000017,100,0.04295507111111113,2.8290446478597677
puma32H.csv,0.54,0.9608530000000034,0.9554843333333352,0.42085300000000336,0.4154843333333351,0.06299999999999994,100,0.04020463444444444,2.8013405526137323
puma32H.csv,0.6,0.8605090000000022,0.8491103333333342,0.2605090000000022,0.2491103333333342,0.09200000000000008,100,0.045724376666666657,2.839639620148855
puma32H.csv,0.65,0.9705690000000037,0.9636923333333353,0.32056900000000366,0.31369233333333524,0.008000000000000007,100,0.04246172888888888,2.759640333453538
puma32H.csv,0.7,0.9885773333333371,0.9812820000000022,0.2885773333333371,0.28128200000000225,0.05500000000000005,100,0.03470419888888889,2.687520936062576
puma32H.csv,0.75,0.9888286666666706,0.9812820000000022,0.23882866666667057,0.2312820000000022,0.0040000000000000036,100,0.03663963888888889,2.7572122747865957
puma32H.csv,0.8,0.9885776666666705,0.9811143333333355,0.18857766666667042,0.1811143333333355,0.06799999999999995,100,0.032521861111111106,2.717428610794023
puma32H.csv,0.85,0.9883263333333372,0.9811143333333355,0.13832633333333721,0.13111433333333555,0.04999999999999993,100,0.03287713222222222,2.739191575149051
puma32H.csv,0.9,0.9888283333333372,0.9815333333333357,0.08882833333333717,0.08153333333333568,0.02200000000000002,100,0.027106884444444437,2.671428659313622
puma32H.csv,0.95,0.9896650000000041,0.9817850000000024,0.03966500000000417,0.031785000000002395,0.006999999999999895,100,0.02207859888888889,2.643631938877277
puma8NH.csv,0.05,0.094931333333333,0.043755333333333216,0.044931333333333004,0.006244666666666787,0.08800000000000001,100,0.06559980444444444,2.6321170586169047
puma8NH.csv,0.1,0.10246233333333299,0.04819633333333322,0.0024623333333329833,0.05180366666666678,0.08299999999999999,100,0.06633944888888889,2.6594599246556445
puma8NH.csv,0.15,0.27100733333333366,0.185986333333333,0.12100733333333366,0.03598633333333301,0.07700000000000001,100,0.08350630666666665,2.7749488241095817
puma8NH.csv,0.2,0.17183333333333267,0.07081400000000007,0.02816666666666734,0.12918599999999994,0.01100000000000001,100,0.07346957333333333,2.7524542740832336
puma8NH.csv,0.25,0.31054833333333237,0.22553033333333336,0.06054833333333237,0.02446966666666664,0.057999999999999996,100,0.08704757666666665,2.729907980198816
puma8NH.csv,0.3,0.3339179999999985,0.23859733333333333,0.033917999999998505,0.06140266666666666,0.033999999999999975,100,0.09613208333333331,2.7390410031825905
puma8NH.csv,0.35,0.2715906666666661,0.174178,0.07840933333333389,0.17582199999999998,0.010000000000000009,100,0.08452881222222222,2.8727474165342244
puma8NH.csv,0.4,0.38339499999999865,0.36999533333333245,0.01660500000000137,0.030004666666667568,0.027000000000000024,100,0.09238907888888889,2.8131575496653882
puma8NH.csv,0.44,0.4850103333333336,0.4618920000000002,0.045010333333333596,0.02189200000000019,0.03400000000000003,100,0.09964939555555555,2.765494594978488
puma8NH.csv,0.49,0.5680950000000009,0.5037653333333336,0.07809500000000091,0.01376533333333363,0.062000000000000055,100,0.08969557333333335,2.9107113189806606
puma8NH.csv,0.54,0.510820666666667,0.4659203333333343,0.029179333333333002,0.07407966666666571,0.052000000000000046,100,0.09041919444444446,2.8321514439866817
puma8NH.csv,0.6,0.5317653333333339,0.4775663333333342,0.06823466666666611,0.12243366666666577,0.12499999999999994,100,0.09549697222222223,2.7973300959386145
puma8NH.csv,0.65,0.6117443333333351,0.5518560000000013,0.03825566666666491,0.09814399999999868,0.02400000000000002,100,0.09002085666666668,2.820984807435661
puma8NH.csv,0.7,0.6778310000000015,0.7471736666666671,0.02216899999999844,0.04717366666666711,0.04200000000000004,100,0.09752633222222222,2.63998472945211
puma8NH.csv,0.75,0.7356946666666669,0.7983486666666659,0.014305333333333059,0.04834866666666593,0.007000000000000006,100,0.08319075000000002,2.6682694374825378
puma8NH.csv,0.8,0.7648976666666687,0.7940596666666674,0.03510233333333135,0.005940333333332659,0.006000000000000005,100,0.08142452777777778,2.6363635019204184
puma8NH.csv,0.85,0.8236449999999991,0.8856293333333342,0.026355000000000905,0.03562933333333418,0.026999999999999913,100,0.07285408444444444,2.7194838290013275
puma8NH.csv,0.9,0.8144349999999979,0.8868016666666675,0.08556500000000211,0.013198333333332535,0.07299999999999995,100,0.07297897222222223,2.7926776952357506
puma8NH.csv,0.95,0.9199583333333343,0.953294,0.030041666666665634,0.003294000000000019,0.007000000000000117,100,0.05626452777777779,2.5912861053845853
puma8NH.csv,0.05,0.05509666666666655,0.034219999999999855,0.005096666666666548,0.015780000000000148,0.010000000000000002,100,0.049666111111111105,2.434928653323193
puma8NH.csv,0.1,0.24823233333333278,0.1282756666666665,0.14823233333333277,0.028275666666666505,0.10200000000000001,100,0.07853478222222224,2.6982630077055325
puma8NH.csv,0.15,0.2121989999999989,0.09351466666666679,0.062198999999998894,0.05648533333333321,0.06,100,0.07553411,2.627575318673602
puma8NH.csv,0.2,0.20080266666666682,0.10984466666666672,0.0008026666666668125,0.0901553333333333,0.03,100,0.08074845666666665,2.666677080151519
puma8NH.csv,0.25,0.21336866666666665,0.15742066666666654,0.03663133333333335,0.09257933333333346,0.008000000000000007,100,0.08818223444444442,2.7457287472146716
puma8NH.csv,0.3,0.4067833333333331,0.39296466666666663,0.10678333333333312,0.09296466666666664,0.139,100,0.09115601222222222,2.776767730482517
puma8NH.csv,0.35,0.4559426666666664,0.43911133333333346,0.10594266666666641,0.08911133333333349,0.10000000000000003,100,0.10354252777777777,2.713717998185644
puma8NH.csv,0.4,0.44840499999999983,0.4298996666666671,0.04840499999999981,0.029899666666667102,0.063,100,0.09446913777777777,2.8240737281031554
puma8NH.csv,0.44,0.49303066666666573,0.4881763333333325,0.05303066666666573,0.04817633333333249,0.025000000000000022,100,0.09685418222222221,2.8447945816607167
puma8NH.csv,0.49,0.43786700000000034,0.42731333333333393,0.05213299999999965,0.06268666666666606,0.07300000000000001,100,0.09185002666666665,2.8139907756095255
puma8NH.csv,0.54,0.5507520000000008,0.4963073333333336,0.010752000000000761,0.043692666666666435,0.0050000000000000044,100,0.09447219555555555,2.7868651330633587
puma8NH.csv,0.6,0.6407956666666684,0.6387880000000011,0.04079566666666845,0.038788000000001155,0.05900000000000005,100,0.08607244888888889,2.818537985633282
puma8NH.csv,0.65,0.6039396666666677,0.545394666666668,0.04606033333333237,0.104605333333332,0.030000000000000027,100,0.10072784,2.7308800306401046
puma8NH.csv,0.7,0.6616316666666673,0.6141446666666672,0.03836833333333267,0.08585533333333273,0.03300000000000003,100,0.09479098222222221,2.6785942981795223
puma8NH.csv,0.75,0.7666796666666662,0.8107426666666652,0.016679666666666204,0.06074266666666517,0.04500000000000004,100,0.08286858222222221,2.6737046356623226
puma8NH.csv,0.8,0.7622980000000021,0.7920443333333347,0.037701999999997904,0.007955666666665362,0.039999999999999925,100,0.08564591555555555,2.5506040091012196
puma8NH.csv,0.85,0.850019000000002,0.9151986666666685,1.9000000001989648e-05,0.06519866666666851,0.041000000000000036,100,0.07099245666666668,2.667622306611914
puma8NH.csv,0.9,0.8723479999999961,0.9361450000000017,0.027652000000003896,0.03614500000000165,0.05600000000000005,100,0.06818995111111112,2.6880414419880037
puma8NH.csv,0.95,0.9665733333333336,0.9812000000000023,0.016573333333333662,0.031200000000002337,0.025000000000000022,100,0.034626515555555556,2.214543278696882
quake.csv,0.05,0.9849753333333365,0.9755010000000012,0.9349753333333365,0.9255010000000011,0.49300000000000005,100,0.054825549549074065,2.8355399657372313
quake.csv,0.1,0.9874050000000035,0.978098000000002,0.8874050000000036,0.878098000000002,0.42200000000000004,100,0.047288802386111106,2.837176396084617
quake.csv,0.15,0.632509333333334,0.6299910000000001,0.482509333333334,0.47999100000000006,0.215,100,0.039992501111111106,2.808225711823296
quake.csv,0.2,0.9811216666666696,0.9750840000000015,0.7811216666666696,0.7750840000000014,0.409,100,0.05804450808641975,2.853943176094434
quake.csv,0.25,0.9884100000000039,0.9811143333333355,0.7384100000000039,0.7311143333333355,0.045999999999999985,100,0.04241966188148148,2.8066227512640496
quake.csv,0.3,0.9856460000000037,0.9779303333333353,0.6856460000000038,0.6779303333333353,0.2,100,0.04771501238611111,2.825119075877135
quake.csv,0.35,0.9855653333333367,0.9804440000000021,0.6355653333333368,0.6304440000000021,0.07300000000000001,100,0.04386324338611111,2.8854680741340726
quake.csv,0.4,0.987907333333337,0.9788523333333355,0.587907333333337,0.5788523333333355,0.05199999999999999,100,0.045274475467901226,2.862103403005608
quake.csv,0.44,0.9871536666666703,0.978517000000002,0.5471536666666703,0.5385170000000019,0.20600000000000002,100,0.04508984915555554,2.8056214765063747
quake.csv,0.49,0.9889123333333373,0.9812820000000024,0.4989123333333373,0.49128200000000244,0.10099999999999998,100,0.03759713478888889,2.8331052203581137
quake.csv,0.54,0.987321333333337,0.9784333333333354,0.447321333333337,0.43843333333333534,0.067,100,0.048068432844444446,2.8264883095407853
quake.csv,0.6,0.9883263333333372,0.9811143333333355,0.3883263333333372,0.38111433333333555,0.06599999999999995,100,0.04239171046296297,2.8130856418658485
quake.csv,0.65,0.9887450000000039,0.9812820000000024,0.33874500000000385,0.3312820000000024,0.132,100,0.041856998888888886,2.8053603134359655
quake.csv,0.7,0.9888286666666706,0.9811983333333357,0.2888286666666706,0.28119833333333577,0.17399999999999993,100,0.041036305555555555,2.9042103660992944
quake.csv,0.75,0.9889123333333373,0.981449666666669,0.23891233333333728,0.231449666666669,0.3,100,0.04005444444444445,2.8738908467871394
quake.csv,0.8,0.9875723333333372,0.9784333333333354,0.18757233333333712,0.17843333333333533,0.37800000000000006,100,0.04663407111111112,2.7925176642822036
quake.csv,0.85,0.9864846666666705,0.9792710000000022,0.13648466666667047,0.12927100000000225,0.422,100,0.04397270809382716,2.7889920477964028
quake.csv,0.9,0.9863163333333369,0.9783490000000021,0.08631633333333688,0.07834900000000211,0.32699999999999996,100,0.04534628922067901,2.7820336817083686
quake.csv,0.95,0.9889123333333373,0.981449666666669,0.03891233333333732,0.03144966666666904,0.4069999999999999,100,0.040271894177777774,2.851068962623799
quake.csv,0.05,0.9888286666666706,0.981449666666669,0.9388286666666705,0.931449666666669,0.405,100,0.04159300000000001,2.8809909001030407
quake.csv,0.1,0.9884103333333372,0.9812820000000024,0.8884103333333372,0.8812820000000025,0.349,100,0.034377177222222215,2.7469507719780295
quake.csv,0.15,0.6492613333333337,0.6457369999999999,0.49926133333333367,0.49573699999999987,0.29400000000000004,100,0.04474893638888889,2.865182466076086
quake.csv,0.2,0.9874050000000035,0.9779306666666686,0.7874050000000035,0.7779306666666685,0.22499999999999998,100,0.04978509588240741,2.856298182720272
quake.csv,0.25,0.9884100000000039,0.9811143333333355,0.7384100000000039,0.7311143333333355,0.12,100,0.042324180406172834,2.834407138711245
quake.csv,0.3,0.9882426666666705,0.9811143333333355,0.6882426666666706,0.6811143333333356,0.2,100,0.04219726875648149,2.775557383530662
quake.csv,0.35,0.9889123333333373,0.9812820000000024,0.6389123333333373,0.6312820000000025,0.10600000000000004,100,0.03984449195555555,2.7896339918262325
quake.csv,0.4,0.011338666666666582,0.016195666666666567,0.3886613333333334,0.38380433333333347,0.055999999999999994,100,0.03715660462222222,2.863086802305015
quake.csv,0.44,0.9868186666666702,0.978098000000002,0.5468186666666701,0.538098000000002,0.16799999999999998,100,0.04805708857129629,2.816395499448884
quake.csv,0.49,0.9889123333333373,0.9812820000000024,0.4989123333333373,0.49128200000000244,0.07699999999999996,100,0.04000975440586419,2.8177492313159886
quake.csv,0.54,0.9889123333333373,0.9812820000000024,0.44891233333333724,0.4412820000000024,0.16900000000000004,100,0.03992514669012345,2.8346983233202767
quake.csv,0.6,0.9870700000000038,0.9786846666666686,0.3870700000000038,0.37868466666666867,0.09899999999999998,100,0.04701889333333333,2.7646807873481936
quake.csv,0.65,0.9889123333333373,0.9812820000000024,0.33891233333333726,0.3312820000000024,0.126,100,0.03988922308148149,2.8105829372765005
quake.csv,0.7,0.6373673333333342,0.6347656666666669,0.06263266666666578,0.06523433333333306,0.27399999999999997,100,0.03821534946759259,2.701649510630395
quake.csv,0.75,0.987740333333337,0.9787686666666688,0.237740333333337,0.22876866666666884,0.23199999999999998,100,0.04584204234907408,2.8637599972956407
quake.csv,0.8,0.9882426666666705,0.9808630000000023,0.18824266666667044,0.18086300000000222,0.19800000000000006,100,0.043206507822222226,2.817035224651304
quake.csv,0.85,0.986399333333337,0.978014000000002,0.13639933333333698,0.12801400000000207,0.265,100,0.046168998888888896,2.839460569496733
quake.csv,0.9,0.6871206666666675,0.6819220000000005,0.21287933333333253,0.21807799999999955,0.41000000000000003,100,0.03541666222222222,2.7479520467380416
quake.csv,0.95,0.9864833333333369,0.9780976666666688,0.036483333333336976,0.028097666666668797,0.365,100,0.048025686874999994,2.8731305711574526
sonar.csv,0.05,0.01025099999999993,0.015862999999999898,0.039749000000000076,0.034137000000000105,0.111,100,0.01999948777777778,2.538296527665254
sonar.csv,0.1,0.010334666666666596,0.0161139999999999,0.0896653333333334,0.0838860000000001,0.128,100,0.02254720444444445,2.3704442423838366
sonar.csv,0.15,0.018617999999999888,0.017954999999999895,0.1313820000000001,0.1320450000000001,0.19000000000000003,100,0.03218330111111111,2.4072509196650382
sonar.csv,0.2,0.013431666666666559,0.017620999999999894,0.18656833333333345,0.18237900000000012,0.07900000000000001,100,0.0432041011111111,2.578741928245972
sonar.csv,0.25,0.013263666666666557,0.017704999999999894,0.23673633333333344,0.2322950000000001,0.0030000000000000027,100,0.041618111111111106,2.584993629557054
sonar.csv,0.3,0.010752999999999917,0.01636333333333323,0.2892470000000001,0.28363666666666676,0.08000000000000002,100,0.03886864333333333,2.5903073682347193
sonar.csv,0.35,0.015358999999999888,0.019626999999999888,0.3346410000000001,0.3303730000000001,0.02400000000000002,100,0.04675030666666667,2.66727984053985
sonar.csv,0.4,0.014100333333333222,0.017704333333333228,0.3858996666666668,0.3822956666666668,0.05099999999999999,100,0.042333217777777786,2.612664717409334
sonar.csv,0.44,0.012594333333333237,0.019124666666666557,0.42740566666666674,0.42087533333333343,0.28300000000000003,100,0.04434277666666667,2.7408960664382667
sonar.csv,0.49,0.02205666666666653,0.024401999999999875,0.4679433333333335,0.4655980000000001,0.21999999999999997,100,0.04792725666666667,2.7673006169938272
sonar.csv,0.54,0.01334833333333323,0.018705999999999886,0.5266516666666669,0.5212940000000001,0.21600000000000003,100,0.044058545555555544,2.676309726156898
sonar.csv,0.6,0.014185333333333227,0.01862266666666656,0.5858146666666667,0.5813773333333334,0.25999999999999995,100,0.04462886555555556,2.6206994636131706
sonar.csv,0.65,0.02222733333333318,0.027083666666666523,0.6277726666666669,0.6229163333333335,0.138,100,0.04323423444444445,2.7692020343953767
sonar.csv,0.7,0.01778866666666654,0.022726666666666548,0.6822113333333334,0.6772733333333334,0.22699999999999992,100,0.04807121222222222,2.71263645262478
sonar.csv,0.75,0.9835516666666703,0.9748313333333352,0.23355166666667027,0.22483133333333516,0.265,100,0.046428226666666655,2.8048696870053993
sonar.csv,0.8,0.9872373333333371,0.9788526666666686,0.18723733333333703,0.17885266666666855,0.259,100,0.04778060444444445,2.7101907750652363
sonar.csv,0.85,0.9884936666666706,0.9811983333333355,0.13849366666667062,0.13119833333333553,0.33599999999999997,100,0.04304482666666666,2.702554644373915
sonar.csv,0.9,0.9889123333333373,0.981449666666669,0.08891233333333726,0.08144966666666897,0.524,100,0.03721252777777778,2.7215810356231374
sonar.csv,0.95,0.6655106666666672,0.6609826666666669,0.2844893333333327,0.289017333333333,0.42599999999999993,100,0.03588231555555556,2.6995555766193453
sonar.csv,0.05,0.010167333333333266,0.016030666666666565,0.03983266666666674,0.033969333333333435,0.025999999999999995,100,0.018557306666666665,2.521342045945482
sonar.csv,0.1,0.014769333333333223,0.016782999999999892,0.08523066666666679,0.08321700000000011,0.082,100,0.02953019888888889,2.4088121437181984
sonar.csv,0.15,0.01301233333333324,0.01636466666666656,0.13698766666666676,0.13363533333333344,0.11599999999999999,100,0.03245112333333334,2.5056258013447246
sonar.csv,0.2,0.012259333333333242,0.0160299999999999,0.18774066666666678,0.1839700000000001,0.126,100,0.03377318222222222,2.500813527494356
sonar.csv,0.25,0.04090933333333321,0.027590333333333206,0.20909066666666679,0.22240966666666678,0.10300000000000001,100,0.047582910000000006,2.4771800759188585
sonar.csv,0.3,0.011757333333333243,0.014939666666666565,0.28824266666666676,0.2850603333333334,0.19799999999999998,100,0.03558255444444445,2.6138333241025773
sonar.csv,0.35,0.01619899999999988,0.022054666666666556,0.3338010000000001,0.3279453333333334,0.06500000000000006,100,0.052949893333333324,2.6614158848636857
sonar.csv,0.4,0.011506333333333245,0.01653066666666656,0.3884936666666668,0.38346933333333344,0.197,100,0.040933017777777775,2.6828089605512457
sonar.csv,0.44,0.012007999999999902,0.016280333333333227,0.4279920000000001,0.42371966666666677,0.188,100,0.04021496,2.6581786807089247
sonar.csv,0.49,0.011673333333333237,0.015441999999999897,0.47832666666666673,0.4745580000000001,0.235,100,0.03503397333333333,2.6747261839077585
sonar.csv,0.54,0.010920333333333252,0.016196333333333233,0.5290796666666668,0.5238036666666668,0.17600000000000005,100,0.03916299555555556,2.5534473137890545
sonar.csv,0.6,0.013181999999999909,0.020213666666666557,0.5868180000000001,0.5797863333333334,0.367,100,0.04921719444444443,2.7026371554015864
sonar.csv,0.65,0.039733999999999846,0.0438343333333332,0.6102660000000002,0.6061656666666668,0.199,100,0.05107230555555556,2.7023946134204055
sonar.csv,0.7,0.4521723333333332,0.45065999999999995,0.24782766666666678,0.24934,0.33799999999999997,100,0.042410732222222226,2.707676136097543
sonar.csv,0.75,0.9870696666666705,0.9789363333333354,0.2370696666666705,0.2289363333333354,0.06499999999999995,100,0.044776634444444456,2.7089713677409364
sonar.csv,0.8,0.6800860000000004,0.6743843333333333,0.11991399999999963,0.1256156666666668,0.37800000000000006,100,0.04989415111111112,2.6347509168653795
sonar.csv,0.85,0.6397126666666674,0.6363573333333337,0.2102873333333326,0.21364266666666631,0.43599999999999994,100,0.040821648888888895,2.649808635974678
sonar.csv,0.9,0.988996000000004,0.9816173333333357,0.08899600000000396,0.08161733333333565,0.281,100,0.03973584888888889,2.706894325055362
sonar.csv,0.95,0.988996000000004,0.981449666666669,0.03899600000000403,0.03144966666666904,0.353,100,0.03645082111111111,2.686359630354979
space_ga.csv,0.05,0.08464533333333327,0.046443999999999874,0.034645333333333264,0.0035560000000001285,0.023999999999999994,100,0.06017192333333333,2.6092012050225337
space_ga.csv,0.1,0.1331736666666661,0.05414533333333322,0.0331736666666661,0.04585466666666679,0.0010000000000000009,100,0.06856,2.624918524210668
space_ga.csv,0.15,0.22948433333333165,0.14654199999999962,0.07948433333333166,0.0034580000000003774,0.047000000000000014,100,0.08902734555555555,2.626796125069588
space_ga.csv,0.2,0.2541026666666662,0.15214899999999962,0.05410266666666619,0.04785100000000039,0.016999999999999987,100,0.08711357666666666,2.7210593854574734
space_ga.csv,0.25,0.3068139999999993,0.190331,0.05681399999999931,0.059669,0.046999999999999986,100,0.09500075000000001,2.752960329920273
space_ga.csv,0.3,0.334757666666665,0.2561883333333331,0.03475766666666502,0.043811666666666915,0.0,100,0.10608518222222223,2.7434107054038814
space_ga.csv,0.35,0.37694599999999945,0.36472233333333337,0.02694599999999947,0.014722333333333393,0.02400000000000002,100,0.10401055444444446,2.8373148916271855
space_ga.csv,0.4,0.43167666666666754,0.4243040000000009,0.03167666666666752,0.02430400000000088,0.010000000000000009,100,0.11223561777777777,2.800328276015411
space_ga.csv,0.44,0.43402033333333423,0.4253910000000011,0.005979666666665773,0.014608999999998928,0.0010000000000000009,100,0.11712659888888886,2.7650328458448614
space_ga.csv,0.49,0.4296656666666671,0.419526333333334,0.06033433333333288,0.07047366666666599,0.07699999999999996,100,0.11844075,2.7600545842011663
space_ga.csv,0.54,0.5230576666666672,0.47471900000000083,0.016942333333332837,0.0652809999999992,0.0,100,0.11697942666666666,2.766815931645761
space_ga.csv,0.6,0.494548,0.457277,0.10545199999999999,0.142723,0.06899999999999995,100,0.11540250111111111,2.7644481029642063
space_ga.csv,0.65,0.6561966666666676,0.6424653333333343,0.006196666666667627,0.00753466666666569,0.08399999999999996,100,0.10238255555555552,2.765533032991053
space_ga.csv,0.7,0.6290710000000019,0.6002613333333349,0.07092899999999802,0.09973866666666509,0.03799999999999992,100,0.10682915999999996,2.7651749316831404
space_ga.csv,0.75,0.6669206666666674,0.6582106666666672,0.08307933333333262,0.09178933333333283,0.019000000000000017,100,0.10336141666666665,2.570334028225922
space_ga.csv,0.8,0.7806793333333315,0.8164446666666644,0.01932066666666854,0.01644466666666433,0.040999999999999925,100,0.08624522222222222,2.641616168696545
space_ga.csv,0.85,0.7386163333333297,0.7814213333333317,0.11138366666667032,0.06857866666666823,0.01100000000000001,100,0.09665340444444444,2.562752045536061
space_ga.csv,0.9,0.840814666666667,0.8888096666666679,0.05918533333333298,0.011190333333332081,0.040000000000000036,100,0.07246659888888889,2.5781078151676446
space_ga.csv,0.95,0.8685816666666633,0.9294433333333347,0.0814183333333367,0.020556666666665224,0.020999999999999908,100,0.06927419888888889,2.4887310522402304
space_ga.csv,0.05,0.10957966666666592,0.04610366666666654,0.05957966666666592,0.00389633333333346,0.021000000000000005,100,0.06217117666666666,2.4702566752268478
space_ga.csv,0.1,0.17075599999999985,0.09343100000000003,0.07075599999999985,0.006568999999999978,0.025999999999999995,100,0.07644652777777777,2.554992629298333
space_ga.csv,0.15,0.1770326666666661,0.11680299999999987,0.027032666666666094,0.03319700000000013,0.011999999999999983,100,0.07944177777777778,2.611922276333131
space_ga.csv,0.2,0.23711866666666503,0.1775409999999992,0.03711866666666502,0.02245900000000081,0.014000000000000012,100,0.10020644888888891,2.5569156838354727
space_ga.csv,0.25,0.3418003333333322,0.3267203333333323,0.0918003333333322,0.07672033333333228,0.068,100,0.11332724000000001,2.6581205790948044
space_ga.csv,0.3,0.38490233333333207,0.37091799999999947,0.08490233333333208,0.07091799999999948,0.10500000000000004,100,0.10709877777777776,2.795428678539277
space_ga.csv,0.35,0.3751896666666665,0.36296366666666696,0.0251896666666665,0.012963666666666984,0.014000000000000012,100,0.10819919444444444,2.7405664438171695
space_ga.csv,0.4,0.26414500000000024,0.22108533333333275,0.13585499999999978,0.17891466666666728,0.14700000000000002,100,0.09697737333333337,2.7287064483328525
space_ga.csv,0.44,0.46104499999999915,0.44421666666666665,0.021044999999999148,0.004216666666666646,0.015000000000000013,100,0.12788224888888888,2.7326031430174833
space_ga.csv,0.49,0.48835633333333334,0.45100200000000046,0.0016436666666666544,0.03899799999999953,0.02400000000000002,100,0.12854077666666666,2.6485747785610987
space_ga.csv,0.54,0.5454810000000008,0.49655933333333396,0.005481000000000735,0.04344066666666607,0.010000000000000009,100,0.11121688444444443,2.7873662206760192
space_ga.csv,0.6,0.564975333333334,0.508356666666667,0.03502466666666593,0.09164333333333297,0.030999999999999917,100,0.10464783999999999,2.8690890183589874
space_ga.csv,0.65,0.6680946666666668,0.662066,0.018094666666666814,0.012066000000000021,0.040000000000000036,100,0.09897830555555556,2.781873650753604
space_ga.csv,0.7,0.5801273333333333,0.5222536666666673,0.11987266666666663,0.17774633333333267,0.07299999999999995,100,0.11854313222222222,2.723584847065154
space_ga.csv,0.75,0.6878980000000026,0.7627643333333343,0.06210199999999744,0.012764333333334266,0.03700000000000003,100,0.1102023322222222,2.595377688040113
space_ga.csv,0.8,0.6868910000000025,0.7658623333333341,0.11310899999999757,0.034137666666665956,0.015000000000000013,100,0.09979388444444443,2.7006905207443808
space_ga.csv,0.85,0.7645600000000022,0.7982403333333347,0.08543999999999774,0.051759666666665316,0.02499999999999991,100,0.09164823999999999,2.603784893100552
space_ga.csv,0.9,0.7930009999999973,0.8211389999999976,0.10699900000000273,0.0788610000000024,0.007000000000000006,100,0.08441566666666665,2.4770483607486113
space_ga.csv,0.95,0.8555703333333332,0.9105863333333355,0.09442966666666675,0.03941366666666446,0.061999999999999944,100,0.07156321222222223,2.638830773761542
spambase(1).csv,0.05,0.08364299999999995,0.07711700000000009,0.03364299999999995,0.027117000000000085,0.008,100,0.057271826666666664,1.817042817826936
spambase(1).csv,0.1,0.1151869999999995,0.11192599999999951,0.015186999999999493,0.011925999999999506,0.017,100,0.06961030555555554,2.0840506286898526
spambase(1).csv,0.15,0.17619566666666608,0.17669599999999927,0.02619566666666609,0.026695999999999276,0.013000000000000012,100,0.10102868777777779,2.059159203802383
spambase(1).csv,0.2,0.21108466666666564,0.21116866666666562,0.011084666666665632,0.011168666666665605,0.008000000000000007,100,0.11681550666666667,2.0740274962996206
spambase(1).csv,0.25,0.2361996666666649,0.23510933333333162,0.013800333333335107,0.014890666666668384,0.009000000000000008,100,0.1273986788888889,2.240912886268527
spambase(1).csv,0.3,0.23678566666666492,0.235694666666665,0.06321433333333507,0.06430533333333499,0.012999999999999956,100,0.1303348122222222,2.2612165640498207
spambase(1).csv,0.35,0.2976163333333334,0.2925959999999999,0.05238366666666655,0.057404000000000066,0.021999999999999964,100,0.14170111555555553,2.3146967137171037
spambase(1).csv,0.4,0.36707100000000065,0.3671546666666673,0.032928999999999375,0.03284533333333273,0.0040000000000000036,100,0.16225951555555554,2.207979899883657
spambase(1).csv,0.44,0.41469099999999853,0.41360133333333193,0.02530900000000147,0.02639866666666807,0.03200000000000003,100,0.1728323677777778,2.1339185071024533
spambase(1).csv,0.49,0.43586133333333443,0.43594500000000086,0.05413866666666556,0.05405499999999913,0.006000000000000005,100,0.16831823444444446,2.303268492607799
spambase(1).csv,0.54,0.536863333333334,0.536863333333334,0.0031366666666660104,0.0031366666666660104,0.03300000000000003,100,0.16562351555555557,2.337065425328085
spambase(1).csv,0.6,0.538118333333334,0.5382020000000008,0.061881666666665947,0.06179799999999913,0.02200000000000002,100,0.16888231555555552,2.2862106297156712
spambase(1).csv,0.65,0.5888256666666656,0.5889923333333322,0.06117433333333444,0.06100766666666779,0.02300000000000002,100,0.1733935233333333,2.196721191587844
spambase(1).csv,0.7,0.6644093333333343,0.6640763333333347,0.03559066666666566,0.035923666666665244,0.05600000000000005,100,0.13762526555555554,2.3599253487293232
spambase(1).csv,0.75,0.7160283333333379,0.7143533333333381,0.03397166666666207,0.03564666666666194,0.029000000000000026,100,0.13524475,2.3483970929635185
spambase(1).csv,0.8,0.7021346666666705,0.7025516666666706,0.09786533333332958,0.09744833333332947,0.03600000000000003,100,0.14040202666666665,2.2635287839454605
spambase(1).csv,0.85,0.7891666666666616,0.7896676666666618,0.0608333333333384,0.060332333333338206,0.008000000000000007,100,0.11422753222222223,2.064989116253056
spambase(1).csv,0.9,0.8465010000000023,0.8466663333333356,0.05349899999999774,0.05333366666666439,0.0050000000000000044,100,0.08859577777777776,2.1047843043003756
spambase(1).csv,0.95,0.8697509999999966,0.8694136666666638,0.08024900000000335,0.0805863333333362,0.016999999999999904,100,0.07969566666666666,1.8055703062727853
spambase(1).csv,0.05,0.08263899999999998,0.03923733333333321,0.032638999999999974,0.010762666666666795,0.0020000000000000018,100,0.05470497222222222,1.8313830069077073
spambase(1).csv,0.1,0.08372666666666662,0.07736800000000009,0.01627333333333339,0.022631999999999916,0.027999999999999997,100,0.057472555555555555,1.8496908644916465
spambase(1).csv,0.15,0.13679699999999936,0.13327633333333272,0.013203000000000631,0.016723666666667275,0.012999999999999984,100,0.09096255111111111,1.9402473870023296
spambase(1).csv,0.2,0.18598366666666538,0.18648566666666538,0.01401633333333463,0.013514333333334627,0.006000000000000005,100,0.10992033333333331,2.064925122762643
spambase(1).csv,0.25,0.2362836666666649,0.2351936666666649,0.013716333333335107,0.014806333333335087,0.007000000000000006,100,0.12816144444444444,2.160294284014156
spambase(1).csv,0.3,0.2724280000000003,0.2678233333333335,0.027571999999999708,0.032176666666666465,0.008000000000000007,100,0.1349638711111111,2.2005393663190658
spambase(1).csv,0.35,0.33459799999999806,0.33635399999999827,0.015402000000001914,0.013646000000001712,0.0020000000000000018,100,0.14266878222222223,2.398382650047464
spambase(1).csv,0.4,0.3810436666666655,0.3816313333333321,0.01895633333333452,0.01836866666666792,0.009000000000000008,100,0.15012551555555556,2.423435362958426
spambase(1).csv,0.44,0.4619653333333326,0.46179799999999926,0.021965333333332615,0.021797999999999262,0.10200000000000004,100,0.17724566555555557,2.2110685236660874
spambase(1).csv,0.49,0.4356940000000011,0.43552666666666756,0.05430599999999891,0.05447333333333243,0.008000000000000007,100,0.17415570111111112,2.2193205348092344
spambase(1).csv,0.54,0.5377000000000007,0.5377000000000007,0.0022999999999993026,0.0022999999999993026,0.026000000000000023,100,0.16655991555555555,2.3975653941649564
spambase(1).csv,0.6,0.5645570000000013,0.5648083333333346,0.03544299999999867,0.0351916666666654,0.020000000000000018,100,0.17848333333333335,2.1373728013078335
spambase(1).csv,0.65,0.6369450000000028,0.6362756666666695,0.013054999999997263,0.013724333333330563,0.026000000000000023,100,0.1701900266666666,2.0827386813546296
spambase(1).csv,0.7,0.6161100000000023,0.6155210000000021,0.08388999999999769,0.08447899999999786,0.015999999999999903,100,0.14841935111111113,2.3891850930565055
spambase(1).csv,0.75,0.7286573333333318,0.7297449999999988,0.021342666666668175,0.020255000000001244,0.03200000000000003,100,0.14926063444444446,1.9721987373560168
spambase(1).csv,0.8,0.7827839999999969,0.782950999999997,0.017216000000003118,0.01704900000000309,0.06399999999999995,100,0.11794264888888888,2.119774842663628
spambase(1).csv,0.85,0.8286759999999985,0.8285886666666654,0.021324000000001453,0.02141133333333456,0.04700000000000004,100,0.09397544444444444,2.220685473804939
spambase(1).csv,0.9,0.8390463333333351,0.8388793333333346,0.06095366666666491,0.06112066666666538,0.018000000000000016,100,0.08942392888888889,2.283640906695566
spambase(1).csv,0.95,0.9005439999999997,0.901966333333333,0.04945600000000028,0.048033666666666974,0.002000000000000113,100,0.06187171,1.9259922512716985
spambase.csv,0.05,0.08355933333333329,0.07686533333333341,0.03355933333333329,0.026865333333333408,0.017,100,0.057190411138825906,1.910116097004037
spambase.csv,0.1,0.1425069999999996,0.13890133333333285,0.0425069999999996,0.038901333333332844,0.02600000000000001,100,0.0797957799787037,2.0906173540297863
spambase.csv,0.15,0.2106663333333323,0.2101643333333323,0.060666333333332295,0.06016433333333229,0.0030000000000000027,100,0.10206775919259262,2.3324838659771903
spambase.csv,0.2,0.2603796666666668,0.25610766666666657,0.060379666666666776,0.056107666666666556,0.021999999999999992,100,0.13098774520833334,2.2525812528190134
spambase.csv,0.25,0.3145313333333328,0.3064946666666662,0.06453133333333277,0.05649466666666619,0.027000000000000024,100,0.1425743290882527,2.3517287106155456
spambase.csv,0.3,0.34791066666666615,0.3506709999999998,0.04791066666666616,0.0506709999999998,0.0040000000000000036,100,0.1509853135382716,2.2268830720817245
spambase.csv,0.35,0.3521783333333335,0.35385133333333363,0.002178333333333504,0.003851333333333651,0.01699999999999996,100,0.16575512557870367,2.1572057220874115
spambase.csv,0.4,0.4070613333333317,0.40672566666666504,0.0070613333333316985,0.00672566666666502,0.040000000000000036,100,0.1539605925925926,2.436424471028771
spambase.csv,0.44,0.46221633333333256,0.4618816666666659,0.02221633333333256,0.02188166666666591,0.0040000000000000036,100,0.17158083675432098,2.3178379375508884
spambase.csv,0.49,0.5126000000000008,0.5126000000000008,0.02260000000000084,0.02260000000000084,0.010000000000000009,100,0.17132717472222225,2.2688532481336092
spambase.csv,0.54,0.5858943333333325,0.5860616666666658,0.04589433333333248,0.04606166666666578,0.017000000000000015,100,0.17354389194444447,2.2092255137900003
spambase.csv,0.6,0.5930226666666663,0.5936929999999996,0.006977333333333724,0.006307000000000396,0.013000000000000012,100,0.1453532367712963,2.4730566672693812
spambase.csv,0.65,0.6696846666666673,0.6676753333333342,0.01968466666666724,0.017675333333334153,0.013000000000000012,100,0.1518825941666667,2.1416696213843815
spambase.csv,0.7,0.7208790000000026,0.7216320000000025,0.020879000000002645,0.021632000000002538,0.040000000000000036,100,0.14915515064814813,1.9999109610910628
spambase.csv,0.75,0.7634653333333361,0.762712666666669,0.013465333333336105,0.012712666666669037,0.006000000000000005,100,0.1423545336111111,2.0250334844437377
spambase.csv,0.8,0.8132633333333309,0.8136816666666642,0.013263333333330851,0.01368166666666415,0.027000000000000024,100,0.1135777511111111,2.003017203767154
spambase.csv,0.85,0.822801333333333,0.8228849999999996,0.027198666666666926,0.027115000000000333,0.010000000000000009,100,0.11134081790123455,1.9562993061740612
spambase.csv,0.9,0.9094963333333347,0.948198333333334,0.009496333333334661,0.04819833333333401,0.02100000000000002,100,0.06119869580246913,2.0695855711949522
spambase.csv,0.95,0.8534766666666659,0.8722333333333334,0.09652333333333407,0.07776666666666654,0.05499999999999994,100,0.07448336555555556,1.864450490473111
spambase.csv,0.05,0.1025516666666661,0.10297033333333279,0.052551666666666094,0.052970333333332786,0.0040000000000000036,100,0.06586356777777777,1.9228451484755822
spambase.csv,0.1,0.16328966666666608,0.16362166666666592,0.06328966666666608,0.06362166666666591,0.007999999999999993,100,0.088785045909549,2.147179764906767
spambase.csv,0.15,0.18447666666666548,0.18414066666666543,0.03447666666666549,0.03414066666666543,0.0050000000000000044,100,0.10692832076388888,2.1292509335586094
spambase.csv,0.2,0.2134366666666656,0.2136039999999989,0.013436666666665598,0.013603999999998895,0.035,100,0.11669605409722221,2.1828546064977727
spambase.csv,0.25,0.31385233333333235,0.314355999999999,0.06385233333333235,0.06435599999999903,0.015000000000000013,100,0.14963569086215042,2.2249357595248096
spambase.csv,0.3,0.3330873333333314,0.3353469999999983,0.033087333333331415,0.035346999999998296,0.01799999999999996,100,0.15107781416666669,2.232986818861778
spambase.csv,0.35,0.3861493333333316,0.386066666666665,0.036149333333331646,0.036066666666665026,0.013000000000000012,100,0.15870683965277776,2.3418708983722314
spambase.csv,0.4,0.4105876666666648,0.409999666666665,0.010587666666664775,0.009999666666664964,0.0020000000000000018,100,0.1697083513638889,2.278245948255531
spambase.csv,0.44,0.43694900000000114,0.43694900000000086,0.00305099999999886,0.0030509999999991377,0.016000000000000014,100,0.17389004644290126,2.203140217173514
spambase.csv,0.49,0.48739999999999856,0.48739999999999856,0.0026000000000014345,0.0026000000000014345,0.02899999999999997,100,0.16016241484567903,2.428233559338535
spambase.csv,0.54,0.537616333333334,0.537616333333334,0.0023836666666660067,0.0023836666666660067,0.038000000000000034,100,0.18501366952932102,2.1498466463642125
spambase.csv,0.6,0.5959633333333331,0.595793333333333,0.00403666666666691,0.004206666666667025,0.020000000000000018,100,0.16222121354166666,2.275717433444278
spambase.csv,0.65,0.6187883333333358,0.617948000000002,0.031211666666664195,0.03205199999999797,0.07300000000000006,100,0.1500647238888889,2.441733031265632
spambase.csv,0.7,0.7124286666666719,0.7137680000000046,0.012428666666671973,0.013768000000004665,1.1102230246251565e-16,100,0.14860313372685185,2.1064938489934133
spambase.csv,0.75,0.7564373333333343,0.7553500000000004,0.006437333333334294,0.00535000000000041,0.026000000000000023,100,0.13794560648734566,2.2022618027235255
spambase.csv,0.8,0.8086616666666637,0.8089963333333304,0.008661666666663681,0.008996333333330386,0.006000000000000005,100,0.12140400570216048,2.0042861434783457
spambase.csv,0.85,0.8373616666666694,0.8362740000000027,0.012638333333330531,0.01372599999999724,0.0030000000000000027,100,0.09747757666666669,2.0583387972789904
spambase.csv,0.9,0.8532180000000005,0.8540560000000005,0.046781999999999546,0.04594399999999954,0.025000000000000022,100,0.08719960527777777,2.101538042736417
spambase.csv,0.95,0.9176956666666686,0.9194526666666683,0.03230433333333138,0.030547333333331705,0.0119999999999999,100,0.05868944767746914,1.665969995711314
spectf.csv,0.05,0.010083666666666598,0.016115999999999905,0.0399163333333334,0.033884000000000095,0.062,100,0.017203382222222223,2.5559573378507956
spectf.csv,0.1,0.010167333333333266,0.012426999999999916,0.08983266666666674,0.0875730000000001,0.021000000000000005,100,0.02278119444444444,2.602113941259513
spectf.csv,0.15,0.010669333333333255,0.012594333333333244,0.13933066666666674,0.13740566666666676,0.13800000000000004,100,0.02719149333333333,2.619189617308056
spectf.csv,0.2,0.010418333333333262,0.012426999999999916,0.18958166666666676,0.1875730000000001,0.05100000000000002,100,0.026464751111111108,2.5871287738519815
spectf.csv,0.25,0.011589666666666582,0.014100666666666569,0.23841033333333342,0.23589933333333343,0.23299999999999998,100,0.03201922111111111,2.7585386025549776
spectf.csv,0.3,0.011673333333333247,0.01359866666666657,0.28832666666666673,0.2864013333333334,0.09000000000000002,100,0.031923,2.730851153342954
spectf.csv,0.35,0.011589666666666583,0.013430999999999905,0.33841033333333337,0.33656900000000006,0.11100000000000004,100,0.033469271111111115,2.6660861610218327
spectf.csv,0.4,0.011505999999999916,0.013766333333333233,0.3884940000000001,0.3862336666666668,0.08699999999999997,100,0.03891452777777778,2.798312350997292
spectf.csv,0.44,0.010836666666666588,0.013430999999999908,0.4291633333333334,0.4265690000000001,0.118,100,0.028711132222222227,2.634163681150182
spectf.csv,0.49,0.010418333333333262,0.013682333333333236,0.47958166666666674,0.47631766666666675,0.06000000000000005,100,0.028463176666666666,2.74930577860554
spectf.csv,0.54,0.011422333333333246,0.014352666666666564,0.5285776666666668,0.5256473333333335,0.05500000000000005,100,0.030902287777777773,2.7624356958512832
spectf.csv,0.6,0.011254999999999916,0.014940333333333241,0.5887450000000001,0.5850596666666668,0.26399999999999996,100,0.032085777777777776,2.7410739728496454
spectf.csv,0.65,0.010334666666666594,0.015358666666666571,0.6396653333333334,0.6346413333333335,0.20700000000000002,100,0.02770611111111111,2.701271745720957
spectf.csv,0.7,0.01125499999999992,0.015023333333333232,0.688745,0.6849766666666667,0.24799999999999994,100,0.03296876777777778,2.7472408123471683
spectf.csv,0.75,0.011003999999999918,0.014939666666666568,0.7389960000000001,0.7350603333333334,0.17000000000000004,100,0.03490143444444445,2.7437318418980823
spectf.csv,0.8,0.2855773333333339,0.28331300000000054,0.5144226666666661,0.5166869999999995,0.121,100,0.03319694555555556,2.7407433773714547
spectf.csv,0.85,0.010501999999999925,0.015190999999999899,0.8394980000000001,0.8348090000000001,0.015000000000000013,100,0.02996563888888889,2.5824859338641635
spectf.csv,0.9,0.010083666666666598,0.014939999999999903,0.8899163333333334,0.8850600000000001,0.21299999999999997,100,0.02656032333333334,2.7119932791752337
spectf.csv,0.95,0.010083666666666598,0.014939999999999903,0.9399163333333334,0.93506,0.2619999999999999,100,0.025565221111111116,2.6013949663706244
spectf.csv,0.05,0.012844666666666575,0.01267733333333325,0.03715533333333343,0.037322666666666754,0.034,100,0.025866501111111117,2.4756012906215754
spectf.csv,0.1,0.01025099999999993,0.012342999999999915,0.08974900000000008,0.0876570000000001,0.135,100,0.023916767777777778,2.6331362784902907
spectf.csv,0.15,0.012677333333333244,0.013263333333333242,0.13732266666666676,0.13673666666666676,0.019000000000000017,100,0.03140852888888889,2.6559733583712473
spectf.csv,0.2,0.010167333333333264,0.013180333333333235,0.18983266666666676,0.18681966666666677,0.09899999999999998,100,0.024401262222222223,2.824242819431477
spectf.csv,0.25,0.010418333333333262,0.015359666666666568,0.23958166666666675,0.23464033333333342,0.10400000000000001,100,0.02719291,2.7615538272780826
spectf.csv,0.3,0.010083666666666598,0.015863333333333233,0.2899163333333334,0.28413666666666676,0.118,100,0.022016782222222225,2.6469501808628086
spectf.csv,0.35,0.010167333333333266,0.013012999999999907,0.3398326666666667,0.3369870000000001,0.06399999999999995,100,0.026942995555555554,2.8051083124695846
spectf.csv,0.4,0.018794333333333194,0.01979799999999987,0.38120566666666683,0.38020200000000015,0.023999999999999966,100,0.02836138222222222,2.752041167578035
spectf.csv,0.44,0.011087666666666584,0.013682666666666569,0.4289123333333334,0.42631733333333344,0.04899999999999999,100,0.029738426666666665,2.6247885147992167
spectf.csv,0.49,0.011422333333333246,0.013933333333333235,0.47857766666666673,0.47606666666666675,0.027000000000000024,100,0.035321798888888895,2.7935105225690693
spectf.csv,0.54,0.011087666666666584,0.014017666666666567,0.5289123333333334,0.5259823333333334,0.051000000000000045,100,0.03394400444444444,2.6684730094028266
spectf.csv,0.6,0.010920333333333252,0.015023999999999909,0.5890796666666668,0.584976,0.03699999999999992,100,0.03308208333333333,2.6969619445304938
spectf.csv,0.65,0.010418333333333262,0.013766333333333236,0.6395816666666667,0.6362336666666668,0.10699999999999998,100,0.027781626666666667,2.754822102764397
spectf.csv,0.7,0.011254999999999916,0.014436333333333232,0.688745,0.6855636666666667,0.1479999999999999,100,0.03030282111111111,2.7633594506829993
spectf.csv,0.75,0.010167333333333264,0.013598666666666575,0.7398326666666667,0.7364013333333335,0.19299999999999995,100,0.02586977777777778,2.7255400773958574
spectf.csv,0.8,0.33398800000000084,0.3297126666666674,0.4660119999999992,0.47028733333333267,0.0020000000000000018,100,0.022532595555555562,2.5876380213717654
spectf.csv,0.85,0.3323130000000009,0.32812166666666737,0.5176869999999991,0.5218783333333326,0.136,100,0.02499695444444445,2.5945253089544984
spectf.csv,0.9,0.010083666666666598,0.014939999999999903,0.8899163333333334,0.8850600000000001,0.433,100,0.027037389999999998,2.6733333380567417
spectf.csv,0.95,0.010250999999999927,0.014939666666666568,0.9397490000000001,0.9350603333333334,0.09399999999999997,100,0.02763113777777778,2.600128868591932
sylva_prior.csv,0.05,0.03509999999999992,0.015270999999999898,0.01490000000000008,0.03472900000000011,0.016,100,0.033142101111111114,0.2651241953792266
sylva_prior.csv,0.1,0.10798999999999975,0.04308666666666655,0.007989999999999747,0.056913333333333455,0.015,100,0.06719753777777777,0.8564289478703462
sylva_prior.csv,0.15,0.12740733333333287,0.11544733333333326,0.02259266666666712,0.03455266666666673,0.03599999999999999,100,0.09594239555555552,0.7693426574987583
sylva_prior.csv,0.2,0.16146566666666667,0.14386899999999975,0.03853433333333334,0.056131000000000264,0.06,100,0.09963473222222216,1.1239867704106012
sylva_prior.csv,0.25,0.18455999999999884,0.14955099999999943,0.06544000000000116,0.10044900000000057,0.025999999999999995,100,0.11603741666666666,1.2943416189358783
sylva_prior.csv,0.3,0.2572839999999998,0.18373133333333264,0.0427160000000002,0.11626866666666735,0.01799999999999996,100,0.14229963888888889,1.3239958438579087
sylva_prior.csv,0.35,0.28606533333333367,0.19218199999999971,0.0639346666666663,0.15781800000000026,0.056999999999999995,100,0.15246967111111107,1.5427483637358497
sylva_prior.csv,0.4,0.3613806666666674,0.3517480000000008,0.03861933333333262,0.04825199999999924,0.019000000000000017,100,0.1714446711111111,1.7155986047526348
sylva_prior.csv,0.44,0.3788679999999989,0.36915233333333236,0.06113200000000113,0.07084766666666764,0.006000000000000005,100,0.1620298344444444,1.8950736941439323
sylva_prior.csv,0.49,0.40387166666666496,0.3918893333333318,0.08612833333333503,0.09811066666666818,0.019999999999999962,100,0.16065167111111112,1.9558620823508734
sylva_prior.csv,0.54,0.4499156666666662,0.43408433333333285,0.09008433333333382,0.10591566666666719,0.02300000000000002,100,0.1702039233333333,1.9880002963278853
sylva_prior.csv,0.6,0.5448953333333343,0.5045230000000002,0.05510466666666569,0.09547699999999981,0.019000000000000017,100,0.18396086555555552,1.8287870518888576
sylva_prior.csv,0.65,0.49178133333333335,0.4714289999999997,0.15821866666666667,0.1785710000000003,0.031000000000000028,100,0.15853551555555556,2.2232221722270746
sylva_prior.csv,0.7,0.6386900000000011,0.5965603333333344,0.061309999999998865,0.1034396666666656,0.0039999999999998925,100,0.1506522711111111,2.226937000772332
sylva_prior.csv,0.75,0.6634813333333336,0.6185873333333338,0.08651866666666641,0.13141266666666618,0.009000000000000008,100,0.13842347888888887,2.3679614371041997
sylva_prior.csv,0.8,0.7599520000000018,0.7717700000000014,0.040047999999998196,0.028229999999998645,0.0030000000000000027,100,0.12763030555555555,2.2466108008014944
sylva_prior.csv,0.85,0.7904186666666622,0.7947729999999957,0.059581333333337816,0.055227000000004245,0.0010000000000000009,100,0.10616033777777778,2.4400563426938526
sylva_prior.csv,0.9,0.8277393333333339,0.8343603333333338,0.07226066666666608,0.06563966666666621,0.0,100,0.08495881222222222,2.3781834222896174
sylva_prior.csv,0.95,0.9156880000000018,0.9393026666666661,0.03431199999999812,0.010697333333333892,0.0030000000000001137,100,0.05496477333333333,2.312107488339051
sylva_prior.csv,0.05,0.03509999999999992,0.015270999999999898,0.01490000000000008,0.03472900000000011,0.023000000000000003,100,0.03297030555555555,0.5085201704386351
sylva_prior.csv,0.1,0.10472733333333299,0.04677499999999988,0.0047273333333329864,0.053225000000000126,0.02700000000000001,100,0.06908424333333332,0.6070920731874572
sylva_prior.csv,0.15,0.13292466666666616,0.12766499999999978,0.01707533333333383,0.022335000000000216,0.041999999999999996,100,0.09294516777777778,0.9628158482759193
sylva_prior.csv,0.2,0.16454333333333254,0.13154466666666645,0.03545666666666747,0.06845533333333356,0.026999999999999996,100,0.10786655111111115,1.1601007973204158
sylva_prior.csv,0.25,0.21780466666666545,0.1755123333333325,0.03219533333333455,0.0744876666666675,0.02099999999999999,100,0.13557711111111112,1.3807682848456149
sylva_prior.csv,0.3,0.26857900000000035,0.1863246666666661,0.031420999999999644,0.11367533333333388,0.0010000000000000009,100,0.14027396777777776,1.5494356223975667
sylva_prior.csv,0.35,0.31259366666666577,0.30488899999999913,0.03740633333333421,0.045111000000000845,0.01799999999999996,100,0.1568305955555556,1.5705890630756385
sylva_prior.csv,0.4,0.33485166666666466,0.3302419999999984,0.06514833333333536,0.0697580000000016,0.03400000000000003,100,0.14460430555555553,1.6998731315880888
sylva_prior.csv,0.44,0.37928633333333217,0.36965433333333225,0.06071366666666783,0.07034566666666775,0.02899999999999997,100,0.16409661777777773,1.7580477121957168
sylva_prior.csv,0.49,0.430836333333334,0.41760066666666734,0.059163666666666004,0.07239933333333265,0.034999999999999976,100,0.1699981377777778,1.8606154226636105
sylva_prior.csv,0.54,0.4597096666666668,0.4425406666666665,0.08029033333333324,0.09745933333333351,0.03400000000000003,100,0.17375519555555555,1.935479514960774
sylva_prior.csv,0.6,0.4837493333333334,0.46624233333333337,0.11625066666666656,0.1337576666666666,0.016000000000000014,100,0.17302533777777776,2.062045274286844
sylva_prior.csv,0.65,0.5847279999999996,0.5479593333333329,0.06527200000000044,0.10204066666666711,0.017000000000000015,100,0.16964113777777773,2.1467764247835026
sylva_prior.csv,0.7,0.6602073333333333,0.6154826666666671,0.0397926666666667,0.08451733333333289,0.001000000000000112,100,0.1529045277777778,2.017548856149601
sylva_prior.csv,0.75,0.6638160000000001,0.6185873333333339,0.08618399999999993,0.13141266666666607,0.015000000000000013,100,0.1397806622222222,2.3435935370234997
sylva_prior.csv,0.8,0.7631313333333359,0.774615000000002,0.03686866666666411,0.025384999999997993,0.0040000000000000036,100,0.12697828444444445,2.2672904313399473
sylva_prior.csv,0.85,0.7845419999999971,0.7889796666666643,0.0654580000000029,0.061020333333335675,0.008000000000000007,100,0.10405833333333334,2.5392476865981064
sylva_prior.csv,0.9,0.8399663333333354,0.8475073333333354,0.06003366666666465,0.052492666666664634,0.0,100,0.07736284,2.360339754482875
sylva_prior.csv,0.95,0.8847313333333314,0.8995483333333326,0.06526866666666853,0.05045166666666734,0.0039999999999998925,100,0.06634587111111111,2.3751542342382743
tictactoe.csv,0.05,0.018701333333333226,0.016869666666666568,0.03129866666666678,0.033130333333333435,0.05,100,0.02713652777777778,2.137317717264102
tictactoe.csv,0.1,0.03443066666666658,0.01954699999999989,0.06556933333333342,0.08045300000000011,0.1,100,0.03811805666666666,2.328744686538609
tictactoe.csv,0.15,0.06264266666666676,0.03899899999999985,0.08735733333333323,0.11100100000000014,0.15,100,0.052944527777777785,2.361740217707187
tictactoe.csv,0.2,0.13108199999999948,0.04417499999999988,0.06891800000000053,0.15582500000000013,0.125,100,0.06738970666666667,2.457370032015242
tictactoe.csv,0.25,0.20096599999999903,0.13455466666666638,0.049034000000000966,0.11544533333333362,0.12,100,0.07920568444444444,2.562310569890197
tictactoe.csv,0.3,0.2387706666666655,0.13229733333333313,0.061229333333334496,0.16770266666666686,0.09999999999999998,100,0.08980615444444444,2.567850381633182
tictactoe.csv,0.35,0.2330633333333333,0.17568800000000004,0.11693666666666669,0.17431199999999994,0.056999999999999995,100,0.09462107888888888,2.536590330620811
tictactoe.csv,0.4,0.24630133333333323,0.22410333333333335,0.1536986666666668,0.17589666666666667,0.07700000000000001,100,0.09742563888888889,2.6152367731845416
tictactoe.csv,0.44,0.24847433333333313,0.18573533333333328,0.19152566666666687,0.2542646666666667,0.055999999999999994,100,0.09044253777777778,2.754956580063275
tictactoe.csv,0.49,0.2991419999999995,0.2818073333333329,0.19085800000000047,0.20819266666666708,0.017000000000000015,100,0.10730191555555557,2.6758479770246413
tictactoe.csv,0.54,0.4099630000000008,0.3848360000000008,0.13003699999999924,0.15516399999999925,0.016000000000000014,100,0.10805121222222225,2.558581737113125
tictactoe.csv,0.6,0.5636403333333336,0.5246970000000003,0.036359666666666346,0.07530299999999968,0.02499999999999991,100,0.11006783444444444,2.633190029900865
tictactoe.csv,0.65,0.4813260000000008,0.45150700000000077,0.1686739999999992,0.19849299999999925,0.040000000000000036,100,0.08741450666666666,2.7152456790459545
tictactoe.csv,0.7,0.5691853333333341,0.5697720000000007,0.13081466666666586,0.13022799999999923,0.03300000000000003,100,0.09239236,2.716188523233292
tictactoe.csv,0.75,0.635678333333334,0.6638230000000004,0.11432166666666599,0.08617699999999962,0.06700000000000006,100,0.0798602788888889,2.6977627752695468
tictactoe.csv,0.8,0.6583059999999996,0.666681333333333,0.14169400000000043,0.13331866666666703,0.03799999999999992,100,0.08241600444444444,2.419547886455301
tictactoe.csv,0.85,0.8088229999999992,0.844668333333334,0.041177000000000796,0.005331666666665957,0.062000000000000055,100,0.06505264333333333,2.600639658966014
tictactoe.csv,0.9,0.9256540000000003,0.9543836666666667,0.025654000000000288,0.05438366666666672,0.03400000000000003,100,0.05433026222222223,2.3847372403944154
tictactoe.csv,0.95,0.9693343333333343,0.9813670000000023,0.01933433333333434,0.031367000000002365,0.050000000000000044,100,0.029894589999999995,2.4049735664064014
tictactoe.csv,0.05,0.03434699999999992,0.015270999999999898,0.015653000000000084,0.03472900000000011,0.05,100,0.030068998888888893,2.105062385931406
tictactoe.csv,0.1,0.05996433333333335,0.033047666666666524,0.04003566666666666,0.06695233333333347,0.1,100,0.045861665555555556,2.2649417557986875
tictactoe.csv,0.15,0.08514899999999992,0.04787133333333321,0.06485100000000008,0.10212866666666678,0.135,100,0.05703037666666666,2.405392504447587
tictactoe.csv,0.2,0.13459633333333273,0.04744366666666655,0.06540366666666728,0.15255633333333346,0.11200000000000002,100,0.06797702666666668,2.4865877480379335
tictactoe.csv,0.25,0.18974733333333232,0.12483466666666646,0.060252666666667676,0.12516533333333354,0.101,100,0.08572108777777779,2.458625438417371
tictactoe.csv,0.3,0.23985833333333242,0.13229699999999978,0.060141666666667565,0.1677030000000002,0.09699999999999998,100,0.08903008333333334,2.4676225975728276
tictactoe.csv,0.35,0.22987466666666667,0.15013800000000002,0.1201253333333333,0.19986199999999996,0.05199999999999999,100,0.09453313222222222,2.53618500439359
tictactoe.csv,0.4,0.2680656666666661,0.2550839999999998,0.13193433333333393,0.1449160000000002,0.02200000000000002,100,0.10337719444444446,2.6247576380817583
tictactoe.csv,0.44,0.2660616666666661,0.2426909999999998,0.17393833333333392,0.1973090000000002,0.01200000000000001,100,0.09206808333333333,2.6808027510836605
tictactoe.csv,0.49,0.3065903333333326,0.28867066666666646,0.18340966666666741,0.20132933333333353,0.08199999999999996,100,0.10093530111111111,2.622913458987762
tictactoe.csv,0.54,0.4683436666666674,0.44681766666666684,0.07165633333333266,0.0931823333333332,0.05800000000000005,100,0.10254864000000001,2.64220947010112
tictactoe.csv,0.6,0.49823066666666704,0.4645623333333334,0.10176933333333293,0.13543766666666657,0.025000000000000022,100,0.09751844,2.7971104901757475
tictactoe.csv,0.65,0.5886170000000015,0.5429690000000009,0.06138299999999852,0.1070309999999991,0.028000000000000025,100,0.10053947888888888,2.688270108127185
tictactoe.csv,0.7,0.5824093333333342,0.5996646666666673,0.11759066666666573,0.10033533333333267,0.04300000000000004,100,0.07885975444444443,2.717680424422561
tictactoe.csv,0.75,0.6363463333333343,0.6576236666666672,0.11365366666666565,0.09237633333333284,0.04300000000000004,100,0.07733135444444444,2.6094932448092627
tictactoe.csv,0.8,0.6591429999999995,0.6685226666666665,0.14085700000000057,0.13147733333333356,0.07299999999999995,100,0.08124713222222223,2.5580005121369167
tictactoe.csv,0.85,0.9159440000000003,0.9498690000000005,0.06594400000000034,0.09986900000000054,0.061000000000000054,100,0.06102147888888889,2.5578193443827573
tictactoe.csv,0.9,0.9269940000000002,0.9549703333333336,0.026994000000000185,0.054970333333333565,0.04700000000000004,100,0.05455575444444445,2.480877556010474
tictactoe.csv,0.95,0.968581333333334,0.9812833333333356,0.018581333333334005,0.03128333333333566,0.04400000000000004,100,0.034717443333333334,2.4083539124891433
transfusion.csv,0.05,0.04551966666666654,0.022728333333333208,0.004480333333333461,0.027271666666666795,0.016,100,0.04373863975279106,2.158795839197201
transfusion.csv,0.1,0.06674033333333344,0.035221333333333195,0.03325966666666656,0.06477866666666682,0.015,100,0.05365008545649189,2.3090538266031393
transfusion.csv,0.15,0.06295299999999998,0.03227666666666655,0.08704700000000001,0.11772333333333344,0.12200000000000003,100,0.05739496448849051,2.4423751301329077
transfusion.csv,0.2,0.18304433333333242,0.11135666666666666,0.01695566666666759,0.08864333333333335,0.07600000000000001,100,0.0765582462771361,2.4823779433268642
transfusion.csv,0.25,0.17233133333333261,0.0943536666666668,0.07766866666666739,0.15564633333333322,0.020000000000000018,100,0.07403826444759225,2.5440656607223215
transfusion.csv,0.3,0.01887633333333321,0.018790666666666563,0.28112366666666677,0.2812093333333334,0.07299999999999998,100,0.047940865129426816,2.5818163988249863
transfusion.csv,0.35,0.16344799999999937,0.08874100000000008,0.1865520000000006,0.2612589999999999,0.016000000000000014,100,0.07381756335073733,2.5072683116543977
transfusion.csv,0.4,0.12547633333333294,0.04618633333333322,0.27452366666666705,0.3538136666666668,0.225,100,0.06764752058383645,2.292450020914038
transfusion.csv,0.44,0.25801199999999935,0.14477433333333303,0.18198800000000065,0.29522566666666694,0.006000000000000005,100,0.08303312152719906,2.637567672622584
transfusion.csv,0.49,0.21278599999999875,0.13924899999999962,0.27721400000000124,0.35075100000000037,0.16899999999999998,100,0.08645252390196084,2.5479799855746013
transfusion.csv,0.54,0.19519499999999904,0.11093933333333338,0.344805000000001,0.42906066666666665,0.16200000000000003,100,0.07638519165833323,2.577124415869243
transfusion.csv,0.6,0.14325933333333282,0.06244333333333332,0.45674066666666713,0.5375566666666667,0.21099999999999997,100,0.07063487815203986,2.6232250347636334
transfusion.csv,0.65,0.11218733333333328,0.08505700000000012,0.5378126666666667,0.5649429999999999,0.198,100,0.07359701762979645,2.592040426356056
transfusion.csv,0.7,0.23473099999999994,0.16413000000000003,0.46526900000000004,0.53587,0.09399999999999997,100,0.08966756737559446,2.6810422398587384
transfusion.csv,0.75,0.12567199999999962,0.06453699999999998,0.6243280000000004,0.685463,0.316,100,0.07130924319837106,2.5149597737092297
transfusion.csv,0.8,0.07758333333333338,0.0385683333333332,0.7224166666666667,0.7614316666666668,0.336,100,0.06759471300070233,2.725548370743147
transfusion.csv,0.85,0.22333800000000012,0.15809899999999996,0.6266619999999998,0.691901,0.31199999999999994,100,0.08335791726712119,2.7277047749634478
transfusion.csv,0.9,0.2720919999999997,0.2653976666666663,0.6279080000000004,0.6346023333333337,0.31700000000000006,100,0.08720951322852251,2.5508929748864397
transfusion.csv,0.95,0.21588866666666656,0.16413099999999994,0.7341113333333333,0.785869,0.32899999999999996,100,0.08233700606129743,2.7209674154468177
transfusion.csv,0.05,0.1065673333333326,0.03671266666666655,0.056567333333332595,0.01328733333333345,0.08600000000000001,100,0.0618333853628724,2.3787706764999457
transfusion.csv,0.1,0.10681866666666598,0.04082066666666655,0.006818666666665973,0.05917933333333346,0.04100000000000001,100,0.06581409317169006,2.2137001630863287
transfusion.csv,0.15,0.16009499999999938,0.0849730000000001,0.010094999999999382,0.06502699999999989,0.226,100,0.07258073378056762,2.549074374588032
transfusion.csv,0.2,0.11844499999999966,0.04560233333333321,0.08155500000000035,0.1543976666666668,0.135,100,0.0680488539924461,2.3722622935794146
transfusion.csv,0.25,0.08481133333333331,0.035374999999999886,0.1651886666666667,0.21462500000000012,0.05399999999999999,100,0.061268893617089,2.4814065480630214
transfusion.csv,0.3,0.13537766666666629,0.054231999999999905,0.1646223333333337,0.2457680000000001,0.09100000000000003,100,0.06998556067732724,2.5546230939500876
transfusion.csv,0.35,0.15615966666666609,0.08798866666666674,0.1938403333333339,0.26201133333333326,0.08299999999999996,100,0.07322540657547458,2.455517498050978
transfusion.csv,0.4,0.2043206666666655,0.12467266666666649,0.1956793333333345,0.27532733333333353,0.0020000000000000018,100,0.07727214730061756,2.5150990873289913
transfusion.csv,0.44,0.23665299999999923,0.1426819999999997,0.20334700000000078,0.2973180000000003,0.12,100,0.09203344660269779,2.4931479793880653
transfusion.csv,0.49,0.24470499999999926,0.1456159999999997,0.24529500000000073,0.3443840000000003,0.08299999999999996,100,0.08757826067138133,2.5666644440957955
transfusion.csv,0.54,0.227943999999999,0.14033566666666636,0.312056000000001,0.3996643333333337,0.132,100,0.07918653767061183,2.6279539128775187
transfusion.csv,0.6,0.1976983333333333,0.1308729999999999,0.40230166666666667,0.46912700000000007,0.13299999999999995,100,0.08375502864263899,2.5687895678937056
transfusion.csv,0.65,0.1935946666666666,0.12911366666666654,0.45640533333333344,0.5208863333333335,0.325,100,0.08204852021867427,2.4844579424026216
transfusion.csv,0.7,0.23615566666666585,0.14142599999999972,0.4638443333333341,0.5585740000000002,0.29599999999999993,100,0.0902535587809624,2.5903790566225653
transfusion.csv,0.75,0.2138733333333321,0.13849399999999962,0.5361266666666679,0.6115060000000003,0.428,100,0.08069897607138665,2.5071230569537453
transfusion.csv,0.8,0.11794933333333307,0.043091999999999867,0.682050666666667,0.7569080000000001,0.388,100,0.06949831037205381,2.756190082640125
transfusion.csv,0.85,0.23942133333333326,0.16798266666666664,0.6105786666666667,0.6820173333333334,0.32799999999999996,100,0.08281541107784594,2.638909237013463
transfusion.csv,0.9,0.35124666666666576,0.3347483333333325,0.5487533333333343,0.5652516666666676,0.422,100,0.09120097599451023,2.720188120116086
transfusion.csv,0.95,0.13430566666666618,0.052475666666666546,0.8156943333333337,0.8975243333333334,0.4749999999999999,100,0.07078405979669342,2.7725175041038677
visualizing_soil.csv,0.05,0.06030000000000002,0.05945700000000001,0.010300000000000017,0.009457000000000007,0.054000000000000006,100,0.047456448888888884,0.19851524337429052
visualizing_soil.csv,0.1,0.10531599999999942,0.10347333333333285,0.005315999999999418,0.0034733333333328426,0.098,100,0.08978430555555558,0.32508297341970777
visualizing_soil.csv,0.15,0.13393299999999944,0.13401799999999944,0.016067000000000553,0.01598200000000055,0.13200000000000003,100,0.12716252777777778,0.4227090878341354
visualizing_soil.csv,0.2,0.18573266666666535,0.186318333333332,0.014267333333334659,0.013681666666668008,0.15699999999999997,100,0.1597751066666667,0.5004024235662434
visualizing_soil.csv,0.25,0.23619999999999824,0.23569633333333162,0.013800000000001755,0.01430366666666838,0.176,100,0.1868913988888889,0.5623351446467941
visualizing_soil.csv,0.3,0.31057999999999913,0.31091566666666587,0.010579999999999146,0.01091566666666588,0.188,100,0.20977570666666662,0.6108643020828249
visualizing_soil.csv,0.35,0.3473246666666657,0.3476593333333325,0.002675333333334251,0.0023406666666674902,0.19500000000000006,100,0.22679475000000004,0.6474466390625233
visualizing_soil.csv,0.4,0.39126899999999815,0.3918559999999981,0.008731000000001876,0.008144000000001927,0.19699999999999995,100,0.2394033333333333,0.673011667037119
visualizing_soil.csv,0.44,0.43711633333333444,0.4365306666666676,0.002883666666665563,0.0034693333333323806,0.196,100,0.24606977777777786,0.6859298002802212
visualizing_soil.csv,0.49,0.4866463333333319,0.4866463333333319,0.003353666666668087,0.003353666666668087,0.19100000000000006,100,0.24920187888888892,0.6929471672523186
visualizing_soil.csv,0.54,0.5561903333333342,0.5566090000000008,0.016190333333334195,0.016609000000000762,0.18299999999999994,100,0.24821684888888892,0.6899437584862432
visualizing_soil.csv,0.6,0.608899333333335,0.6088146666666682,0.008899333333335036,0.008814666666668192,0.17000000000000004,100,0.23974805666666665,0.6730116670371187
visualizing_soil.csv,0.65,0.6491606666666684,0.6494970000000018,0.0008393333333316377,0.0005029999999982548,0.15500000000000003,100,0.22703644444444443,0.6474466390625229
visualizing_soil.csv,0.7,0.6891693333333364,0.6892523333333364,0.010830666666663546,0.010747666666663602,0.139,100,0.2094032222222222,0.6108643020828245
visualizing_soil.csv,0.75,0.7634653333333361,0.7631310000000026,0.013465333333336105,0.013131000000002557,0.12,100,0.1873172211111111,0.5623351446467935
visualizing_soil.csv,0.8,0.8135979999999976,0.814351333333331,0.013597999999997556,0.01435133333333094,0.09899999999999998,100,0.1595760566666667,0.500402423566243
visualizing_soil.csv,0.85,0.8664029999999966,0.8661523333333296,0.016402999999996615,0.01615233333332966,0.07700000000000007,100,0.12723970111111113,0.4227090878341349
visualizing_soil.csv,0.9,0.896192,0.8946019999999995,0.0038080000000000336,0.005398000000000569,0.05300000000000005,100,0.08990731555555556,0.3250829734197074
visualizing_soil.csv,0.95,0.9396999999999965,0.9412956666666635,0.010300000000003418,0.008704333333336423,0.027000000000000024,100,0.047459034444444444,0.19851524337429036
visualizing_soil.csv,0.05,0.06030000000000002,0.05945700000000001,0.010300000000000017,0.009457000000000007,0.054000000000000006,100,0.04741246222222223,0.19851524337429052
visualizing_soil.csv,0.1,0.10531599999999942,0.10355699999999951,0.005315999999999418,0.003556999999999505,0.098,100,0.08992975444444441,0.32508297341970777
visualizing_soil.csv,0.15,0.13393299999999944,0.13401799999999944,0.016067000000000553,0.01598200000000055,0.13200000000000003,100,0.12745052777777777,0.4227090878341354
visualizing_soil.csv,0.2,0.18573266666666535,0.186318333333332,0.014267333333334659,0.013681666666668008,0.15699999999999997,100,0.1597237155555556,0.5004024235662434
visualizing_soil.csv,0.25,0.23619999999999824,0.23569633333333162,0.013800000000001755,0.01430366666666838,0.176,100,0.18671687111111115,0.5623351446467941
visualizing_soil.csv,0.3,0.31057999999999913,0.31091566666666587,0.010579999999999146,0.01091566666666588,0.188,100,0.2097481822222222,0.6108643020828249
visualizing_soil.csv,0.35,0.34740833333333243,0.3477429999999992,0.002591666666667547,0.002257000000000786,0.19500000000000006,100,0.22720322222222225,0.6474466390625233
visualizing_soil.csv,0.4,0.39126899999999815,0.3918559999999981,0.008731000000001876,0.008144000000001927,0.19699999999999995,100,0.23928784000000003,0.673011667037119
visualizing_soil.csv,0.44,0.43711633333333444,0.4365306666666676,0.002883666666665563,0.0034693333333323806,0.196,100,0.24589396,0.6859298002802212
visualizing_soil.csv,0.49,0.4866463333333319,0.4866463333333319,0.003353666666668087,0.003353666666668087,0.19100000000000006,100,0.24937088444444452,0.6929471672523186
visualizing_soil.csv,0.54,0.5561903333333342,0.5566090000000008,0.016190333333334195,0.016609000000000762,0.18299999999999994,100,0.2480079955555555,0.6899437584862432
visualizing_soil.csv,0.6,0.6084796666666682,0.6088146666666682,0.008479666666668217,0.008814666666668192,0.16700000000000004,100,0.2383541111111111,0.7238713124646037
visualizing_soil.csv,0.65,0.6491606666666684,0.6494970000000018,0.0008393333333316377,0.0005029999999982548,0.15500000000000003,100,0.2268889722222222,0.6474466390625229
visualizing_soil.csv,0.7,0.6891693333333364,0.6892523333333364,0.010830666666663546,0.010747666666663602,0.139,100,0.2095700833333333,0.6108643020828245
visualizing_soil.csv,0.75,0.7634653333333361,0.7631310000000026,0.013465333333336105,0.013131000000002557,0.12,100,0.18738387888888883,0.5623351446467935
visualizing_soil.csv,0.8,0.8135979999999976,0.814351333333331,0.013597999999997556,0.01435133333333094,0.09899999999999998,100,0.1596819822222222,0.500402423566243
visualizing_soil.csv,0.85,0.8664029999999966,0.8661523333333296,0.016402999999996615,0.01615233333332966,0.07700000000000007,100,0.12746064888888894,0.4227090878341349
visualizing_soil.csv,0.9,0.896192,0.8946019999999995,0.0038080000000000336,0.005398000000000569,0.05300000000000005,100,0.08981059888888891,0.3250829734197074
visualizing_soil.csv,0.95,0.9396999999999965,0.9412956666666635,0.010300000000003418,0.008704333333336423,0.027000000000000024,100,0.04745778222222222,0.19851524337429036
wind.csv,0.05,0.19025199999999878,0.12106766666666656,0.14025199999999877,0.07106766666666656,0.082,100,0.08339624333333333,2.589175233480742
wind.csv,0.1,0.15592633333333322,0.11823099999999988,0.05592633333333322,0.018230999999999872,0.009000000000000008,100,0.07723363888888889,2.3664832011956842
wind.csv,0.15,0.19309233333333214,0.19334066666666566,0.04309233333333215,0.04334066666666567,0.021999999999999992,100,0.10226347888888888,2.3901265364404
wind.csv,0.2,0.26155033333333333,0.25702666666666657,0.06155033333333332,0.05702666666666656,0.01200000000000001,100,0.09986132888888889,2.6519912786571584
wind.csv,0.25,0.23603133333333157,0.17695533333333258,0.013968666666668433,0.07304466666666742,0.07699999999999999,100,0.09930113222222225,2.5197059870387024
wind.csv,0.3,0.38716499999999865,0.3790419999999987,0.08716499999999866,0.07904199999999872,0.038000000000000034,100,0.11773233333333334,2.709099003487338
wind.csv,0.35,0.4195259999999999,0.4208709999999999,0.06952599999999992,0.0708709999999999,0.049000000000000044,100,0.12683067888888888,2.667277089659093
wind.csv,0.4,0.43703266666666774,0.4358610000000007,0.03703266666666771,0.0358610000000007,0.01899999999999996,100,0.1272118611111111,2.7625886414816696
wind.csv,0.44,0.4305853333333341,0.4304186666666674,0.009414666666665905,0.009581333333332609,0.04299999999999998,100,0.12857174555555553,2.71774712984825
wind.csv,0.49,0.43544300000000086,0.42220866666666745,0.054556999999999134,0.06779133333333254,0.07499999999999996,100,0.11917219,2.7984914016497213
wind.csv,0.54,0.5431383333333341,0.5096293333333342,0.00313833333333402,0.03037066666666588,0.019000000000000017,100,0.12607788444444443,2.747560475642109
wind.csv,0.6,0.6632360000000006,0.6634056666666677,0.06323600000000063,0.06340566666666769,0.07000000000000006,100,0.10902291555555556,2.7783923038159957
wind.csv,0.65,0.6090523333333347,0.5686743333333345,0.04094766666666527,0.08132566666666552,0.038000000000000034,100,0.1279054877777778,2.6961980414470483
wind.csv,0.7,0.6620503333333333,0.6579496666666673,0.03794966666666666,0.042050333333332635,0.0009999999999998899,100,0.12925684,2.482341304733729
wind.csv,0.75,0.6942680000000027,0.7674556666666679,0.05573199999999734,0.01745566666666787,0.02300000000000002,100,0.1099454622222222,2.624821984583694
wind.csv,0.8,0.7622120000000023,0.7610423333333352,0.03778799999999771,0.03895766666666489,0.026000000000000023,100,0.09858895444444445,2.696861488384836
wind.csv,0.85,0.7643876666666694,0.793966666666668,0.08561233333333063,0.056033333333331936,0.06799999999999995,100,0.09679703444444444,2.616911360611618
wind.csv,0.9,0.8021316666666637,0.8183773333333305,0.09786833333333633,0.08162266666666951,0.06700000000000006,100,0.08937966666666666,2.5175880198254017
wind.csv,0.95,0.8309353333333324,0.8443349999999993,0.1190646666666676,0.10566500000000068,0.08299999999999996,100,0.07700413777777779,2.576261856062389
wind.csv,0.05,0.17727333333333245,0.11454033333333333,0.12727333333333246,0.06454033333333332,0.023999999999999994,100,0.0767269722222222,2.442001279494462
wind.csv,0.1,0.1796989999999989,0.12927899999999978,0.07969899999999888,0.029278999999999777,0.006000000000000005,100,0.07921245666666665,2.420559860389904
wind.csv,0.15,0.2064946666666655,0.1358116666666664,0.0564946666666655,0.014188333333333608,0.03699999999999999,100,0.08325208333333332,2.6281178730794292
wind.csv,0.2,0.24197299999999855,0.24021299999999848,0.04197299999999854,0.04021299999999847,0.038000000000000006,100,0.10843141666666666,2.4509044601937173
wind.csv,0.25,0.3136203333333322,0.19519766666666674,0.06362033333333222,0.05480233333333326,0.02400000000000002,100,0.10767107888888888,2.715338231785277
wind.csv,0.3,0.3371936666666652,0.3392009999999988,0.03719366666666524,0.03920099999999882,0.03799999999999998,100,0.11721236777777776,2.6434053898383976
wind.csv,0.35,0.398161666666665,0.40034533333333155,0.04816166666666505,0.05034533333333158,0.018000000000000016,100,0.1231176666666667,2.7508692586380667
wind.csv,0.4,0.3408653333333322,0.25132333333333345,0.059134666666667834,0.14867666666666657,0.061,100,0.12810002111111113,2.5861095539773378
wind.csv,0.44,0.45008399999999965,0.43584299999999954,0.010083999999999649,0.004157000000000466,0.024999999999999967,100,0.12348335444444444,2.760101227413293
wind.csv,0.49,0.45878699999999983,0.46155233333333323,0.031213000000000157,0.02844766666666676,0.007000000000000006,100,0.12689664333333334,2.6947223955033803
wind.csv,0.54,0.522556333333334,0.5242296666666675,0.01744366666666608,0.015770333333332553,0.03300000000000003,100,0.11667215444444444,2.8413825494481357
wind.csv,0.6,0.6104756666666681,0.6093800000000011,0.010475666666668104,0.009380000000001165,0.03600000000000003,100,0.13280797666666666,2.6451664398860055
wind.csv,0.65,0.5975580000000004,0.5963806666666668,0.052441999999999656,0.05361933333333324,0.041000000000000036,100,0.12786414555555556,2.67616202819237
wind.csv,0.7,0.6140143333333353,0.5753943333333352,0.08598566666666463,0.12460566666666473,0.09499999999999997,100,0.12751272333333336,2.6213406376461137
wind.csv,0.75,0.6960206666666702,0.7419910000000023,0.053979333333329826,0.008008999999997712,0.04200000000000004,100,0.12526517666666667,2.5452017730947443
wind.csv,0.8,0.6970363333333364,0.6991276666666697,0.10296366666666368,0.10087233333333034,0.10899999999999999,100,0.10488255555555556,2.7368723890971465
wind.csv,0.85,0.8413236666666669,0.8775030000000008,0.008676333333333064,0.027503000000000832,0.05600000000000005,100,0.07392697222222222,2.4709095885948678
wind.csv,0.9,0.790153999999997,0.7900706666666636,0.109846000000003,0.10992933333333643,0.09099999999999997,100,0.0923547822222222,2.6067687156247277
wind.csv,0.95,0.9417989999999967,0.9737373333333358,0.008201000000003233,0.02373733333333583,0.01100000000000001,100,0.049954106666666664,2.4094086739571927
wine-q-red.csv,0.05,0.11409133333333313,0.049953333333333225,0.06409133333333313,4.66666666667781e-05,0.082,100,0.06748730666666666,2.763611451651426
wine-q-red.csv,0.1,0.2832320000000001,0.15298666666666635,0.1832320000000001,0.05298666666666635,0.134,100,0.0767741011111111,2.8018213214476253
wine-q-red.csv,0.15,0.10036133333333333,0.04786333333333322,0.049638666666666664,0.10213666666666676,0.03699999999999999,100,0.06846837666666666,2.717200799830765
wine-q-red.csv,0.2,0.33450699999999906,0.3234516666666657,0.13450699999999904,0.12345166666666568,0.13,100,0.09612670666666669,2.755078673344019
wine-q-red.csv,0.25,0.30133433333333354,0.21136866666666626,0.05133433333333354,0.03863133333333374,0.009000000000000008,100,0.08225563888888891,2.836123564377686
wine-q-red.csv,0.3,0.4453146666666668,0.43166400000000055,0.14531466666666681,0.13166400000000056,0.138,100,0.09203386111111111,2.903093133404617
wine-q-red.csv,0.35,0.3359229999999992,0.30978799999999945,0.014077000000000783,0.040212000000000525,0.018000000000000016,100,0.08655215111111111,2.835148394641232
wine-q-red.csv,0.4,0.3577916666666655,0.2939589999999993,0.04220833333333451,0.10604100000000072,0.066,100,0.08969406222222222,2.883856697102089
wine-q-red.csv,0.44,0.4970713333333332,0.4654960000000001,0.057071333333333196,0.025496000000000074,0.0040000000000000036,100,0.08634232888888888,2.9001163466915636
wine-q-red.csv,0.49,0.5276353333333332,0.4761243333333337,0.03763533333333324,0.013875666666666286,0.03400000000000003,100,0.10499327111111115,2.8293062095408175
wine-q-red.csv,0.54,0.5311549999999998,0.49195666666666665,0.008845000000000214,0.04804333333333338,0.02300000000000002,100,0.09283723999999999,2.871185080741699
wine-q-red.csv,0.6,0.963200000000002,0.9626930000000029,0.3632000000000021,0.36269300000000293,0.008000000000000007,100,0.06989842111111112,2.877399817237154
wine-q-red.csv,0.65,0.7743913333333348,0.766939666666667,0.12439133333333474,0.116939666666667,0.06399999999999995,100,0.07927701777777778,2.8060905675260184
wine-q-red.csv,0.7,0.8435836666666656,0.9086646666666677,0.14358366666666567,0.20866466666666772,0.028999999999999915,100,0.07302470666666667,2.8669862692652606
wine-q-red.csv,0.75,0.7360333333333348,0.7975110000000002,0.01396666666666524,0.04751100000000019,0.010000000000000009,100,0.08578414555555555,2.8041545360968048
wine-q-red.csv,0.8,0.7903253333333299,0.8192136666666641,0.009674666666670162,0.01921366666666402,0.09999999999999998,100,0.08271402111111112,2.553330492536377
wine-q-red.csv,0.85,0.8683323333333296,0.9353936666666679,0.01833233333332962,0.08539366666666792,0.1070000000000001,100,0.0683501111111111,2.630822083539234
wine-q-red.csv,0.9,0.8912569999999986,0.9427616666666675,0.008743000000001389,0.042761666666667475,0.09999999999999998,100,0.06473899888888889,2.6938730238602413
wine-q-red.csv,0.95,0.9322833333333339,0.9578306666666673,0.017716666666666048,0.007830666666667319,0.07599999999999996,100,0.061411982222222224,2.772721864635783
wine-q-red.csv,0.05,0.11308966666666642,0.04895133333333322,0.06308966666666642,0.001048666666666781,0.009999999999999995,100,0.0690374488888889,2.7461464233344706
wine-q-red.csv,0.1,0.11033833333333322,0.04417466666666656,0.010338333333333213,0.05582533333333345,0.119,100,0.06726341777777778,2.76484319196328
wine-q-red.csv,0.15,0.2538329999999997,0.17585366666666655,0.1038329999999997,0.025853666666666553,0.10200000000000001,100,0.07895516777777778,2.7746576395018483
wine-q-red.csv,0.2,0.28599800000000003,0.17040799999999964,0.08599800000000002,0.029592000000000368,0.008000000000000007,100,0.07744531,2.7960668608883856
wine-q-red.csv,0.25,0.4191743333333329,0.39429699999999984,0.16917433333333293,0.14429699999999984,0.2,100,0.07806085666666668,2.9303248762896565
wine-q-red.csv,0.3,0.44818033333333307,0.44683799999999946,0.14818033333333308,0.14683799999999947,0.127,100,0.09478935444444442,2.8728306731918876
wine-q-red.csv,0.35,0.367071666666667,0.3566040000000006,0.01707166666666704,0.006604000000000609,0.009999999999999953,100,0.09642966222222223,2.8179007761408656
wine-q-red.csv,0.4,0.36330466666666617,0.3170679999999996,0.03669533333333386,0.08293200000000045,0.07700000000000001,100,0.07617917666666667,2.850366144705213
wine-q-red.csv,0.44,0.5120616666666667,0.47478766666666644,0.07206166666666675,0.03478766666666644,0.09900000000000003,100,0.08830721777777777,2.831832924932999
wine-q-red.csv,0.49,0.5371836666666662,0.5286429999999996,0.04718366666666618,0.03864299999999965,0.008000000000000007,100,0.08390261777777779,2.9363617063733893
wine-q-red.csv,0.54,0.646082333333335,0.6247220000000006,0.10608233333333494,0.08472200000000052,0.06899999999999995,100,0.08367661777777777,2.9100966242160995
wine-q-red.csv,0.6,0.7119043333333347,0.7050373333333336,0.11190433333333472,0.10503733333333365,0.10599999999999998,100,0.09342393222222219,2.8427000621312724
wine-q-red.csv,0.65,0.7201186666666686,0.7116620000000018,0.07011866666666855,0.06166200000000177,0.0020000000000000018,100,0.08588484888888889,2.8583234118881196
wine-q-red.csv,0.7,0.7864676666666637,0.8264173333333308,0.08646766666666372,0.12641733333333083,0.14200000000000002,100,0.07735308777777777,2.7133158238625894
wine-q-red.csv,0.75,0.758305,0.817698333333332,0.008305000000000007,0.06769833333333197,0.03200000000000003,100,0.07756319444444444,2.809636502791001
wine-q-red.csv,0.8,0.7158580000000038,0.7748996666666688,0.08414199999999628,0.02510033333333128,0.02100000000000002,100,0.08920673222222225,2.729034597756857
wine-q-red.csv,0.85,0.8308463333333337,0.8826966666666675,0.01915366666666629,0.032696666666667484,0.013000000000000012,100,0.07382453777777777,2.6196860427729804
wine-q-red.csv,0.9,0.8946049999999991,0.945694000000001,0.005395000000000927,0.04569400000000101,0.04800000000000004,100,0.06230763888888889,2.6316369657552223
wine-q-red.csv,0.95,0.9533873333333338,0.9641053333333336,0.003387333333333853,0.014105333333333636,0.04499999999999993,100,0.058245710000000006,2.702767164814253
wine-q-white.csv,0.05,0.126336333333333,0.08580600000000004,0.07633633333333299,0.03580600000000003,0.045,100,0.07086086555555555,2.836552242334818
wine-q-white.csv,0.1,0.4654176666666657,0.46089666666666573,0.36541766666666564,0.36089666666666576,0.18300000000000002,100,0.08613630666666668,2.8709760085487104
wine-q-white.csv,0.15,0.037133666666666544,0.04082633333333321,0.11286633333333346,0.10917366666666678,0.062,100,0.0664344711111111,2.8523412580489884
wine-q-white.csv,0.2,0.3691723333333325,0.28918499999999964,0.16917233333333248,0.08918499999999963,0.07200000000000001,100,0.07910019888888889,2.849513899061258
wine-q-white.csv,0.25,0.7070570000000005,0.6871230000000003,0.4570570000000005,0.43712300000000026,0.15800000000000003,100,0.08951059888888886,2.888106923481925
wine-q-white.csv,0.3,0.7122453333333335,0.6937380000000004,0.4122453333333335,0.3937380000000004,0.025000000000000022,100,0.07550839555555554,2.8834366473208606
wine-q-white.csv,0.35,0.4335049999999991,0.42437633333333236,0.08350499999999911,0.07437633333333238,0.08199999999999996,100,0.08104726555555557,2.8991340916337576
wine-q-white.csv,0.4,0.5605543333333329,0.5242049999999998,0.1605543333333329,0.12420499999999979,0.04500000000000004,100,0.08680113222222222,2.9007154471260996
wine-q-white.csv,0.44,0.7707943333333344,0.7627520000000003,0.33079433333333436,0.3227520000000003,0.01200000000000001,100,0.08865077777777777,2.8690593954309453
wine-q-white.csv,0.49,0.7497720000000012,0.7514476666666671,0.2597720000000012,0.2614476666666671,0.03200000000000003,100,0.08669099555555557,2.8338354744481205
wine-q-white.csv,0.54,0.754191666666666,0.8037036666666655,0.214191666666666,0.26370366666666545,0.09599999999999997,100,0.08813699888888887,2.7152204144547745
wine-q-white.csv,0.6,0.8875826666666641,0.9502993333333353,0.2875826666666641,0.3502993333333353,0.030000000000000027,100,0.06935093777777776,2.791627379238631
wine-q-white.csv,0.65,0.7839486666666644,0.8200449999999975,0.13394866666666438,0.17004499999999745,0.0020000000000000018,100,0.07859936000000001,2.716900567577805
wine-q-white.csv,0.7,0.8539816666666655,0.9240776666666689,0.15398166666666557,0.22407766666666895,0.03299999999999992,100,0.06994046222222221,2.7119252182333313
wine-q-white.csv,0.75,0.8372146666666666,0.8842863333333342,0.08721466666666655,0.13428633333333417,0.052999999999999936,100,0.07345652777777778,2.6785797080675775
wine-q-white.csv,0.8,0.8433146666666689,0.9010353333333356,0.04331466666666883,0.10103533333333559,0.08800000000000008,100,0.07197590666666667,2.7226513441779523
wine-q-white.csv,0.85,0.8833923333333312,0.9362286666666677,0.03339233333333125,0.08622866666666773,0.07199999999999995,100,0.06618024333333333,2.640785693629738
wine-q-white.csv,0.9,0.9866530000000037,0.9817020000000023,0.08665300000000364,0.08170200000000227,0.018000000000000016,100,0.03999195111111112,2.5496316116411855
wine-q-white.csv,0.95,0.9478429999999979,0.974660333333336,0.002157000000002074,0.02466033333333606,0.1369999999999999,100,0.04695251000000001,2.5256606622187805
wine-q-white.csv,0.05,0.027257666666666538,0.02959033333333323,0.022742333333333465,0.020409666666666774,0.08900000000000001,100,0.056822323333333334,2.8171462143642394
wine-q-white.csv,0.1,0.23859833333333308,0.17577333333333303,0.13859833333333307,0.07577333333333303,0.07999999999999999,100,0.07010855555555555,2.8280327698740733
wine-q-white.csv,0.15,0.3600443333333324,0.33073199999999936,0.21004433333333242,0.18073199999999937,0.11500000000000002,100,0.07435831555555555,2.871315090155563
wine-q-white.csv,0.2,0.5170069999999993,0.49816066666666653,0.3170069999999993,0.2981606666666665,0.14900000000000002,100,0.08587364888888889,2.8535850747877967
wine-q-white.csv,0.25,0.6263033333333337,0.5924639999999999,0.37630333333333366,0.3424639999999999,0.065,100,0.08113356777777778,2.8349108437630584
wine-q-white.csv,0.3,0.6748916666666668,0.649510333333333,0.3748916666666668,0.349510333333333,0.09800000000000003,100,0.07748452777777777,2.821638584113562
wine-q-white.csv,0.35,0.7354480000000017,0.7163496666666677,0.3854480000000017,0.3663496666666677,0.08900000000000002,100,0.08509410666666667,2.8648197722793274
wine-q-white.csv,0.4,0.6939850000000011,0.6995143333333341,0.29398500000000105,0.2995143333333341,0.033999999999999975,100,0.0880907322222222,2.8292521771995203
wine-q-white.csv,0.44,0.7443216666666674,0.7469210000000003,0.30432166666666743,0.3069210000000003,0.07700000000000001,100,0.08908500000000003,2.8364206900663422
wine-q-white.csv,0.49,0.7866309999999979,0.8694683333333328,0.29663099999999787,0.37946833333333285,0.03400000000000003,100,0.07473694555555556,2.8476677205467524
wine-q-white.csv,0.54,0.7198076666666686,0.7924140000000002,0.1798076666666686,0.25241400000000014,0.10499999999999998,100,0.083598,2.72510902577542
wine-q-white.csv,0.6,0.7445793333333344,0.8000256666666663,0.1445793333333344,0.20002566666666632,0.008000000000000007,100,0.08199401222222223,2.8369722921147176
wine-q-white.csv,0.65,0.8964469999999991,0.9474486666666673,0.24644699999999908,0.29744866666666725,0.10099999999999998,100,0.0626881988888889,2.705993436783927
wine-q-white.csv,0.7,0.8677463333333295,0.930447666666668,0.16774633333332956,0.23044766666666805,0.05700000000000005,100,0.06883660444444445,2.687458987589348
wine-q-white.csv,0.75,0.8583190000000015,0.9189640000000022,0.1083190000000015,0.16896400000000222,0.10099999999999998,100,0.0700988488888889,2.739931686836485
wine-q-white.csv,0.8,0.9358796666666678,0.9588370000000007,0.13587966666666773,0.15883700000000067,0.09000000000000008,100,0.06060697222222222,2.6590878837231275
wine-q-white.csv,0.85,0.9866530000000037,0.9888276666666707,0.1366530000000037,0.13882766666667068,0.049000000000000044,100,0.03962067111111111,2.49809216711725
wine-q-white.csv,0.9,0.9163586666666685,0.9567346666666684,0.01635866666666852,0.056734666666668376,0.014000000000000012,100,0.05703365666666667,2.5025677573907665
wine-q-white.csv,0.95,0.9566556666666655,0.9672876666666668,0.006655666666665505,0.017287666666666812,0.04399999999999993,100,0.052210617777777774,2.5685657519499596
wine.1.csv,0.05,0.03509999999999992,0.015270999999999898,0.01490000000000008,0.03472900000000011,0.046,100,0.03153993222222221,1.293033546384133
wine.1.csv,0.1,0.09025266666666654,0.03613066666666655,0.009747333333333469,0.06386933333333346,0.07800000000000001,100,0.06168033333333334,1.5555665244975156
wine.1.csv,0.15,0.13025333333333278,0.1143573333333333,0.019746666666667217,0.0356426666666667,0.03799999999999999,100,0.08014935444444443,1.6287126484981935
wine.1.csv,0.2,0.16255599999999998,0.14604866666666647,0.03744400000000003,0.053951333333333545,0.15200000000000002,100,0.09378411111111112,1.767799053752215
wine.1.csv,0.25,0.21091766666666562,0.163691666666666,0.039082333333334385,0.08630833333333399,0.146,100,0.10779131,1.8256658780637707
wine.1.csv,0.3,0.26372633333333356,0.18573933333333276,0.036273666666666426,0.11426066666666723,0.024999999999999967,100,0.13442203999999996,1.886291930607442
wine.1.csv,0.35,0.31547033333333224,0.20382700000000004,0.034529666666667735,0.14617299999999994,0.06699999999999995,100,0.13318339,2.150955186419512
wine.1.csv,0.4,0.35744866666666747,0.34823433333333415,0.04255133333333255,0.05176566666666588,0.041000000000000036,100,0.1513340488888889,2.011649557740254
wine.1.csv,0.44,0.3627203333333341,0.3527526666666675,0.07727966666666591,0.08724733333333251,0.11199999999999999,100,0.14736876777777777,2.1451617273379466
wine.1.csv,0.49,0.38649799999999884,0.3756089999999987,0.10350200000000115,0.1143910000000013,0.17099999999999999,100,0.13088010666666666,2.3258598617042265
wine.1.csv,0.54,0.4660639999999992,0.4495653333333324,0.07393600000000083,0.09043466666666766,0.08000000000000002,100,0.15888631555555555,2.0694279836988594
wine.1.csv,0.6,0.5357756666666675,0.4983320000000006,0.06422433333333244,0.10166799999999937,0.07699999999999996,100,0.1413184711111111,2.4390633612855264
wine.1.csv,0.65,0.5838113333333335,0.547965,0.06618866666666656,0.10203499999999999,0.062000000000000055,100,0.13444131,2.3961604022362666
wine.1.csv,0.7,0.6117426666666684,0.5731276666666679,0.08825733333333152,0.12687233333333203,0.05899999999999994,100,0.1327323322222222,2.242792371675198
wine.1.csv,0.75,0.6689300000000007,0.6634040000000008,0.08106999999999931,0.08659599999999923,0.09299999999999997,100,0.12289719444444445,2.3931768056872946
wine.1.csv,0.8,0.7369429999999971,0.7556239999999983,0.06305700000000292,0.04437600000000175,0.10399999999999998,100,0.1193388711111111,2.2085960688650728
wine.1.csv,0.85,0.7460629999999981,0.7842646666666659,0.10393700000000183,0.06573533333333403,0.08999999999999997,100,0.10815197666666668,2.104526584728705
wine.1.csv,0.9,0.8299996666666677,0.8370396666666674,0.07000033333333233,0.06296033333333262,0.08799999999999997,100,0.08274737333333335,2.1949258745339963
wine.1.csv,0.95,0.9146836666666686,0.9518713333333337,0.035316333333331396,0.00187133333333378,0.04299999999999993,100,0.059185221111111116,2.09647105404584
wine.1.csv,0.05,0.060216000000000026,0.02877133333333319,0.010216000000000024,0.021228666666666812,0.011999999999999997,100,0.046078527777777774,1.2631809086943497
wine.1.csv,0.1,0.08347566666666663,0.039821999999999885,0.016524333333333377,0.06017800000000012,0.01200000000000001,100,0.059586012222222234,1.455695049360426
wine.1.csv,0.15,0.1307546666666661,0.11636799999999994,0.01924533333333389,0.03363200000000005,0.04799999999999999,100,0.08894226222222221,1.541030947410087
wine.1.csv,0.2,0.16045899999999988,0.13364833333333306,0.03954100000000013,0.06635166666666695,0.08000000000000002,100,0.08979304333333335,1.802603870756886
wine.1.csv,0.25,0.23619999999999824,0.18022399999999913,0.013800000000001755,0.06977600000000087,0.064,100,0.1307197011111111,1.722108611694539
wine.1.csv,0.3,0.23611599999999824,0.18039133333333246,0.06388400000000174,0.11960866666666753,0.06599999999999998,100,0.11565729333333334,2.083309230716282
wine.1.csv,0.35,0.3119389999999989,0.18841366666666665,0.038061000000001066,0.16158633333333333,0.02899999999999997,100,0.13870233333333334,2.0425658885084284
wine.1.csv,0.4,0.33325566666666473,0.32671966666666513,0.06674433333333529,0.07328033333333489,0.164,100,0.14373411,2.1496614732658723
wine.1.csv,0.44,0.38933866666666483,0.37861799999999834,0.05066133333333517,0.06138200000000166,0.0020000000000000018,100,0.1615185377777778,2.049812622720048
wine.1.csv,0.49,0.4538496666666664,0.4385213333333329,0.03615033333333362,0.05147866666666712,0.01699999999999996,100,0.16503273222222223,2.0149324381400526
wine.1.csv,0.54,0.45376566666666635,0.4386883333333329,0.08623433333333369,0.10131166666666713,0.12200000000000005,100,0.1563683511111111,2.2203605030187794
wine.1.csv,0.6,0.5426363333333344,0.5036030000000004,0.05736366666666559,0.09639699999999962,0.05399999999999994,100,0.1584936388888889,2.1943250312442175
wine.1.csv,0.65,0.5411303333333344,0.5025993333333338,0.10886966666666564,0.14740066666666618,0.15500000000000003,100,0.13722526555555553,2.3396115590393762
wine.1.csv,0.7,0.6153513333333355,0.5769843333333349,0.08464866666666448,0.12301566666666508,0.10299999999999998,100,0.1428650177777778,2.286888486854823
wine.1.csv,0.75,0.6657493333333342,0.6591356666666678,0.08425066666666581,0.09086433333333221,0.121,100,0.13242050666666663,2.3040050154833494
wine.1.csv,0.8,0.7572743333333344,0.770934000000001,0.04272566666666566,0.029065999999999037,0.04500000000000004,100,0.11898838222222223,2.2313689575480735
wine.1.csv,0.85,0.7920953333333285,0.7964483333333291,0.05790466666667149,0.05355166666667088,0.121,100,0.0942427677777778,2.333957883579114
wine.1.csv,0.9,0.8269873333333335,0.838886333333333,0.0730126666666665,0.061113666666667066,0.127,100,0.08184548444444445,2.20826276975032
wine.1.csv,0.95,0.8902529999999986,0.9418380000000004,0.05974700000000133,0.008161999999999558,0.09999999999999998,100,0.06538893777777777,2.112585868397548
wine.2.csv,0.05,0.03484899999999992,0.015521999999999899,0.015151000000000081,0.034478000000000106,0.029,100,0.03684522666666667,1.9870277299905754
wine.2.csv,0.1,0.1147669999999995,0.045516666666666546,0.014766999999999489,0.05448333333333346,0.0030000000000000027,100,0.06768133777777778,1.9143985744234038
wine.2.csv,0.15,0.14384399999999956,0.10766733333333325,0.006156000000000439,0.04233266666666674,0.0010000000000000009,100,0.07844833222222224,2.009494833528544
wine.2.csv,0.2,0.18631833333333203,0.1541569999999994,0.01368166666666798,0.045843000000000605,0.04899999999999999,100,0.10952263999999999,1.9375099826585418
wine.2.csv,0.25,0.21335299999999896,0.1750026666666658,0.03664700000000104,0.07499733333333419,0.07500000000000001,100,0.11198397333333332,2.1712001541860304
wine.2.csv,0.3,0.2735996666666669,0.27117233333333346,0.02640033333333308,0.02882766666666653,0.08800000000000002,100,0.14071131555555558,2.0836704404507
wine.2.csv,0.35,0.2942623333333331,0.28597533333333325,0.05573766666666685,0.06402466666666673,0.11700000000000005,100,0.13768660444444444,2.2385990980693564
wine.2.csv,0.4,0.3651466666666668,0.3552626666666669,0.034853333333333236,0.04473733333333313,0.08799999999999997,100,0.15139286555555553,2.3144006822203136
wine.2.csv,0.44,0.41452366666666524,0.3975956666666658,0.025476333333334766,0.04240433333333421,0.13899999999999996,100,0.1533904177777778,2.3399471408568737
wine.2.csv,0.49,0.4350246666666678,0.42471866666666797,0.05497533333333221,0.06528133333333203,0.06300000000000006,100,0.15630496000000002,2.3691112279074957
wine.2.csv,0.54,0.4667349999999995,0.4687466666666662,0.07326500000000052,0.07125333333333383,0.05699999999999994,100,0.14690397666666666,2.44956173016533
wine.2.csv,0.6,0.5377000000000007,0.5377000000000007,0.062299999999999245,0.062299999999999245,0.061000000000000054,100,0.1608192122222222,2.317443891068101
wine.2.csv,0.65,0.5931073333333331,0.5532446666666668,0.056892666666666925,0.0967553333333332,0.0,100,0.14274919444444442,2.4297674164460172
wine.2.csv,0.7,0.6582926666666679,0.6452270000000008,0.0417073333333321,0.05477299999999918,0.039000000000000035,100,0.1264037511111111,2.245459218706042
wine.2.csv,0.75,0.7576090000000012,0.792127000000001,0.007609000000001198,0.042127000000001025,0.07100000000000006,100,0.11580338222222224,2.214035004035857
wine.2.csv,0.8,0.7869826666666624,0.7967779999999962,0.013017333333337655,0.003222000000003833,0.03599999999999992,100,0.11350667888888888,2.1234133180723367
wine.2.csv,0.85,0.8246539999999987,0.8313516666666652,0.025346000000001312,0.01864833333333482,0.05400000000000005,100,0.09910513222222223,1.9792011644922112
wine.2.csv,0.9,0.8458300000000024,0.8496813333333348,0.05416999999999761,0.05031866666666518,0.05300000000000005,100,0.07837699999999999,1.9771029735678602
wine.2.csv,0.95,0.9392816666666634,0.9391153333333301,0.010718333333336605,0.010884666666669873,0.01200000000000001,100,0.05156027111111111,1.732830281908779
wine.2.csv,0.05,0.03568833333333325,0.016527333333333227,0.01431166666666675,0.033472666666666775,0.025,100,0.04065630555555556,1.7097236512375182
wine.2.csv,0.1,0.109077666666666,0.04199533333333322,0.009077666666665998,0.05800466666666679,0.031,100,0.06635341666666666,1.969391999957403
wine.2.csv,0.15,0.1493919999999998,0.12292333333333313,0.0006080000000001917,0.02707666666666686,0.0010000000000000009,100,0.08051199555555556,2.0477284947158814
wine.2.csv,0.2,0.16487999999999933,0.13028866666666644,0.03512000000000068,0.06971133333333357,0.0050000000000000044,100,0.09739090666666668,2.0900181115453424
wine.2.csv,0.25,0.19016699999999878,0.162028666666666,0.05983300000000122,0.08797133333333401,0.01100000000000001,100,0.11090310666666667,2.092944076076459
wine.2.csv,0.3,0.24774599999999875,0.2452309999999988,0.052254000000001244,0.05476900000000118,0.03300000000000003,100,0.14218091000000002,2.026533887991941
wine.2.csv,0.35,0.3323319999999981,0.3341723333333317,0.017668000000001904,0.015827666666668294,0.04400000000000004,100,0.15067055555555553,2.040041515300364
wine.2.csv,0.4,0.38045799999999874,0.37065899999999896,0.01954200000000128,0.02934100000000106,0.05499999999999999,100,0.14696611,2.3316164164830986
wine.2.csv,0.44,0.4096609999999983,0.39507733333333195,0.030339000000001726,0.044922666666668054,0.01100000000000001,100,0.14337355555555556,2.365356852748194
wine.2.csv,0.49,0.43820400000000104,0.4380366666666675,0.051795999999998954,0.05196333333333247,0.05400000000000005,100,0.15160553222222223,2.3856185633358273
wine.2.csv,0.54,0.5266560000000006,0.49205766666666734,0.013343999999999467,0.0479423333333327,0.07899999999999996,100,0.15647524888888886,2.4162490384157387
wine.2.csv,0.6,0.5619633333333345,0.5623820000000012,0.0380366666666655,0.03761799999999882,0.07000000000000006,100,0.15853597333333333,2.297944064033385
wine.2.csv,0.65,0.6087283333333346,0.5678530000000012,0.041271666666665374,0.08214699999999886,0.038000000000000034,100,0.14945093777777776,2.2813422832014614
wine.2.csv,0.7,0.6586170000000002,0.6121323333333338,0.041382999999999726,0.08786766666666612,0.049000000000000044,100,0.13322472888888887,2.338792783179877
wine.2.csv,0.75,0.7383656666666706,0.7819196666666687,0.011634333333329416,0.03191966666666868,0.061000000000000054,100,0.12864996777777776,2.2862465428249164
wine.2.csv,0.8,0.7754759999999989,0.7928173333333322,0.0245240000000011,0.007182666666667892,0.019000000000000017,100,0.10884322222222222,2.1884495763535443
wine.2.csv,0.85,0.7903383333333283,0.7992109999999957,0.05966166666667172,0.0507890000000043,0.03400000000000003,100,0.09664437333333334,2.2138619238027135
wine.2.csv,0.9,0.8473393333333357,0.8511896666666684,0.05266066666666436,0.048810333333331624,0.02100000000000002,100,0.07802312888888889,1.941449279184342
wine.2.csv,0.95,0.9146000000000021,0.9527973333333347,0.03539999999999788,0.0027973333333347616,0.004999999999999893,100,0.05972090111111111,1.9035870703754276
wine.3.csv,0.05,0.03627633333333325,0.019121999999999882,0.013723666666666752,0.03087800000000012,0.031000000000000003,100,0.04138697333333334,1.6660521368445278
wine.3.csv,0.1,0.13562366666666603,0.09845166666666676,0.035623666666666026,0.0015483333333332489,0.03900000000000001,100,0.07526153222222223,1.4751684431541174
wine.3.csv,0.15,0.16397766666666658,0.1481409999999997,0.013977666666666583,0.0018590000000003049,0.104,100,0.09959610111111111,1.7814838760540515
wine.3.csv,0.2,0.21083299999999894,0.17148066666666587,0.010832999999998927,0.028519333333334146,0.10600000000000001,100,0.11938254555555555,1.8363855216465939
wine.3.csv,0.25,0.25050699999999904,0.18071866666666597,0.000506999999999036,0.06928133333333403,0.162,100,0.1409128888888889,1.777855429762683
wine.3.csv,0.3,0.3115846666666658,0.3040479999999992,0.0115846666666658,0.004047999999999219,0.16899999999999998,100,0.1554557777777778,1.8651388235517898
wine.3.csv,0.35,0.382717333333332,0.37275033333333213,0.032717333333332044,0.02275033333333215,0.20199999999999999,100,0.16210442111111115,2.0870874946724243
wine.3.csv,0.4,0.40848799999999824,0.39491033333333175,0.00848799999999822,0.005089666666668269,0.171,100,0.1599459511111111,2.0219897972604706
wine.3.csv,0.44,0.43619600000000114,0.42245833333333466,0.003803999999998864,0.017541666666665345,0.16099999999999998,100,0.17263503444444442,2.028853351478023
wine.3.csv,0.49,0.48057533333333385,0.46281700000000037,0.009424666666666137,0.027182999999999624,0.196,100,0.1818334622222223,2.046247354327015
wine.3.csv,0.54,0.5273253333333343,0.49264300000000066,0.012674666666665724,0.04735699999999937,0.2,100,0.1688634877777778,2.1028231497410523
wine.3.csv,0.6,0.606632000000001,0.5680990000000008,0.0066320000000009705,0.03190099999999918,0.33599999999999997,100,0.17739561222222222,1.8765488053509027
wine.3.csv,0.65,0.6596186666666665,0.6145603333333339,0.009618666666666442,0.03543966666666609,0.21000000000000002,100,0.16275133333333336,1.9808628007452618
wine.3.csv,0.7,0.6995396666666704,0.7059823333333364,0.0004603333333295101,0.00598233333333642,0.21199999999999997,100,0.14947096,2.065225798532398
wine.3.csv,0.75,0.7743839999999994,0.7831816666666662,0.024383999999999406,0.03318166666666622,0.06499999999999995,100,0.12601223444444443,2.057297886488806
wine.3.csv,0.8,0.8130959999999976,0.816110999999998,0.013095999999997554,0.016110999999997988,0.05300000000000005,100,0.11907797333333332,1.8088714501848924
wine.3.csv,0.85,0.8570926666666647,0.8577609999999987,0.007092666666664749,0.007760999999998686,0.039999999999999925,100,0.0806538611111111,1.9988735848334995
wine.3.csv,0.9,0.8861473333333324,0.8914996666666671,0.013852666666667623,0.008500333333332888,0.06499999999999995,100,0.07162850999999999,1.760916480078322
wine.3.csv,0.95,0.9648999999999999,0.9730890000000013,0.014899999999999913,0.02308900000000136,0.04300000000000004,100,0.03846526555555556,1.6717696506564441
wine.3.csv,0.05,0.06030000000000002,0.03044733333333319,0.010300000000000017,0.019552666666666812,0.04,100,0.04788837666666667,1.4587787841507485
wine.3.csv,0.1,0.13144066666666607,0.09761500000000006,0.03144066666666606,0.0023849999999999427,0.07400000000000001,100,0.07522286222222224,1.4358263074653614
wine.3.csv,0.15,0.1755249999999994,0.1558389999999995,0.02552499999999941,0.005838999999999511,0.12,100,0.1028076388888889,1.7199072067570853
wine.3.csv,0.2,0.21074899999999894,0.17148066666666587,0.010748999999998926,0.028519333333334146,0.132,100,0.12491455555555556,1.471357001613994
wine.3.csv,0.25,0.2562799999999997,0.18624733333333257,0.006279999999999675,0.06375266666666743,0.16,100,0.13697934555555555,1.7607534782425902
wine.3.csv,0.3,0.34581533333333275,0.3403689999999997,0.045815333333332764,0.04036899999999971,0.15699999999999997,100,0.1363486788888889,2.0233298508201454
wine.3.csv,0.35,0.3410499999999985,0.33426133333333236,0.008950000000001457,0.015738666666667622,0.18699999999999997,100,0.16854861777777777,1.8611924921017802
wine.3.csv,0.4,0.4094953333333315,0.39583433333333173,0.009495333333331468,0.0041656666666682884,0.162,100,0.1738410877777778,1.9782764253577994
wine.3.csv,0.44,0.43828700000000054,0.42480000000000073,0.001712999999999465,0.01519999999999927,0.206,100,0.16923919444444444,2.0506218827214644
wine.3.csv,0.49,0.46899266666666584,0.4513223333333323,0.021007333333334155,0.038677666666667665,0.14599999999999996,100,0.17291275000000003,2.0274254105961327
wine.3.csv,0.54,0.5616286666666678,0.522931666666667,0.02162866666666774,0.01706833333333302,0.09800000000000003,100,0.15835433333333335,2.3011389833168416
wine.3.csv,0.6,0.602689333333334,0.564075333333334,0.0026893333333339875,0.03592466666666594,0.244,100,0.1802800211111111,1.911757909538916
wine.3.csv,0.65,0.65828,0.6133886666666672,0.008279999999999954,0.036611333333332774,0.22200000000000003,100,0.16721827888888888,1.9990252456641207
wine.3.csv,0.7,0.7047270000000045,0.7184573333333366,0.004727000000004589,0.018457333333336656,0.22099999999999992,100,0.15647160444444444,1.8628657616776332
wine.3.csv,0.75,0.7638000000000029,0.7756183333333356,0.013800000000002921,0.02561833333333563,0.127,100,0.13210166666666667,2.059771939083942
wine.3.csv,0.8,0.8012153333333295,0.8047319999999966,0.0012153333333294603,0.004731999999996517,0.134,100,0.11611363888888888,1.8810868956612068
wine.3.csv,0.85,0.8556646666666652,0.8555783333333326,0.005664666666665208,0.005578333333332575,0.09299999999999997,100,0.09305891555555557,1.9324839788587673
wine.3.csv,0.9,0.8871573333333318,0.8945206666666665,0.012842666666668223,0.005479333333333503,0.05400000000000005,100,0.06904786111111111,1.689959537307727
wine.3.csv,0.95,0.963808,0.980781666666669,0.013808000000000042,0.03078166666666904,0.050000000000000044,100,0.041327212222222215,1.6059687924251413
winetype.csv,0.05,0.07092566666666678,0.0695026666666668,0.020925666666666773,0.019502666666666793,0.025999999999999995,100,0.05472407111111111,1.0542066062024065
winetype.csv,0.1,0.11217799999999943,0.10857733333333286,0.012177999999999425,0.008577333333332854,0.033,100,0.08528440444444443,1.0783482275781036
winetype.csv,0.15,0.1433319999999995,0.14173933333333277,0.006668000000000507,0.008260666666667221,0.04600000000000001,100,0.11599921465277778,1.214469588603826
winetype.csv,0.2,0.23611599999999824,0.23510999999999826,0.03611599999999823,0.035109999999998254,0.09199999999999997,100,0.1569959822222222,1.3344058576527902
winetype.csv,0.25,0.24272599999999842,0.2409643333333319,0.007274000000001585,0.009035666666668107,0.09600000000000003,100,0.16931609854166663,1.5024070352890986
winetype.csv,0.3,0.3116679999999991,0.31217166666666574,0.011667999999999124,0.012171666666665748,0.09800000000000003,100,0.19419219,1.3164555269576304
winetype.csv,0.35,0.3607123333333345,0.3607123333333345,0.010712333333334545,0.010712333333334545,0.08700000000000002,100,0.1992166491777777,1.5135756286459923
winetype.csv,0.4,0.4149446666666653,0.4143576666666654,0.014944666666665274,0.01435766666666538,0.125,100,0.2138109726222222,1.5151689588716901
winetype.csv,0.44,0.4380366666666679,0.43736733333333433,0.0019633333333320957,0.002632666666665673,0.09600000000000003,100,0.21610837631944438,1.4624411521521117
winetype.csv,0.49,0.496139,0.4914506666666666,0.0061390000000000056,0.0014506666666666002,0.131,100,0.22897751745949071,1.1803073144126364
winetype.csv,0.54,0.5639713333333344,0.5640553333333341,0.023971333333334344,0.024055333333334095,0.11699999999999999,100,0.2231441441777778,1.3759661154271698
winetype.csv,0.6,0.6159436666666689,0.6153556666666689,0.01594366666666891,0.015355666666668877,0.10999999999999999,100,0.20532303706666666,1.2859885170153769
winetype.csv,0.65,0.6556876666666671,0.6556050000000008,0.0056876666666670905,0.005605000000000748,0.09799999999999998,100,0.20298081178518518,1.2730091660633953
winetype.csv,0.7,0.6889183333333364,0.6888340000000029,0.011081666666663548,0.011165999999997012,0.08100000000000007,100,0.19192160138611108,1.1663260705617604
winetype.csv,0.75,0.7619593333333358,0.7614576666666689,0.011959333333335764,0.01145766666666892,0.08499999999999996,100,0.1726096721925926,1.0926590549058863
winetype.csv,0.8,0.8116736666666641,0.8120083333333309,0.011673666666664029,0.012008333333330845,0.061999999999999944,100,0.14620552527777778,1.0552735968156708
winetype.csv,0.85,0.8454996666666684,0.8460880000000016,0.004500333333331552,0.003911999999998361,0.06500000000000006,100,0.12411190527777778,0.8246328602589015
winetype.csv,0.9,0.8922589999999991,0.8925936666666658,0.007741000000000886,0.007406333333334181,0.038000000000000034,100,0.08528064333333336,0.7573142145883278
winetype.csv,0.95,0.9643116666666667,0.9645576666666666,0.014311666666666722,0.014557666666666691,0.027000000000000024,100,0.040703996325925924,0.5516835249867791
winetype.csv,0.05,0.0603836666666667,0.05995933333333336,0.010383666666666694,0.009959333333333355,0.0010000000000000009,100,0.0511001011111111,1.1393225238251348
winetype.csv,0.1,0.11560833333333292,0.11150599999999959,0.015608333333332919,0.011505999999999586,0.027999999999999997,100,0.08602206222222224,1.1385896465929974
winetype.csv,0.15,0.16272266666666657,0.16297299999999992,0.012722666666666577,0.012972999999999929,0.07400000000000001,100,0.12745967003055556,1.2083520581842897
winetype.csv,0.2,0.2115043333333323,0.21142099999999897,0.011504333333332284,0.01142099999999896,0.09599999999999997,100,0.15734552333333332,1.2460622399879053
winetype.csv,0.25,0.2856470000000004,0.2846423333333338,0.03564700000000037,0.034642333333333775,0.11199999999999999,100,0.17522979416666667,1.536420730556111
winetype.csv,0.3,0.31150033333333244,0.31208766666666576,0.011500333333332446,0.012087666666665775,0.09800000000000003,100,0.19097444000000002,1.364304203086494
winetype.csv,0.35,0.3617163333333346,0.3614653333333346,0.011716333333334605,0.011465333333334604,0.11400000000000005,100,0.20599674999999998,1.4447268100976713
winetype.csv,0.4,0.3925286666666648,0.3926119999999982,0.007471333333335217,0.0073880000000018375,0.127,100,0.22217623999999994,1.1951522677926305
winetype.csv,0.44,0.4375346666666678,0.4374510000000009,0.002465333333332209,0.0025489999999990798,0.10700000000000004,100,0.22499729333333332,1.281829983099662
winetype.csv,0.49,0.5039546666666672,0.49909700000000073,0.013954666666667226,0.009097000000000743,0.12,100,0.22232934178888886,1.4231763905474752
winetype.csv,0.54,0.5562740000000009,0.5560230000000009,0.0162740000000009,0.016023000000000898,0.09899999999999998,100,0.22303474020833336,1.3893979650263861
winetype.csv,0.6,0.6125106666666689,0.6121733333333353,0.01251066666666889,0.012173333333335368,0.11499999999999999,100,0.21537255992469143,1.22834093797808
winetype.csv,0.65,0.648826333333335,0.649664333333335,0.0011736666666650741,0.0003356666666650687,0.09199999999999997,100,0.20609561037037033,1.1680516801422898
winetype.csv,0.7,0.7148550000000049,0.7151896666666714,0.014855000000004948,0.01518966666667143,0.09000000000000008,100,0.1802017851851852,1.257219417553581
winetype.csv,0.75,0.7561026666666676,0.7555173333333339,0.006102666666667589,0.005517333333333929,0.09699999999999998,100,0.17708744444444446,0.9975477432957942
winetype.csv,0.8,0.814518333333331,0.8152716666666644,0.014518333333330968,0.015271666666664352,0.07399999999999995,100,0.1357247795111111,1.0621890341315194
winetype.csv,0.85,0.8674113333333296,0.8674113333333292,0.01741133333332967,0.017411333333329226,0.05900000000000005,100,0.11477980989652777,0.7208881846750961
winetype.csv,0.9,0.8961913333333331,0.8948523333333329,0.0038086666666669045,0.005147666666667106,0.04700000000000004,100,0.07789466972222224,0.8984006855695477
winetype.csv,0.95,0.9403719999999967,0.9413806666666638,0.0096280000000033,0.008619333333336199,0.025000000000000022,100,0.044126862637268525,0.6123245546260394
yeast.csv,0.05,0.019035999999999886,0.017957333333333228,0.030964000000000116,0.032042666666666775,0.081,100,0.035406367777777774,2.6351325286328517
yeast.csv,0.1,0.013095666666666568,0.016952666666666564,0.08690433333333344,0.08304733333333345,0.04400000000000001,100,0.03519971555555556,2.6158060394171265
yeast.csv,0.15,0.01627766666666655,0.018041666666666557,0.13372233333333344,0.13195833333333343,0.008000000000000007,100,0.042952777777777784,2.6820938096427804
yeast.csv,0.2,0.017449666666666544,0.019715666666666555,0.18255033333333348,0.18028433333333346,0.021999999999999992,100,0.04279142666666666,2.6973221629338253
yeast.csv,0.25,0.014435999999999897,0.01853999999999989,0.2355640000000001,0.2314600000000001,0.181,100,0.04797134555555556,2.818260021689099
yeast.csv,0.3,0.01234366666666657,0.017449999999999893,0.2876563333333334,0.2825500000000001,0.013000000000000012,100,0.04435703444444443,2.7237546179340524
yeast.csv,0.35,0.014017333333333234,0.01854133333333323,0.33598266666666676,0.33145866666666673,0.011999999999999955,100,0.04736482111111112,2.7183406878121277
yeast.csv,0.4,0.04032699999999987,0.032779999999999886,0.35967300000000013,0.36722000000000016,0.07700000000000001,100,0.056906151111111115,2.7184980560354215
yeast.csv,0.44,0.01954566666666654,0.022143333333333216,0.4204543333333335,0.41785666666666677,0.09499999999999997,100,0.05243122222222223,2.775978577554605
yeast.csv,0.49,0.015859666666666546,0.018287333333333232,0.47414033333333344,0.4717126666666668,0.043999999999999984,100,0.052315389999999996,2.8103886909036895
yeast.csv,0.54,0.024404999999999857,0.034029333333333224,0.5155950000000001,0.5059706666666668,0.02300000000000002,100,0.05851466666666666,2.8554864921871164
yeast.csv,0.6,0.023567333333333197,0.03310833333333323,0.5764326666666668,0.5668916666666668,0.06799999999999995,100,0.05788655555555556,2.821206786862474
yeast.csv,0.65,0.024069333333333193,0.03386366666666656,0.6259306666666669,0.6161363333333335,0.07399999999999995,100,0.057513078888888895,2.7888402464082516
yeast.csv,0.7,0.019880999999999868,0.02783333333333322,0.6801190000000001,0.6721666666666667,0.22599999999999992,100,0.054395087777777774,2.6851527087729794
yeast.csv,0.75,0.022393999999999862,0.030680333333333223,0.7276060000000001,0.7193196666666668,0.124,100,0.05463842666666666,2.831604833040136
yeast.csv,0.8,0.43852233333333374,0.43257133333333364,0.3614776666666663,0.3674286666666664,0.09000000000000008,100,0.056424909999999995,2.8321229653002824
yeast.csv,0.85,0.017535999999999885,0.02456766666666655,0.8324640000000001,0.8254323333333334,0.21299999999999997,100,0.05304472888888889,2.8530334727393845
yeast.csv,0.9,0.023149333333333192,0.03218933333333322,0.8768506666666668,0.8678106666666668,0.29700000000000004,100,0.05593739,2.836130649698939
yeast.csv,0.95,0.3661503333333338,0.3670653333333337,0.5838496666666662,0.5829346666666663,0.03699999999999992,100,0.04819405666666667,2.804818272100823
yeast.csv,0.05,0.0142669999999999,0.017036333333333233,0.035733000000000105,0.032963666666666766,0.020000000000000004,100,0.03764779555555556,2.496419937592372
yeast.csv,0.1,0.011505999999999912,0.017037333333333238,0.0884940000000001,0.08296266666666677,0.0050000000000000044,100,0.02651584333333333,2.5899254673958487
yeast.csv,0.15,0.039568999999999875,0.02851699999999987,0.11043100000000011,0.12148300000000012,0.06,100,0.048480039999999995,2.6447936431992085
yeast.csv,0.2,0.03084866666666655,0.026335666666666535,0.16915133333333346,0.17366433333333348,0.033,100,0.048304248888888894,2.611456899746942
yeast.csv,0.25,0.03898233333333321,0.028431999999999864,0.2110176666666668,0.22156800000000013,0.009000000000000008,100,0.04882303444444444,2.6234650610334835
yeast.csv,0.3,0.014100999999999902,0.01879133333333323,0.28589900000000007,0.2812086666666668,0.09800000000000003,100,0.047320817777777774,2.78444940738621
yeast.csv,0.35,0.012762333333333235,0.01753733333333323,0.33723766666666677,0.33246266666666674,0.16699999999999998,100,0.043291226666666655,2.564655860962631
yeast.csv,0.4,0.015692999999999888,0.019126333333333228,0.3843070000000001,0.3808736666666668,0.007000000000000006,100,0.05056793777777778,2.765223972923631
yeast.csv,0.44,0.021305666666666535,0.024233666666666553,0.41869433333333345,0.41576633333333346,0.044999999999999984,100,0.049565087777777773,2.823451948015954
yeast.csv,0.49,0.024070666666666542,0.030430333333333226,0.4659293333333335,0.45956966666666677,0.08299999999999996,100,0.05790980444444445,2.817136755377616
yeast.csv,0.54,0.018038666666666547,0.023564333333333215,0.5219613333333335,0.5164356666666668,0.039999999999999925,100,0.05190468777777777,2.8714260798695683
yeast.csv,0.6,0.042664999999999884,0.041488666666666556,0.5573350000000001,0.5585113333333335,0.11299999999999999,100,0.06479039555555555,2.8472197663253676
yeast.csv,0.65,0.022561999999999856,0.033192666666666565,0.6274380000000002,0.6168073333333335,0.040000000000000036,100,0.05694241222222222,2.8870315541682428
yeast.csv,0.7,0.03738666666666655,0.03738399999999989,0.6626133333333334,0.6626160000000001,0.27399999999999997,100,0.060688839999999994,2.7453872919461086
yeast.csv,0.75,0.019294666666666547,0.028838333333333216,0.7307053333333334,0.7211616666666668,0.15600000000000003,100,0.05419002111111111,2.820124145318901
yeast.csv,0.8,0.02004966666666653,0.02222399999999988,0.7799503333333335,0.7777760000000001,0.11399999999999999,100,0.04843947111111111,2.818420052643643
yeast.csv,0.85,0.33608200000000094,0.33004633333333405,0.513917999999999,0.519953666666666,0.028999999999999915,100,0.043131087777777785,2.8543967653208466
yeast.csv,0.9,0.022812666666666523,0.029342666666666534,0.8771873333333335,0.8706573333333335,0.22699999999999998,100,0.05101637666666667,2.786264489776568
yeast.csv,0.95,0.022645333333333188,0.029426666666666542,0.9273546666666668,0.9205733333333335,0.21499999999999997,100,0.0499018611111111,2.8287249845655658
